cod_produto,produto,valor_venda,custo_produto,lucro,nota_fiscal,email_cliente,data_criacao_pedido,data_venda,estado,tamanho,canal_venda,forma_pagamento
P1000,Calça Masculina,286.99,201.08,85.91,Nf606384,Fwealm@Email.Com,2025-06-15,2025-06-17,Pe,41,Online,Pix
P1001,Tênis Masculino,286.75,203.71,83.04,Nf283795,Tnfeph@Email.Com,2025-07-06,2025-07-11,Pr,G,Loja,Boleto
P1002,Calça Feminina,271.65,176.9,94.75,Nf242831,Kukdsc@Email.Com,2025-04-12,2025-04-13,Mg,37,Online,Dinheiro
P1003,Calça Feminina,251.36,144.33,107.03,Nf803886,Itgjla@Email.Com,2025-11-15,2025-11-18,Rs,37,Loja,Boleto
P1004,Tênis Masculino,125.75,101.77,23.98,Nf837855,Ohxytn@Email.Com,2026-02-14,2026-02-19,Ce,38,Online,Pix
P1005,Calça Masculina,225.17,162.3,62.87,Nf760231,Krhith@Email.Com,2025-02-24,2025-02-24,Rj,M,Online,Cartão
P1006,Camiseta Masculina,217.03,147.96,69.07,Nf242864,Siipwm@Email.Com,2026-01-20,2026-01-22,Pb,40,Loja,Pix
P1007,Calça Feminina,367.09,197.16,169.93,Nf174938,Nxlcly@Email.Com,2026-01-16,2026-01-17,Mg,G,Online,Pix
P1008,Calça Feminina,216.11,155.74,60.37,Nf425313,Yyxzik@Email.Com,2025-11-30,2025-12-01,Pe,M,Online,Pix
P1009,Calça Feminina,361.23,281.93,79.3,Nf591469,Hrqhux@Email.Com,2025-04-07,2025-04-08,Sp,38,Online,Cartão
P1010,Camiseta Masculina,287.24,211.64,75.6,Nf802568,Mopday@Email.Com,2026-04-17,2026-04-22,Ce,39,Online,Pix
P1011,Calça Feminina,260.29,201.23,59.06,Nf806057,Gfrkuc@Email.Com,2025-07-10,2025-07-10,Sp,38,Loja,Boleto
P1012,Camiseta Masculina,139.31,103.82,35.49,Nf344034,Bmkgxq@Email.Com,2025-07-22,2025-07-22,Pr,39,Loja,Cartão
P1013,Tênis Feminino,107.81,57.59,50.22,Nf749612,Hyylhp@Email.Com,2025-12-18,2025-12-21,Ce,42,Loja,Pix
P1014,Camiseta Masculina,390.34,277.8,112.54,Nf692892,Srhvea@Email.Com,2025-10-18,2025-10-23,Ce,36,Online,Boleto
P1015,Tênis Feminino,387.57,247.5,140.07,Nf849325,Tydfyk@Email.Com,2025-10-08,2025-10-12,Pb,42,Online,Cartão
P1016,Calça Masculina,345.75,198.18,147.57,Nf805086,Gxtqwp@Email.Com,2025-07-07,2025-07-10,Sp,40,Loja,Boleto
P1017,Camiseta Feminina,250.67,170.75,79.92,Nf231631,Ppxges@Email.Com,2025-07-07,2025-07-08,Rs,P,Online,Pix
P1018,Camiseta Masculina,401.31,265.85,135.46,Nf708161,Ojfhes@Email.Com,2025-02-07,2025-02-11,Rj,41,Online,Dinheiro
P1019,Camiseta Feminina,133.06,109.03,24.03,Nf746943,Crrtas@Email.Com,2026-01-15,2026-01-16,Rj,40,Online,Cartão
P1020,Camiseta Masculina,483.2,274.48,208.72,Nf727912,Uratyt@Email.Com,2026-04-15,2026-04-17,Pr,38,Online,Cartão
P1021,Camiseta Masculina,458.19,240.47,217.72,Nf440870,Qkhsmm@Email.Com,2025-04-12,2025-04-15,Pr,41,Loja,Cartão
P1022,Camiseta Masculina,443.86,270.76,173.1,Nf894773,Hootgv@Email.Com,2026-04-24,2026-04-24,Rj,P,Loja,Cartão
P1023,Camiseta Masculina,517.97,260.47,257.5,Nf214086,Dmrhqj@Email.Com,2026-03-17,2026-03-19,Pr,M,Online,Cartão
P1024,Calça Masculina,218.46,143.63,74.83,Nf225898,Ockjro@Email.Com,2025-02-01,2025-02-01,Pe,P,Online,Dinheiro
P1025,Calça Masculina,152.09,101.21,50.88,Nf384655,Ljjqxv@Email.Com,2025-05-26,2025-05-31,Rs,38,Loja,Cartão
P1026,Tênis Masculino,76.81,52.18,24.63,Nf421071,Dsuhui@Email.Com,2025-11-05,2025-11-05,Sc,38,Online,Boleto
P1027,Calça Feminina,130.63,106.05,24.58,Nf660213,Ceiyos@Email.Com,2025-10-30,2025-11-03,Rj,40,Loja,Boleto
P1028,Calça Feminina,253.79,164.45,89.34,Nf304849,Mjihim@Email.Com,2026-04-26,2026-04-29,Pb,41,Online,Boleto
P1029,Camiseta Feminina,155.48,80.73,74.75,Nf519294,Nnefnm@Email.Com,2025-09-10,2025-09-13,Mg,39,Online,Dinheiro
P1030,Calça Masculina,504.97,262.1,242.87,Nf957923,Ropqmp@Email.Com,2025-06-15,2025-06-18,Ce,42,Online,Boleto
P1031,Camiseta Feminina,259.29,204.18,55.11,Nf603892,Njznfj@Email.Com,2025-05-03,2025-05-07,Sc,36,Loja,Cartão
P1032,Tênis Feminino,198.58,117.05,81.53,Nf178512,Rfjtyt@Email.Com,2025-02-05,2025-02-06,Ce,M,Online,Pix
P1033,Tênis Masculino,455.94,245.97,209.97,Nf540325,Sihovu@Email.Com,2025-05-22,2025-05-23,Ba,36,Online,Dinheiro
P1034,Calça Masculina,330.48,203.78,126.7,Nf133567,Icychh@Email.Com,2026-01-23,2026-01-26,Mg,40,Online,Dinheiro
P1035,Tênis Feminino,200.34,154.33,46.01,Nf966349,Qlopfe@Email.Com,2026-04-09,2026-04-14,Rj,40,Loja,Boleto
P1036,Tênis Masculino,274.31,155.96,118.35,Nf979652,Tzezlg@Email.Com,2026-02-22,2026-02-23,Rs,40,Loja,Boleto
P1037,Tênis Masculino,67.65,53.37,14.28,Nf735587,Dpwkgc@Email.Com,2026-01-18,2026-01-18,Ce,M,Loja,Boleto
P1038,Camiseta Masculina,474.39,254.08,220.31,Nf906403,Fxvnyv@Email.Com,2025-05-23,2025-05-27,Ba,42,Loja,Pix
P1039,Tênis Feminino,283.69,221.81,61.88,Nf614317,Eilfyy@Email.Com,2025-04-19,2025-04-24,Ba,40,Loja,Cartão
P1040,Tênis Masculino,173.84,123.02,50.82,Nf583209,Kthare@Email.Com,2026-01-05,2026-01-10,Ce,37,Loja,Pix
P1041,Tênis Feminino,324.85,163.24,161.61,Nf178023,Wawsgk@Email.Com,2025-10-15,2025-10-18,Ce,38,Online,Pix
P1042,Tênis Feminino,216.81,169.07,47.74,Nf729729,Knqmkh@Email.Com,2026-04-01,2026-04-03,Ce,39,Loja,Cartão
P1043,Tênis Masculino,139.59,84.18,55.41,Nf771246,Wkdnlc@Email.Com,2025-07-24,2025-07-27,Sp,40,Loja,Boleto
P1044,Tênis Feminino,230.7,181.07,49.63,Nf296146,Xcavae@Email.Com,2026-02-13,2026-02-18,Sp,39,Loja,Boleto
P1045,Camiseta Feminina,433.11,292.72,140.39,Nf819701,Ehohrq@Email.Com,2026-04-27,2026-05-01,Sp,37,Loja,Pix
P1046,Camiseta Masculina,123.42,93.34,30.08,Nf478247,Lmjuyb@Email.Com,2025-04-30,2025-05-05,Mg,36,Online,Dinheiro
P1047,Tênis Masculino,449.5,260.3,189.2,Nf961171,Ohvnze@Email.Com,2025-12-13,2025-12-13,Ce,M,Online,Boleto
P1048,Camiseta Masculina,159.64,132.53,27.11,Nf481611,Dvwhqv@Email.Com,2025-12-09,2025-12-11,Rj,P,Online,Pix
P1049,Tênis Feminino,279.27,199.71,79.56,Nf986011,Ypvwib@Email.Com,2025-01-10,2025-01-15,Pb,G,Loja,Dinheiro
P1050,Tênis Feminino,109.1,76.59,32.51,Nf564734,Wouahw@Email.Com,2025-07-13,2025-07-13,Ce,G,Online,Dinheiro
P1051,Camiseta Feminina,125.42,70.43,54.99,Nf685343,Ugdplv@Email.Com,2025-04-26,2025-04-29,Pe,G,Online,Pix
P1052,Calça Masculina,279.35,196.49,82.86,Nf525167,Kqvvvv@Email.Com,2026-03-10,2026-03-15,Pb,36,Loja,Pix
P1053,Camiseta Feminina,357.26,194.19,163.07,Nf867842,Itoxcz@Email.Com,2025-09-15,2025-09-16,Ce,39,Loja,Boleto
P1054,Camiseta Feminina,296.91,186.94,109.97,Nf850239,Nidloj@Email.Com,2025-04-22,2025-04-26,Pr,36,Online,Pix
P1055,Camiseta Masculina,477.21,251.28,225.93,Nf355853,Squjtm@Email.Com,2026-02-06,2026-02-07,Pr,36,Loja,Dinheiro
P1056,Camiseta Feminina,420.27,249.7,170.57,Nf809064,Vtuphe@Email.Com,2025-09-09,2025-09-13,Ba,39,Online,Boleto
P1057,Calça Feminina,266.58,164.56,102.02,Nf833013,Tqmrpz@Email.Com,2025-01-29,2025-02-03,Rj,37,Online,Cartão
P1058,Camiseta Masculina,379.42,205.04,174.38,Nf230230,Bggics@Email.Com,2025-06-14,2025-06-16,Mg,G,Loja,Cartão
P1059,Tênis Masculino,533.33,283.93,249.4,Nf396965,Ttaago@Email.Com,2026-03-31,2026-04-03,Sc,36,Online,Cartão
P1060,Calça Masculina,252.02,142.33,109.69,Nf977720,Lupncz@Email.Com,2025-11-21,2025-11-23,Pe,M,Online,Pix
P1061,Tênis Masculino,318.93,162.3,156.63,Nf668782,Kfuhxf@Email.Com,2025-12-18,2025-12-22,Ce,41,Online,Boleto
P1062,Camiseta Feminina,439.26,285.37,153.89,Nf968104,Jhvpib@Email.Com,2025-05-23,2025-05-24,Mg,38,Loja,Cartão
P1063,Tênis Masculino,326.15,200.6,125.55,Nf676704,Ssapat@Email.Com,2025-01-25,2025-01-30,Ba,37,Loja,Dinheiro
P1064,Camiseta Feminina,525.32,277.1,248.22,Nf488312,Ukltxk@Email.Com,2026-02-16,2026-02-16,Rs,M,Online,Dinheiro
P1065,Calça Masculina,171.87,106.65,65.22,Nf968266,Hrxeki@Email.Com,2025-10-12,2025-10-12,Rs,41,Online,Cartão
P1066,Tênis Feminino,359.89,285.11,74.78,Nf897830,Rrrzfm@Email.Com,2025-05-23,2025-05-23,Sc,41,Online,Boleto
P1067,Tênis Masculino,295.84,158.31,137.53,Nf198972,Ypzmhp@Email.Com,2025-04-05,2025-04-07,Mg,41,Loja,Cartão
P1068,Calça Feminina,305.32,213.04,92.28,Nf669686,Iacxsz@Email.Com,2025-10-08,2025-10-12,Sp,39,Loja,Boleto
P1069,Calça Feminina,339.43,195.76,143.67,Nf626363,Vbydao@Email.Com,2025-04-17,2025-04-20,Ce,G,Loja,Cartão
P1070,Calça Feminina,511.25,274.37,236.88,Nf180649,Znoxoq@Email.Com,2025-10-15,2025-10-15,Pe,39,Loja,Boleto
P1071,Calça Feminina,457.07,242.85,214.22,Nf849903,Txawxt@Email.Com,2025-01-02,2025-01-03,Mg,38,Loja,Dinheiro
P1072,Camiseta Feminina,140.19,113.52,26.67,Nf384736,Vyntpv@Email.Com,2025-08-21,2025-08-24,Ba,42,Online,Boleto
P1073,Tênis Feminino,161.95,109.49,52.46,Nf852797,Qxhbeo@Email.Com,2025-07-13,2025-07-14,Pb,41,Online,Cartão
P1074,Calça Masculina,490.68,271.6,219.08,Nf967955,Ohcnnu@Email.Com,2025-11-08,2025-11-09,Rj,37,Online,Cartão
P1075,Camiseta Feminina,268.92,145.87,123.05,Nf612985,Ivopor@Email.Com,2025-10-27,2025-11-01,Pr,42,Online,Pix
P1076,Tênis Feminino,168.67,104.49,64.18,Nf703601,Dlxwpi@Email.Com,2025-12-03,2025-12-04,Ba,M,Loja,Cartão
P1077,Tênis Masculino,144.83,88.73,56.1,Nf609525,Dsxexk@Email.Com,2025-09-20,2025-09-24,Pb,G,Online,Boleto
P1078,Tênis Feminino,367.91,285.47,82.44,Nf131987,Zvrunl@Email.Com,2026-04-07,2026-04-07,Sc,37,Online,Dinheiro
P1079,Tênis Masculino,304.42,190.67,113.75,Nf242450,Znhqhc@Email.Com,2025-10-06,2025-10-06,Pr,40,Online,Pix
P1080,Tênis Feminino,327.37,164.1,163.27,Nf259163,Rifkua@Email.Com,2025-10-13,2025-10-15,Sp,G,Loja,Cartão
P1081,Tênis Feminino,147.75,95.35,52.4,Nf537396,Hcjexw@Email.Com,2025-11-13,2025-11-17,Rj,41,Online,Dinheiro
P1082,Calça Masculina,208.07,164.47,43.6,Nf949291,Nepfna@Email.Com,2025-10-29,2025-10-31,Mg,41,Online,Cartão
P1083,Tênis Feminino,469.97,240.57,229.4,Nf472805,Otveks@Email.Com,2025-04-28,2025-05-03,Sp,36,Online,Dinheiro
P1084,Camiseta Feminina,202.52,146.27,56.25,Nf602792,Blkhza@Email.Com,2026-01-25,2026-01-30,Ce,P,Online,Boleto
P1085,Calça Masculina,355.77,203.57,152.2,Nf766061,Dimrqh@Email.Com,2025-09-17,2025-09-21,Pe,38,Loja,Boleto
P1086,Tênis Masculino,166.12,109.86,56.26,Nf961574,Rxntrh@Email.Com,2026-02-21,2026-02-21,Pb,M,Online,Cartão
P1087,Tênis Masculino,486.42,298.29,188.13,Nf424759,Zlaodi@Email.Com,2025-11-13,2025-11-18,Pr,42,Loja,Boleto
P1088,Tênis Masculino,318.37,198.87,119.5,Nf815207,Xhxrtq@Email.Com,2025-08-13,2025-08-15,Rj,38,Online,Boleto
P1089,Calça Feminina,441.04,265.15,175.89,Nf215532,Wmswvs@Email.Com,2025-10-10,2025-10-14,Sc,40,Loja,Pix
P1090,Tênis Masculino,153.73,109.1,44.63,Nf642777,Sqfhmd@Email.Com,2025-07-05,2025-07-09,Pr,38,Loja,Dinheiro
P1091,Camiseta Feminina,190.54,140.17,50.37,Nf140657,Dzchqt@Email.Com,2025-01-23,2025-01-23,Rj,M,Loja,Pix
P1092,Calça Feminina,241.14,159.63,81.51,Nf892018,Jsjmvz@Email.Com,2025-04-05,2025-04-10,Rj,M,Loja,Dinheiro
P1093,Camiseta Masculina,292.17,179.91,112.26,Nf879839,Iltjdb@Email.Com,2026-01-19,2026-01-21,Ce,40,Online,Dinheiro
P1094,Camiseta Feminina,127.38,63.87,63.51,Nf841745,Xeyukm@Email.Com,2026-02-06,2026-02-10,Rj,37,Online,Boleto
P1095,Tênis Masculino,455.64,273.1,182.54,Nf457420,Isfntm@Email.Com,2026-03-21,2026-03-25,Rj,37,Online,Cartão
P1096,Tênis Masculino,101.79,72.73,29.06,Nf474127,Grefsa@Email.Com,2025-07-16,2025-07-18,Ba,36,Online,Cartão
P1097,Tênis Feminino,74.72,56.81,17.91,Nf655134,Skoeht@Email.Com,2026-03-08,2026-03-10,Ba,39,Online,Dinheiro
P1098,Tênis Masculino,159.66,105.57,54.09,Nf295279,Cdbhrb@Email.Com,2025-03-26,2025-03-29,Sc,37,Loja,Boleto
P1099,Camiseta Masculina,220.93,119.88,101.05,Nf484087,Umtysb@Email.Com,2025-01-06,2025-01-07,Sc,M,Loja,Pix
P1100,Calça Feminina,435.87,291.23,144.64,Nf958958,Vtiofy@Email.Com,2025-06-25,2025-06-30,Mg,M,Loja,Pix
P1101,Calça Feminina,316.54,250.68,65.86,Nf549101,Xrpeyc@Email.Com,2025-05-20,2025-05-20,Sp,M,Online,Dinheiro
P1102,Tênis Feminino,420.69,234.68,186.01,Nf387099,Jntvox@Email.Com,2025-04-24,2025-04-24,Pb,40,Loja,Pix
P1103,Tênis Masculino,173.36,137.5,35.86,Nf239169,Uvbuch@Email.Com,2026-03-13,2026-03-13,Ce,40,Loja,Cartão
P1104,Tênis Feminino,351.83,189.2,162.63,Nf672106,Jpqeuq@Email.Com,2025-06-20,2025-06-25,Rj,37,Online,Boleto
P1105,Camiseta Masculina,429.18,298.72,130.46,Nf587021,Ycfrdm@Email.Com,2025-02-19,2025-02-23,Ba,P,Online,Dinheiro
P1106,Tênis Masculino,88.83,60.24,28.59,Nf190435,Jthtdg@Email.Com,2025-05-25,2025-05-30,Pr,39,Loja,Pix
P1107,Calça Feminina,336.92,241.14,95.78,Nf805622,Betnox@Email.Com,2026-02-28,2026-03-02,Ba,38,Loja,Cartão
P1108,Camiseta Masculina,177.9,131.24,46.66,Nf298679,Crloll@Email.Com,2025-01-07,2025-01-10,Pe,39,Online,Dinheiro
P1109,Calça Feminina,351.28,252.8,98.48,Nf779074,Esqcvb@Email.Com,2025-04-01,2025-04-03,Rj,M,Online,Boleto
P1110,Camiseta Masculina,383.01,283.43,99.58,Nf878706,Gvapkl@Email.Com,2025-10-20,2025-10-20,Rj,37,Loja,Dinheiro
P1111,Calça Feminina,486.71,291.92,194.79,Nf743454,Sdzkwz@Email.Com,2025-09-29,2025-10-04,Pe,38,Online,Cartão
P1112,Calça Feminina,157.31,113.47,43.84,Nf325657,Nberav@Email.Com,2025-07-28,2025-07-30,Mg,41,Online,Cartão
P1113,Camiseta Feminina,403.7,266.46,137.24,Nf318761,Hibbus@Email.Com,2026-02-07,2026-02-12,Sp,36,Online,Dinheiro
P1114,Camiseta Masculina,96.11,77.5,18.61,Nf411462,Caljac@Email.Com,2025-03-27,2025-03-31,Rs,40,Loja,Dinheiro
P1115,Tênis Feminino,278.25,140.69,137.56,Nf169648,Glrrvj@Email.Com,2026-04-29,2026-04-29,Rs,40,Loja,Cartão
P1116,Camiseta Feminina,348.84,267.26,81.58,Nf646055,Ivcljy@Email.Com,2025-02-09,2025-02-14,Mg,39,Online,Dinheiro
P1117,Camiseta Feminina,508.52,277.15,231.37,Nf600016,Cinbcp@Email.Com,2026-04-13,2026-04-14,Sc,42,Loja,Cartão
P1118,Calça Feminina,303.98,181.16,122.82,Nf298952,Cejhjn@Email.Com,2025-11-28,2025-11-29,Rs,38,Online,Pix
P1119,Camiseta Masculina,311.85,158.87,152.98,Nf388028,Cdqdsg@Email.Com,2025-12-16,2025-12-21,Pr,37,Loja,Pix
P1120,Camiseta Feminina,341.92,252.53,89.39,Nf174947,Bznjim@Email.Com,2025-11-18,2025-11-20,Pr,M,Loja,Pix
P1121,Tênis Feminino,524.14,264.89,259.25,Nf753512,Jqysca@Email.Com,2025-07-24,2025-07-27,Pb,M,Loja,Dinheiro
P1122,Tênis Feminino,119.85,84.69,35.16,Nf991176,Zafbgt@Email.Com,2025-01-13,2025-01-14,Sp,39,Online,Dinheiro
P1123,Tênis Masculino,161.53,109.74,51.79,Nf394122,Umhzxq@Email.Com,2025-02-05,2025-02-05,Ba,40,Loja,Cartão
P1124,Camiseta Masculina,159.64,97.01,62.63,Nf638291,Hznapb@Email.Com,2026-04-16,2026-04-16,Sp,42,Online,Pix
P1125,Calça Masculina,175.86,129.76,46.1,Nf146125,Rqtetl@Email.Com,2025-11-06,2025-11-08,Sc,36,Online,Pix
P1126,Camiseta Masculina,110.86,60.85,50.01,Nf430362,Tnaguw@Email.Com,2025-01-03,2025-01-05,Pr,41,Loja,Pix
P1127,Calça Masculina,194.49,148.25,46.24,Nf801424,Ttjykt@Email.Com,2025-11-15,2025-11-17,Pe,38,Loja,Cartão
P1128,Tênis Feminino,599.03,299.57,299.46,Nf206668,Vspnsy@Email.Com,2026-02-08,2026-02-08,Sc,P,Online,Cartão
P1129,Tênis Feminino,176.48,132.85,43.63,Nf329402,Koofri@Email.Com,2025-03-26,2025-03-26,Ba,42,Loja,Cartão
P1130,Tênis Masculino,179.58,149.36,30.22,Nf988164,Veuvve@Email.Com,2025-11-02,2025-11-07,Rs,41,Online,Pix
P1131,Calça Feminina,367.5,193.11,174.39,Nf838594,Qtvwxi@Email.Com,2026-03-28,2026-03-29,Sp,40,Loja,Boleto
P1132,Camiseta Feminina,99.38,73.95,25.43,Nf569329,Ltwesc@Email.Com,2025-06-30,2025-07-04,Sp,40,Loja,Dinheiro
P1133,Calça Masculina,151.71,93.04,58.67,Nf467602,Qleksi@Email.Com,2025-07-20,2025-07-21,Rj,39,Online,Cartão
P1134,Calça Feminina,360.51,195.17,165.34,Nf961007,Gjtjgh@Email.Com,2025-05-11,2025-05-16,Sp,M,Online,Pix
P1135,Tênis Feminino,498.89,283.51,215.38,Nf694751,Cvkxak@Email.Com,2025-06-19,2025-06-23,Mg,36,Loja,Boleto
P1136,Tênis Masculino,345.15,244.36,100.79,Nf931606,Skjaal@Email.Com,2026-02-02,2026-02-03,Sp,39,Loja,Dinheiro
P1137,Calça Masculina,326.65,227.07,99.58,Nf855315,Rsjbcz@Email.Com,2025-04-11,2025-04-11,Sp,39,Online,Cartão
P1138,Tênis Masculino,160.84,95.16,65.68,Nf949519,Dnhzlo@Email.Com,2026-03-24,2026-03-28,Rs,36,Loja,Dinheiro
P1139,Camiseta Masculina,402.9,245.09,157.81,Nf933915,Byurwk@Email.Com,2025-04-27,2025-04-30,Sp,42,Online,Dinheiro
P1140,Camiseta Masculina,266.13,148.18,117.95,Nf494306,Nhaurp@Email.Com,2025-01-26,2025-01-29,Rj,42,Online,Dinheiro
P1141,Camiseta Feminina,509.93,262.66,247.27,Nf278562,Innkwn@Email.Com,2025-03-22,2025-03-25,Sc,39,Online,Pix
P1142,Calça Feminina,311.38,163.84,147.54,Nf234113,Nbxfvx@Email.Com,2025-05-15,2025-05-18,Rs,37,Loja,Dinheiro
P1143,Tênis Feminino,184.87,110.76,74.11,Nf857020,Auckpl@Email.Com,2026-02-06,2026-02-07,Pe,M,Loja,Boleto
P1144,Tênis Masculino,196.66,99.58,97.08,Nf159253,Wrigca@Email.Com,2026-02-24,2026-02-24,Pb,40,Loja,Cartão
P1145,Camiseta Masculina,366.78,195.88,170.9,Nf870986,Zkkwfw@Email.Com,2025-02-11,2025-02-13,Rs,42,Online,Pix
P1146,Calça Feminina,248.97,128.68,120.29,Nf361105,Gflbkk@Email.Com,2025-06-12,2025-06-13,Rj,40,Online,Dinheiro
P1147,Camiseta Feminina,119.04,89.08,29.96,Nf841110,Ansmwr@Email.Com,2025-03-14,2025-03-15,Pb,37,Loja,Boleto
P1148,Calça Masculina,95.23,75.37,19.86,Nf799771,Zreeei@Email.Com,2025-12-21,2025-12-26,Sc,M,Online,Boleto
P1149,Calça Feminina,205.57,108.08,97.49,Nf388767,Vonzux@Email.Com,2026-02-09,2026-02-13,Pb,38,Loja,Pix
P1150,Tênis Masculino,229.17,162.44,66.73,Nf936269,Ubjnlk@Email.Com,2026-04-04,2026-04-08,Mg,37,Online,Cartão
P1151,Calça Feminina,93.75,56.85,36.9,Nf104319,Ofxvdv@Email.Com,2026-01-22,2026-01-26,Ce,40,Loja,Cartão
P1152,Tênis Masculino,383.68,197.24,186.44,Nf126494,Zarkvn@Email.Com,2025-02-11,2025-02-15,Pe,36,Online,Cartão
P1153,Camiseta Feminina,445.07,286.65,158.42,Nf971567,Sckabw@Email.Com,2025-09-06,2025-09-07,Mg,40,Loja,Pix
P1154,Camiseta Masculina,223.11,158.04,65.07,Nf105759,Ihqncp@Email.Com,2025-06-21,2025-06-24,Ba,40,Online,Boleto
P1155,Tênis Masculino,297.11,180.79,116.32,Nf528255,Lcmfzo@Email.Com,2025-05-10,2025-05-15,Pr,41,Loja,Pix
P1156,Camiseta Masculina,372.88,211.43,161.45,Nf747032,Eqkelm@Email.Com,2025-09-16,2025-09-17,Ba,42,Online,Boleto
P1157,Camiseta Feminina,381.27,233.01,148.26,Nf940847,Xrlzlk@Email.Com,2025-10-17,2025-10-18,Pb,37,Loja,Pix
P1158,Calça Masculina,183.38,128.86,54.52,Nf549582,Zfchyt@Email.Com,2026-03-22,2026-03-23,Pb,36,Loja,Dinheiro
P1159,Calça Feminina,472.23,299.31,172.92,Nf439542,Dfithb@Email.Com,2026-01-04,2026-01-08,Pr,M,Online,Pix
P1160,Calça Masculina,151.64,110.07,41.57,Nf951886,Zanrcn@Email.Com,2026-03-25,2026-03-30,Sp,40,Online,Boleto
P1161,Camiseta Feminina,263.26,168.96,94.3,Nf460660,Wvvcbh@Email.Com,2026-01-24,2026-01-25,Rs,38,Online,Dinheiro
P1162,Camiseta Feminina,514.59,272.26,242.33,Nf642355,Imqspu@Email.Com,2025-08-30,2025-08-31,Rj,38,Loja,Pix
P1163,Tênis Feminino,249.3,167.56,81.74,Nf884478,Sxucji@Email.Com,2026-01-26,2026-01-28,Sp,36,Loja,Boleto
P1164,Calça Feminina,166.24,86.87,79.37,Nf665764,Exhela@Email.Com,2025-05-18,2025-05-23,Sc,40,Loja,Boleto
P1165,Calça Feminina,216.1,160.45,55.65,Nf321637,Eniobl@Email.Com,2025-06-25,2025-06-26,Pb,40,Online,Pix
P1166,Tênis Masculino,110.83,87.95,22.88,Nf329645,Dqsbtk@Email.Com,2026-02-21,2026-02-21,Ce,37,Loja,Cartão
P1167,Camiseta Feminina,313.13,159.72,153.41,Nf521251,Mjvoxa@Email.Com,2025-12-08,2025-12-08,Pe,37,Online,Pix
P1168,Tênis Masculino,386.05,259.21,126.84,Nf517835,Nuryqp@Email.Com,2025-01-02,2025-01-04,Rj,41,Loja,Dinheiro
P1169,Camiseta Feminina,421.62,252.92,168.7,Nf395484,Ejrdmo@Email.Com,2026-01-12,2026-01-13,Sp,P,Online,Boleto
P1170,Calça Feminina,565.3,285.93,279.37,Nf341235,Odpida@Email.Com,2026-04-14,2026-04-16,Ce,P,Online,Cartão
P1171,Camiseta Masculina,135.64,109.47,26.17,Nf429593,Wynple@Email.Com,2026-01-20,2026-01-24,Ba,40,Online,Dinheiro
P1172,Camiseta Feminina,315.72,235.14,80.58,Nf376709,Acfxpv@Email.Com,2025-02-24,2025-02-25,Rs,40,Online,Cartão
P1173,Calça Masculina,409.97,275.73,134.24,Nf871750,Pbqpqw@Email.Com,2026-02-17,2026-02-22,Pb,M,Loja,Cartão
P1174,Camiseta Masculina,178.65,113.31,65.34,Nf680052,Efybeo@Email.Com,2026-03-26,2026-03-29,Mg,36,Online,Pix
P1175,Camiseta Masculina,441.09,234.1,206.99,Nf415574,Zwuyyn@Email.Com,2026-03-08,2026-03-08,Rs,P,Online,Pix
P1176,Camiseta Feminina,365.79,282.41,83.38,Nf610331,Rgrpnt@Email.Com,2025-07-07,2025-07-07,Ce,42,Loja,Cartão
P1177,Camiseta Feminina,176.01,108.1,67.91,Nf793986,Oeyagi@Email.Com,2025-07-16,2025-07-20,Mg,39,Online,Dinheiro
P1178,Camiseta Feminina,315.2,228.84,86.36,Nf223212,Tobxci@Email.Com,2025-12-30,2026-01-03,Ba,42,Loja,Dinheiro
P1179,Calça Feminina,308.49,171.81,136.68,Nf651617,Uzfesb@Email.Com,2025-04-16,2025-04-16,Rs,36,Loja,Pix
P1180,Tênis Feminino,275.44,170.87,104.57,Nf325616,Vmqlap@Email.Com,2025-03-23,2025-03-24,Rj,M,Online,Boleto
P1181,Calça Masculina,78.92,61.88,17.04,Nf818791,Vkvmeu@Email.Com,2025-01-28,2025-01-31,Rj,G,Online,Cartão
P1182,Camiseta Feminina,309.24,201.71,107.53,Nf448404,Vjdmst@Email.Com,2025-12-19,2025-12-21,Pr,M,Loja,Cartão
P1183,Tênis Feminino,309.83,203.88,105.95,Nf614745,Jfmizl@Email.Com,2025-11-26,2025-12-01,Pe,41,Online,Pix
P1184,Tênis Masculino,66.55,53.7,12.85,Nf133992,Grmuzf@Email.Com,2025-07-06,2025-07-08,Pr,40,Online,Cartão
P1185,Calça Masculina,190.65,99.32,91.33,Nf370408,Fghevq@Email.Com,2025-06-01,2025-06-05,Sp,P,Loja,Boleto
P1186,Camiseta Masculina,543.2,291.63,251.57,Nf855458,Zjehzt@Email.Com,2025-10-12,2025-10-16,Sc,40,Online,Boleto
P1187,Tênis Feminino,223.31,163.9,59.41,Nf877249,Cokkhm@Email.Com,2025-02-03,2025-02-07,Pr,37,Loja,Pix
P1188,Calça Feminina,78.31,56.83,21.48,Nf831196,Mqfiak@Email.Com,2025-09-17,2025-09-20,Ce,P,Loja,Pix
P1189,Calça Masculina,419.13,239.38,179.75,Nf122941,Eduadj@Email.Com,2025-12-02,2025-12-04,Ce,P,Online,Dinheiro
P1190,Tênis Masculino,281.72,194.19,87.53,Nf663743,Jlgyqn@Email.Com,2025-05-27,2025-06-01,Ce,G,Loja,Dinheiro
P1191,Calça Masculina,253.76,155.78,97.98,Nf471071,Qnzxcg@Email.Com,2025-09-26,2025-10-01,Rs,38,Online,Pix
P1192,Calça Feminina,441.46,257.56,183.9,Nf157210,Jpedkh@Email.Com,2025-10-13,2025-10-16,Ba,36,Loja,Dinheiro
P1193,Calça Masculina,400.97,272.29,128.68,Nf264660,Sdlnlb@Email.Com,2025-05-06,2025-05-08,Pe,37,Loja,Dinheiro
P1194,Tênis Masculino,272.82,137.06,135.76,Nf972972,Ybgvej@Email.Com,2025-03-10,2025-03-13,Pb,G,Loja,Pix
P1195,Tênis Feminino,113.86,64.8,49.06,Nf336438,Sxztqw@Email.Com,2025-10-16,2025-10-19,Pe,39,Online,Boleto
P1196,Tênis Feminino,530.67,299.05,231.62,Nf405701,Tmynix@Email.Com,2026-04-10,2026-04-10,Sc,G,Loja,Cartão
P1197,Calça Feminina,122.07,83.64,38.43,Nf913670,Ndfuob@Email.Com,2025-07-22,2025-07-26,Pe,36,Loja,Cartão
P1198,Camiseta Feminina,108.4,55.81,52.59,Nf700501,Zzhzfr@Email.Com,2025-04-05,2025-04-10,Ce,P,Online,Cartão
P1199,Tênis Feminino,422.61,264.87,157.74,Nf344317,Zwpxjd@Email.Com,2025-06-17,2025-06-18,Pb,37,Online,Dinheiro
P1200,Tênis Feminino,386.71,197.96,188.75,Nf915154,Jamkvv@Email.Com,2025-08-23,2025-08-28,Ba,M,Online,Dinheiro
P1201,Camiseta Masculina,297.66,150.05,147.61,Nf904779,Jjmqwh@Email.Com,2025-01-26,2025-01-31,Pb,36,Loja,Dinheiro
P1202,Tênis Masculino,244.5,143.07,101.43,Nf419784,Dwedsv@Email.Com,2026-03-04,2026-03-08,Mg,41,Online,Pix
P1203,Camiseta Feminina,337.34,230.55,106.79,Nf965113,Eouaja@Email.Com,2025-09-09,2025-09-10,Pb,39,Online,Dinheiro
P1204,Tênis Masculino,188.2,153.66,34.54,Nf921635,Lnxbfh@Email.Com,2025-04-13,2025-04-17,Rj,36,Loja,Boleto
P1205,Calça Masculina,314.16,225.73,88.43,Nf655967,Zvdxki@Email.Com,2025-12-04,2025-12-09,Rj,M,Online,Boleto
P1206,Tênis Feminino,426.16,243.2,182.96,Nf811473,Jllrmb@Email.Com,2026-04-12,2026-04-13,Ba,37,Online,Pix
P1207,Calça Masculina,332.23,205.37,126.86,Nf476791,Vbckoi@Email.Com,2025-12-15,2025-12-20,Ce,M,Online,Cartão
P1208,Tênis Feminino,332.22,227.48,104.74,Nf548028,Jdmzfe@Email.Com,2026-02-12,2026-02-14,Mg,37,Online,Boleto
P1209,Tênis Masculino,285.5,158.55,126.95,Nf751252,Yztome@Email.Com,2026-02-12,2026-02-16,Pe,G,Online,Dinheiro
P1210,Tênis Feminino,524.63,277.03,247.6,Nf446244,Mxgilm@Email.Com,2025-12-13,2025-12-16,Pe,P,Loja,Boleto
P1211,Tênis Feminino,436.71,258.91,177.8,Nf419485,Hzedtj@Email.Com,2025-09-11,2025-09-16,Rs,41,Online,Dinheiro
P1212,Calça Masculina,575.92,299.41,276.51,Nf970889,Ccqsbb@Email.Com,2026-03-12,2026-03-15,Sp,42,Loja,Boleto
P1213,Calça Feminina,394.25,231.06,163.19,Nf588383,Bqzskv@Email.Com,2025-03-11,2025-03-13,Sp,36,Loja,Dinheiro
P1214,Camiseta Masculina,305.41,216.67,88.74,Nf321300,Hcfozu@Email.Com,2025-07-17,2025-07-21,Rs,P,Online,Cartão
P1215,Camiseta Feminina,144.66,92.65,52.01,Nf650445,Oardra@Email.Com,2025-08-12,2025-08-12,Pr,38,Online,Pix
P1216,Camiseta Feminina,475.22,265.37,209.85,Nf985153,Bthqng@Email.Com,2025-09-02,2025-09-04,Mg,39,Loja,Boleto
P1217,Camiseta Feminina,318.43,175.58,142.85,Nf795761,Nydiat@Email.Com,2025-02-02,2025-02-07,Sc,37,Loja,Dinheiro
P1218,Camiseta Feminina,118.57,84.53,34.04,Nf174001,Kzdzfp@Email.Com,2026-03-17,2026-03-18,Mg,39,Online,Pix
P1219,Tênis Masculino,192.12,139.49,52.63,Nf247347,Qfmwvw@Email.Com,2026-01-14,2026-01-15,Pb,36,Online,Boleto
P1220,Tênis Feminino,225.73,159.87,65.86,Nf847481,Lqhwdm@Email.Com,2025-05-26,2025-05-27,Ce,G,Loja,Dinheiro
P1221,Tênis Masculino,84.81,63.39,21.42,Nf746412,Rwqskf@Email.Com,2025-02-03,2025-02-08,Ce,M,Loja,Dinheiro
P1222,Calça Masculina,478.22,248.76,229.46,Nf550139,Upqjir@Email.Com,2025-09-08,2025-09-08,Ba,37,Loja,Cartão
P1223,Tênis Masculino,270.93,223.6,47.33,Nf498694,Msegot@Email.Com,2025-04-22,2025-04-23,Ce,M,Loja,Pix
P1224,Tênis Masculino,332.55,275.14,57.41,Nf130201,Ledbqp@Email.Com,2026-03-16,2026-03-17,Rs,36,Online,Boleto
P1225,Camiseta Masculina,152.61,118.31,34.3,Nf127362,Zriyid@Email.Com,2026-03-22,2026-03-27,Rs,39,Loja,Pix
P1226,Camiseta Feminina,140.07,84.11,55.96,Nf208165,Vnjdtj@Email.Com,2026-04-12,2026-04-17,Rs,G,Loja,Dinheiro
P1227,Camiseta Feminina,440.68,243.9,196.78,Nf830964,Uvbdoy@Email.Com,2026-02-21,2026-02-22,Sp,37,Loja,Boleto
P1228,Tênis Masculino,162.96,104.04,58.92,Nf100240,Iuswjn@Email.Com,2025-10-15,2025-10-16,Pe,42,Online,Pix
P1229,Camiseta Feminina,470.49,241.96,228.53,Nf576652,Wjdsgk@Email.Com,2025-03-24,2025-03-27,Rs,39,Loja,Dinheiro
P1230,Calça Masculina,234.11,128.11,106.0,Nf404883,Qauelb@Email.Com,2025-01-15,2025-01-15,Ba,M,Online,Boleto
P1231,Camiseta Feminina,276.56,180.66,95.9,Nf335013,Iettrb@Email.Com,2026-04-27,2026-05-01,Ba,39,Online,Cartão
P1232,Camiseta Masculina,371.29,253.86,117.43,Nf346123,Djfaki@Email.Com,2025-10-14,2025-10-19,Pb,G,Online,Cartão
P1233,Tênis Feminino,340.53,174.63,165.9,Nf914570,Zgnugb@Email.Com,2025-09-11,2025-09-13,Rj,39,Loja,Pix
P1234,Tênis Feminino,171.84,135.89,35.95,Nf420366,Kziyac@Email.Com,2025-06-10,2025-06-11,Pb,41,Loja,Boleto
P1235,Tênis Feminino,165.6,96.47,69.13,Nf775393,Utwcup@Email.Com,2026-03-16,2026-03-16,Sp,P,Online,Dinheiro
P1236,Calça Masculina,370.21,257.24,112.97,Nf298477,Sunntj@Email.Com,2025-12-19,2025-12-23,Rs,39,Online,Dinheiro
P1237,Calça Feminina,331.58,189.82,141.76,Nf600302,Shftia@Email.Com,2025-06-18,2025-06-19,Pb,38,Loja,Dinheiro
P1238,Calça Feminina,350.48,217.12,133.36,Nf791599,Sxeqra@Email.Com,2026-02-07,2026-02-08,Sc,39,Loja,Cartão
P1239,Calça Feminina,210.51,134.1,76.41,Nf553213,Dqelke@Email.Com,2025-07-03,2025-07-04,Ce,36,Online,Boleto
P1240,Calça Masculina,518.22,268.17,250.05,Nf626436,Wiulwo@Email.Com,2025-07-12,2025-07-13,Rs,39,Loja,Boleto
P1241,Tênis Feminino,127.46,85.37,42.09,Nf302780,Jfbyus@Email.Com,2025-09-05,2025-09-09,Pr,G,Online,Dinheiro
P1242,Tênis Feminino,326.72,194.66,132.06,Nf766222,Nhnsvw@Email.Com,2025-12-08,2025-12-11,Ba,36,Online,Dinheiro
P1243,Camiseta Feminina,307.19,154.61,152.58,Nf547284,Icpgtc@Email.Com,2025-10-28,2025-10-30,Ba,39,Online,Boleto
P1244,Tênis Masculino,423.25,218.19,205.06,Nf748622,Hirnto@Email.Com,2025-06-26,2025-06-28,Rs,41,Loja,Dinheiro
P1245,Tênis Masculino,97.73,68.2,29.53,Nf165947,Qisadk@Email.Com,2025-04-06,2025-04-08,Rs,38,Loja,Cartão
P1246,Calça Feminina,201.69,104.86,96.83,Nf808529,Tdyoth@Email.Com,2026-02-27,2026-03-01,Sp,36,Online,Pix
P1247,Calça Feminina,208.04,128.99,79.05,Nf821800,Hayayg@Email.Com,2025-12-13,2025-12-18,Rs,37,Loja,Boleto
P1248,Camiseta Feminina,273.01,137.72,135.29,Nf205679,Kboiga@Email.Com,2025-10-04,2025-10-09,Pr,37,Online,Pix
P1249,Tênis Feminino,400.99,206.38,194.61,Nf765361,Oztefa@Email.Com,2025-07-16,2025-07-18,Sp,P,Loja,Boleto
P1250,Tênis Masculino,123.69,76.4,47.29,Nf531909,Pzecck@Email.Com,2025-08-29,2025-08-31,Ba,G,Loja,Dinheiro
P1251,Tênis Masculino,397.31,202.03,195.28,Nf223794,Quncci@Email.Com,2026-01-05,2026-01-08,Ba,39,Loja,Pix
P1252,Calça Feminina,254.47,189.84,64.63,Nf196963,Kniqdl@Email.Com,2025-06-13,2025-06-16,Rs,39,Online,Cartão
P1253,Tênis Feminino,304.2,225.47,78.73,Nf241817,Yeziee@Email.Com,2026-04-25,2026-04-29,Ba,G,Online,Dinheiro
P1254,Tênis Feminino,145.55,105.43,40.12,Nf762251,Xhwgjt@Email.Com,2026-02-19,2026-02-19,Pr,36,Loja,Boleto
P1255,Calça Masculina,101.06,54.73,46.33,Nf699473,Saquva@Email.Com,2025-09-08,2025-09-12,Pr,41,Loja,Boleto
P1256,Calça Feminina,328.52,270.49,58.03,Nf590193,Czzypp@Email.Com,2025-05-31,2025-05-31,Mg,38,Online,Pix
P1257,Calça Masculina,304.27,201.47,102.8,Nf778157,Dihjaa@Email.Com,2025-03-27,2025-03-28,Ce,P,Loja,Boleto
P1258,Calça Feminina,536.46,285.85,250.61,Nf792857,Dhnzfl@Email.Com,2026-03-31,2026-04-02,Ce,G,Loja,Pix
P1259,Calça Feminina,413.38,291.78,121.6,Nf748187,Cpjiax@Email.Com,2025-03-09,2025-03-13,Sc,37,Online,Dinheiro
P1260,Camiseta Feminina,218.46,117.46,101.0,Nf472230,Hkijdj@Email.Com,2025-11-28,2025-12-02,Ce,P,Online,Dinheiro
P1261,Camiseta Masculina,434.13,222.94,211.19,Nf250932,Tygxhm@Email.Com,2025-02-13,2025-02-14,Pr,M,Online,Pix
P1262,Calça Masculina,329.02,234.77,94.25,Nf747082,Ssrjcu@Email.Com,2025-10-23,2025-10-24,Rs,36,Online,Boleto
P1263,Tênis Masculino,388.59,288.59,100.0,Nf151760,Ouymhl@Email.Com,2026-03-04,2026-03-07,Rs,37,Online,Cartão
P1264,Camiseta Feminina,410.36,235.87,174.49,Nf700412,Xnhyop@Email.Com,2025-10-13,2025-10-14,Pb,40,Online,Boleto
P1265,Calça Masculina,547.07,290.21,256.86,Nf348061,Pnnjom@Email.Com,2025-03-17,2025-03-22,Pe,40,Loja,Cartão
P1266,Tênis Masculino,218.05,109.09,108.96,Nf764930,Xvndny@Email.Com,2025-08-05,2025-08-08,Sc,38,Online,Boleto
P1267,Calça Masculina,243.57,143.74,99.83,Nf876452,Tcigem@Email.Com,2026-01-26,2026-01-31,Rj,39,Loja,Pix
P1268,Calça Masculina,95.84,56.3,39.54,Nf996746,Nhzlff@Email.Com,2025-06-21,2025-06-24,Sc,39,Loja,Dinheiro
P1269,Camiseta Feminina,448.01,246.28,201.73,Nf950940,Blttei@Email.Com,2026-03-27,2026-03-29,Sc,39,Loja,Boleto
P1270,Calça Masculina,105.26,53.34,51.92,Nf801898,Dauyva@Email.Com,2025-02-23,2025-02-28,Sp,37,Loja,Dinheiro
P1271,Tênis Masculino,440.66,284.45,156.21,Nf616922,Coekfj@Email.Com,2025-04-15,2025-04-18,Sp,38,Online,Cartão
P1272,Calça Masculina,307.57,222.58,84.99,Nf765784,Zqwqnm@Email.Com,2025-12-04,2025-12-06,Ce,39,Loja,Boleto
P1273,Calça Masculina,71.4,57.23,14.17,Nf386068,Njpqgr@Email.Com,2026-03-25,2026-03-28,Ce,39,Loja,Boleto
P1274,Tênis Masculino,436.86,234.8,202.06,Nf316613,Xiigak@Email.Com,2025-04-27,2025-05-02,Pb,37,Online,Pix
P1275,Camiseta Feminina,99.47,55.87,43.6,Nf609099,Hbqhad@Email.Com,2026-04-26,2026-04-30,Mg,36,Loja,Dinheiro
P1276,Camiseta Masculina,287.22,190.47,96.75,Nf386771,Qkwlyt@Email.Com,2025-07-26,2025-07-28,Pr,36,Loja,Cartão
P1277,Calça Feminina,325.49,234.79,90.7,Nf489147,Qwoetl@Email.Com,2026-04-20,2026-04-24,Pb,42,Loja,Pix
P1278,Tênis Masculino,216.28,134.28,82.0,Nf173082,Iqglox@Email.Com,2026-01-31,2026-02-05,Pr,42,Loja,Boleto
P1279,Camiseta Feminina,199.71,113.24,86.47,Nf630876,Noyrop@Email.Com,2025-07-18,2025-07-22,Sp,38,Loja,Dinheiro
P1280,Calça Feminina,164.0,83.34,80.66,Nf247365,Mfhtax@Email.Com,2025-02-18,2025-02-22,Ce,M,Loja,Cartão
P1281,Camiseta Feminina,203.95,157.39,46.56,Nf406800,Wfwpae@Email.Com,2025-05-27,2025-05-31,Sp,38,Online,Cartão
P1282,Calça Feminina,160.43,92.05,68.38,Nf654241,Eshrgb@Email.Com,2025-04-10,2025-04-12,Sp,39,Loja,Cartão
P1283,Tênis Feminino,167.43,95.73,71.7,Nf886338,Uuycre@Email.Com,2026-01-06,2026-01-10,Ce,40,Online,Cartão
P1284,Tênis Masculino,372.3,210.49,161.81,Nf608928,Mjvwrn@Email.Com,2025-12-01,2025-12-04,Ba,40,Online,Pix
P1285,Calça Feminina,111.39,76.01,35.38,Nf543357,Bfrurb@Email.Com,2026-04-04,2026-04-07,Pb,39,Online,Cartão
P1286,Tênis Feminino,95.58,67.59,27.99,Nf174151,Ttipzq@Email.Com,2025-03-23,2025-03-28,Rj,37,Loja,Dinheiro
P1287,Calça Feminina,338.1,255.88,82.22,Nf479099,Ywwzrj@Email.Com,2026-01-14,2026-01-19,Rj,41,Loja,Dinheiro
P1288,Calça Feminina,213.47,109.34,104.13,Nf764505,Kuvajz@Email.Com,2025-07-05,2025-07-09,Ce,37,Loja,Cartão
P1289,Tênis Masculino,161.63,109.43,52.2,Nf675474,Qekywe@Email.Com,2025-03-26,2025-03-26,Mg,37,Online,Pix
P1290,Tênis Masculino,227.48,187.37,40.11,Nf951101,Pyvygx@Email.Com,2025-02-09,2025-02-13,Ce,37,Online,Dinheiro
P1291,Tênis Feminino,285.51,165.4,120.11,Nf430353,Jmihwz@Email.Com,2025-01-26,2025-01-28,Pr,M,Online,Boleto
P1292,Tênis Masculino,280.59,216.92,63.67,Nf732313,Jeyave@Email.Com,2025-12-25,2025-12-26,Ce,37,Online,Boleto
P1293,Calça Feminina,266.66,142.04,124.62,Nf444107,Niccgn@Email.Com,2025-04-10,2025-04-12,Sp,42,Loja,Pix
P1294,Camiseta Masculina,154.78,128.71,26.07,Nf739977,Dteqev@Email.Com,2026-04-13,2026-04-18,Rs,36,Online,Dinheiro
P1295,Tênis Masculino,453.58,283.92,169.66,Nf639235,Rkgbwx@Email.Com,2025-06-16,2025-06-17,Pe,41,Online,Dinheiro
P1296,Camiseta Feminina,254.35,173.72,80.63,Nf894039,Djtllh@Email.Com,2025-11-11,2025-11-13,Rs,41,Online,Cartão
P1297,Calça Masculina,313.0,195.82,117.18,Nf204005,Htczhd@Email.Com,2025-09-21,2025-09-22,Mg,40,Online,Cartão
P1298,Calça Feminina,173.18,116.18,57.0,Nf827290,Vhlvob@Email.Com,2025-07-02,2025-07-03,Pe,39,Loja,Dinheiro
P1299,Tênis Feminino,210.73,108.04,102.69,Nf360220,Eylvdo@Email.Com,2025-06-14,2025-06-16,Rj,39,Online,Dinheiro
P1300,Camiseta Feminina,274.32,165.26,109.06,Nf624168,Lrbslt@Email.Com,2025-04-08,2025-04-12,Rj,37,Online,Pix
P1301,Tênis Masculino,252.71,147.58,105.13,Nf795050,Zwxqpg@Email.Com,2025-09-12,2025-09-13,Pr,42,Loja,Pix
P1302,Calça Feminina,345.69,183.64,162.05,Nf771162,Rscqwy@Email.Com,2025-08-05,2025-08-05,Rs,41,Loja,Pix
P1303,Tênis Feminino,290.26,172.98,117.28,Nf821074,Fajhtj@Email.Com,2025-09-21,2025-09-22,Mg,P,Loja,Boleto
P1304,Tênis Feminino,159.01,104.74,54.27,Nf448838,Gpruyo@Email.Com,2025-03-24,2025-03-28,Rj,41,Loja,Cartão
P1305,Camiseta Masculina,544.52,290.63,253.89,Nf121359,Sqoxly@Email.Com,2025-03-15,2025-03-15,Pr,M,Online,Boleto
P1306,Tênis Masculino,297.45,196.42,101.03,Nf766486,Zjqfjx@Email.Com,2025-09-03,2025-09-06,Pe,M,Online,Boleto
P1307,Calça Feminina,467.27,268.83,198.44,Nf406370,Cvxtuj@Email.Com,2025-06-23,2025-06-28,Ce,36,Loja,Pix
P1308,Tênis Masculino,315.24,210.93,104.31,Nf823245,Ksknmu@Email.Com,2026-04-03,2026-04-05,Ce,36,Online,Dinheiro
P1309,Calça Feminina,176.41,94.43,81.98,Nf446649,Ssaxur@Email.Com,2025-08-15,2025-08-18,Mg,41,Loja,Cartão
P1310,Camiseta Feminina,212.25,164.92,47.33,Nf445261,Gyfram@Email.Com,2026-01-01,2026-01-01,Sp,41,Loja,Dinheiro
P1311,Tênis Masculino,270.73,175.55,95.18,Nf373033,Mpzdjt@Email.Com,2026-04-30,2026-05-01,Sp,39,Loja,Boleto
P1312,Camiseta Feminina,129.8,103.0,26.8,Nf845605,Fwwwnr@Email.Com,2026-01-23,2026-01-26,Sp,42,Online,Pix
P1313,Camiseta Masculina,530.69,287.87,242.82,Nf308368,Wnfvev@Email.Com,2025-01-11,2025-01-12,Ba,37,Loja,Dinheiro
P1314,Camiseta Feminina,378.81,191.69,187.12,Nf457168,Sqkpxn@Email.Com,2025-09-23,2025-09-25,Sc,40,Loja,Dinheiro
P1315,Calça Feminina,182.25,96.19,86.06,Nf556770,Oqdxcn@Email.Com,2025-03-23,2025-03-24,Rj,36,Loja,Boleto
P1316,Calça Feminina,238.45,133.95,104.5,Nf650471,Tekgcj@Email.Com,2025-01-19,2025-01-21,Pr,41,Online,Cartão
P1317,Calça Feminina,451.84,259.41,192.43,Nf903032,Heyzin@Email.Com,2025-10-12,2025-10-14,Pb,42,Loja,Pix
P1318,Camiseta Feminina,424.57,280.34,144.23,Nf465685,Mnhlou@Email.Com,2025-06-23,2025-06-27,Sp,39,Online,Boleto
P1319,Tênis Masculino,440.65,260.43,180.22,Nf552193,Tcvcjv@Email.Com,2026-01-11,2026-01-13,Rs,38,Online,Dinheiro
P1320,Tênis Masculino,252.4,128.32,124.08,Nf658869,Folgbf@Email.Com,2025-09-03,2025-09-04,Mg,38,Online,Dinheiro
P1321,Calça Feminina,128.05,100.67,27.38,Nf178036,Reiaqq@Email.Com,2026-01-21,2026-01-23,Rj,39,Online,Dinheiro
P1322,Camiseta Feminina,334.3,211.48,122.82,Nf641214,Mhnkxu@Email.Com,2026-04-06,2026-04-09,Mg,41,Loja,Cartão
P1323,Calça Feminina,446.38,230.55,215.83,Nf521658,Oefasm@Email.Com,2025-03-23,2025-03-23,Pb,42,Loja,Dinheiro
P1324,Calça Masculina,335.97,196.02,139.95,Nf433173,Zmprrn@Email.Com,2025-09-10,2025-09-12,Pe,36,Online,Cartão
P1325,Calça Masculina,493.76,282.96,210.8,Nf294023,Yprvra@Email.Com,2025-07-03,2025-07-08,Sc,M,Loja,Dinheiro
P1326,Calça Feminina,153.63,109.24,44.39,Nf123583,Dtquwr@Email.Com,2026-03-26,2026-03-30,Ba,41,Loja,Boleto
P1327,Tênis Feminino,374.05,190.49,183.56,Nf468508,Edqcml@Email.Com,2026-04-26,2026-04-27,Pe,41,Loja,Cartão
P1328,Tênis Masculino,327.97,191.34,136.63,Nf467318,Iyedje@Email.Com,2025-06-03,2025-06-06,Pe,P,Online,Boleto
P1329,Tênis Masculino,372.57,282.67,89.9,Nf593955,Etgvki@Email.Com,2025-11-24,2025-11-25,Rs,37,Loja,Cartão
P1330,Camiseta Masculina,278.99,222.9,56.09,Nf317095,Ykamnf@Email.Com,2025-04-14,2025-04-18,Ce,41,Loja,Dinheiro
P1331,Camiseta Feminina,440.74,279.4,161.34,Nf855711,Qtxnmw@Email.Com,2025-12-15,2025-12-18,Ce,41,Online,Pix
P1332,Camiseta Masculina,357.12,207.64,149.48,Nf740055,Wjotne@Email.Com,2026-04-16,2026-04-18,Pb,37,Online,Pix
P1333,Tênis Feminino,330.29,186.5,143.79,Nf622511,Xzvctb@Email.Com,2025-10-27,2025-10-29,Pb,G,Online,Pix
P1334,Tênis Feminino,115.92,61.68,54.24,Nf965636,Nhbpeh@Email.Com,2026-02-13,2026-02-15,Sc,P,Online,Boleto
P1335,Tênis Masculino,194.64,153.67,40.97,Nf861038,Gbnlrl@Email.Com,2025-09-02,2025-09-04,Sc,39,Loja,Pix
P1336,Calça Feminina,321.44,267.33,54.11,Nf665719,Dwjurt@Email.Com,2026-03-07,2026-03-08,Pb,37,Loja,Boleto
P1337,Calça Feminina,300.19,210.16,90.03,Nf461304,Lllnyj@Email.Com,2025-09-07,2025-09-08,Mg,42,Loja,Cartão
P1338,Tênis Feminino,263.69,203.85,59.84,Nf103778,Etrdgg@Email.Com,2025-08-09,2025-08-09,Pb,38,Loja,Boleto
P1339,Camiseta Feminina,476.98,285.91,191.07,Nf680063,Qwapia@Email.Com,2025-07-19,2025-07-22,Pr,M,Loja,Cartão
P1340,Tênis Feminino,265.52,151.08,114.44,Nf277468,Yeptew@Email.Com,2026-03-22,2026-03-27,Sp,42,Loja,Dinheiro
P1341,Camiseta Feminina,316.09,190.91,125.18,Nf592011,Uwblir@Email.Com,2025-07-07,2025-07-09,Sp,G,Online,Pix
P1342,Camiseta Masculina,311.77,170.76,141.01,Nf843495,Onznqc@Email.Com,2026-04-29,2026-05-04,Sp,42,Online,Dinheiro
P1343,Camiseta Masculina,214.59,130.09,84.5,Nf114311,Qbtanr@Email.Com,2026-03-09,2026-03-11,Ba,38,Online,Pix
P1344,Camiseta Masculina,115.86,58.56,57.3,Nf149429,Gjocoz@Email.Com,2025-02-08,2025-02-13,Sc,40,Online,Pix
P1345,Calça Masculina,173.19,112.84,60.35,Nf255731,Ppklul@Email.Com,2025-05-24,2025-05-29,Rj,41,Loja,Pix
P1346,Tênis Masculino,295.47,178.22,117.25,Nf351948,Udhaba@Email.Com,2025-10-27,2025-10-31,Pb,M,Loja,Boleto
P1347,Tênis Masculino,454.56,249.33,205.23,Nf544563,Aexkhv@Email.Com,2025-12-20,2025-12-25,Sc,40,Loja,Cartão
P1348,Calça Feminina,293.26,202.71,90.55,Nf156336,Yvcndg@Email.Com,2026-02-17,2026-02-22,Pb,M,Online,Boleto
P1349,Tênis Masculino,96.8,65.03,31.77,Nf173889,Wpphuu@Email.Com,2025-09-10,2025-09-12,Sc,41,Loja,Dinheiro
P1350,Tênis Masculino,186.74,106.33,80.41,Nf367585,Zrlnik@Email.Com,2026-02-01,2026-02-01,Pr,P,Online,Cartão
P1351,Calça Feminina,157.32,84.92,72.4,Nf181440,Wevven@Email.Com,2025-10-19,2025-10-23,Rs,37,Online,Dinheiro
P1352,Calça Masculina,99.26,63.37,35.89,Nf997692,Dcxezi@Email.Com,2025-12-14,2025-12-17,Ba,42,Loja,Pix
P1353,Camiseta Masculina,397.1,214.88,182.22,Nf336283,Uimjuo@Email.Com,2025-12-11,2025-12-14,Sc,M,Loja,Cartão
P1354,Calça Feminina,521.56,294.51,227.05,Nf337494,Zrxyvj@Email.Com,2025-10-01,2025-10-03,Ce,P,Online,Boleto
P1355,Camiseta Masculina,344.75,227.7,117.05,Nf428190,Tjitfk@Email.Com,2025-02-03,2025-02-06,Pr,41,Online,Dinheiro
P1356,Camiseta Feminina,236.64,132.3,104.34,Nf897991,Nhpdbg@Email.Com,2025-11-17,2025-11-17,Rs,P,Online,Dinheiro
P1357,Calça Masculina,191.43,154.29,37.14,Nf324588,Ykpekc@Email.Com,2025-04-12,2025-04-17,Pe,41,Online,Pix
P1358,Tênis Feminino,258.71,129.85,128.86,Nf253268,Zxbaun@Email.Com,2025-06-11,2025-06-12,Sc,P,Online,Dinheiro
P1359,Tênis Masculino,255.44,163.65,91.79,Nf164893,Iwooeq@Email.Com,2025-09-06,2025-09-10,Ce,41,Online,Cartão
P1360,Camiseta Masculina,132.4,100.68,31.72,Nf939963,Qozsvk@Email.Com,2025-01-04,2025-01-09,Pe,M,Online,Cartão
P1361,Calça Masculina,139.27,77.19,62.08,Nf486675,Czslga@Email.Com,2025-01-15,2025-01-15,Sp,40,Loja,Dinheiro
P1362,Calça Feminina,246.63,170.3,76.33,Nf213615,Hjfzus@Email.Com,2026-01-20,2026-01-25,Ba,G,Loja,Dinheiro
P1363,Tênis Feminino,346.7,259.24,87.46,Nf872426,Lnwvqd@Email.Com,2025-10-24,2025-10-27,Sc,42,Loja,Cartão
P1364,Camiseta Masculina,149.08,106.27,42.81,Nf547846,Vjgxkn@Email.Com,2025-05-06,2025-05-07,Pb,39,Loja,Boleto
P1365,Camiseta Feminina,332.91,195.84,137.07,Nf571812,Ehulne@Email.Com,2025-03-20,2025-03-25,Sp,P,Loja,Pix
P1366,Calça Feminina,156.73,89.53,67.2,Nf129720,Xrjiko@Email.Com,2025-06-15,2025-06-18,Rj,39,Online,Cartão
P1367,Calça Masculina,303.41,191.84,111.57,Nf754078,Cjrcyc@Email.Com,2026-04-04,2026-04-08,Mg,39,Online,Boleto
P1368,Camiseta Masculina,74.09,56.35,17.74,Nf879518,Lhzlyk@Email.Com,2025-10-06,2025-10-07,Ba,36,Loja,Boleto
P1369,Camiseta Masculina,101.35,77.33,24.02,Nf982295,Emegoh@Email.Com,2026-02-26,2026-03-02,Pb,P,Online,Cartão
P1370,Calça Masculina,287.55,187.09,100.46,Nf639633,Dcrwvz@Email.Com,2025-01-05,2025-01-05,Mg,39,Online,Cartão
P1371,Tênis Feminino,407.45,275.68,131.77,Nf874718,Bikuni@Email.Com,2025-04-27,2025-04-29,Ba,37,Loja,Dinheiro
P1372,Camiseta Feminina,86.36,52.06,34.3,Nf415234,Axllvb@Email.Com,2025-10-28,2025-11-02,Ba,39,Online,Dinheiro
P1373,Tênis Masculino,147.84,113.48,34.36,Nf370263,Yppmeg@Email.Com,2025-09-03,2025-09-05,Sp,41,Online,Cartão
P1374,Tênis Masculino,204.56,126.58,77.98,Nf129788,Mngvhu@Email.Com,2026-04-06,2026-04-10,Pe,37,Online,Cartão
P1375,Tênis Masculino,223.81,166.19,57.62,Nf573777,Tyetju@Email.Com,2025-10-11,2025-10-12,Ce,M,Loja,Boleto
P1376,Camiseta Feminina,446.24,253.3,192.94,Nf459576,Hcooxd@Email.Com,2025-01-09,2025-01-11,Mg,40,Loja,Dinheiro
P1377,Camiseta Feminina,322.41,263.49,58.92,Nf556795,Kogoqp@Email.Com,2025-10-25,2025-10-30,Ce,M,Loja,Boleto
P1378,Tênis Feminino,416.52,230.41,186.11,Nf747734,Svszkc@Email.Com,2026-03-30,2026-04-03,Mg,P,Online,Cartão
P1379,Calça Feminina,94.73,67.37,27.36,Nf413260,Kpmwnp@Email.Com,2025-07-29,2025-08-01,Pb,41,Online,Boleto
P1380,Camiseta Masculina,400.31,232.36,167.95,Nf969048,Jexbco@Email.Com,2026-04-29,2026-05-01,Sp,M,Loja,Pix
P1381,Camiseta Masculina,349.45,260.67,88.78,Nf788556,Ogxfnp@Email.Com,2025-07-12,2025-07-12,Pe,42,Online,Cartão
P1382,Calça Feminina,202.65,123.57,79.08,Nf306686,Xqnisi@Email.Com,2025-11-14,2025-11-19,Ba,P,Online,Pix
P1383,Camiseta Masculina,276.45,191.23,85.22,Nf925983,Crpjji@Email.Com,2026-04-01,2026-04-06,Sp,42,Loja,Dinheiro
P1384,Camiseta Feminina,254.29,151.68,102.61,Nf157399,Qobzep@Email.Com,2025-01-12,2025-01-14,Rj,38,Online,Pix
P1385,Camiseta Feminina,91.39,64.71,26.68,Nf731641,Eyecuy@Email.Com,2026-03-06,2026-03-09,Pb,M,Loja,Pix
P1386,Calça Feminina,309.42,182.04,127.38,Nf800852,Ybukqs@Email.Com,2025-07-31,2025-08-05,Pr,M,Online,Cartão
P1387,Camiseta Feminina,202.64,158.13,44.51,Nf365653,Jrjnrt@Email.Com,2026-02-19,2026-02-22,Ce,G,Online,Pix
P1388,Calça Feminina,121.16,95.47,25.69,Nf665439,Cztyvv@Email.Com,2026-04-01,2026-04-02,Sp,39,Loja,Boleto
P1389,Camiseta Feminina,290.86,168.86,122.0,Nf590486,Adrwfh@Email.Com,2025-01-23,2025-01-24,Ce,P,Loja,Pix
P1390,Tênis Masculino,93.18,69.02,24.16,Nf807930,Ixevhi@Email.Com,2025-04-08,2025-04-11,Pb,G,Online,Dinheiro
P1391,Calça Masculina,445.52,291.83,153.69,Nf532888,Waswlm@Email.Com,2025-11-29,2025-11-30,Ba,36,Loja,Pix
P1392,Calça Feminina,297.47,157.2,140.27,Nf225677,Rmdiox@Email.Com,2025-12-24,2025-12-28,Ce,41,Loja,Dinheiro
P1393,Calça Masculina,156.32,111.17,45.15,Nf991566,Bimjyu@Email.Com,2026-02-25,2026-02-26,Pb,P,Online,Dinheiro
P1394,Tênis Masculino,338.4,177.45,160.95,Nf470789,Ptmnts@Email.Com,2025-05-21,2025-05-23,Sp,42,Online,Cartão
P1395,Calça Feminina,501.24,259.88,241.36,Nf676421,Ipuuef@Email.Com,2026-01-01,2026-01-01,Ba,41,Online,Boleto
P1396,Calça Masculina,177.58,91.31,86.27,Nf878567,Wtbuev@Email.Com,2025-11-01,2025-11-04,Ce,P,Loja,Pix
P1397,Tênis Feminino,394.16,244.06,150.1,Nf456259,Tcyzgl@Email.Com,2026-01-11,2026-01-15,Pr,G,Loja,Pix
P1398,Calça Feminina,101.61,82.69,18.92,Nf860413,Eovidt@Email.Com,2026-03-21,2026-03-26,Ce,P,Online,Cartão
P1399,Tênis Masculino,504.68,281.11,223.57,Nf670718,Upgczr@Email.Com,2025-09-17,2025-09-19,Pb,38,Online,Boleto
P1400,Tênis Feminino,363.1,188.4,174.7,Nf697515,Vnnpak@Email.Com,2025-12-20,2025-12-22,Pb,42,Loja,Cartão
P1401,Tênis Masculino,485.66,259.46,226.2,Nf250821,Ysmbwe@Email.Com,2025-12-31,2026-01-03,Pr,39,Online,Pix
P1402,Calça Feminina,237.85,119.93,117.92,Nf114875,Zakypp@Email.Com,2025-01-08,2025-01-08,Pe,M,Online,Pix
P1403,Camiseta Feminina,332.38,221.74,110.64,Nf349070,Ydpdar@Email.Com,2025-04-20,2025-04-22,Sp,M,Online,Pix
P1404,Tênis Masculino,431.36,228.86,202.5,Nf241696,Zsxbrn@Email.Com,2025-09-03,2025-09-03,Ba,G,Loja,Pix
P1405,Camiseta Masculina,236.75,176.52,60.23,Nf325078,Xlvkwm@Email.Com,2025-12-17,2025-12-20,Pe,40,Loja,Pix
P1406,Camiseta Masculina,438.91,252.7,186.21,Nf552010,Tkqcif@Email.Com,2026-01-08,2026-01-12,Pe,42,Loja,Dinheiro
P1407,Camiseta Masculina,231.65,153.02,78.63,Nf766109,Qvvlkv@Email.Com,2026-01-09,2026-01-13,Ba,38,Loja,Cartão
P1408,Camiseta Feminina,341.73,218.78,122.95,Nf746966,Fntwaf@Email.Com,2025-08-07,2025-08-10,Sp,38,Online,Dinheiro
P1409,Camiseta Feminina,401.7,230.34,171.36,Nf762851,Wmarkn@Email.Com,2025-01-09,2025-01-13,Pb,M,Online,Cartão
P1410,Calça Masculina,361.78,201.5,160.28,Nf562925,Ubmrop@Email.Com,2026-02-26,2026-03-01,Rj,42,Loja,Boleto
P1411,Camiseta Masculina,208.23,157.14,51.09,Nf620574,Mwkzte@Email.Com,2025-05-20,2025-05-23,Ce,M,Online,Boleto
P1412,Tênis Masculino,293.73,213.25,80.48,Nf834437,Vrvapd@Email.Com,2025-05-30,2025-05-31,Rs,M,Online,Cartão
P1413,Calça Feminina,345.05,285.17,59.88,Nf519340,Cpumxj@Email.Com,2026-04-02,2026-04-03,Pr,M,Online,Cartão
P1414,Tênis Masculino,296.75,170.48,126.27,Nf188970,Kzkani@Email.Com,2026-03-18,2026-03-21,Sp,41,Loja,Dinheiro
P1415,Tênis Masculino,165.9,103.3,62.6,Nf209413,Pjywbm@Email.Com,2025-10-15,2025-10-16,Sc,M,Loja,Boleto
P1416,Tênis Feminino,426.43,288.23,138.2,Nf228894,Oelnjn@Email.Com,2025-08-05,2025-08-10,Pe,36,Loja,Boleto
P1417,Calça Masculina,386.6,201.8,184.8,Nf703054,Uwmgnj@Email.Com,2025-11-05,2025-11-05,Ce,G,Loja,Cartão
P1418,Camiseta Feminina,247.61,165.17,82.44,Nf527155,Mnvdth@Email.Com,2025-11-11,2025-11-13,Ce,G,Loja,Cartão
P1419,Camiseta Masculina,239.58,128.33,111.25,Nf957085,Uvzydn@Email.Com,2025-03-09,2025-03-12,Mg,40,Online,Cartão
P1420,Calça Feminina,119.46,78.39,41.07,Nf503630,Ctgrkq@Email.Com,2025-11-22,2025-11-23,Ba,36,Online,Pix
P1421,Tênis Masculino,434.76,295.87,138.89,Nf765624,Lvvhbv@Email.Com,2025-07-05,2025-07-06,Pr,M,Loja,Boleto
P1422,Tênis Masculino,494.37,259.41,234.96,Nf288949,Mpkxic@Email.Com,2026-04-27,2026-05-01,Ce,G,Online,Cartão
P1423,Calça Masculina,433.33,264.48,168.85,Nf445040,Sbmtal@Email.Com,2025-06-07,2025-06-12,Sp,M,Loja,Pix
P1424,Tênis Masculino,201.73,124.27,77.46,Nf970799,Jdnpeo@Email.Com,2025-03-15,2025-03-16,Rj,41,Loja,Dinheiro
P1425,Tênis Feminino,435.18,235.08,200.1,Nf767161,Dwvkra@Email.Com,2025-12-15,2025-12-17,Pe,G,Online,Dinheiro
P1426,Calça Feminina,316.08,241.34,74.74,Nf336408,Enzfvl@Email.Com,2025-02-07,2025-02-08,Mg,41,Loja,Cartão
P1427,Tênis Feminino,234.14,135.75,98.39,Nf990239,Sqiqxq@Email.Com,2025-01-20,2025-01-20,Rs,38,Online,Cartão
P1428,Camiseta Masculina,359.51,281.7,77.81,Nf539900,Gqenia@Email.Com,2025-01-17,2025-01-19,Rs,38,Loja,Cartão
P1429,Calça Masculina,113.27,57.77,55.5,Nf935163,Vetsgt@Email.Com,2025-12-09,2025-12-09,Rj,M,Online,Pix
P1430,Camiseta Masculina,150.38,110.48,39.9,Nf131694,Fcmfnt@Email.Com,2025-05-15,2025-05-15,Ce,G,Online,Pix
P1431,Calça Masculina,283.87,201.61,82.26,Nf344596,Kpqeqn@Email.Com,2025-11-24,2025-11-29,Ce,39,Online,Pix
P1432,Camiseta Masculina,379.24,202.45,176.79,Nf723491,Iiogwn@Email.Com,2025-10-05,2025-10-10,Sp,M,Online,Boleto
P1433,Camiseta Masculina,283.75,218.87,64.88,Nf633506,Izaxfp@Email.Com,2025-05-19,2025-05-19,Pe,39,Online,Cartão
P1434,Camiseta Feminina,158.77,113.26,45.51,Nf220644,Aorajh@Email.Com,2025-10-11,2025-10-13,Pe,M,Online,Pix
P1435,Tênis Masculino,315.17,228.57,86.6,Nf247320,Tkyszj@Email.Com,2026-02-24,2026-02-24,Pr,39,Loja,Pix
P1436,Calça Masculina,89.1,67.37,21.73,Nf841245,Ifxzce@Email.Com,2025-11-10,2025-11-13,Mg,40,Online,Dinheiro
P1437,Tênis Feminino,93.95,54.58,39.37,Nf857904,Qhjrxd@Email.Com,2025-08-12,2025-08-17,Rj,40,Online,Dinheiro
P1438,Calça Masculina,416.95,222.41,194.54,Nf801917,Lbnlhp@Email.Com,2025-03-04,2025-03-05,Pb,P,Online,Boleto
P1439,Calça Masculina,280.55,175.39,105.16,Nf226856,Bbnrzi@Email.Com,2025-12-22,2025-12-24,Rj,41,Online,Cartão
P1440,Calça Masculina,183.67,96.78,86.89,Nf372584,Bnfhef@Email.Com,2025-09-08,2025-09-10,Sp,39,Loja,Boleto
P1441,Calça Feminina,207.64,151.38,56.26,Nf949090,Ywszxi@Email.Com,2026-01-24,2026-01-25,Mg,40,Online,Dinheiro
P1442,Calça Masculina,105.36,56.42,48.94,Nf172763,Buzmyk@Email.Com,2026-01-11,2026-01-13,Rj,42,Online,Cartão
P1443,Camiseta Masculina,79.74,59.55,20.19,Nf150412,Ruqlym@Email.Com,2025-11-27,2025-11-30,Pb,40,Loja,Pix
P1444,Tênis Masculino,198.65,146.78,51.87,Nf777325,Ilqyxg@Email.Com,2025-01-19,2025-01-24,Mg,42,Loja,Cartão
P1445,Calça Feminina,548.69,291.48,257.21,Nf140795,Gnobgo@Email.Com,2025-01-04,2025-01-09,Pr,41,Online,Pix
P1446,Tênis Masculino,397.38,210.62,186.76,Nf511462,Gkmywu@Email.Com,2025-10-11,2025-10-16,Pb,G,Online,Cartão
P1447,Camiseta Masculina,160.85,81.32,79.53,Nf927256,Ivjnyu@Email.Com,2025-01-22,2025-01-23,Pr,G,Online,Dinheiro
P1448,Camiseta Masculina,167.03,87.77,79.26,Nf328708,Jymyts@Email.Com,2025-05-20,2025-05-22,Pe,41,Loja,Boleto
P1449,Calça Masculina,425.62,212.92,212.7,Nf865666,Karctu@Email.Com,2025-11-01,2025-11-04,Pe,40,Loja,Cartão
P1450,Calça Feminina,432.52,236.68,195.84,Nf340045,Hblcoi@Email.Com,2025-09-15,2025-09-17,Ba,41,Loja,Cartão
P1451,Calça Masculina,316.86,219.76,97.1,Nf934874,Bbtgya@Email.Com,2025-12-21,2025-12-22,Pr,38,Loja,Cartão
P1452,Tênis Feminino,455.97,286.81,169.16,Nf344871,Mtcpsy@Email.Com,2026-01-31,2026-02-01,Rs,40,Online,Dinheiro
P1453,Calça Masculina,441.2,237.57,203.63,Nf952658,Shathk@Email.Com,2025-04-20,2025-04-24,Sc,M,Online,Cartão
P1454,Calça Feminina,93.29,60.52,32.77,Nf737454,Rnetmd@Email.Com,2025-05-06,2025-05-11,Rs,38,Online,Pix
P1455,Calça Feminina,99.53,82.57,16.96,Nf723599,Dkcfen@Email.Com,2026-04-26,2026-04-30,Mg,41,Online,Boleto
P1456,Calça Feminina,451.44,264.63,186.81,Nf788123,Jcdydk@Email.Com,2025-08-22,2025-08-27,Pb,G,Loja,Cartão
P1457,Calça Masculina,329.86,252.31,77.55,Nf539955,Grvcse@Email.Com,2025-09-15,2025-09-18,Mg,38,Loja,Cartão
P1458,Calça Masculina,195.45,161.42,34.03,Nf582819,Oitjza@Email.Com,2025-11-26,2025-11-27,Pe,36,Loja,Boleto
P1459,Calça Feminina,239.6,161.19,78.41,Nf480577,Jmkmvf@Email.Com,2025-07-01,2025-07-05,Ce,P,Loja,Pix
P1460,Calça Masculina,133.39,74.95,58.44,Nf163482,Psdnip@Email.Com,2025-05-02,2025-05-03,Sp,P,Online,Dinheiro
P1461,Tênis Feminino,417.98,259.56,158.42,Nf161059,Tbmhrd@Email.Com,2026-04-24,2026-04-28,Ba,39,Online,Pix
P1462,Calça Masculina,510.07,290.14,219.93,Nf220803,Glcapb@Email.Com,2026-03-10,2026-03-11,Pb,M,Loja,Pix
P1463,Camiseta Masculina,226.72,153.73,72.99,Nf987596,Yrpunr@Email.Com,2026-03-22,2026-03-24,Sc,P,Online,Boleto
P1464,Tênis Feminino,491.35,291.48,199.87,Nf614051,Arehai@Email.Com,2026-02-17,2026-02-21,Pe,41,Loja,Pix
P1465,Camiseta Feminina,188.9,118.59,70.31,Nf886186,Gtjnyk@Email.Com,2026-04-05,2026-04-07,Pe,42,Loja,Pix
P1466,Camiseta Feminina,80.41,54.97,25.44,Nf569045,Vveuqm@Email.Com,2025-06-27,2025-06-29,Pb,G,Online,Boleto
P1467,Calça Feminina,247.61,137.79,109.82,Nf469774,Suuwxj@Email.Com,2025-06-04,2025-06-04,Rj,42,Online,Cartão
P1468,Camiseta Masculina,504.73,271.85,232.88,Nf385731,Pjdqui@Email.Com,2025-12-11,2025-12-12,Rs,G,Online,Cartão
P1469,Tênis Feminino,345.06,273.36,71.7,Nf270945,Zhvlfj@Email.Com,2025-03-04,2025-03-06,Mg,P,Loja,Boleto
P1470,Calça Masculina,147.47,118.87,28.6,Nf176857,Cdsxgv@Email.Com,2026-02-10,2026-02-13,Rj,M,Online,Pix
P1471,Tênis Feminino,489.16,257.11,232.05,Nf766112,Aspnen@Email.Com,2026-01-10,2026-01-14,Rs,P,Loja,Pix
P1472,Calça Masculina,90.37,53.0,37.37,Nf767695,Sbxmxd@Email.Com,2026-02-27,2026-02-27,Sc,40,Loja,Pix
P1473,Tênis Masculino,420.14,238.0,182.14,Nf441377,Kbsvhg@Email.Com,2025-09-13,2025-09-14,Ce,G,Online,Boleto
P1474,Calça Feminina,119.35,88.87,30.48,Nf766784,Ldkgaf@Email.Com,2026-03-18,2026-03-23,Pe,G,Loja,Dinheiro
P1475,Camiseta Feminina,385.95,260.19,125.76,Nf228631,Xedzde@Email.Com,2025-05-30,2025-06-01,Pb,42,Loja,Cartão
P1476,Tênis Feminino,316.72,159.99,156.73,Nf205715,Yizbaf@Email.Com,2025-09-26,2025-10-01,Mg,37,Online,Boleto
P1477,Tênis Masculino,151.91,88.85,63.06,Nf966023,Zbuwgq@Email.Com,2025-03-03,2025-03-05,Sc,42,Loja,Boleto
P1478,Calça Masculina,306.58,211.0,95.58,Nf961674,Dwdmpo@Email.Com,2025-01-21,2025-01-26,Pb,G,Loja,Dinheiro
P1479,Tênis Masculino,157.65,117.61,40.04,Nf756752,Rpkmih@Email.Com,2025-09-25,2025-09-30,Pb,36,Online,Dinheiro
P1480,Tênis Feminino,570.22,299.59,270.63,Nf321720,Aasjow@Email.Com,2025-10-26,2025-10-30,Pr,M,Loja,Pix
P1481,Calça Masculina,394.15,214.86,179.29,Nf251124,Jeawbk@Email.Com,2026-03-25,2026-03-27,Sp,G,Loja,Pix
P1482,Tênis Feminino,553.27,282.46,270.81,Nf812056,Ndaogt@Email.Com,2026-04-01,2026-04-05,Ce,P,Online,Cartão
P1483,Tênis Masculino,314.12,212.05,102.07,Nf434693,Ezdtrh@Email.Com,2025-05-04,2025-05-07,Pe,40,Loja,Pix
P1484,Calça Feminina,385.03,241.87,143.16,Nf155703,Gsilir@Email.Com,2025-11-28,2025-11-30,Pb,40,Online,Pix
P1485,Calça Feminina,504.47,268.84,235.63,Nf138480,Ocosff@Email.Com,2025-06-22,2025-06-25,Ba,41,Online,Cartão
P1486,Camiseta Feminina,102.71,53.92,48.79,Nf616906,Vjsbwy@Email.Com,2025-07-14,2025-07-18,Ba,39,Online,Pix
P1487,Camiseta Feminina,100.77,75.24,25.53,Nf609687,Apghvb@Email.Com,2025-12-17,2025-12-19,Sc,36,Loja,Cartão
P1488,Tênis Feminino,338.15,237.41,100.74,Nf939660,Tyyjoa@Email.Com,2026-01-13,2026-01-17,Ce,M,Online,Pix
P1489,Camiseta Masculina,343.4,232.33,111.07,Nf749994,Wwchfv@Email.Com,2025-06-10,2025-06-11,Ce,36,Loja,Dinheiro
P1490,Camiseta Masculina,195.41,122.58,72.83,Nf923565,Gaqioh@Email.Com,2026-01-25,2026-01-27,Sp,40,Online,Dinheiro
P1491,Calça Masculina,169.54,103.06,66.48,Nf768832,Ymqjup@Email.Com,2025-01-14,2025-01-15,Mg,G,Online,Boleto
P1492,Tênis Masculino,253.53,180.22,73.31,Nf448958,Fvxblg@Email.Com,2026-04-25,2026-04-29,Ce,G,Loja,Pix
P1493,Camiseta Feminina,470.36,252.61,217.75,Nf702785,Ahcrnh@Email.Com,2026-03-11,2026-03-16,Rs,G,Online,Pix
P1494,Tênis Feminino,296.77,167.23,129.54,Nf807287,Ojbymm@Email.Com,2025-07-11,2025-07-14,Sp,M,Online,Dinheiro
P1495,Camiseta Masculina,434.31,241.96,192.35,Nf343305,Ibrdny@Email.Com,2026-01-02,2026-01-07,Ce,42,Online,Boleto
P1496,Calça Feminina,121.42,62.88,58.54,Nf679290,Zksefx@Email.Com,2025-09-17,2025-09-17,Ba,42,Online,Dinheiro
P1497,Tênis Feminino,227.6,170.19,57.41,Nf388475,Pncpli@Email.Com,2025-06-25,2025-06-27,Rj,G,Online,Cartão
P1498,Tênis Feminino,406.76,236.34,170.42,Nf725768,Lamgrx@Email.Com,2025-10-15,2025-10-16,Sc,39,Loja,Dinheiro
P1499,Tênis Feminino,237.29,157.87,79.42,Nf603223,Zikhkq@Email.Com,2025-11-23,2025-11-28,Rj,42,Online,Pix
P1500,Camiseta Feminina,306.4,190.76,115.64,Nf240123,Szhnsa@Email.Com,2025-12-20,2025-12-20,Ce,38,Online,Boleto
P1501,Calça Masculina,83.88,66.3,17.58,Nf823222,Wzenjs@Email.Com,2025-03-06,2025-03-08,Ba,P,Online,Boleto
P1502,Camiseta Masculina,69.05,50.26,18.79,Nf540211,Rowrva@Email.Com,2025-03-21,2025-03-22,Pr,M,Online,Cartão
P1503,Calça Feminina,271.57,174.9,96.67,Nf569391,Pgaldv@Email.Com,2025-11-24,2025-11-24,Ba,41,Loja,Cartão
P1504,Camiseta Masculina,110.1,66.13,43.97,Nf348623,Jfwbfo@Email.Com,2025-08-28,2025-08-29,Ce,38,Loja,Pix
P1505,Calça Masculina,176.09,94.03,82.06,Nf879672,Ifbrgf@Email.Com,2025-11-06,2025-11-11,Rj,41,Loja,Dinheiro
P1506,Tênis Feminino,381.89,205.46,176.43,Nf298541,Csixlf@Email.Com,2025-01-11,2025-01-11,Pb,M,Online,Cartão
P1507,Tênis Masculino,471.2,245.89,225.31,Nf465351,Chiwlf@Email.Com,2025-12-17,2025-12-19,Sc,39,Loja,Cartão
P1508,Calça Masculina,310.83,199.53,111.3,Nf839662,Ttzfmn@Email.Com,2025-09-16,2025-09-17,Pe,M,Online,Pix
P1509,Tênis Feminino,251.49,190.99,60.5,Nf298551,Hmwyrl@Email.Com,2025-06-15,2025-06-15,Sp,38,Online,Pix
P1510,Tênis Masculino,115.66,80.95,34.71,Nf132170,Igdaxn@Email.Com,2026-01-16,2026-01-19,Pe,G,Online,Cartão
P1511,Camiseta Feminina,226.29,116.82,109.47,Nf751967,Ncpjqd@Email.Com,2026-01-10,2026-01-11,Ce,G,Online,Pix
P1512,Calça Masculina,297.33,170.54,126.79,Nf604687,Awtqjv@Email.Com,2025-01-25,2025-01-29,Rj,41,Loja,Cartão
P1513,Camiseta Feminina,235.45,128.7,106.75,Nf541574,Wbyxca@Email.Com,2026-03-16,2026-03-21,Pr,36,Loja,Boleto
P1514,Tênis Masculino,330.87,260.21,70.66,Nf325685,Svwpqe@Email.Com,2026-04-23,2026-04-24,Rj,36,Loja,Pix
P1515,Tênis Masculino,197.23,153.49,43.74,Nf630403,Afaful@Email.Com,2025-04-16,2025-04-19,Mg,P,Loja,Pix
P1516,Calça Masculina,180.99,141.71,39.28,Nf336095,Tvobti@Email.Com,2025-12-30,2026-01-02,Sc,39,Loja,Boleto
P1517,Camiseta Feminina,349.6,218.46,131.14,Nf426284,Ircxkq@Email.Com,2025-05-31,2025-06-04,Sp,P,Loja,Pix
P1518,Calça Masculina,251.33,139.43,111.9,Nf302597,Bproko@Email.Com,2025-04-12,2025-04-15,Sp,39,Online,Pix
P1519,Camiseta Feminina,463.43,292.58,170.85,Nf877672,Qbdost@Email.Com,2025-02-05,2025-02-10,Pb,37,Loja,Dinheiro
P1520,Tênis Masculino,183.71,120.82,62.89,Nf414777,Ohfhux@Email.Com,2025-02-28,2025-02-28,Rj,G,Online,Pix
P1521,Tênis Feminino,303.2,154.01,149.19,Nf158481,Znvlmm@Email.Com,2025-03-10,2025-03-13,Rs,G,Online,Boleto
P1522,Calça Feminina,158.79,103.57,55.22,Nf279778,Bhuype@Email.Com,2025-05-21,2025-05-25,Pe,42,Online,Dinheiro
P1523,Calça Feminina,331.07,275.47,55.6,Nf437051,Kopufe@Email.Com,2026-04-13,2026-04-16,Pr,41,Loja,Boleto
P1524,Camiseta Feminina,319.78,209.59,110.19,Nf757540,Dzjjlc@Email.Com,2026-04-26,2026-05-01,Sp,P,Loja,Cartão
P1525,Camiseta Masculina,139.2,80.52,58.68,Nf721435,Sdurzg@Email.Com,2026-04-03,2026-04-06,Rs,G,Online,Dinheiro
P1526,Tênis Masculino,181.41,132.94,48.47,Nf207018,Ggexcp@Email.Com,2026-03-31,2026-04-05,Sp,42,Online,Cartão
P1527,Calça Masculina,360.3,253.59,106.71,Nf657009,Bpijlv@Email.Com,2025-11-18,2025-11-18,Rs,40,Loja,Pix
P1528,Calça Masculina,125.43,73.27,52.16,Nf517419,Onptkn@Email.Com,2026-03-20,2026-03-23,Mg,38,Loja,Pix
P1529,Calça Feminina,84.7,56.05,28.65,Nf290037,Tvliib@Email.Com,2025-01-28,2025-02-02,Pr,42,Loja,Pix
P1530,Tênis Masculino,512.23,276.5,235.73,Nf347001,Jdtjle@Email.Com,2025-12-14,2025-12-16,Rs,P,Loja,Pix
P1531,Calça Feminina,169.74,94.69,75.05,Nf465437,Qfixus@Email.Com,2025-03-20,2025-03-23,Mg,P,Online,Boleto
P1532,Calça Feminina,249.35,134.96,114.39,Nf177980,Azyzlo@Email.Com,2025-09-28,2025-10-03,Mg,36,Loja,Pix
P1533,Camiseta Feminina,309.01,172.99,136.02,Nf467623,Zvybpy@Email.Com,2026-04-06,2026-04-09,Pe,G,Online,Cartão
P1534,Calça Masculina,127.97,103.93,24.04,Nf118448,Rdqlst@Email.Com,2025-12-16,2025-12-21,Pe,39,Loja,Dinheiro
P1535,Tênis Masculino,210.67,131.12,79.55,Nf363260,Vzxgzj@Email.Com,2025-12-19,2025-12-21,Sc,G,Online,Dinheiro
P1536,Calça Feminina,143.68,88.12,55.56,Nf179882,Cpwycy@Email.Com,2025-06-07,2025-06-08,Pr,M,Online,Boleto
P1537,Calça Feminina,211.48,136.98,74.5,Nf524842,Efqkis@Email.Com,2025-03-30,2025-04-04,Ba,40,Loja,Cartão
P1538,Calça Masculina,148.22,81.69,66.53,Nf244679,Zywgzb@Email.Com,2026-03-10,2026-03-14,Mg,40,Loja,Pix
P1539,Tênis Masculino,269.97,155.87,114.1,Nf683757,Tbjvbk@Email.Com,2026-04-01,2026-04-02,Sc,P,Online,Boleto
P1540,Tênis Feminino,283.96,168.24,115.72,Nf521228,Voncyt@Email.Com,2025-02-19,2025-02-22,Ba,G,Loja,Boleto
P1541,Camiseta Masculina,213.62,177.24,36.38,Nf543074,Imjqzc@Email.Com,2026-01-19,2026-01-20,Rj,42,Loja,Boleto
P1542,Tênis Feminino,154.87,106.81,48.06,Nf696354,Tmjqes@Email.Com,2025-09-24,2025-09-29,Mg,39,Loja,Boleto
P1543,Tênis Masculino,430.89,278.02,152.87,Nf325118,Nzvknw@Email.Com,2025-02-19,2025-02-23,Sc,39,Loja,Dinheiro
P1544,Camiseta Masculina,457.59,237.09,220.5,Nf917420,Rgqlpf@Email.Com,2025-05-31,2025-06-04,Rs,M,Loja,Cartão
P1545,Camiseta Masculina,128.42,73.42,55.0,Nf907645,Szphgf@Email.Com,2025-07-13,2025-07-13,Pe,41,Online,Cartão
P1546,Tênis Feminino,361.23,236.95,124.28,Nf820958,Olunfj@Email.Com,2025-04-01,2025-04-03,Sp,41,Online,Pix
P1547,Tênis Feminino,150.14,114.74,35.4,Nf731142,Vinecf@Email.Com,2025-09-18,2025-09-20,Rj,39,Online,Cartão
P1548,Calça Masculina,162.65,113.14,49.51,Nf948658,Eaoxjs@Email.Com,2025-09-25,2025-09-29,Pe,G,Online,Pix
P1549,Camiseta Feminina,514.71,279.18,235.53,Nf811833,Bilwmw@Email.Com,2025-10-11,2025-10-13,Sp,36,Online,Dinheiro
P1550,Calça Feminina,141.67,71.34,70.33,Nf119883,Khxvmv@Email.Com,2025-07-31,2025-07-31,Rs,37,Loja,Dinheiro
P1551,Calça Masculina,339.95,280.44,59.51,Nf427436,Rynadx@Email.Com,2025-03-22,2025-03-23,Mg,37,Loja,Cartão
P1552,Camiseta Feminina,77.45,55.32,22.13,Nf252007,Mdxfre@Email.Com,2026-01-21,2026-01-25,Rj,41,Online,Cartão
P1553,Tênis Masculino,208.06,143.32,64.74,Nf422311,Uddmzx@Email.Com,2025-10-04,2025-10-05,Ce,39,Online,Dinheiro
P1554,Camiseta Feminina,377.51,228.63,148.88,Nf405742,Oacnec@Email.Com,2025-09-02,2025-09-04,Rj,39,Online,Pix
P1555,Camiseta Masculina,124.52,65.07,59.45,Nf942218,Pcnhsg@Email.Com,2025-09-29,2025-10-04,Sc,36,Online,Dinheiro
P1556,Camiseta Masculina,382.66,234.48,148.18,Nf360530,Bkjscq@Email.Com,2025-07-12,2025-07-17,Sp,42,Loja,Pix
P1557,Calça Masculina,351.28,204.89,146.39,Nf474155,Lixpnf@Email.Com,2026-03-07,2026-03-11,Mg,40,Online,Boleto
P1558,Calça Masculina,231.94,165.09,66.85,Nf148129,Tatzfa@Email.Com,2025-04-25,2025-04-26,Rj,42,Loja,Dinheiro
P1559,Camiseta Masculina,274.65,137.39,137.26,Nf451180,Vcsepw@Email.Com,2025-08-05,2025-08-07,Ce,39,Online,Pix
P1560,Calça Masculina,469.59,279.23,190.36,Nf963741,Axtgxl@Email.Com,2025-08-10,2025-08-11,Pb,G,Online,Boleto
P1561,Camiseta Masculina,94.93,61.96,32.97,Nf773270,Lzwfsw@Email.Com,2025-02-04,2025-02-09,Mg,39,Loja,Cartão
P1562,Tênis Feminino,183.79,139.1,44.69,Nf670789,Djjheb@Email.Com,2025-09-15,2025-09-18,Pb,40,Loja,Pix
P1563,Calça Feminina,129.66,107.32,22.34,Nf142186,Dxnxbi@Email.Com,2025-12-30,2025-12-30,Rj,G,Online,Pix
P1564,Calça Masculina,206.16,131.99,74.17,Nf667247,Cofacv@Email.Com,2025-12-02,2025-12-02,Mg,36,Loja,Boleto
P1565,Tênis Feminino,451.72,244.52,207.2,Nf833603,Cuinlu@Email.Com,2025-03-18,2025-03-20,Sp,G,Online,Cartão
P1566,Camiseta Masculina,278.18,159.93,118.25,Nf798902,Rxitdk@Email.Com,2025-11-09,2025-11-13,Sp,G,Loja,Boleto
P1567,Camiseta Feminina,166.64,122.47,44.17,Nf508234,Yuuasi@Email.Com,2025-03-07,2025-03-08,Rs,41,Online,Dinheiro
P1568,Calça Feminina,180.78,97.69,83.09,Nf556336,Yypgwt@Email.Com,2025-06-21,2025-06-22,Mg,G,Loja,Boleto
P1569,Calça Masculina,92.21,66.22,25.99,Nf325983,Bnpdfs@Email.Com,2026-03-31,2026-03-31,Rj,37,Loja,Cartão
P1570,Tênis Feminino,485.27,294.12,191.15,Nf241361,Wvijuw@Email.Com,2025-10-01,2025-10-02,Pb,40,Loja,Cartão
P1571,Tênis Feminino,551.78,292.66,259.12,Nf823696,Yyzhtf@Email.Com,2026-04-16,2026-04-16,Sp,36,Loja,Pix
P1572,Camiseta Masculina,416.76,259.41,157.35,Nf315706,Lffbkt@Email.Com,2026-03-04,2026-03-09,Ce,40,Loja,Dinheiro
P1573,Calça Masculina,417.88,277.09,140.79,Nf172071,Knopjr@Email.Com,2025-04-30,2025-05-04,Sc,P,Loja,Boleto
P1574,Calça Feminina,316.1,219.53,96.57,Nf640125,Ibjhlf@Email.Com,2025-08-06,2025-08-10,Pr,42,Loja,Pix
P1575,Tênis Feminino,96.1,50.68,45.42,Nf840552,Kwrcfk@Email.Com,2025-09-01,2025-09-05,Rs,36,Online,Boleto
P1576,Tênis Feminino,340.4,198.96,141.44,Nf122293,Wawvyp@Email.Com,2025-11-18,2025-11-23,Sc,37,Loja,Pix
P1577,Camiseta Feminina,333.39,221.76,111.63,Nf116933,Lmznbp@Email.Com,2025-05-17,2025-05-19,Sp,39,Loja,Dinheiro
P1578,Calça Masculina,491.67,255.85,235.82,Nf721330,Unqgcv@Email.Com,2025-04-09,2025-04-10,Mg,39,Loja,Pix
P1579,Tênis Feminino,368.73,273.92,94.81,Nf696716,Zrpach@Email.Com,2025-01-04,2025-01-07,Pr,39,Loja,Boleto
P1580,Calça Feminina,371.36,205.81,165.55,Nf230626,Bzgmyt@Email.Com,2025-02-01,2025-02-06,Rs,39,Online,Dinheiro
P1581,Calça Masculina,180.93,147.05,33.88,Nf791538,Wrykju@Email.Com,2025-09-28,2025-10-02,Rj,M,Online,Dinheiro
P1582,Tênis Masculino,297.25,156.91,140.34,Nf319737,Oydevh@Email.Com,2026-01-20,2026-01-22,Ba,G,Loja,Pix
P1583,Tênis Feminino,332.29,169.43,162.86,Nf909253,Ghmqbq@Email.Com,2025-08-12,2025-08-16,Sp,36,Loja,Dinheiro
P1584,Calça Masculina,548.34,297.1,251.24,Nf209191,Nxpule@Email.Com,2025-12-15,2025-12-15,Rj,39,Online,Cartão
P1585,Camiseta Feminina,411.4,257.55,153.85,Nf228422,Zfzzze@Email.Com,2025-11-03,2025-11-06,Mg,39,Online,Pix
P1586,Calça Feminina,117.7,87.62,30.08,Nf430887,Ejeihi@Email.Com,2026-03-19,2026-03-19,Pb,36,Loja,Dinheiro
P1587,Tênis Feminino,152.4,99.61,52.79,Nf861039,Wwhepa@Email.Com,2026-01-11,2026-01-15,Ce,G,Online,Pix
P1588,Camiseta Feminina,487.27,256.38,230.89,Nf331260,Wanplo@Email.Com,2025-01-03,2025-01-05,Ba,38,Online,Cartão
P1589,Camiseta Masculina,159.48,108.88,50.6,Nf851325,Ldhpae@Email.Com,2025-09-17,2025-09-18,Rj,39,Online,Boleto
P1590,Tênis Masculino,293.31,172.3,121.01,Nf550942,Yfenvu@Email.Com,2026-03-26,2026-03-30,Sp,41,Loja,Pix
P1591,Tênis Feminino,214.84,168.48,46.36,Nf733067,Gtvuie@Email.Com,2025-01-27,2025-01-27,Mg,40,Online,Boleto
P1592,Camiseta Masculina,374.23,288.22,86.01,Nf703470,Bczpmv@Email.Com,2025-02-28,2025-03-02,Ba,M,Online,Pix
P1593,Tênis Masculino,111.77,71.99,39.78,Nf255721,Eovura@Email.Com,2026-01-04,2026-01-05,Ce,37,Online,Boleto
P1594,Calça Feminina,348.95,180.38,168.57,Nf771263,Vhdqsh@Email.Com,2026-03-11,2026-03-13,Rs,37,Online,Dinheiro
P1595,Camiseta Masculina,200.3,124.81,75.49,Nf822997,Cboomb@Email.Com,2025-06-26,2025-06-27,Pe,38,Online,Pix
P1596,Tênis Feminino,379.78,237.29,142.49,Nf766997,Cjijkq@Email.Com,2025-07-12,2025-07-17,Pb,40,Online,Dinheiro
P1597,Calça Masculina,395.64,262.24,133.4,Nf422705,Tgcoff@Email.Com,2025-07-17,2025-07-18,Mg,39,Online,Dinheiro
P1598,Calça Masculina,480.62,288.55,192.07,Nf875996,Ryqvaf@Email.Com,2025-10-24,2025-10-25,Rj,G,Loja,Pix
P1599,Camiseta Masculina,228.11,155.36,72.75,Nf746467,Zuicwv@Email.Com,2025-01-17,2025-01-18,Sc,36,Loja,Dinheiro
P1600,Tênis Masculino,223.39,115.41,107.98,Nf814936,Zlwtxh@Email.Com,2026-03-09,2026-03-14,Ba,42,Online,Dinheiro
P1601,Camiseta Masculina,103.32,80.85,22.47,Nf641852,Btyitv@Email.Com,2025-03-15,2025-03-18,Pb,G,Online,Pix
P1602,Tênis Feminino,98.68,68.81,29.87,Nf861224,Vcrbyv@Email.Com,2025-10-30,2025-10-31,Ce,P,Loja,Boleto
P1603,Calça Feminina,212.63,162.87,49.76,Nf317350,Klydsw@Email.Com,2026-02-13,2026-02-15,Sc,36,Loja,Pix
P1604,Calça Masculina,301.67,164.13,137.54,Nf127952,Ncabrx@Email.Com,2026-01-18,2026-01-23,Rj,41,Loja,Boleto
P1605,Tênis Masculino,158.82,122.28,36.54,Nf951177,Shmcjz@Email.Com,2025-01-27,2025-01-27,Sp,42,Loja,Dinheiro
P1606,Calça Masculina,259.64,200.21,59.43,Nf802767,Emnein@Email.Com,2025-01-05,2025-01-10,Pb,37,Online,Pix
P1607,Tênis Feminino,184.51,95.02,89.49,Nf339389,Uuxvne@Email.Com,2025-02-11,2025-02-11,Pr,P,Online,Pix
P1608,Camiseta Feminina,312.04,228.31,83.73,Nf739581,Fiktdq@Email.Com,2025-01-20,2025-01-24,Sc,39,Online,Boleto
P1609,Camiseta Masculina,293.43,176.55,116.88,Nf937560,Dwldgs@Email.Com,2025-05-11,2025-05-13,Rs,37,Loja,Dinheiro
P1610,Tênis Feminino,245.18,196.69,48.49,Nf679269,Twdofn@Email.Com,2025-06-01,2025-06-05,Pb,41,Loja,Boleto
P1611,Tênis Masculino,459.76,264.81,194.95,Nf217698,Jjfxfk@Email.Com,2026-01-31,2026-02-02,Rj,36,Online,Cartão
P1612,Tênis Feminino,372.08,274.64,97.44,Nf174311,Hwvsov@Email.Com,2025-07-24,2025-07-28,Sc,40,Loja,Dinheiro
P1613,Camiseta Feminina,364.29,233.36,130.93,Nf646885,Xqyeet@Email.Com,2025-07-01,2025-07-06,Pe,42,Loja,Boleto
P1614,Camiseta Feminina,477.28,253.19,224.09,Nf493321,Erfwab@Email.Com,2025-07-01,2025-07-02,Sc,40,Online,Cartão
P1615,Calça Feminina,266.44,151.2,115.24,Nf905174,Mqhfrv@Email.Com,2025-03-15,2025-03-15,Sc,39,Online,Boleto
P1616,Camiseta Feminina,171.61,102.04,69.57,Nf430251,Eluqdo@Email.Com,2025-10-24,2025-10-24,Pe,P,Loja,Dinheiro
P1617,Camiseta Masculina,191.48,97.11,94.37,Nf516480,Hfahni@Email.Com,2025-03-18,2025-03-19,Mg,42,Loja,Pix
P1618,Tênis Feminino,218.06,136.62,81.44,Nf872446,Kbytss@Email.Com,2025-03-14,2025-03-18,Rj,37,Loja,Pix
P1619,Camiseta Feminina,168.67,92.29,76.38,Nf200640,Yfgnbn@Email.Com,2026-03-01,2026-03-03,Ce,37,Online,Cartão
P1620,Camiseta Masculina,136.8,80.92,55.88,Nf149460,Uuezbx@Email.Com,2025-09-05,2025-09-09,Ba,40,Online,Cartão
P1621,Camiseta Feminina,234.81,195.21,39.6,Nf726737,Efefit@Email.Com,2025-01-08,2025-01-11,Pr,G,Online,Pix
P1622,Camiseta Feminina,101.33,61.09,40.24,Nf598095,Rpjllj@Email.Com,2026-02-06,2026-02-06,Mg,40,Online,Boleto
P1623,Camiseta Masculina,338.39,193.49,144.9,Nf866011,Fkrlje@Email.Com,2025-06-23,2025-06-25,Sp,38,Online,Pix
P1624,Tênis Masculino,440.69,284.75,155.94,Nf943922,Miybdw@Email.Com,2025-01-22,2025-01-22,Pe,39,Online,Pix
P1625,Calça Feminina,101.08,67.4,33.68,Nf948193,Upnzkm@Email.Com,2025-07-09,2025-07-10,Sp,37,Loja,Pix
P1626,Calça Masculina,346.55,234.91,111.64,Nf183359,Crezkh@Email.Com,2025-05-20,2025-05-20,Pr,36,Online,Boleto
P1627,Camiseta Masculina,333.73,202.5,131.23,Nf842535,Zelmir@Email.Com,2026-03-09,2026-03-11,Pb,40,Online,Cartão
P1628,Calça Masculina,450.72,272.35,178.37,Nf152787,Sfvtdh@Email.Com,2026-03-11,2026-03-16,Rs,39,Loja,Cartão
P1629,Camiseta Feminina,318.17,170.61,147.56,Nf741625,Rlieyo@Email.Com,2025-03-06,2025-03-11,Pe,42,Loja,Pix
P1630,Tênis Feminino,163.89,82.13,81.76,Nf602230,Slsbsd@Email.Com,2025-03-17,2025-03-17,Pe,37,Online,Cartão
P1631,Tênis Masculino,529.14,283.42,245.72,Nf149959,Qnulcf@Email.Com,2026-02-27,2026-03-03,Rs,41,Online,Cartão
P1632,Tênis Masculino,445.37,289.87,155.5,Nf572775,Cdumsr@Email.Com,2026-03-11,2026-03-15,Pe,G,Online,Pix
P1633,Tênis Feminino,388.81,257.0,131.81,Nf452398,Qxezvj@Email.Com,2025-01-15,2025-01-17,Rs,G,Online,Pix
P1634,Calça Masculina,466.54,267.19,199.35,Nf854509,Dpjlfs@Email.Com,2025-11-08,2025-11-13,Pb,36,Online,Boleto
P1635,Tênis Masculino,352.31,236.09,116.22,Nf500517,Xmtzsb@Email.Com,2025-12-10,2025-12-15,Pb,P,Loja,Boleto
P1636,Tênis Masculino,423.45,284.67,138.78,Nf317125,Grvuhp@Email.Com,2026-03-18,2026-03-20,Ce,37,Loja,Cartão
P1637,Calça Masculina,441.37,284.69,156.68,Nf386059,Qvtwru@Email.Com,2025-07-19,2025-07-24,Ba,41,Loja,Dinheiro
P1638,Tênis Feminino,117.49,65.55,51.94,Nf757343,Xfyfdq@Email.Com,2025-05-25,2025-05-28,Rs,42,Online,Cartão
P1639,Camiseta Feminina,310.69,217.75,92.94,Nf109147,Yyvxhi@Email.Com,2025-01-09,2025-01-10,Rs,40,Loja,Dinheiro
P1640,Calça Feminina,468.69,281.68,187.01,Nf321283,Ccsqqi@Email.Com,2025-12-17,2025-12-21,Sp,M,Online,Boleto
P1641,Calça Masculina,108.97,62.98,45.99,Nf485863,Jxnsxf@Email.Com,2025-12-13,2025-12-13,Mg,41,Loja,Boleto
P1642,Tênis Feminino,423.34,221.43,201.91,Nf507601,Vjdvpr@Email.Com,2025-06-04,2025-06-06,Rs,41,Online,Dinheiro
P1643,Camiseta Masculina,252.15,197.01,55.14,Nf360817,Jjqnev@Email.Com,2025-05-26,2025-05-26,Pb,37,Online,Boleto
P1644,Tênis Masculino,128.55,84.4,44.15,Nf704852,Nzbaga@Email.Com,2026-01-19,2026-01-20,Pb,P,Loja,Cartão
P1645,Camiseta Masculina,247.23,163.57,83.66,Nf317019,Rqbnmm@Email.Com,2026-01-05,2026-01-05,Mg,M,Online,Cartão
P1646,Tênis Feminino,369.5,214.27,155.23,Nf311042,Aromlh@Email.Com,2025-12-06,2025-12-10,Pr,39,Online,Boleto
P1647,Camiseta Feminina,499.6,291.46,208.14,Nf619200,Exotcq@Email.Com,2025-02-08,2025-02-12,Sc,36,Loja,Cartão
P1648,Tênis Feminino,548.67,294.59,254.08,Nf316349,Bavyir@Email.Com,2025-02-17,2025-02-21,Pe,36,Loja,Dinheiro
P1649,Tênis Feminino,347.58,191.43,156.15,Nf941525,Twmcjm@Email.Com,2025-02-02,2025-02-03,Rs,M,Loja,Pix
P1650,Camiseta Masculina,99.24,60.81,38.43,Nf353050,Yknkbk@Email.Com,2025-03-01,2025-03-02,Rj,M,Online,Dinheiro
P1651,Camiseta Feminina,489.8,248.19,241.61,Nf297922,Qpfsoj@Email.Com,2025-01-28,2025-01-31,Sc,38,Online,Dinheiro
P1652,Tênis Masculino,434.45,224.4,210.05,Nf403733,Tkmhjz@Email.Com,2025-01-15,2025-01-15,Pr,37,Loja,Boleto
P1653,Calça Feminina,365.53,244.8,120.73,Nf979478,Ioxlxm@Email.Com,2025-09-10,2025-09-11,Sc,36,Online,Cartão
P1654,Camiseta Masculina,114.05,86.7,27.35,Nf889902,Oloqqy@Email.Com,2025-12-16,2025-12-17,Rj,P,Online,Pix
P1655,Tênis Feminino,183.27,91.83,91.44,Nf161770,Rosoxi@Email.Com,2025-01-27,2025-01-31,Ce,G,Online,Dinheiro
P1656,Tênis Feminino,380.65,231.81,148.84,Nf595411,Qhlyqf@Email.Com,2025-08-20,2025-08-20,Mg,G,Loja,Cartão
P1657,Tênis Feminino,205.35,163.16,42.19,Nf578248,Csaotk@Email.Com,2025-01-17,2025-01-21,Sp,37,Online,Boleto
P1658,Tênis Masculino,340.37,196.27,144.1,Nf280438,Anwngv@Email.Com,2025-10-01,2025-10-05,Pe,36,Online,Boleto
P1659,Calça Masculina,287.97,186.63,101.34,Nf227731,Wrlwpj@Email.Com,2025-01-29,2025-02-01,Sp,M,Online,Dinheiro
P1660,Tênis Feminino,331.46,214.99,116.47,Nf833766,Jtvyxm@Email.Com,2025-06-16,2025-06-17,Sc,40,Loja,Dinheiro
P1661,Calça Masculina,396.21,299.61,96.6,Nf857300,Qacpvf@Email.Com,2025-05-19,2025-05-20,Ba,G,Online,Boleto
P1662,Camiseta Feminina,84.87,55.57,29.3,Nf272376,Rfcutw@Email.Com,2026-02-13,2026-02-17,Rj,38,Online,Cartão
P1663,Tênis Feminino,213.65,172.26,41.39,Nf972147,Csehdp@Email.Com,2025-02-26,2025-02-28,Pr,P,Online,Pix
P1664,Tênis Masculino,560.71,298.21,262.5,Nf866527,Pjwgwl@Email.Com,2026-02-09,2026-02-09,Ba,M,Online,Pix
P1665,Tênis Masculino,102.6,69.19,33.41,Nf706380,Oevkat@Email.Com,2025-02-25,2025-03-01,Pb,M,Loja,Dinheiro
P1666,Camiseta Masculina,361.13,250.6,110.53,Nf930570,Wiminy@Email.Com,2026-03-25,2026-03-29,Rj,36,Loja,Boleto
P1667,Camiseta Masculina,192.5,126.56,65.94,Nf385071,Mzrsdf@Email.Com,2026-01-14,2026-01-15,Rs,37,Online,Boleto
P1668,Camiseta Masculina,372.13,199.03,173.1,Nf621746,Opauok@Email.Com,2026-03-29,2026-04-03,Rs,37,Loja,Boleto
P1669,Calça Masculina,441.0,299.0,142.0,Nf864450,Bnnejd@Email.Com,2026-03-26,2026-03-31,Rs,P,Loja,Dinheiro
P1670,Tênis Feminino,167.46,84.64,82.82,Nf237774,Ejqayx@Email.Com,2025-05-16,2025-05-21,Ba,37,Loja,Dinheiro
P1671,Calça Masculina,112.73,58.68,54.05,Nf955812,Bubjsv@Email.Com,2026-02-20,2026-02-23,Sc,38,Online,Cartão
P1672,Calça Masculina,341.79,197.16,144.63,Nf572763,Vafzoh@Email.Com,2025-10-03,2025-10-08,Pb,41,Loja,Boleto
P1673,Camiseta Masculina,314.11,171.98,142.13,Nf805830,Biymca@Email.Com,2025-12-28,2025-12-28,Mg,38,Online,Boleto
P1674,Calça Feminina,126.37,85.29,41.08,Nf995431,Ptotml@Email.Com,2025-09-20,2025-09-20,Sp,40,Loja,Boleto
P1675,Calça Feminina,307.09,196.47,110.62,Nf422091,Qkabuk@Email.Com,2025-09-07,2025-09-11,Pe,37,Loja,Dinheiro
P1676,Tênis Feminino,224.43,150.65,73.78,Nf987924,Vsmuyj@Email.Com,2025-10-19,2025-10-20,Rs,36,Online,Boleto
P1677,Tênis Feminino,264.69,183.1,81.59,Nf968299,Leetpl@Email.Com,2025-11-21,2025-11-24,Pe,38,Loja,Boleto
P1678,Camiseta Masculina,125.35,83.74,41.61,Nf425274,Qpyhci@Email.Com,2025-10-12,2025-10-13,Rs,42,Online,Dinheiro
P1679,Tênis Masculino,358.9,245.13,113.77,Nf527509,Pcoosz@Email.Com,2026-02-20,2026-02-23,Sp,37,Loja,Boleto
P1680,Camiseta Feminina,74.15,60.64,13.51,Nf326754,Jfaggu@Email.Com,2025-04-15,2025-04-18,Rs,M,Online,Pix
P1681,Tênis Masculino,412.54,233.83,178.71,Nf189527,Zctpwl@Email.Com,2025-06-04,2025-06-09,Rj,36,Loja,Cartão
P1682,Camiseta Masculina,220.05,139.98,80.07,Nf472911,Xitykx@Email.Com,2025-08-16,2025-08-18,Rs,36,Loja,Pix
P1683,Camiseta Feminina,215.5,154.75,60.75,Nf200768,Lbwkmr@Email.Com,2025-07-09,2025-07-09,Pe,M,Online,Dinheiro
P1684,Calça Feminina,176.03,129.05,46.98,Nf759635,Jigwsy@Email.Com,2025-10-14,2025-10-17,Sc,42,Online,Pix
P1685,Calça Masculina,194.07,113.74,80.33,Nf583846,Oiaqpp@Email.Com,2025-07-20,2025-07-24,Pr,M,Loja,Cartão
P1686,Tênis Masculino,340.13,280.46,59.67,Nf175214,Ypwnqk@Email.Com,2025-01-31,2025-02-02,Rs,40,Online,Dinheiro
P1687,Tênis Masculino,471.88,293.15,178.73,Nf977345,Jmxucx@Email.Com,2026-01-29,2026-01-30,Ba,M,Loja,Dinheiro
P1688,Calça Feminina,202.74,102.24,100.5,Nf339267,Yxgprn@Email.Com,2025-03-11,2025-03-16,Mg,41,Loja,Boleto
P1689,Camiseta Masculina,253.35,134.48,118.87,Nf163069,Znkljc@Email.Com,2025-07-29,2025-07-30,Rj,38,Online,Pix
P1690,Camiseta Masculina,136.51,95.0,41.51,Nf249280,Lmthro@Email.Com,2025-01-06,2025-01-11,Pb,36,Loja,Pix
P1691,Tênis Masculino,344.47,248.18,96.29,Nf287019,Sywevh@Email.Com,2025-02-04,2025-02-09,Ce,39,Online,Boleto
P1692,Camiseta Masculina,406.64,265.95,140.69,Nf239100,Seyowx@Email.Com,2025-10-17,2025-10-18,Mg,37,Loja,Cartão
P1693,Tênis Feminino,478.7,242.95,235.75,Nf261338,Bueudz@Email.Com,2025-09-06,2025-09-11,Ce,39,Loja,Dinheiro
P1694,Camiseta Feminina,471.03,271.02,200.01,Nf359597,Dvxzol@Email.Com,2026-02-19,2026-02-19,Pe,M,Online,Boleto
P1695,Camiseta Feminina,273.81,217.12,56.69,Nf988199,Lwaran@Email.Com,2026-02-11,2026-02-11,Rj,40,Loja,Pix
P1696,Calça Feminina,406.58,268.0,138.58,Nf440572,Pjnwvj@Email.Com,2025-11-28,2025-11-29,Sc,40,Loja,Cartão
P1697,Calça Feminina,178.76,125.01,53.75,Nf689043,Wewriu@Email.Com,2025-04-29,2025-04-29,Pe,38,Loja,Dinheiro
P1698,Camiseta Feminina,157.25,117.47,39.78,Nf313351,Tnzjea@Email.Com,2026-03-17,2026-03-18,Pb,39,Online,Pix
P1699,Camiseta Feminina,93.06,62.11,30.95,Nf441694,Hobckj@Email.Com,2025-06-04,2025-06-07,Ce,36,Loja,Pix
P1700,Tênis Masculino,224.45,126.73,97.72,Nf593579,Qstjys@Email.Com,2026-01-29,2026-01-30,Pe,38,Online,Boleto
P1701,Calça Feminina,272.56,155.25,117.31,Nf630238,Ksnoig@Email.Com,2025-12-29,2025-12-30,Ce,40,Loja,Pix
P1702,Camiseta Masculina,356.21,184.78,171.43,Nf481302,Mriajg@Email.Com,2025-06-13,2025-06-15,Pr,41,Loja,Dinheiro
P1703,Tênis Feminino,386.54,272.96,113.58,Nf745933,Xrgfcc@Email.Com,2025-01-23,2025-01-24,Sp,40,Online,Boleto
P1704,Camiseta Feminina,402.13,280.08,122.05,Nf920121,Iayhuw@Email.Com,2025-10-07,2025-10-11,Rj,41,Online,Boleto
P1705,Tênis Masculino,453.2,273.34,179.86,Nf217489,Gujoac@Email.Com,2026-04-08,2026-04-11,Rj,41,Online,Cartão
P1706,Tênis Feminino,225.86,121.65,104.21,Nf325289,Lorktj@Email.Com,2025-12-05,2025-12-06,Ba,37,Online,Dinheiro
P1707,Calça Feminina,520.58,266.39,254.19,Nf580045,Iqzkmc@Email.Com,2025-06-13,2025-06-18,Mg,36,Online,Dinheiro
P1708,Camiseta Masculina,105.06,74.65,30.41,Nf798930,Zdhetv@Email.Com,2026-01-28,2026-02-01,Rs,41,Loja,Dinheiro
P1709,Camiseta Masculina,341.4,174.29,167.11,Nf244197,Xwqwoy@Email.Com,2026-04-29,2026-05-02,Pb,36,Online,Cartão
P1710,Camiseta Feminina,192.47,121.35,71.12,Nf635182,Cjgyqq@Email.Com,2025-06-01,2025-06-04,Sp,41,Loja,Cartão
P1711,Camiseta Masculina,310.83,193.01,117.82,Nf220057,Athzmn@Email.Com,2025-01-24,2025-01-27,Rj,39,Online,Pix
P1712,Calça Feminina,185.96,139.65,46.31,Nf416887,Ffjpre@Email.Com,2025-10-09,2025-10-09,Rj,P,Loja,Cartão
P1713,Camiseta Masculina,417.62,294.42,123.2,Nf500243,Ksasaw@Email.Com,2025-03-08,2025-03-12,Sc,40,Online,Pix
P1714,Calça Feminina,350.33,217.48,132.85,Nf252575,Njqnsw@Email.Com,2025-03-14,2025-03-18,Ce,40,Loja,Boleto
P1715,Camiseta Feminina,483.19,269.1,214.09,Nf849528,Pnreso@Email.Com,2025-10-19,2025-10-22,Pr,42,Loja,Pix
P1716,Camiseta Feminina,448.02,286.15,161.87,Nf444396,Jomkpq@Email.Com,2026-01-28,2026-01-28,Mg,40,Online,Cartão
P1717,Calça Masculina,308.54,219.91,88.63,Nf152266,Ymgutd@Email.Com,2025-03-24,2025-03-27,Sp,37,Loja,Dinheiro
P1718,Calça Masculina,298.31,244.06,54.25,Nf128417,Rfvbkx@Email.Com,2026-02-22,2026-02-23,Ba,37,Online,Boleto
P1719,Tênis Feminino,142.93,86.81,56.12,Nf472497,Ujztev@Email.Com,2026-03-29,2026-03-30,Mg,37,Online,Boleto
P1720,Camiseta Masculina,409.71,286.14,123.57,Nf358605,Xearus@Email.Com,2025-08-21,2025-08-21,Mg,42,Loja,Dinheiro
P1721,Tênis Feminino,255.03,155.09,99.94,Nf634586,Zbmprh@Email.Com,2025-10-24,2025-10-26,Rj,39,Online,Dinheiro
P1722,Camiseta Masculina,300.46,209.99,90.47,Nf766554,Ywlzqy@Email.Com,2026-04-16,2026-04-19,Sp,37,Online,Cartão
P1723,Camiseta Masculina,294.46,234.16,60.3,Nf447913,Vagdcz@Email.Com,2025-06-02,2025-06-02,Sp,G,Loja,Dinheiro
P1724,Camiseta Feminina,88.34,50.8,37.54,Nf195218,Xfssxi@Email.Com,2026-03-01,2026-03-05,Ba,P,Online,Pix
P1725,Tênis Masculino,293.23,194.84,98.39,Nf792255,Osqsnf@Email.Com,2025-12-09,2025-12-09,Pb,P,Online,Cartão
P1726,Camiseta Masculina,430.54,255.22,175.32,Nf164799,Apcqcr@Email.Com,2025-11-20,2025-11-20,Ba,42,Online,Cartão
P1727,Camiseta Feminina,120.91,60.57,60.34,Nf870010,Jporno@Email.Com,2025-04-11,2025-04-15,Pe,P,Loja,Pix
P1728,Camiseta Feminina,477.16,264.34,212.82,Nf966374,Pktbql@Email.Com,2025-01-04,2025-01-05,Sc,37,Online,Cartão
P1729,Camiseta Feminina,69.32,52.2,17.12,Nf111541,Wedcym@Email.Com,2026-03-07,2026-03-09,Ba,G,Online,Dinheiro
P1730,Camiseta Masculina,304.43,153.09,151.34,Nf900878,Ntfiwb@Email.Com,2025-11-16,2025-11-18,Pe,M,Online,Dinheiro
P1731,Tênis Masculino,162.55,135.12,27.43,Nf823891,Owenbg@Email.Com,2025-09-10,2025-09-13,Ba,41,Loja,Boleto
P1732,Camiseta Masculina,373.77,267.88,105.89,Nf841768,Gnyukb@Email.Com,2026-04-14,2026-04-17,Ce,39,Online,Dinheiro
P1733,Tênis Feminino,276.57,204.94,71.63,Nf154875,Zuwnnv@Email.Com,2026-03-10,2026-03-14,Pb,M,Online,Cartão
P1734,Camiseta Masculina,215.21,117.69,97.52,Nf910698,Ghlbmd@Email.Com,2025-01-22,2025-01-25,Ba,41,Online,Dinheiro
P1735,Camiseta Feminina,372.45,272.86,99.59,Nf235468,Zznrbx@Email.Com,2025-01-13,2025-01-17,Rs,37,Loja,Pix
P1736,Calça Feminina,161.03,82.05,78.98,Nf810352,Twqwew@Email.Com,2025-12-04,2025-12-06,Pb,40,Online,Dinheiro
P1737,Tênis Feminino,299.47,177.63,121.84,Nf619757,Itqecu@Email.Com,2025-01-19,2025-01-20,Sp,36,Online,Dinheiro
P1738,Calça Feminina,143.27,90.72,52.55,Nf912711,Uigcyl@Email.Com,2025-07-27,2025-07-31,Ba,40,Loja,Dinheiro
P1739,Tênis Feminino,102.25,65.83,36.42,Nf373822,Apcxjs@Email.Com,2025-02-11,2025-02-11,Pb,37,Online,Cartão
P1740,Calça Masculina,227.73,140.74,86.99,Nf736599,Weesyu@Email.Com,2025-12-30,2025-12-31,Sc,40,Online,Cartão
P1741,Tênis Feminino,162.39,116.33,46.06,Nf268369,Snhigb@Email.Com,2026-03-02,2026-03-05,Sc,37,Loja,Pix
P1742,Calça Masculina,315.96,187.19,128.77,Nf787113,Kpodgm@Email.Com,2025-01-03,2025-01-05,Sc,G,Loja,Pix
P1743,Tênis Feminino,89.21,71.28,17.93,Nf229786,Vxikwu@Email.Com,2025-10-11,2025-10-15,Rj,P,Online,Boleto
P1744,Tênis Masculino,104.76,58.05,46.71,Nf735049,Arqsgi@Email.Com,2025-03-29,2025-04-01,Pe,41,Online,Dinheiro
P1745,Camiseta Feminina,155.62,92.74,62.88,Nf493481,Wfiwky@Email.Com,2026-01-11,2026-01-15,Sp,41,Online,Dinheiro
P1746,Calça Feminina,376.24,241.8,134.44,Nf810848,Clscrj@Email.Com,2025-09-14,2025-09-14,Pe,36,Online,Pix
P1747,Tênis Feminino,269.99,215.4,54.59,Nf295665,Wruamo@Email.Com,2025-03-05,2025-03-08,Mg,M,Loja,Cartão
P1748,Tênis Masculino,516.05,284.67,231.38,Nf994092,Yrgsjo@Email.Com,2025-02-17,2025-02-21,Rs,40,Loja,Dinheiro
P1749,Camiseta Feminina,278.57,139.74,138.83,Nf567828,Ogpnsh@Email.Com,2025-06-03,2025-06-07,Mg,39,Loja,Dinheiro
P1750,Tênis Masculino,365.87,257.45,108.42,Nf924547,Qxwcbr@Email.Com,2025-05-04,2025-05-07,Ce,M,Online,Cartão
P1751,Camiseta Masculina,178.74,110.49,68.25,Nf433918,Iwkeuc@Email.Com,2025-08-17,2025-08-21,Ce,P,Loja,Dinheiro
P1752,Calça Masculina,494.51,249.05,245.46,Nf522522,Qmrenn@Email.Com,2025-06-21,2025-06-25,Pr,P,Online,Pix
P1753,Tênis Feminino,230.65,116.64,114.01,Nf566706,Lfauvv@Email.Com,2025-08-01,2025-08-01,Rj,41,Loja,Pix
P1754,Calça Masculina,203.39,129.59,73.8,Nf966171,Rmiozu@Email.Com,2025-07-15,2025-07-20,Mg,37,Online,Cartão
P1755,Tênis Masculino,383.71,263.49,120.22,Nf692135,Hhwyhi@Email.Com,2026-01-27,2026-01-28,Rj,P,Online,Cartão
P1756,Tênis Masculino,232.79,186.94,45.85,Nf505689,Tmasww@Email.Com,2026-02-01,2026-02-01,Ce,40,Online,Pix
P1757,Camiseta Feminina,136.98,77.75,59.23,Nf738277,Jjpwnt@Email.Com,2025-03-20,2025-03-25,Mg,37,Loja,Cartão
P1758,Camiseta Feminina,356.93,289.64,67.29,Nf739775,Ejtpgh@Email.Com,2025-05-11,2025-05-13,Rj,G,Loja,Boleto
P1759,Tênis Feminino,276.72,185.19,91.53,Nf392602,Tzuabj@Email.Com,2025-08-06,2025-08-07,Pr,41,Loja,Boleto
P1760,Camiseta Masculina,172.74,120.09,52.65,Nf461760,Itkwdr@Email.Com,2025-08-29,2025-08-29,Pb,41,Loja,Pix
P1761,Calça Masculina,327.01,198.57,128.44,Nf474632,Njjhgl@Email.Com,2025-03-25,2025-03-29,Sp,G,Loja,Cartão
P1762,Tênis Masculino,194.44,119.6,74.84,Nf196562,Esyqgp@Email.Com,2025-02-01,2025-02-02,Sp,38,Online,Cartão
P1763,Tênis Feminino,72.9,53.19,19.71,Nf950944,Farzsa@Email.Com,2025-10-08,2025-10-11,Ba,42,Loja,Dinheiro
P1764,Calça Masculina,256.01,151.17,104.84,Nf511237,Pqfonw@Email.Com,2025-12-25,2025-12-29,Pe,38,Loja,Cartão
P1765,Tênis Masculino,192.17,157.2,34.97,Nf270169,Gzrvmk@Email.Com,2026-03-20,2026-03-24,Ce,P,Loja,Dinheiro
P1766,Tênis Masculino,168.45,116.76,51.69,Nf973663,Xiyffg@Email.Com,2025-09-01,2025-09-02,Ce,39,Online,Dinheiro
P1767,Calça Masculina,212.42,107.18,105.24,Nf485069,Sjobgt@Email.Com,2025-01-22,2025-01-23,Ce,P,Online,Dinheiro
P1768,Calça Feminina,138.13,96.73,41.4,Nf500286,Yfhrif@Email.Com,2026-01-18,2026-01-21,Ba,39,Online,Pix
P1769,Calça Feminina,437.36,285.94,151.42,Nf760934,Ufufol@Email.Com,2025-06-26,2025-06-26,Rs,P,Online,Dinheiro
P1770,Calça Feminina,230.86,161.73,69.13,Nf712873,Difdek@Email.Com,2025-01-25,2025-01-29,Pr,40,Loja,Dinheiro
P1771,Tênis Masculino,115.36,91.61,23.75,Nf243165,Newnhd@Email.Com,2025-02-11,2025-02-11,Pb,40,Online,Dinheiro
P1772,Calça Masculina,166.33,83.43,82.9,Nf360632,Ykmgep@Email.Com,2026-03-21,2026-03-24,Pe,41,Loja,Pix
P1773,Calça Masculina,291.13,175.97,115.16,Nf795741,Trlaox@Email.Com,2025-12-26,2025-12-29,Rj,36,Loja,Boleto
P1774,Camiseta Feminina,232.23,166.05,66.18,Nf151346,Xztfim@Email.Com,2025-10-04,2025-10-09,Pr,36,Online,Cartão
P1775,Tênis Feminino,409.13,281.99,127.14,Nf984715,Xztxuq@Email.Com,2025-07-17,2025-07-20,Rs,40,Online,Cartão
P1776,Tênis Masculino,462.21,258.1,204.11,Nf440991,Svfjru@Email.Com,2025-06-19,2025-06-23,Sc,41,Loja,Pix
P1777,Calça Masculina,177.03,95.41,81.62,Nf243753,Kxyeba@Email.Com,2025-04-12,2025-04-17,Rj,42,Loja,Cartão
P1778,Tênis Feminino,292.79,221.85,70.94,Nf884319,Mxkyoq@Email.Com,2026-04-28,2026-04-28,Ce,42,Online,Dinheiro
P1779,Calça Feminina,424.91,272.19,152.72,Nf892043,Hoyvvk@Email.Com,2025-01-03,2025-01-05,Rj,36,Loja,Pix
P1780,Calça Feminina,453.41,281.01,172.4,Nf133447,Vcadmn@Email.Com,2025-10-09,2025-10-14,Rj,P,Online,Boleto
P1781,Tênis Feminino,258.42,208.96,49.46,Nf920436,Dltqqd@Email.Com,2025-04-06,2025-04-08,Pb,P,Loja,Cartão
P1782,Calça Masculina,423.85,212.21,211.64,Nf265653,Mzojzy@Email.Com,2025-04-23,2025-04-25,Sp,41,Online,Pix
P1783,Calça Masculina,459.66,247.57,212.09,Nf564191,Cxrhdr@Email.Com,2025-12-19,2025-12-22,Pb,41,Online,Cartão
P1784,Tênis Feminino,191.29,101.02,90.27,Nf407985,Pdnywt@Email.Com,2025-10-27,2025-10-30,Pb,42,Online,Pix
P1785,Tênis Feminino,110.35,88.65,21.7,Nf293344,Rpidgq@Email.Com,2025-09-04,2025-09-05,Rj,P,Loja,Boleto
P1786,Calça Feminina,373.36,256.85,116.51,Nf505290,Pxjmbz@Email.Com,2025-07-22,2025-07-27,Rs,38,Online,Pix
P1787,Tênis Feminino,367.51,292.29,75.22,Nf998371,Fasugr@Email.Com,2025-03-01,2025-03-04,Pr,P,Online,Pix
P1788,Camiseta Feminina,368.38,282.95,85.43,Nf582063,Ofcnhv@Email.Com,2025-08-27,2025-08-31,Rj,M,Loja,Dinheiro
P1789,Tênis Feminino,467.64,272.7,194.94,Nf537303,Rtbkju@Email.Com,2026-01-16,2026-01-17,Mg,42,Loja,Dinheiro
P1790,Calça Feminina,523.21,276.61,246.6,Nf961816,Fnzkoq@Email.Com,2025-04-12,2025-04-14,Sc,36,Online,Cartão
P1791,Camiseta Feminina,84.27,51.91,32.36,Nf551059,Vunmza@Email.Com,2025-01-01,2025-01-04,Sc,M,Online,Dinheiro
P1792,Tênis Masculino,374.11,194.05,180.06,Nf825119,Xrkfql@Email.Com,2025-08-22,2025-08-26,Sc,G,Loja,Dinheiro
P1793,Camiseta Feminina,342.44,209.34,133.1,Nf648005,Hkdrtr@Email.Com,2025-08-30,2025-08-30,Ce,M,Loja,Boleto
P1794,Camiseta Feminina,361.91,209.13,152.78,Nf837299,Fitznv@Email.Com,2025-08-17,2025-08-17,Mg,36,Online,Cartão
P1795,Tênis Feminino,268.44,222.31,46.13,Nf367342,Oilqxi@Email.Com,2025-08-02,2025-08-03,Sp,G,Online,Dinheiro
P1796,Camiseta Feminina,97.72,75.99,21.73,Nf233260,Wujsze@Email.Com,2025-03-03,2025-03-04,Pe,41,Online,Cartão
P1797,Tênis Masculino,460.69,290.69,170.0,Nf702498,Ntfiti@Email.Com,2025-12-30,2025-12-30,Rj,41,Online,Boleto
P1798,Camiseta Masculina,477.75,296.59,181.16,Nf439864,Yudebg@Email.Com,2025-10-06,2025-10-09,Ba,38,Online,Cartão
P1799,Camiseta Feminina,390.42,219.1,171.32,Nf667540,Zzamvb@Email.Com,2025-10-11,2025-10-14,Sp,41,Loja,Cartão
P1800,Tênis Feminino,188.94,116.55,72.39,Nf903178,Nlfyln@Email.Com,2026-01-20,2026-01-22,Sc,41,Online,Pix
P1801,Camiseta Masculina,504.36,262.53,241.83,Nf267809,Gqzynf@Email.Com,2025-12-27,2025-12-29,Pb,42,Loja,Dinheiro
P1802,Tênis Masculino,325.52,205.4,120.12,Nf204480,Xlclxx@Email.Com,2025-09-20,2025-09-25,Mg,39,Loja,Dinheiro
P1803,Calça Masculina,366.0,260.96,105.04,Nf340168,Cjdpwl@Email.Com,2026-01-23,2026-01-27,Sp,P,Online,Boleto
P1804,Calça Masculina,404.62,296.95,107.67,Nf840492,Anhiqr@Email.Com,2025-10-28,2025-10-28,Sp,38,Loja,Boleto
P1805,Calça Feminina,335.14,232.21,102.93,Nf896135,Vhveux@Email.Com,2026-02-16,2026-02-18,Sp,42,Loja,Cartão
P1806,Camiseta Feminina,321.88,168.69,153.19,Nf539507,Wectlq@Email.Com,2025-01-25,2025-01-28,Pr,37,Loja,Pix
P1807,Calça Feminina,315.93,219.89,96.04,Nf421871,Uwqsjo@Email.Com,2026-04-06,2026-04-08,Ba,40,Online,Cartão
P1808,Calça Masculina,167.21,139.04,28.17,Nf905588,Foohdc@Email.Com,2025-07-31,2025-08-05,Pb,41,Loja,Pix
P1809,Calça Feminina,398.61,245.48,153.13,Nf160057,Afbxnt@Email.Com,2026-02-26,2026-02-27,Pe,42,Online,Boleto
P1810,Tênis Masculino,234.87,122.61,112.26,Nf208962,Otnghx@Email.Com,2025-01-22,2025-01-23,Rj,37,Loja,Pix
P1811,Tênis Masculino,374.02,291.26,82.76,Nf601202,Wfplpo@Email.Com,2025-01-10,2025-01-10,Sp,42,Online,Boleto
P1812,Calça Masculina,398.2,279.06,119.14,Nf556306,Aqvpcy@Email.Com,2025-05-21,2025-05-26,Pr,P,Online,Cartão
P1813,Camiseta Feminina,326.22,217.5,108.72,Nf750787,Pniulr@Email.Com,2025-10-19,2025-10-21,Mg,38,Loja,Dinheiro
P1814,Camiseta Masculina,429.85,270.53,159.32,Nf441029,Rvqjxc@Email.Com,2025-09-21,2025-09-23,Sp,M,Loja,Pix
P1815,Camiseta Masculina,157.21,108.85,48.36,Nf426923,Czgnif@Email.Com,2026-03-28,2026-03-30,Mg,41,Loja,Pix
P1816,Tênis Masculino,557.3,281.29,276.01,Nf718611,Lyljrd@Email.Com,2025-04-23,2025-04-25,Ba,38,Online,Cartão
P1817,Tênis Feminino,129.3,64.77,64.53,Nf391125,Ibswed@Email.Com,2025-04-28,2025-05-01,Sc,38,Online,Cartão
P1818,Calça Masculina,209.63,124.97,84.66,Nf738594,Ajdelg@Email.Com,2025-08-16,2025-08-16,Ba,P,Loja,Pix
P1819,Calça Masculina,341.54,193.21,148.33,Nf631318,Zpwrlx@Email.Com,2025-01-31,2025-02-05,Sp,42,Online,Pix
P1820,Camiseta Masculina,557.38,299.92,257.46,Nf901093,Szofip@Email.Com,2025-04-28,2025-05-02,Mg,40,Online,Boleto
P1821,Camiseta Feminina,142.36,99.77,42.59,Nf202684,Vwavck@Email.Com,2025-06-14,2025-06-19,Ba,36,Online,Dinheiro
P1822,Tênis Feminino,332.27,264.28,67.99,Nf645807,Jdiycb@Email.Com,2026-04-21,2026-04-25,Ce,39,Loja,Cartão
P1823,Calça Feminina,342.02,271.82,70.2,Nf259831,Vyewmb@Email.Com,2026-02-19,2026-02-20,Rj,39,Online,Pix
P1824,Camiseta Masculina,348.15,271.71,76.44,Nf340951,Wjiofj@Email.Com,2025-10-09,2025-10-13,Rj,42,Online,Dinheiro
P1825,Camiseta Masculina,200.41,115.99,84.42,Nf540395,Hfzhhy@Email.Com,2025-09-12,2025-09-16,Pe,41,Online,Cartão
P1826,Tênis Masculino,147.73,110.04,37.69,Nf345667,Grhhoi@Email.Com,2025-10-02,2025-10-05,Rj,M,Online,Boleto
P1827,Tênis Feminino,133.25,71.69,61.56,Nf273741,Rbhfvl@Email.Com,2025-10-23,2025-10-24,Sc,P,Online,Boleto
P1828,Tênis Feminino,126.26,75.13,51.13,Nf784533,Vjqcbk@Email.Com,2025-01-22,2025-01-25,Mg,36,Loja,Dinheiro
P1829,Tênis Feminino,154.75,81.28,73.47,Nf784889,Jsdkre@Email.Com,2025-11-11,2025-11-14,Pe,M,Online,Boleto
P1830,Tênis Feminino,99.75,57.31,42.44,Nf637965,Ctdhia@Email.Com,2025-09-26,2025-09-26,Ba,P,Loja,Boleto
P1831,Tênis Masculino,433.6,294.47,139.13,Nf456910,Fqhlii@Email.Com,2025-06-26,2025-06-29,Rj,G,Online,Cartão
P1832,Tênis Masculino,258.09,162.3,95.79,Nf403135,Zhzjra@Email.Com,2025-09-24,2025-09-25,Pr,38,Online,Pix
P1833,Camiseta Masculina,134.42,77.64,56.78,Nf745530,Vxzpwn@Email.Com,2025-10-24,2025-10-29,Mg,38,Online,Cartão
P1834,Camiseta Feminina,370.62,217.18,153.44,Nf981386,Ctooxf@Email.Com,2025-06-10,2025-06-15,Mg,40,Loja,Dinheiro
P1835,Tênis Masculino,150.31,109.87,40.44,Nf936381,Ypoqpd@Email.Com,2026-01-01,2026-01-05,Rs,P,Loja,Boleto
P1836,Tênis Feminino,177.3,118.88,58.42,Nf968960,Otoxmb@Email.Com,2025-06-16,2025-06-18,Ce,P,Online,Pix
P1837,Calça Feminina,431.09,258.23,172.86,Nf806815,Iskrww@Email.Com,2025-03-25,2025-03-27,Ba,36,Online,Boleto
P1838,Camiseta Masculina,88.23,58.22,30.01,Nf368806,Vmmtqq@Email.Com,2025-07-25,2025-07-27,Rj,38,Loja,Pix
P1839,Calça Feminina,88.7,56.24,32.46,Nf172279,Tsnfyy@Email.Com,2025-04-18,2025-04-22,Ba,G,Loja,Pix
P1840,Camiseta Masculina,442.82,271.77,171.05,Nf512053,Uqovra@Email.Com,2025-02-22,2025-02-27,Rj,M,Online,Boleto
P1841,Calça Feminina,553.24,294.6,258.64,Nf976801,Gilyfl@Email.Com,2025-01-06,2025-01-06,Pr,38,Loja,Dinheiro
P1842,Calça Masculina,246.85,125.04,121.81,Nf782237,Srgbvy@Email.Com,2025-04-15,2025-04-16,Rs,42,Online,Boleto
P1843,Tênis Masculino,161.78,106.98,54.8,Nf391638,Xiblsb@Email.Com,2025-09-07,2025-09-07,Mg,41,Loja,Pix
P1844,Camiseta Feminina,411.78,222.83,188.95,Nf433305,Faqeou@Email.Com,2025-05-11,2025-05-16,Ce,M,Online,Cartão
P1845,Calça Masculina,517.6,282.91,234.69,Nf883930,Hffiie@Email.Com,2025-04-30,2025-04-30,Pr,P,Online,Boleto
P1846,Camiseta Feminina,407.55,277.58,129.97,Nf443200,Envgpp@Email.Com,2026-02-21,2026-02-22,Pe,M,Online,Boleto
P1847,Camiseta Feminina,341.27,221.94,119.33,Nf743693,Sheies@Email.Com,2025-10-19,2025-10-20,Ba,36,Loja,Boleto
P1848,Calça Feminina,244.31,142.32,101.99,Nf240167,Taruuy@Email.Com,2025-04-18,2025-04-20,Rj,42,Online,Boleto
P1849,Calça Masculina,274.08,162.0,112.08,Nf974515,Nhuhhy@Email.Com,2025-09-02,2025-09-06,Sp,40,Online,Dinheiro
P1850,Tênis Masculino,269.15,169.38,99.77,Nf641754,Uxnrnl@Email.Com,2025-10-22,2025-10-24,Rs,M,Online,Boleto
P1851,Tênis Masculino,164.24,132.39,31.85,Nf125961,Cftgwo@Email.Com,2025-09-15,2025-09-17,Sc,38,Loja,Dinheiro
P1852,Tênis Feminino,146.1,101.24,44.86,Nf649809,Oqalqo@Email.Com,2025-04-02,2025-04-04,Rj,M,Loja,Boleto
P1853,Camiseta Feminina,147.49,91.34,56.15,Nf262557,Dijekv@Email.Com,2025-02-19,2025-02-23,Pb,37,Loja,Boleto
P1854,Camiseta Feminina,255.97,188.02,67.95,Nf731034,Igcjfk@Email.Com,2026-01-15,2026-01-15,Sp,P,Loja,Pix
P1855,Calça Masculina,328.4,214.91,113.49,Nf392346,Kctbam@Email.Com,2025-06-21,2025-06-24,Sp,M,Loja,Pix
P1856,Camiseta Feminina,370.2,265.48,104.72,Nf196378,Sugmhh@Email.Com,2025-04-13,2025-04-13,Pb,37,Loja,Boleto
P1857,Calça Masculina,229.76,157.74,72.02,Nf551391,Sttamz@Email.Com,2025-06-28,2025-06-29,Pr,37,Loja,Cartão
P1858,Camiseta Masculina,479.13,252.22,226.91,Nf525295,Sokxfj@Email.Com,2025-09-25,2025-09-27,Pb,M,Loja,Cartão
P1859,Tênis Feminino,157.17,86.24,70.93,Nf117618,Zlbsqx@Email.Com,2026-03-14,2026-03-16,Ba,M,Online,Dinheiro
P1860,Camiseta Masculina,470.96,295.25,175.71,Nf877080,Yjpjzy@Email.Com,2025-11-26,2025-11-26,Sc,37,Loja,Dinheiro
P1861,Calça Masculina,140.24,96.08,44.16,Nf661413,Aoiszq@Email.Com,2025-08-13,2025-08-17,Pr,P,Loja,Boleto
P1862,Calça Masculina,209.11,106.08,103.03,Nf484197,Qepcgs@Email.Com,2025-12-16,2025-12-21,Sp,G,Online,Boleto
P1863,Tênis Masculino,376.28,205.45,170.83,Nf901903,Nfbgqq@Email.Com,2025-07-06,2025-07-07,Ba,39,Online,Cartão
P1864,Camiseta Masculina,162.16,114.44,47.72,Nf832043,Bpjhke@Email.Com,2025-06-06,2025-06-09,Rs,36,Loja,Dinheiro
P1865,Camiseta Masculina,129.99,105.86,24.13,Nf327010,Oxehyp@Email.Com,2025-04-02,2025-04-03,Pb,G,Online,Dinheiro
P1866,Tênis Feminino,269.64,164.29,105.35,Nf478251,Guotsw@Email.Com,2025-03-10,2025-03-10,Pb,41,Online,Cartão
P1867,Tênis Masculino,298.61,158.41,140.2,Nf666765,Yaihav@Email.Com,2025-03-20,2025-03-23,Rs,42,Online,Pix
P1868,Tênis Masculino,221.56,112.59,108.97,Nf306998,Uvyvhf@Email.Com,2025-07-02,2025-07-07,Ba,42,Loja,Cartão
P1869,Calça Masculina,303.95,174.74,129.21,Nf475288,Kavswd@Email.Com,2025-07-24,2025-07-26,Sc,P,Online,Boleto
P1870,Calça Feminina,263.95,160.86,103.09,Nf200080,Zniixy@Email.Com,2025-02-27,2025-03-02,Sc,P,Online,Dinheiro
P1871,Calça Masculina,434.76,274.71,160.05,Nf416848,Dtjanw@Email.Com,2025-02-09,2025-02-09,Sc,42,Loja,Boleto
P1872,Camiseta Feminina,75.26,56.89,18.37,Nf548363,Iuchii@Email.Com,2025-10-12,2025-10-15,Pb,G,Online,Boleto
P1873,Tênis Masculino,298.22,231.52,66.7,Nf308337,Kpzbdx@Email.Com,2025-04-02,2025-04-06,Rj,42,Loja,Boleto
P1874,Camiseta Masculina,263.3,132.19,131.11,Nf626821,Wygdjs@Email.Com,2026-02-19,2026-02-23,Pb,38,Loja,Cartão
P1875,Calça Masculina,436.51,271.24,165.27,Nf912202,Lekise@Email.Com,2025-07-23,2025-07-23,Sc,41,Loja,Pix
P1876,Camiseta Feminina,353.02,254.1,98.92,Nf788484,Ctjovz@Email.Com,2025-03-06,2025-03-06,Sp,39,Online,Boleto
P1877,Camiseta Feminina,461.98,246.1,215.88,Nf878377,Kqdvxu@Email.Com,2025-08-01,2025-08-03,Pr,40,Loja,Dinheiro
P1878,Camiseta Masculina,161.65,103.53,58.12,Nf221040,Irixrl@Email.Com,2025-11-08,2025-11-13,Rs,42,Loja,Boleto
P1879,Camiseta Feminina,133.3,70.52,62.78,Nf756285,Mljidm@Email.Com,2026-04-07,2026-04-09,Rj,38,Loja,Boleto
P1880,Calça Masculina,216.52,167.6,48.92,Nf492111,Rdwgzo@Email.Com,2025-05-07,2025-05-08,Mg,M,Loja,Cartão
P1881,Calça Feminina,321.81,228.09,93.72,Nf764638,Jubwlz@Email.Com,2025-10-12,2025-10-14,Pr,M,Online,Pix
P1882,Calça Masculina,558.95,295.07,263.88,Nf978778,Obwvia@Email.Com,2025-09-24,2025-09-29,Pr,39,Loja,Cartão
P1883,Tênis Feminino,141.6,95.28,46.32,Nf291408,Aspptb@Email.Com,2025-01-09,2025-01-12,Ce,P,Online,Pix
P1884,Calça Feminina,294.14,197.23,96.91,Nf437161,Ctwdco@Email.Com,2025-10-04,2025-10-06,Rs,M,Online,Pix
P1885,Camiseta Feminina,231.36,173.5,57.86,Nf323977,Uhgevo@Email.Com,2026-03-18,2026-03-20,Rs,38,Loja,Dinheiro
P1886,Tênis Masculino,312.99,206.58,106.41,Nf311244,Bzsjuy@Email.Com,2025-08-31,2025-09-05,Sc,41,Loja,Cartão
P1887,Camiseta Feminina,85.58,50.02,35.56,Nf428986,Rxwguh@Email.Com,2025-02-06,2025-02-11,Pb,41,Online,Pix
P1888,Camiseta Feminina,284.49,158.78,125.71,Nf661990,Lezsui@Email.Com,2026-03-03,2026-03-03,Rs,42,Online,Boleto
P1889,Camiseta Masculina,200.56,162.98,37.58,Nf532244,Bqhebz@Email.Com,2025-05-29,2025-05-29,Pb,39,Loja,Pix
P1890,Camiseta Masculina,209.18,119.2,89.98,Nf573763,Utvtau@Email.Com,2025-01-24,2025-01-28,Ba,M,Online,Dinheiro
P1891,Tênis Feminino,246.45,155.9,90.55,Nf170436,Cqrbqe@Email.Com,2025-03-30,2025-04-03,Sc,42,Online,Cartão
P1892,Calça Masculina,573.14,295.09,278.05,Nf567465,Usjlut@Email.Com,2025-08-24,2025-08-25,Mg,42,Loja,Dinheiro
P1893,Tênis Masculino,126.92,82.55,44.37,Nf379215,Kadkzc@Email.Com,2026-01-17,2026-01-19,Rj,39,Online,Boleto
P1894,Calça Masculina,251.35,129.82,121.53,Nf771078,Jeocqk@Email.Com,2025-12-18,2025-12-18,Rj,40,Loja,Pix
P1895,Calça Masculina,459.53,255.87,203.66,Nf887442,Bbvemo@Email.Com,2025-03-12,2025-03-14,Sc,37,Online,Cartão
P1896,Tênis Feminino,260.79,153.35,107.44,Nf963451,Tzoqfd@Email.Com,2025-06-01,2025-06-01,Pr,37,Online,Boleto
P1897,Tênis Feminino,261.91,210.98,50.93,Nf731669,Wszmgf@Email.Com,2026-01-19,2026-01-22,Sp,P,Online,Dinheiro
P1898,Calça Masculina,244.81,163.67,81.14,Nf524364,Flsdku@Email.Com,2025-05-16,2025-05-17,Sp,37,Loja,Dinheiro
P1899,Camiseta Masculina,384.89,199.44,185.45,Nf404158,Uwlbpm@Email.Com,2026-01-01,2026-01-06,Rj,37,Loja,Cartão
P1900,Tênis Masculino,391.64,299.64,92.0,Nf113648,Qcndzv@Email.Com,2025-08-31,2025-08-31,Rj,40,Loja,Dinheiro
P1901,Camiseta Feminina,125.62,96.04,29.58,Nf811787,Ehcapp@Email.Com,2025-05-12,2025-05-16,Rj,39,Online,Boleto
P1902,Camiseta Feminina,340.6,262.13,78.47,Nf881101,Hauure@Email.Com,2025-06-26,2025-06-28,Rj,37,Online,Pix
P1903,Calça Masculina,293.4,154.0,139.4,Nf771426,Rvgkhx@Email.Com,2025-04-22,2025-04-27,Sp,37,Online,Pix
P1904,Calça Masculina,420.78,249.71,171.07,Nf210557,Itxyor@Email.Com,2026-04-09,2026-04-13,Pe,37,Loja,Pix
P1905,Tênis Masculino,321.82,228.83,92.99,Nf877493,Oecgfn@Email.Com,2025-05-21,2025-05-22,Pe,36,Online,Dinheiro
P1906,Tênis Feminino,68.87,56.88,11.99,Nf159768,Heyeay@Email.Com,2025-12-24,2025-12-27,Sp,38,Online,Boleto
P1907,Tênis Feminino,93.18,54.92,38.26,Nf403092,Hlsaeu@Email.Com,2025-11-13,2025-11-13,Rs,36,Loja,Cartão
P1908,Tênis Masculino,150.83,102.63,48.2,Nf295734,Ujznmi@Email.Com,2025-06-09,2025-06-12,Ce,40,Loja,Cartão
P1909,Calça Feminina,78.77,52.9,25.87,Nf213069,Notayf@Email.Com,2026-01-25,2026-01-25,Rs,42,Online,Boleto
P1910,Calça Masculina,519.39,265.5,253.89,Nf151149,Gbqmye@Email.Com,2026-02-11,2026-02-13,Pe,42,Loja,Dinheiro
P1911,Tênis Feminino,162.11,90.76,71.35,Nf740402,Sxhaat@Email.Com,2026-03-13,2026-03-13,Pe,40,Online,Pix
P1912,Camiseta Masculina,440.7,298.63,142.07,Nf603053,Cyqgtc@Email.Com,2025-05-02,2025-05-06,Pe,42,Online,Boleto
P1913,Calça Masculina,154.99,109.94,45.05,Nf617891,Penqvp@Email.Com,2025-12-02,2025-12-07,Mg,42,Loja,Pix
P1914,Camiseta Masculina,177.1,100.38,76.72,Nf492473,Nrckok@Email.Com,2025-03-05,2025-03-07,Rj,39,Loja,Dinheiro
P1915,Camiseta Masculina,211.05,156.85,54.2,Nf341897,Rfsorv@Email.Com,2026-01-31,2026-02-04,Pb,37,Online,Pix
P1916,Camiseta Masculina,182.99,108.7,74.29,Nf253601,Abcaeo@Email.Com,2026-03-14,2026-03-15,Sc,36,Online,Dinheiro
P1917,Calça Feminina,245.87,185.71,60.16,Nf169201,Mywdxw@Email.Com,2026-02-04,2026-02-08,Mg,38,Loja,Boleto
P1918,Camiseta Masculina,435.97,237.1,198.87,Nf581701,Bpsuqu@Email.Com,2025-03-29,2025-04-01,Pr,39,Loja,Pix
P1919,Camiseta Feminina,116.22,71.99,44.23,Nf997839,Txlyjr@Email.Com,2025-08-25,2025-08-25,Pr,36,Loja,Pix
P1920,Camiseta Masculina,434.13,295.04,139.09,Nf712009,Jjhpwa@Email.Com,2025-05-20,2025-05-23,Pe,P,Loja,Boleto
P1921,Calça Feminina,456.11,275.62,180.49,Nf856944,Ebnvkm@Email.Com,2025-09-12,2025-09-14,Pb,40,Online,Boleto
P1922,Calça Feminina,556.59,280.95,275.64,Nf780682,Eivkii@Email.Com,2026-03-25,2026-03-25,Ce,36,Loja,Pix
P1923,Tênis Feminino,376.5,269.93,106.57,Nf635445,Qiqqeo@Email.Com,2025-09-10,2025-09-14,Pe,37,Loja,Dinheiro
P1924,Calça Feminina,196.46,159.79,36.67,Nf139264,Aceslq@Email.Com,2025-11-26,2025-11-28,Pr,42,Loja,Dinheiro
P1925,Tênis Masculino,561.84,284.69,277.15,Nf215292,Gglvtd@Email.Com,2025-03-20,2025-03-23,Sc,P,Loja,Pix
P1926,Camiseta Feminina,369.65,221.85,147.8,Nf328912,Rgsaib@Email.Com,2025-03-04,2025-03-04,Pr,38,Online,Pix
P1927,Tênis Feminino,366.03,214.4,151.63,Nf713027,Jfympz@Email.Com,2025-11-03,2025-11-04,Rj,37,Online,Pix
P1928,Calça Feminina,77.4,55.52,21.88,Nf574883,Iyomoe@Email.Com,2025-07-13,2025-07-15,Mg,M,Online,Dinheiro
P1929,Tênis Feminino,161.03,111.68,49.35,Nf662616,Cfhhte@Email.Com,2025-07-01,2025-07-02,Pr,G,Loja,Pix
P1930,Tênis Feminino,272.02,146.13,125.89,Nf645504,Vzbdcj@Email.Com,2025-11-10,2025-11-10,Sp,42,Loja,Cartão
P1931,Camiseta Feminina,102.79,82.94,19.85,Nf600380,Qojnex@Email.Com,2026-01-14,2026-01-16,Mg,G,Loja,Dinheiro
P1932,Calça Feminina,304.93,160.47,144.46,Nf153355,Olcxbb@Email.Com,2025-11-12,2025-11-12,Pe,41,Online,Boleto
P1933,Camiseta Feminina,258.38,182.88,75.5,Nf677346,Znkons@Email.Com,2025-02-25,2025-03-02,Sc,42,Online,Dinheiro
P1934,Tênis Masculino,85.52,61.61,23.91,Nf454747,Rxrwbi@Email.Com,2026-04-07,2026-04-11,Pe,40,Loja,Boleto
P1935,Calça Masculina,379.35,215.6,163.75,Nf972906,Kyqfyk@Email.Com,2025-07-09,2025-07-11,Rj,40,Online,Dinheiro
P1936,Calça Masculina,100.33,56.74,43.59,Nf571681,Fodegt@Email.Com,2025-01-06,2025-01-09,Pe,41,Loja,Pix
P1937,Tênis Masculino,79.36,62.2,17.16,Nf455438,Ihzrpz@Email.Com,2025-12-28,2025-12-31,Rj,37,Loja,Cartão
P1938,Tênis Feminino,496.55,295.5,201.05,Nf610569,Lhghoo@Email.Com,2025-05-14,2025-05-14,Rj,39,Loja,Pix
P1939,Calça Masculina,301.23,186.65,114.58,Nf272086,Dgiwqx@Email.Com,2025-01-30,2025-02-04,Rj,M,Loja,Dinheiro
P1940,Tênis Feminino,382.49,208.56,173.93,Nf219426,Pfqrjn@Email.Com,2025-02-07,2025-02-09,Sp,G,Loja,Dinheiro
P1941,Camiseta Feminina,362.45,203.63,158.82,Nf211039,Tzsqjd@Email.Com,2026-03-19,2026-03-19,Pr,36,Online,Cartão
P1942,Camiseta Feminina,165.23,103.29,61.94,Nf178460,Vdrlwt@Email.Com,2025-01-09,2025-01-11,Pr,P,Online,Cartão
P1943,Tênis Feminino,243.54,164.41,79.13,Nf986966,Wzbahi@Email.Com,2025-01-17,2025-01-19,Pb,39,Online,Pix
P1944,Camiseta Masculina,140.63,94.9,45.73,Nf394847,Vqzpim@Email.Com,2025-07-25,2025-07-28,Ba,40,Online,Boleto
P1945,Camiseta Masculina,375.41,226.63,148.78,Nf537162,Rhupvh@Email.Com,2025-04-25,2025-04-28,Rj,39,Loja,Dinheiro
P1946,Calça Masculina,202.01,110.28,91.73,Nf419959,Gzbphb@Email.Com,2025-12-02,2025-12-06,Mg,38,Loja,Boleto
P1947,Tênis Feminino,78.9,63.38,15.52,Nf518890,Hwvhvd@Email.Com,2025-09-19,2025-09-23,Ce,42,Loja,Pix
P1948,Calça Feminina,555.91,299.92,255.99,Nf164885,Hhohmc@Email.Com,2025-03-08,2025-03-13,Pb,42,Online,Boleto
P1949,Calça Masculina,208.7,130.2,78.5,Nf390849,Qbohuw@Email.Com,2025-07-25,2025-07-26,Sc,P,Online,Boleto
P1950,Calça Masculina,134.98,72.0,62.98,Nf623992,Jhffzw@Email.Com,2025-08-03,2025-08-04,Mg,40,Loja,Dinheiro
P1951,Calça Feminina,251.24,130.33,120.91,Nf917652,Edhiza@Email.Com,2025-07-20,2025-07-23,Pr,37,Online,Dinheiro
P1952,Tênis Feminino,216.38,124.7,91.68,Nf380592,Ilnphx@Email.Com,2025-05-31,2025-05-31,Ce,G,Online,Pix
P1953,Camiseta Feminina,89.55,64.74,24.81,Nf346051,Zdlhvr@Email.Com,2026-03-01,2026-03-01,Rj,42,Loja,Dinheiro
P1954,Calça Masculina,146.07,105.06,41.01,Nf606833,Fysrjh@Email.Com,2025-08-13,2025-08-17,Ba,42,Loja,Boleto
P1955,Camiseta Masculina,69.53,50.19,19.34,Nf902869,Gxhicu@Email.Com,2025-01-04,2025-01-08,Ce,38,Online,Pix
P1956,Calça Feminina,268.55,181.63,86.92,Nf299180,Lhgaer@Email.Com,2026-03-19,2026-03-23,Rj,41,Loja,Dinheiro
P1957,Calça Feminina,111.95,74.86,37.09,Nf346621,Nsxtov@Email.Com,2025-05-02,2025-05-02,Sc,G,Online,Boleto
P1958,Calça Feminina,298.15,235.67,62.48,Nf227526,Kchusg@Email.Com,2025-01-20,2025-01-21,Pr,P,Loja,Cartão
P1959,Tênis Feminino,471.12,238.89,232.23,Nf306058,Ofrhcp@Email.Com,2026-02-14,2026-02-15,Pb,P,Loja,Pix
P1960,Camiseta Feminina,175.48,133.68,41.8,Nf812353,Eikzoq@Email.Com,2025-07-30,2025-08-04,Ba,42,Loja,Boleto
P1961,Calça Masculina,204.09,142.65,61.44,Nf969298,Dpccpz@Email.Com,2025-08-14,2025-08-18,Rj,41,Loja,Boleto
P1962,Calça Feminina,185.68,130.56,55.12,Nf628301,Wkstdm@Email.Com,2026-04-26,2026-05-01,Pe,M,Online,Cartão
P1963,Camiseta Masculina,158.15,87.13,71.02,Nf239187,Biibbd@Email.Com,2025-06-06,2025-06-11,Rj,42,Loja,Pix
P1964,Tênis Masculino,317.01,196.99,120.02,Nf274993,Uqkipa@Email.Com,2026-03-21,2026-03-22,Pe,G,Online,Cartão
P1965,Camiseta Masculina,106.96,56.43,50.53,Nf201859,Crpdmi@Email.Com,2025-09-23,2025-09-27,Rs,M,Online,Boleto
P1966,Tênis Feminino,478.42,282.57,195.85,Nf402652,Mzesqt@Email.Com,2026-04-12,2026-04-17,Sp,37,Online,Boleto
P1967,Camiseta Masculina,301.62,156.35,145.27,Nf639096,Vxxuzi@Email.Com,2025-06-07,2025-06-11,Pb,39,Loja,Dinheiro
P1968,Tênis Masculino,290.72,160.63,130.09,Nf262780,Chnzcd@Email.Com,2025-07-02,2025-07-06,Ba,40,Online,Pix
P1969,Tênis Masculino,440.3,276.27,164.03,Nf907683,Dbieuj@Email.Com,2025-08-05,2025-08-09,Mg,38,Loja,Pix
P1970,Camiseta Masculina,238.24,119.69,118.55,Nf385449,Aadjyo@Email.Com,2025-12-04,2025-12-05,Ba,40,Loja,Pix
P1971,Calça Feminina,370.94,252.22,118.72,Nf860454,Aevrdu@Email.Com,2025-04-24,2025-04-28,Sp,40,Online,Pix
P1972,Camiseta Feminina,338.89,222.12,116.77,Nf226116,Bpsfsm@Email.Com,2025-08-21,2025-08-23,Mg,37,Online,Boleto
P1973,Calça Feminina,90.45,72.04,18.41,Nf892785,Nlwalo@Email.Com,2026-03-28,2026-04-02,Pe,G,Online,Dinheiro
P1974,Tênis Feminino,135.7,75.76,59.94,Nf832519,Oqiuct@Email.Com,2025-02-17,2025-02-21,Pe,40,Loja,Dinheiro
P1975,Camiseta Feminina,105.22,68.93,36.29,Nf608244,Rkeikc@Email.Com,2026-03-26,2026-03-27,Mg,39,Online,Boleto
P1976,Calça Feminina,173.72,127.55,46.17,Nf223958,Getdht@Email.Com,2025-02-26,2025-03-01,Mg,36,Online,Dinheiro
P1977,Tênis Feminino,121.83,97.0,24.83,Nf988140,Xppjsd@Email.Com,2025-10-16,2025-10-16,Pr,G,Loja,Boleto
P1978,Camiseta Feminina,357.0,256.54,100.46,Nf450678,Teqqmc@Email.Com,2026-02-21,2026-02-21,Pb,42,Loja,Boleto
P1979,Camiseta Feminina,181.02,98.15,82.87,Nf668336,Eefvoi@Email.Com,2025-12-30,2025-12-31,Ba,P,Online,Boleto
P1980,Calça Feminina,396.17,298.05,98.12,Nf325663,Drpdkc@Email.Com,2025-02-18,2025-02-18,Ce,37,Online,Cartão
P1981,Camiseta Feminina,152.93,77.03,75.9,Nf240774,Hzjfzd@Email.Com,2026-01-01,2026-01-04,Mg,G,Online,Cartão
P1982,Calça Masculina,492.42,264.09,228.33,Nf160980,Fxuspo@Email.Com,2025-12-27,2026-01-01,Ce,38,Online,Dinheiro
P1983,Camiseta Feminina,408.24,233.53,174.71,Nf151441,Lkgfwn@Email.Com,2025-01-02,2025-01-07,Mg,39,Online,Boleto
P1984,Calça Feminina,215.36,160.75,54.61,Nf533964,Cjncmz@Email.Com,2026-01-17,2026-01-21,Sp,M,Loja,Cartão
P1985,Camiseta Masculina,409.67,212.32,197.35,Nf411478,Ddirli@Email.Com,2025-07-20,2025-07-20,Pe,P,Loja,Cartão
P1986,Camiseta Feminina,87.26,52.83,34.43,Nf134579,Aghxmi@Email.Com,2026-03-19,2026-03-22,Pe,G,Loja,Boleto
P1987,Calça Feminina,195.96,114.29,81.67,Nf294189,Faxuwg@Email.Com,2025-07-07,2025-07-08,Rs,G,Online,Boleto
P1988,Camiseta Feminina,362.41,200.34,162.07,Nf926692,Wbnfte@Email.Com,2025-01-09,2025-01-09,Pr,P,Online,Pix
P1989,Camiseta Masculina,247.95,185.38,62.57,Nf647486,Rzmtov@Email.Com,2025-02-11,2025-02-14,Mg,36,Online,Dinheiro
P1990,Tênis Feminino,135.14,81.33,53.81,Nf286642,Kctval@Email.Com,2025-01-08,2025-01-13,Pr,37,Online,Boleto
P1991,Calça Masculina,151.11,89.24,61.87,Nf481742,Rhbqtr@Email.Com,2025-04-29,2025-05-01,Rj,42,Loja,Dinheiro
P1992,Tênis Masculino,552.15,284.43,267.72,Nf720636,Pcezgp@Email.Com,2025-07-31,2025-08-02,Ba,36,Online,Dinheiro
P1993,Tênis Feminino,433.36,254.29,179.07,Nf517002,Kxngll@Email.Com,2025-12-03,2025-12-06,Pb,P,Online,Cartão
P1994,Camiseta Feminina,448.27,279.24,169.03,Nf837751,Dsvesz@Email.Com,2026-04-19,2026-04-22,Rs,M,Online,Cartão
P1995,Calça Masculina,490.67,256.57,234.1,Nf439208,Tdalxd@Email.Com,2025-10-13,2025-10-16,Mg,36,Online,Cartão
P1996,Calça Feminina,181.12,128.22,52.9,Nf491680,Fcjsrq@Email.Com,2026-01-17,2026-01-19,Ce,39,Online,Boleto
P1997,Calça Feminina,84.09,69.97,14.12,Nf267722,Icjhbs@Email.Com,2025-10-18,2025-10-22,Rj,42,Online,Boleto
P1998,Camiseta Feminina,320.03,204.02,116.01,Nf472155,Cdsvxg@Email.Com,2025-07-19,2025-07-19,Pb,M,Loja,Pix
P1999,Calça Masculina,150.41,106.01,44.4,Nf801558,Aqcgyg@Email.Com,2026-01-15,2026-01-16,Rj,M,Loja,Dinheiro
P2000,Calça Masculina,266.58,194.93,71.65,Nf174419,Ivxkxm@Email.Com,2025-01-27,2025-02-01,Rs,42,Loja,Cartão
P2001,Calça Feminina,544.97,275.93,269.04,Nf786282,Ddkszs@Email.Com,2025-06-22,2025-06-22,Sp,39,Online,Dinheiro
P2002,Camiseta Masculina,205.81,164.63,41.18,Nf731000,Ornsle@Email.Com,2026-02-05,2026-02-07,Rj,P,Online,Boleto
P2003,Calça Feminina,125.09,102.05,23.04,Nf347299,Oaleeb@Email.Com,2025-07-23,2025-07-27,Sc,40,Online,Cartão
P2004,Camiseta Masculina,230.21,131.68,98.53,Nf676822,Ycjytr@Email.Com,2025-08-19,2025-08-21,Sc,37,Loja,Cartão
P2005,Tênis Masculino,187.26,94.4,92.86,Nf789051,Dyeqtb@Email.Com,2025-04-19,2025-04-22,Sp,39,Online,Dinheiro
P2006,Camiseta Masculina,310.17,233.85,76.32,Nf142567,Fhzpcf@Email.Com,2025-12-06,2025-12-07,Rj,36,Online,Dinheiro
P2007,Calça Feminina,356.2,290.18,66.02,Nf721936,Qkgotl@Email.Com,2025-07-06,2025-07-10,Pe,41,Online,Pix
P2008,Tênis Feminino,163.95,84.64,79.31,Nf387153,Sxxggc@Email.Com,2026-02-22,2026-02-27,Pe,38,Online,Dinheiro
P2009,Camiseta Masculina,212.61,113.51,99.1,Nf435419,Vgpnzx@Email.Com,2025-12-05,2025-12-07,Pr,G,Loja,Dinheiro
P2010,Tênis Feminino,105.81,58.53,47.28,Nf531761,Vmknqe@Email.Com,2025-08-24,2025-08-28,Pr,38,Online,Boleto
P2011,Calça Masculina,211.46,139.36,72.1,Nf227193,Pqoqme@Email.Com,2026-04-18,2026-04-20,Mg,40,Loja,Boleto
P2012,Tênis Masculino,352.02,291.55,60.47,Nf772670,Llowpo@Email.Com,2025-03-15,2025-03-20,Rj,M,Online,Dinheiro
P2013,Tênis Feminino,446.53,282.17,164.36,Nf129747,Yykzyw@Email.Com,2025-08-11,2025-08-13,Ba,M,Loja,Boleto
P2014,Tênis Feminino,66.61,52.3,14.31,Nf181427,Sgdhml@Email.Com,2025-10-28,2025-10-28,Pr,40,Loja,Dinheiro
P2015,Tênis Feminino,431.4,232.87,198.53,Nf206465,Zxufqz@Email.Com,2025-09-24,2025-09-26,Rj,36,Loja,Cartão
P2016,Camiseta Feminina,158.43,119.95,38.48,Nf993086,Vzguut@Email.Com,2025-09-13,2025-09-18,Pe,37,Loja,Pix
P2017,Camiseta Feminina,333.96,169.14,164.82,Nf553075,Egdelb@Email.Com,2025-11-29,2025-12-02,Pe,36,Online,Pix
P2018,Tênis Feminino,307.65,174.59,133.06,Nf382788,Dlmara@Email.Com,2025-02-08,2025-02-08,Rs,37,Online,Dinheiro
P2019,Calça Masculina,542.75,271.7,271.05,Nf455090,Lwsfzh@Email.Com,2025-06-30,2025-07-01,Rs,P,Loja,Dinheiro
P2020,Calça Masculina,442.37,253.34,189.03,Nf444928,Aiggwx@Email.Com,2025-10-11,2025-10-14,Sp,37,Loja,Pix
P2021,Camiseta Masculina,289.91,184.6,105.31,Nf895935,Wllxoi@Email.Com,2025-05-20,2025-05-24,Rs,M,Online,Pix
P2022,Tênis Masculino,211.81,116.05,95.76,Nf176090,Msnsmc@Email.Com,2025-02-07,2025-02-09,Pe,38,Online,Dinheiro
P2023,Calça Feminina,392.13,202.71,189.42,Nf292993,Opdwov@Email.Com,2025-07-05,2025-07-08,Sc,G,Loja,Dinheiro
P2024,Tênis Masculino,78.79,58.13,20.66,Nf861964,Yvtwbq@Email.Com,2026-04-15,2026-04-20,Ba,G,Online,Dinheiro
P2025,Calça Feminina,384.69,226.35,158.34,Nf222931,Tyomzv@Email.Com,2025-12-14,2025-12-17,Pb,42,Online,Cartão
P2026,Camiseta Masculina,314.87,182.3,132.57,Nf323820,Xeoqre@Email.Com,2025-08-18,2025-08-21,Pb,40,Loja,Boleto
P2027,Calça Masculina,136.79,101.96,34.83,Nf104295,Rehang@Email.Com,2026-03-16,2026-03-19,Pb,41,Online,Dinheiro
P2028,Calça Feminina,107.51,55.98,51.53,Nf876679,Stjzxl@Email.Com,2025-03-06,2025-03-06,Sp,42,Online,Dinheiro
P2029,Camiseta Feminina,131.32,68.71,62.61,Nf588144,Gwzykd@Email.Com,2025-05-20,2025-05-24,Pr,37,Online,Pix
P2030,Calça Masculina,272.49,217.79,54.7,Nf301468,Vurjtt@Email.Com,2026-02-01,2026-02-06,Pr,P,Online,Cartão
P2031,Tênis Masculino,523.69,288.95,234.74,Nf862066,Zzwdgs@Email.Com,2025-06-15,2025-06-15,Sc,39,Online,Pix
P2032,Camiseta Feminina,547.51,284.93,262.58,Nf747555,Amzsaq@Email.Com,2026-03-13,2026-03-13,Sp,38,Loja,Dinheiro
P2033,Tênis Masculino,270.15,170.53,99.62,Nf926901,Zkxzpz@Email.Com,2025-12-19,2025-12-24,Pe,37,Loja,Pix
P2034,Calça Masculina,202.0,133.9,68.1,Nf701921,Divatf@Email.Com,2025-06-05,2025-06-06,Sp,38,Online,Boleto
P2035,Camiseta Feminina,258.65,201.33,57.32,Nf989249,Dalqpe@Email.Com,2025-10-13,2025-10-18,Mg,M,Loja,Boleto
P2036,Calça Masculina,265.78,186.12,79.66,Nf193555,Wbddau@Email.Com,2025-01-25,2025-01-26,Pe,38,Loja,Boleto
P2037,Calça Masculina,356.52,263.94,92.58,Nf138800,Vofiwt@Email.Com,2025-12-30,2025-12-31,Pb,M,Loja,Cartão
P2038,Calça Masculina,362.61,207.57,155.04,Nf727295,Cyzhyu@Email.Com,2025-04-19,2025-04-19,Rs,41,Loja,Cartão
P2039,Calça Masculina,357.03,229.56,127.47,Nf598041,Qxvoho@Email.Com,2025-03-16,2025-03-17,Rs,P,Loja,Cartão
P2040,Tênis Masculino,284.34,182.31,102.03,Nf389554,Qeoets@Email.Com,2025-06-17,2025-06-19,Sp,39,Loja,Cartão
P2041,Tênis Feminino,163.13,88.3,74.83,Nf378597,Dgcbfr@Email.Com,2025-01-27,2025-01-29,Pb,M,Loja,Dinheiro
P2042,Calça Feminina,409.01,228.24,180.77,Nf867426,Hdjldt@Email.Com,2025-08-20,2025-08-23,Mg,36,Loja,Cartão
P2043,Calça Feminina,256.3,210.19,46.11,Nf462500,Hoxeyo@Email.Com,2026-01-25,2026-01-30,Ba,37,Loja,Cartão
P2044,Tênis Masculino,216.72,155.18,61.54,Nf495580,Fqjmzu@Email.Com,2025-04-20,2025-04-22,Ce,37,Loja,Dinheiro
P2045,Calça Masculina,351.54,221.4,130.14,Nf698692,Njqjsn@Email.Com,2026-02-12,2026-02-12,Ce,41,Online,Boleto
P2046,Camiseta Feminina,279.71,173.21,106.5,Nf742558,Ddbvjg@Email.Com,2026-01-29,2026-01-31,Pr,40,Online,Pix
P2047,Tênis Feminino,500.89,252.61,248.28,Nf598872,Vanvek@Email.Com,2025-07-26,2025-07-26,Pb,40,Online,Dinheiro
P2048,Calça Masculina,280.62,200.17,80.45,Nf456223,Eotqzm@Email.Com,2025-06-09,2025-06-13,Sp,36,Loja,Boleto
P2049,Camiseta Feminina,100.14,64.12,36.02,Nf841807,Jlinpo@Email.Com,2026-02-17,2026-02-21,Pr,39,Online,Cartão
P2050,Calça Masculina,409.92,291.3,118.62,Nf499131,Pvvrad@Email.Com,2026-03-27,2026-03-29,Pe,42,Loja,Cartão
P2051,Camiseta Masculina,283.16,146.17,136.99,Nf250663,Nrwntk@Email.Com,2026-03-01,2026-03-06,Pe,42,Online,Pix
P2052,Tênis Masculino,273.67,180.68,92.99,Nf447469,Pzljfm@Email.Com,2025-11-18,2025-11-22,Mg,39,Loja,Cartão
P2053,Tênis Feminino,198.95,109.64,89.31,Nf361571,Hlddnj@Email.Com,2025-05-31,2025-05-31,Ce,36,Loja,Pix
P2054,Tênis Masculino,387.57,220.13,167.44,Nf288485,Orzfyj@Email.Com,2026-03-06,2026-03-07,Mg,38,Loja,Boleto
P2055,Tênis Masculino,199.9,120.2,79.7,Nf298662,Pmmkix@Email.Com,2025-03-24,2025-03-25,Rs,42,Loja,Boleto
P2056,Camiseta Masculina,116.92,73.39,43.53,Nf558481,Qehfrm@Email.Com,2025-08-08,2025-08-10,Ba,37,Online,Dinheiro
P2057,Tênis Feminino,172.13,90.38,81.75,Nf324739,Wnuqtu@Email.Com,2025-08-30,2025-09-04,Sc,38,Online,Cartão
P2058,Camiseta Masculina,245.43,144.65,100.78,Nf769760,Fmmuzp@Email.Com,2025-10-15,2025-10-19,Ba,40,Online,Boleto
P2059,Calça Masculina,476.12,290.32,185.8,Nf344317,Onroml@Email.Com,2025-08-22,2025-08-23,Pr,37,Loja,Cartão
P2060,Tênis Masculino,559.7,279.96,279.74,Nf813670,Bkiibg@Email.Com,2025-06-21,2025-06-21,Ce,42,Online,Cartão
P2061,Calça Masculina,268.09,183.15,84.94,Nf494782,Guanbk@Email.Com,2025-01-10,2025-01-10,Ba,38,Loja,Cartão
P2062,Tênis Feminino,355.89,204.35,151.54,Nf473240,Cgihja@Email.Com,2025-11-20,2025-11-23,Ba,G,Loja,Pix
P2063,Tênis Feminino,292.35,204.63,87.72,Nf994150,Ctoxau@Email.Com,2025-04-22,2025-04-27,Sp,P,Loja,Pix
P2064,Camiseta Feminina,398.93,226.31,172.62,Nf247671,Llgmvw@Email.Com,2025-05-23,2025-05-24,Pr,36,Loja,Pix
P2065,Tênis Feminino,343.68,233.53,110.15,Nf835164,Iirpqr@Email.Com,2025-02-09,2025-02-10,Sc,36,Online,Cartão
P2066,Tênis Feminino,507.99,278.52,229.47,Nf783735,Tsdyjt@Email.Com,2025-10-10,2025-10-12,Mg,41,Online,Boleto
P2067,Camiseta Feminina,357.76,198.63,159.13,Nf486926,Qbofcu@Email.Com,2026-02-17,2026-02-20,Ba,P,Loja,Pix
P2068,Calça Masculina,159.56,103.51,56.05,Nf821491,Gcqkbo@Email.Com,2025-02-04,2025-02-04,Ba,37,Online,Pix
P2069,Camiseta Feminina,280.85,179.39,101.46,Nf829530,Bqploe@Email.Com,2025-12-24,2025-12-26,Pe,41,Online,Boleto
P2070,Tênis Feminino,474.49,247.65,226.84,Nf703750,Scvitb@Email.Com,2025-09-27,2025-09-28,Pb,G,Loja,Dinheiro
P2071,Tênis Masculino,128.9,103.91,24.99,Nf791748,Prurdo@Email.Com,2025-08-12,2025-08-13,Mg,41,Online,Boleto
P2072,Tênis Masculino,201.15,152.22,48.93,Nf359735,Yixscf@Email.Com,2026-01-09,2026-01-14,Pr,P,Loja,Pix
P2073,Tênis Feminino,381.76,197.66,184.1,Nf903792,Wahpsh@Email.Com,2025-02-08,2025-02-11,Pb,38,Loja,Pix
P2074,Tênis Masculino,258.07,148.11,109.96,Nf963307,Vybvzx@Email.Com,2025-07-28,2025-07-29,Pr,G,Loja,Dinheiro
P2075,Calça Masculina,309.88,204.62,105.26,Nf511085,Dbmhhb@Email.Com,2025-10-01,2025-10-01,Rs,40,Loja,Boleto
P2076,Camiseta Feminina,206.69,132.55,74.14,Nf474471,Pmzvih@Email.Com,2025-05-31,2025-06-04,Rj,G,Online,Boleto
P2077,Camiseta Feminina,269.07,191.63,77.44,Nf322767,Jumiqf@Email.Com,2025-10-09,2025-10-12,Pe,P,Loja,Cartão
P2078,Calça Masculina,371.28,270.89,100.39,Nf566287,Agtwcp@Email.Com,2025-10-05,2025-10-05,Mg,P,Online,Boleto
P2079,Camiseta Masculina,140.02,88.21,51.81,Nf226539,Pdrqmg@Email.Com,2026-01-30,2026-01-31,Pr,40,Loja,Boleto
P2080,Calça Masculina,287.98,170.85,117.13,Nf245062,Zzkqms@Email.Com,2025-04-23,2025-04-27,Pb,P,Online,Pix
P2081,Camiseta Feminina,290.83,188.63,102.2,Nf274528,Vzfmlz@Email.Com,2026-04-06,2026-04-10,Pb,P,Online,Pix
P2082,Calça Masculina,197.99,152.92,45.07,Nf321926,Xzruqd@Email.Com,2025-12-25,2025-12-29,Pe,G,Online,Boleto
P2083,Tênis Feminino,135.74,69.72,66.02,Nf300523,Oruowo@Email.Com,2025-07-20,2025-07-24,Ce,36,Online,Boleto
P2084,Camiseta Feminina,340.84,271.06,69.78,Nf245385,Neflgb@Email.Com,2025-08-30,2025-09-02,Sp,42,Loja,Boleto
P2085,Tênis Feminino,194.84,111.71,83.13,Nf162482,Nvrjhe@Email.Com,2025-05-16,2025-05-19,Rs,42,Online,Pix
P2086,Camiseta Masculina,339.21,262.2,77.01,Nf466217,Ijptdo@Email.Com,2025-08-15,2025-08-15,Pe,G,Loja,Cartão
P2087,Camiseta Feminina,273.02,197.58,75.44,Nf155407,Opefga@Email.Com,2025-07-13,2025-07-14,Ba,M,Online,Pix
P2088,Calça Masculina,102.65,73.11,29.54,Nf943622,Afomwq@Email.Com,2025-04-26,2025-04-29,Mg,40,Online,Dinheiro
P2089,Camiseta Feminina,305.29,157.97,147.32,Nf883675,Pwlmqf@Email.Com,2025-07-27,2025-07-27,Sc,39,Online,Cartão
P2090,Camiseta Masculina,159.24,84.13,75.11,Nf161039,Zrnidh@Email.Com,2026-02-19,2026-02-21,Pe,38,Loja,Pix
P2091,Camiseta Feminina,216.96,165.53,51.43,Nf916224,Pacagj@Email.Com,2026-01-04,2026-01-05,Pe,37,Online,Boleto
P2092,Tênis Feminino,506.7,287.87,218.83,Nf737382,Llasvs@Email.Com,2025-03-03,2025-03-05,Rs,M,Loja,Pix
P2093,Camiseta Masculina,236.68,177.83,58.85,Nf880418,Wdttxe@Email.Com,2025-07-20,2025-07-21,Ba,38,Online,Pix
P2094,Calça Feminina,331.85,167.06,164.79,Nf972518,Urptum@Email.Com,2025-03-30,2025-04-04,Mg,G,Online,Dinheiro
P2095,Calça Masculina,162.54,84.28,78.26,Nf458152,Kvmoxh@Email.Com,2026-03-26,2026-03-29,Ce,39,Loja,Cartão
P2096,Calça Feminina,489.52,283.09,206.43,Nf812367,Xaarob@Email.Com,2026-02-15,2026-02-16,Pe,37,Loja,Cartão
P2097,Camiseta Masculina,481.27,260.17,221.1,Nf581024,Eatzas@Email.Com,2025-02-15,2025-02-19,Pr,36,Loja,Cartão
P2098,Calça Feminina,306.49,156.81,149.68,Nf118901,Xbtrba@Email.Com,2025-07-08,2025-07-11,Ba,39,Online,Boleto
P2099,Camiseta Masculina,161.69,122.62,39.07,Nf235338,Hvjfcs@Email.Com,2026-04-09,2026-04-10,Pr,41,Loja,Boleto
P2100,Calça Feminina,321.05,178.65,142.4,Nf838003,Warbri@Email.Com,2025-10-25,2025-10-29,Pe,41,Loja,Boleto
P2101,Calça Feminina,406.83,284.96,121.87,Nf677926,Tkaqxy@Email.Com,2025-06-22,2025-06-26,Pb,P,Loja,Dinheiro
P2102,Camiseta Feminina,234.7,122.06,112.64,Nf973227,Nkjtrx@Email.Com,2025-08-19,2025-08-20,Pb,40,Online,Pix
P2103,Tênis Masculino,491.34,288.95,202.39,Nf985289,Inqduc@Email.Com,2025-07-05,2025-07-10,Sp,41,Online,Pix
P2104,Calça Masculina,475.84,280.0,195.84,Nf449313,Mkwprm@Email.Com,2025-08-17,2025-08-18,Ce,39,Online,Dinheiro
P2105,Calça Masculina,190.41,144.83,45.58,Nf370375,Njsodx@Email.Com,2025-12-26,2025-12-29,Rj,42,Online,Boleto
P2106,Camiseta Feminina,433.45,263.28,170.17,Nf112447,Yorvoy@Email.Com,2025-07-28,2025-07-29,Sc,42,Online,Cartão
P2107,Tênis Feminino,184.66,96.2,88.46,Nf202222,Ryqjoq@Email.Com,2025-05-20,2025-05-23,Sp,42,Online,Boleto
P2108,Tênis Masculino,352.54,277.35,75.19,Nf322127,Qpojoj@Email.Com,2026-02-12,2026-02-15,Ce,P,Online,Pix
P2109,Calça Masculina,245.71,139.12,106.59,Nf352258,Fqfabh@Email.Com,2025-11-02,2025-11-04,Ba,37,Online,Pix
P2110,Calça Feminina,118.24,71.51,46.73,Nf222887,Czdkgf@Email.Com,2026-02-03,2026-02-05,Pr,41,Online,Cartão
P2111,Camiseta Feminina,170.33,129.7,40.63,Nf728952,Aaczbp@Email.Com,2025-06-19,2025-06-24,Pb,40,Online,Pix
P2112,Camiseta Feminina,108.97,83.35,25.62,Nf904806,Attqvw@Email.Com,2025-07-22,2025-07-24,Pr,41,Loja,Cartão
P2113,Calça Masculina,332.98,212.36,120.62,Nf381485,Mytvcp@Email.Com,2026-02-05,2026-02-07,Pr,37,Loja,Boleto
P2114,Calça Feminina,439.92,286.5,153.42,Nf872990,Zggbsg@Email.Com,2025-05-27,2025-05-27,Rs,36,Online,Cartão
P2115,Tênis Feminino,308.5,252.33,56.17,Nf562561,Thkjhh@Email.Com,2025-01-02,2025-01-02,Sp,37,Online,Boleto
P2116,Camiseta Feminina,221.24,137.27,83.97,Nf738005,Bjbgfx@Email.Com,2025-08-21,2025-08-23,Ce,40,Loja,Dinheiro
P2117,Tênis Feminino,120.31,68.83,51.48,Nf825984,Lyqvws@Email.Com,2025-01-06,2025-01-06,Mg,39,Online,Dinheiro
P2118,Calça Feminina,98.12,52.22,45.9,Nf511532,Xaboua@Email.Com,2025-09-29,2025-10-03,Sc,G,Loja,Boleto
P2119,Camiseta Feminina,391.98,235.71,156.27,Nf957917,Xslouo@Email.Com,2025-01-09,2025-01-13,Rj,41,Loja,Boleto
P2120,Camiseta Feminina,248.14,206.46,41.68,Nf951587,Sgvznx@Email.Com,2025-10-01,2025-10-03,Rj,37,Online,Cartão
P2121,Tênis Masculino,531.77,278.41,253.36,Nf432794,Pmskpm@Email.Com,2025-07-01,2025-07-01,Ce,37,Loja,Pix
P2122,Tênis Masculino,448.85,243.01,205.84,Nf567464,Nanrri@Email.Com,2025-03-29,2025-03-31,Ba,G,Loja,Dinheiro
P2123,Camiseta Masculina,572.8,296.88,275.92,Nf566821,Vasbmu@Email.Com,2025-11-11,2025-11-11,Pr,41,Loja,Dinheiro
P2124,Camiseta Masculina,343.92,184.18,159.74,Nf489188,Ngnyfs@Email.Com,2025-02-20,2025-02-20,Rs,36,Online,Pix
P2125,Calça Feminina,454.85,234.7,220.15,Nf552737,Nxpboh@Email.Com,2026-03-12,2026-03-14,Mg,41,Loja,Boleto
P2126,Tênis Masculino,567.51,288.95,278.56,Nf512672,Thdaww@Email.Com,2025-04-30,2025-05-03,Rs,38,Online,Boleto
P2127,Camiseta Masculina,228.53,115.89,112.64,Nf655784,Xpxcoc@Email.Com,2025-10-25,2025-10-27,Ce,P,Online,Cartão
P2128,Camiseta Masculina,111.1,78.93,32.17,Nf394575,Jhbtua@Email.Com,2025-03-29,2025-04-02,Pr,42,Online,Boleto
P2129,Camiseta Masculina,253.22,192.3,60.92,Nf486717,Pqdrny@Email.Com,2025-09-07,2025-09-12,Pb,40,Online,Cartão
P2130,Tênis Masculino,177.28,97.97,79.31,Nf650210,Pcbkkv@Email.Com,2025-06-14,2025-06-15,Sp,39,Online,Pix
P2131,Calça Masculina,156.23,109.67,46.56,Nf614884,Jjddbr@Email.Com,2025-04-02,2025-04-03,Ce,M,Loja,Boleto
P2132,Tênis Masculino,385.34,215.78,169.56,Nf799664,Apaelh@Email.Com,2025-12-04,2025-12-06,Pb,P,Online,Pix
P2133,Camiseta Masculina,92.34,56.21,36.13,Nf935754,Hhkzsl@Email.Com,2025-01-27,2025-02-01,Ce,38,Online,Cartão
P2134,Tênis Masculino,393.21,198.23,194.98,Nf566784,Ngmtcn@Email.Com,2025-04-29,2025-05-01,Pb,M,Online,Dinheiro
P2135,Camiseta Feminina,167.46,98.47,68.99,Nf510608,Djcebp@Email.Com,2025-08-01,2025-08-04,Mg,G,Loja,Pix
P2136,Camiseta Masculina,304.74,236.9,67.84,Nf702964,Tbhcfh@Email.Com,2025-02-05,2025-02-06,Pb,41,Online,Boleto
P2137,Tênis Feminino,432.65,293.32,139.33,Nf909017,Zigxjp@Email.Com,2025-09-02,2025-09-07,Ce,36,Loja,Pix
P2138,Calça Masculina,339.27,280.9,58.37,Nf816770,Kriiub@Email.Com,2025-07-15,2025-07-15,Pb,36,Online,Dinheiro
P2139,Calça Feminina,179.33,111.51,67.82,Nf224831,Glbbfo@Email.Com,2026-02-22,2026-02-22,Rj,40,Online,Pix
P2140,Tênis Masculino,169.76,92.27,77.49,Nf517954,Krjazy@Email.Com,2026-02-27,2026-02-28,Mg,M,Loja,Pix
P2141,Camiseta Feminina,176.13,108.66,67.47,Nf466519,Asuilx@Email.Com,2025-04-10,2025-04-15,Pe,39,Online,Dinheiro
P2142,Calça Masculina,317.45,219.6,97.85,Nf214821,Exyakk@Email.Com,2025-07-12,2025-07-14,Sp,42,Online,Pix
P2143,Calça Masculina,218.58,153.38,65.2,Nf759821,Oyxijn@Email.Com,2025-10-25,2025-10-28,Ce,42,Online,Dinheiro
P2144,Tênis Feminino,119.31,83.95,35.36,Nf140606,Lqtmbg@Email.Com,2025-01-15,2025-01-15,Rs,M,Loja,Dinheiro
P2145,Camiseta Masculina,523.23,271.19,252.04,Nf670729,Wgrphv@Email.Com,2026-04-24,2026-04-28,Pe,40,Loja,Cartão
P2146,Camiseta Masculina,406.8,283.01,123.79,Nf462931,Gfmscv@Email.Com,2025-09-11,2025-09-13,Ba,P,Online,Dinheiro
P2147,Calça Feminina,368.47,263.51,104.96,Nf173804,Cmjkbp@Email.Com,2025-04-25,2025-04-27,Ba,37,Loja,Dinheiro
P2148,Camiseta Feminina,389.79,211.49,178.3,Nf393995,Wucgtt@Email.Com,2025-08-12,2025-08-13,Pb,M,Online,Boleto
P2149,Camiseta Masculina,264.39,206.75,57.64,Nf265787,Thladj@Email.Com,2025-11-15,2025-11-18,Pr,38,Online,Pix
P2150,Calça Feminina,183.59,122.31,61.28,Nf953461,Caqgbt@Email.Com,2025-08-20,2025-08-21,Sc,36,Online,Pix
P2151,Camiseta Feminina,245.42,187.92,57.5,Nf310465,Vkvxqt@Email.Com,2025-06-05,2025-06-06,Pe,40,Online,Dinheiro
P2152,Calça Feminina,358.95,213.21,145.74,Nf707615,Ogflpp@Email.Com,2025-02-10,2025-02-11,Sp,42,Online,Boleto
P2153,Camiseta Masculina,223.8,127.05,96.75,Nf789387,Xybgyj@Email.Com,2026-03-19,2026-03-21,Rs,P,Online,Dinheiro
P2154,Calça Masculina,542.98,292.43,250.55,Nf493723,Eozhyt@Email.Com,2025-01-12,2025-01-15,Rj,42,Online,Dinheiro
P2155,Camiseta Masculina,240.42,125.45,114.97,Nf506548,Dyvpww@Email.Com,2026-02-22,2026-02-26,Ce,37,Loja,Dinheiro
P2156,Tênis Feminino,198.3,140.63,57.67,Nf320928,Yjivln@Email.Com,2025-03-11,2025-03-15,Pe,P,Loja,Pix
P2157,Tênis Feminino,167.17,136.17,31.0,Nf948010,Xahxvb@Email.Com,2025-04-25,2025-04-27,Pb,M,Loja,Dinheiro
P2158,Tênis Feminino,160.5,89.47,71.03,Nf201605,Lumxuc@Email.Com,2025-10-11,2025-10-14,Mg,G,Loja,Pix
P2159,Calça Feminina,344.0,176.43,167.57,Nf812584,Qeeznf@Email.Com,2026-01-17,2026-01-17,Pb,P,Loja,Boleto
P2160,Camiseta Feminina,248.88,128.63,120.25,Nf114847,Yujllv@Email.Com,2025-08-29,2025-09-03,Pb,40,Online,Dinheiro
P2161,Camiseta Feminina,165.31,119.8,45.51,Nf731987,Wcsuyp@Email.Com,2025-03-31,2025-04-01,Mg,36,Loja,Pix
P2162,Calça Feminina,245.03,180.95,64.08,Nf688136,Mouuhl@Email.Com,2025-07-29,2025-07-30,Ce,36,Loja,Cartão
P2163,Calça Feminina,278.57,153.64,124.93,Nf658203,Auluxz@Email.Com,2025-12-26,2025-12-28,Ba,G,Loja,Boleto
P2164,Calça Masculina,367.79,288.01,79.78,Nf454658,Ckzkxp@Email.Com,2025-08-22,2025-08-25,Sc,M,Online,Dinheiro
P2165,Tênis Feminino,442.92,230.54,212.38,Nf170110,Edprfy@Email.Com,2025-02-03,2025-02-04,Mg,M,Loja,Cartão
P2166,Camiseta Masculina,443.58,227.73,215.85,Nf900259,Fomzdt@Email.Com,2026-04-30,2026-04-30,Mg,40,Online,Boleto
P2167,Tênis Masculino,374.78,239.96,134.82,Nf465296,Loknzj@Email.Com,2025-11-09,2025-11-13,Pb,38,Loja,Cartão
P2168,Camiseta Masculina,185.27,93.63,91.64,Nf157078,Hwjmzf@Email.Com,2025-05-30,2025-06-04,Pe,P,Online,Pix
P2169,Calça Masculina,491.6,256.02,235.58,Nf932138,Wodbec@Email.Com,2025-01-30,2025-02-03,Sp,37,Loja,Pix
P2170,Calça Feminina,335.43,268.49,66.94,Nf446900,Qzmtdg@Email.Com,2025-08-28,2025-09-01,Pr,38,Online,Pix
P2171,Tênis Masculino,83.94,51.85,32.09,Nf234200,Nbcdym@Email.Com,2026-02-04,2026-02-08,Sc,42,Online,Cartão
P2172,Calça Feminina,381.97,200.45,181.52,Nf617570,Megxob@Email.Com,2025-09-20,2025-09-20,Pe,37,Loja,Pix
P2173,Calça Feminina,364.1,290.49,73.61,Nf879266,Hnixyd@Email.Com,2025-09-03,2025-09-08,Rs,37,Loja,Pix
P2174,Calça Feminina,313.75,174.59,139.16,Nf960193,Lzgapf@Email.Com,2026-01-14,2026-01-15,Pb,38,Loja,Cartão
P2175,Tênis Feminino,542.85,272.54,270.31,Nf514753,Hkaaze@Email.Com,2025-05-03,2025-05-06,Pb,42,Online,Dinheiro
P2176,Calça Masculina,75.04,53.66,21.38,Nf869547,Xcttkq@Email.Com,2025-03-13,2025-03-18,Pr,41,Loja,Boleto
P2177,Calça Feminina,156.65,123.78,32.87,Nf729804,Hcjmtn@Email.Com,2025-01-23,2025-01-23,Mg,40,Loja,Cartão
P2178,Camiseta Feminina,145.67,117.91,27.76,Nf901599,Cjqlks@Email.Com,2025-11-29,2025-11-30,Sp,38,Online,Cartão
P2179,Tênis Masculino,78.96,55.89,23.07,Nf418792,Mutgih@Email.Com,2025-06-29,2025-06-29,Mg,37,Online,Boleto
P2180,Calça Masculina,90.45,57.64,32.81,Nf849503,Yyreze@Email.Com,2025-02-22,2025-02-23,Mg,39,Online,Dinheiro
P2181,Calça Feminina,173.35,96.19,77.16,Nf237414,Ihksqh@Email.Com,2025-11-21,2025-11-24,Rj,39,Loja,Dinheiro
P2182,Tênis Feminino,130.94,84.51,46.43,Nf887835,Phsswj@Email.Com,2025-03-10,2025-03-10,Ce,42,Loja,Boleto
P2183,Camiseta Feminina,188.0,122.05,65.95,Nf164726,Kqphld@Email.Com,2026-02-22,2026-02-23,Sp,39,Loja,Dinheiro
P2184,Camiseta Feminina,389.96,261.02,128.94,Nf518833,Xxihwk@Email.Com,2025-05-14,2025-05-18,Rs,G,Online,Dinheiro
P2185,Tênis Masculino,112.93,69.15,43.78,Nf937879,Hogugl@Email.Com,2025-01-27,2025-01-28,Ba,38,Loja,Boleto
P2186,Calça Feminina,573.15,288.41,284.74,Nf459001,Nhkiye@Email.Com,2026-04-05,2026-04-05,Pr,40,Online,Boleto
P2187,Tênis Feminino,243.98,142.42,101.56,Nf281353,Mhwdhw@Email.Com,2025-12-23,2025-12-25,Ce,G,Loja,Dinheiro
P2188,Camiseta Feminina,487.54,274.59,212.95,Nf982014,Wqzwwi@Email.Com,2026-04-21,2026-04-25,Rj,38,Loja,Dinheiro
P2189,Tênis Feminino,433.3,277.67,155.63,Nf606430,Unljee@Email.Com,2026-02-17,2026-02-17,Pr,37,Online,Dinheiro
P2190,Tênis Masculino,195.24,109.04,86.2,Nf428165,Gbzrxw@Email.Com,2025-02-12,2025-02-17,Rs,37,Loja,Cartão
P2191,Tênis Feminino,134.08,80.43,53.65,Nf731105,Usnwac@Email.Com,2025-05-16,2025-05-17,Ce,M,Loja,Pix
P2192,Calça Masculina,357.24,208.99,148.25,Nf609280,Fdfaxy@Email.Com,2025-05-20,2025-05-20,Pe,36,Loja,Pix
P2193,Calça Masculina,276.8,177.75,99.05,Nf534136,Odbgrq@Email.Com,2025-11-09,2025-11-12,Rj,41,Online,Pix
P2194,Camiseta Feminina,181.96,146.81,35.15,Nf776141,Ypvtev@Email.Com,2025-06-02,2025-06-02,Rj,G,Loja,Boleto
P2195,Calça Feminina,158.06,125.98,32.08,Nf831561,Pybsms@Email.Com,2026-02-14,2026-02-14,Rs,M,Online,Pix
P2196,Tênis Feminino,135.65,92.87,42.78,Nf501181,Svautd@Email.Com,2026-02-06,2026-02-06,Sp,41,Loja,Pix
P2197,Tênis Feminino,331.22,230.15,101.07,Nf697333,Xqcusl@Email.Com,2025-06-10,2025-06-10,Sp,36,Loja,Cartão
P2198,Tênis Feminino,99.66,71.42,28.24,Nf190698,Axbqfd@Email.Com,2025-01-23,2025-01-27,Sp,40,Loja,Cartão
P2199,Calça Feminina,227.44,130.47,96.97,Nf773014,Ihrjco@Email.Com,2025-01-02,2025-01-06,Rj,M,Online,Dinheiro
P2200,Camiseta Feminina,414.23,242.44,171.79,Nf438864,Nuwsay@Email.Com,2026-02-03,2026-02-06,Pr,40,Online,Boleto
P2201,Calça Feminina,304.11,236.85,67.26,Nf780198,Ynacya@Email.Com,2025-10-25,2025-10-30,Ba,M,Loja,Cartão
P2202,Tênis Masculino,316.54,178.28,138.26,Nf949333,Owawpo@Email.Com,2026-02-23,2026-02-28,Mg,39,Online,Boleto
P2203,Camiseta Masculina,408.58,214.86,193.72,Nf746147,Ncfacr@Email.Com,2025-01-09,2025-01-09,Pb,37,Online,Dinheiro
P2204,Camiseta Feminina,347.14,192.74,154.4,Nf496899,Estltc@Email.Com,2025-06-30,2025-07-04,Sp,M,Loja,Pix
P2205,Calça Feminina,229.09,141.1,87.99,Nf677997,Lpexin@Email.Com,2025-12-10,2025-12-11,Sc,G,Loja,Pix
P2206,Calça Masculina,560.83,288.34,272.49,Nf143951,Pnwyey@Email.Com,2026-03-11,2026-03-11,Pr,39,Online,Boleto
P2207,Camiseta Masculina,367.94,265.6,102.34,Nf432372,Zxuefi@Email.Com,2025-02-04,2025-02-05,Sc,42,Online,Cartão
P2208,Tênis Masculino,172.97,86.96,86.01,Nf740533,Gwhfcf@Email.Com,2025-08-02,2025-08-05,Sc,40,Loja,Cartão
P2209,Tênis Feminino,125.88,69.95,55.93,Nf627195,Jyubgx@Email.Com,2026-03-02,2026-03-05,Pr,38,Loja,Cartão
P2210,Camiseta Feminina,297.87,218.16,79.71,Nf926562,Jukmot@Email.Com,2025-08-07,2025-08-08,Pr,36,Online,Boleto
P2211,Camiseta Feminina,304.82,241.48,63.34,Nf587390,Nakqex@Email.Com,2025-11-29,2025-11-29,Sp,37,Online,Pix
P2212,Camiseta Masculina,218.9,134.71,84.19,Nf877603,Vxrtqe@Email.Com,2025-01-02,2025-01-07,Rj,G,Online,Boleto
P2213,Calça Masculina,268.93,203.39,65.54,Nf688012,Yhsqxx@Email.Com,2025-08-26,2025-08-29,Pr,M,Online,Cartão
P2214,Tênis Feminino,145.22,87.89,57.33,Nf401884,Wdolua@Email.Com,2025-01-06,2025-01-08,Pr,M,Online,Boleto
P2215,Calça Feminina,450.19,256.85,193.34,Nf877421,Lmkeps@Email.Com,2025-08-21,2025-08-23,Mg,40,Loja,Cartão
P2216,Tênis Masculino,573.02,293.08,279.94,Nf283273,Posgql@Email.Com,2025-03-30,2025-04-03,Ba,38,Online,Dinheiro
P2217,Tênis Feminino,146.42,109.84,36.58,Nf309424,Tlsscm@Email.Com,2025-07-23,2025-07-26,Sc,38,Online,Boleto
P2218,Camiseta Masculina,143.47,117.06,26.41,Nf916848,Lnpfot@Email.Com,2025-06-09,2025-06-14,Ce,36,Loja,Dinheiro
P2219,Tênis Feminino,294.87,171.79,123.08,Nf206533,Nlwpcw@Email.Com,2025-08-28,2025-09-02,Pe,38,Online,Dinheiro
P2220,Calça Masculina,408.35,232.63,175.72,Nf309884,Spaujq@Email.Com,2025-10-29,2025-10-31,Rs,M,Loja,Dinheiro
P2221,Tênis Feminino,103.05,54.9,48.15,Nf715164,Clwnno@Email.Com,2025-03-18,2025-03-21,Pe,G,Loja,Cartão
P2222,Tênis Feminino,279.09,147.76,131.33,Nf405376,Drzqnm@Email.Com,2026-02-21,2026-02-22,Rs,40,Loja,Boleto
P2223,Tênis Feminino,147.43,109.59,37.84,Nf395542,Jbexxr@Email.Com,2025-07-04,2025-07-04,Mg,39,Online,Dinheiro
P2224,Tênis Feminino,508.85,268.53,240.32,Nf206230,Gqisnr@Email.Com,2025-01-25,2025-01-28,Ce,M,Online,Pix
P2225,Camiseta Masculina,228.98,138.15,90.83,Nf591380,Rgeqas@Email.Com,2025-06-11,2025-06-12,Pr,42,Loja,Boleto
P2226,Calça Masculina,416.69,244.71,171.98,Nf297702,Okgmwq@Email.Com,2025-04-28,2025-05-01,Ba,36,Online,Cartão
P2227,Tênis Feminino,241.63,156.73,84.9,Nf902949,Dsjswp@Email.Com,2026-02-26,2026-02-26,Pb,42,Loja,Boleto
P2228,Tênis Masculino,86.32,63.18,23.14,Nf694953,Mdeljl@Email.Com,2025-04-03,2025-04-06,Sc,40,Loja,Cartão
P2229,Calça Masculina,381.1,261.4,119.7,Nf354897,Gqrryl@Email.Com,2025-06-14,2025-06-18,Rs,P,Online,Boleto
P2230,Camiseta Feminina,256.07,184.23,71.84,Nf850662,Bycbvu@Email.Com,2026-04-05,2026-04-07,Sp,42,Loja,Dinheiro
P2231,Calça Masculina,337.81,277.6,60.21,Nf817585,Wrgeoh@Email.Com,2026-02-05,2026-02-06,Ba,P,Loja,Cartão
P2232,Calça Feminina,405.96,276.98,128.98,Nf837285,Qzbrxn@Email.Com,2025-03-09,2025-03-12,Pe,39,Loja,Boleto
P2233,Calça Masculina,445.58,279.93,165.65,Nf641361,Scnvjb@Email.Com,2025-06-28,2025-07-02,Rs,37,Loja,Pix
P2234,Calça Masculina,125.06,63.6,61.46,Nf578758,Imsjtk@Email.Com,2025-04-26,2025-05-01,Pb,40,Online,Boleto
P2235,Calça Feminina,408.71,230.5,178.21,Nf954376,Esusqv@Email.Com,2025-07-09,2025-07-13,Ce,P,Online,Cartão
P2236,Camiseta Feminina,130.27,88.47,41.8,Nf837516,Csfvxi@Email.Com,2025-10-25,2025-10-30,Pe,G,Online,Dinheiro
P2237,Calça Masculina,584.6,298.33,286.27,Nf848124,Fbmwzc@Email.Com,2025-06-07,2025-06-09,Sc,M,Online,Cartão
P2238,Calça Feminina,149.02,75.53,73.49,Nf953186,Nnlvxu@Email.Com,2026-02-19,2026-02-21,Mg,G,Online,Cartão
P2239,Calça Feminina,185.23,101.33,83.9,Nf105376,Yyrpdk@Email.Com,2025-12-12,2025-12-15,Ce,41,Online,Cartão
P2240,Calça Masculina,237.9,149.6,88.3,Nf166854,Kahlkb@Email.Com,2025-03-13,2025-03-16,Rj,41,Online,Boleto
P2241,Tênis Masculino,351.03,251.86,99.17,Nf803706,Qiorly@Email.Com,2025-07-11,2025-07-16,Mg,38,Online,Pix
P2242,Camiseta Masculina,107.96,59.86,48.1,Nf366903,Dxmytv@Email.Com,2025-09-30,2025-10-05,Mg,42,Loja,Cartão
P2243,Calça Feminina,329.72,216.98,112.74,Nf393365,Cwspqp@Email.Com,2025-12-12,2025-12-17,Ba,39,Online,Boleto
P2244,Calça Masculina,155.68,96.61,59.07,Nf144503,Pprvmv@Email.Com,2025-07-05,2025-07-08,Mg,M,Online,Pix
P2245,Calça Masculina,85.24,62.09,23.15,Nf942879,Qkbpak@Email.Com,2026-04-22,2026-04-24,Sc,P,Online,Boleto
P2246,Calça Feminina,322.1,263.91,58.19,Nf679401,Erfrcd@Email.Com,2025-04-27,2025-04-27,Sc,M,Online,Dinheiro
P2247,Camiseta Masculina,385.1,196.35,188.75,Nf618880,Tshodr@Email.Com,2026-04-06,2026-04-08,Ba,37,Loja,Dinheiro
P2248,Camiseta Feminina,265.18,202.51,62.67,Nf451266,Apklie@Email.Com,2025-01-26,2025-01-29,Ce,36,Online,Cartão
P2249,Calça Feminina,296.05,204.74,91.31,Nf279305,Thamkq@Email.Com,2025-11-20,2025-11-24,Pe,38,Online,Cartão
P2250,Calça Feminina,290.57,215.56,75.01,Nf157915,Tsfayb@Email.Com,2025-10-31,2025-11-02,Sp,P,Online,Boleto
P2251,Camiseta Masculina,138.27,82.47,55.8,Nf875367,Gupnix@Email.Com,2025-03-06,2025-03-06,Ce,M,Online,Pix
P2252,Calça Masculina,301.34,246.68,54.66,Nf596045,Xncdes@Email.Com,2025-01-20,2025-01-25,Pb,40,Loja,Pix
P2253,Calça Feminina,263.62,162.61,101.01,Nf292064,Zwygbh@Email.Com,2025-03-02,2025-03-03,Ce,38,Online,Boleto
P2254,Calça Feminina,195.23,121.48,73.75,Nf985224,Mekxog@Email.Com,2025-07-04,2025-07-09,Pb,37,Online,Boleto
P2255,Tênis Masculino,301.28,175.39,125.89,Nf735632,Lbmece@Email.Com,2025-07-17,2025-07-22,Pr,39,Online,Pix
P2256,Camiseta Masculina,135.83,89.12,46.71,Nf590858,Rkhqja@Email.Com,2026-03-02,2026-03-05,Sp,40,Online,Boleto
P2257,Camiseta Feminina,103.31,54.65,48.66,Nf226143,Nrrrir@Email.Com,2025-07-15,2025-07-20,Pb,P,Online,Dinheiro
P2258,Calça Masculina,161.55,128.51,33.04,Nf723940,Phqone@Email.Com,2025-12-10,2025-12-11,Rs,42,Online,Dinheiro
P2259,Tênis Feminino,381.82,295.4,86.42,Nf755870,Ndrluo@Email.Com,2025-04-07,2025-04-08,Sc,G,Online,Cartão
P2260,Calça Masculina,507.9,264.85,243.05,Nf148171,Pwydxl@Email.Com,2025-06-25,2025-06-27,Pr,42,Loja,Cartão
P2261,Calça Masculina,231.74,135.4,96.34,Nf436909,Vyotfk@Email.Com,2026-02-24,2026-02-28,Pb,40,Online,Dinheiro
P2262,Camiseta Feminina,220.63,157.2,63.43,Nf223254,Vluvun@Email.Com,2025-05-20,2025-05-22,Pe,36,Online,Cartão
P2263,Calça Feminina,76.07,58.08,17.99,Nf501658,Gdmfer@Email.Com,2025-01-10,2025-01-14,Ba,40,Online,Cartão
P2264,Camiseta Feminina,325.55,240.93,84.62,Nf865868,Ggwkuk@Email.Com,2025-11-03,2025-11-08,Rs,36,Loja,Dinheiro
P2265,Tênis Feminino,344.97,279.48,65.49,Nf481927,Fwndkl@Email.Com,2025-06-18,2025-06-21,Sc,38,Online,Cartão
P2266,Camiseta Masculina,283.31,156.17,127.14,Nf213509,Njhtcq@Email.Com,2026-02-08,2026-02-09,Rj,M,Loja,Pix
P2267,Calça Masculina,151.2,93.79,57.41,Nf278924,Nrohnu@Email.Com,2025-09-17,2025-09-20,Sc,M,Loja,Pix
P2268,Tênis Feminino,251.92,152.28,99.64,Nf260446,Aoisrx@Email.Com,2025-11-02,2025-11-03,Pe,40,Loja,Boleto
P2269,Camiseta Feminina,354.65,251.93,102.72,Nf458776,Cfbvcu@Email.Com,2025-11-21,2025-11-21,Sp,P,Online,Boleto
P2270,Calça Feminina,475.03,298.54,176.49,Nf325160,Fovnzt@Email.Com,2026-04-17,2026-04-19,Pe,P,Online,Boleto
P2271,Camiseta Masculina,305.2,166.78,138.42,Nf924383,Ocbzhs@Email.Com,2025-06-05,2025-06-05,Rs,41,Loja,Cartão
P2272,Calça Feminina,214.6,139.72,74.88,Nf366508,Jtoayq@Email.Com,2026-04-23,2026-04-26,Rj,36,Loja,Cartão
P2273,Tênis Masculino,172.17,126.7,45.47,Nf382004,Zjzmno@Email.Com,2025-06-02,2025-06-02,Rj,38,Loja,Dinheiro
P2274,Camiseta Masculina,79.66,50.34,29.32,Nf978231,Otucmx@Email.Com,2026-01-08,2026-01-10,Pe,40,Loja,Boleto
P2275,Calça Feminina,199.8,148.21,51.59,Nf340953,Afxito@Email.Com,2026-02-01,2026-02-02,Rs,38,Loja,Cartão
P2276,Calça Feminina,430.1,260.49,169.61,Nf151922,Vprfcb@Email.Com,2025-10-17,2025-10-18,Sc,41,Loja,Dinheiro
P2277,Tênis Masculino,473.74,262.9,210.84,Nf213252,Arekmx@Email.Com,2025-03-01,2025-03-01,Sc,36,Loja,Dinheiro
P2278,Tênis Feminino,414.58,274.36,140.22,Nf786666,Tyuapr@Email.Com,2025-07-10,2025-07-14,Pb,36,Loja,Pix
P2279,Calça Masculina,376.17,208.15,168.02,Nf115816,Ifogxj@Email.Com,2025-03-05,2025-03-06,Ba,40,Loja,Pix
P2280,Camiseta Feminina,386.95,205.99,180.96,Nf723325,Uzdumh@Email.Com,2026-02-28,2026-03-04,Ba,41,Loja,Pix
P2281,Calça Feminina,275.47,177.69,97.78,Nf109644,Vymxxq@Email.Com,2025-01-27,2025-01-29,Mg,41,Loja,Pix
P2282,Camiseta Masculina,368.53,256.98,111.55,Nf948851,Zioxrz@Email.Com,2025-09-22,2025-09-24,Ba,42,Loja,Dinheiro
P2283,Calça Masculina,420.75,232.28,188.47,Nf302195,Gzntrc@Email.Com,2025-10-22,2025-10-25,Rj,39,Online,Pix
P2284,Calça Feminina,421.9,275.55,146.35,Nf235033,Ewnebc@Email.Com,2026-01-27,2026-02-01,Rs,41,Loja,Dinheiro
P2285,Camiseta Feminina,146.3,106.45,39.85,Nf842583,Pzwtyz@Email.Com,2026-02-14,2026-02-17,Rj,42,Loja,Cartão
P2286,Tênis Feminino,165.46,90.44,75.02,Nf594489,Fgacni@Email.Com,2025-02-12,2025-02-17,Rs,36,Loja,Boleto
P2287,Tênis Masculino,496.57,289.26,207.31,Nf180638,Qgnucu@Email.Com,2026-04-07,2026-04-09,Pe,38,Online,Pix
P2288,Camiseta Feminina,458.72,239.68,219.04,Nf283975,Ubkcgg@Email.Com,2025-01-07,2025-01-09,Sp,39,Online,Pix
P2289,Camiseta Masculina,149.57,82.73,66.84,Nf606560,Qbargk@Email.Com,2025-01-06,2025-01-07,Ce,41,Loja,Cartão
P2290,Calça Masculina,338.62,203.91,134.71,Nf211926,Gubpje@Email.Com,2025-05-02,2025-05-06,Mg,P,Loja,Pix
P2291,Tênis Feminino,363.1,250.61,112.49,Nf483813,Yuhsvn@Email.Com,2025-03-15,2025-03-18,Rs,G,Online,Dinheiro
P2292,Tênis Feminino,369.24,247.02,122.22,Nf237426,Hplaxo@Email.Com,2026-01-21,2026-01-25,Pr,40,Loja,Boleto
P2293,Calça Feminina,203.49,134.9,68.59,Nf210274,Smkiya@Email.Com,2025-06-04,2025-06-07,Pr,40,Loja,Cartão
P2294,Tênis Masculino,468.61,254.96,213.65,Nf252578,Aupkgn@Email.Com,2025-09-24,2025-09-25,Rj,G,Online,Pix
P2295,Tênis Masculino,123.89,102.35,21.54,Nf227190,Nsuddj@Email.Com,2025-03-24,2025-03-29,Pe,39,Loja,Boleto
P2296,Calça Masculina,287.4,210.65,76.75,Nf805709,Miexyf@Email.Com,2025-09-28,2025-09-29,Pe,37,Online,Pix
P2297,Calça Feminina,290.35,177.79,112.56,Nf638949,Ljczrz@Email.Com,2025-12-18,2025-12-21,Pr,40,Loja,Dinheiro
P2298,Calça Feminina,265.11,154.61,110.5,Nf855330,Ffrezz@Email.Com,2025-11-20,2025-11-24,Pe,G,Loja,Cartão
P2299,Tênis Masculino,381.02,191.8,189.22,Nf162758,Lczthn@Email.Com,2025-06-10,2025-06-11,Mg,G,Loja,Boleto
P2300,Tênis Masculino,366.98,294.21,72.77,Nf888121,Qvhgqn@Email.Com,2025-07-24,2025-07-26,Mg,39,Loja,Dinheiro
P2301,Tênis Masculino,358.39,279.27,79.12,Nf275497,Iomedh@Email.Com,2025-04-13,2025-04-16,Pb,P,Loja,Dinheiro
P2302,Camiseta Masculina,231.64,148.47,83.17,Nf424928,Zmgkor@Email.Com,2025-10-14,2025-10-14,Rj,P,Online,Cartão
P2303,Tênis Feminino,305.57,169.12,136.45,Nf408172,Foeniv@Email.Com,2025-11-24,2025-11-25,Ce,41,Online,Cartão
P2304,Tênis Feminino,168.23,127.19,41.04,Nf778844,Wutdrx@Email.Com,2025-12-27,2025-12-30,Pr,42,Online,Cartão
P2305,Calça Masculina,132.74,72.73,60.01,Nf813623,Cihckb@Email.Com,2025-03-24,2025-03-25,Mg,G,Loja,Pix
P2306,Tênis Masculino,217.5,120.43,97.07,Nf347043,Fqznvn@Email.Com,2025-10-27,2025-10-31,Mg,42,Loja,Dinheiro
P2307,Camiseta Masculina,246.95,142.7,104.25,Nf413565,Bkigqn@Email.Com,2025-05-15,2025-05-17,Rs,M,Online,Pix
P2308,Tênis Feminino,304.4,238.8,65.6,Nf399085,Fujdfr@Email.Com,2026-01-27,2026-01-28,Sc,40,Loja,Boleto
P2309,Camiseta Feminina,445.72,252.7,193.02,Nf236590,Zaqxbh@Email.Com,2025-06-15,2025-06-18,Sc,39,Loja,Dinheiro
P2310,Calça Masculina,151.4,101.57,49.83,Nf564280,Ysxnwx@Email.Com,2025-10-12,2025-10-17,Pb,38,Loja,Pix
P2311,Tênis Feminino,60.89,50.63,10.26,Nf688326,Esafge@Email.Com,2025-11-14,2025-11-19,Rj,41,Online,Boleto
P2312,Tênis Feminino,261.28,193.72,67.56,Nf907457,Qocfnv@Email.Com,2025-04-28,2025-05-03,Pr,42,Online,Dinheiro
P2313,Tênis Masculino,178.18,103.03,75.15,Nf515931,Mfjzwy@Email.Com,2025-06-21,2025-06-25,Pe,M,Loja,Cartão
P2314,Camiseta Feminina,436.24,280.94,155.3,Nf525392,Tmaave@Email.Com,2025-10-03,2025-10-06,Rs,37,Online,Cartão
P2315,Calça Masculina,279.22,182.81,96.41,Nf198770,Rkyorp@Email.Com,2025-08-24,2025-08-29,Mg,40,Online,Cartão
P2316,Camiseta Masculina,209.28,115.05,94.23,Nf776790,Knryow@Email.Com,2025-06-27,2025-07-01,Sp,38,Online,Boleto
P2317,Tênis Feminino,195.64,122.79,72.85,Nf111452,Oenxvd@Email.Com,2026-03-18,2026-03-18,Pe,41,Online,Dinheiro
P2318,Camiseta Feminina,255.12,180.03,75.09,Nf776849,Uisutr@Email.Com,2025-06-20,2025-06-20,Sc,41,Loja,Pix
P2319,Camiseta Masculina,237.85,176.46,61.39,Nf344448,Qykxht@Email.Com,2025-10-31,2025-11-02,Mg,40,Online,Dinheiro
P2320,Calça Feminina,263.35,209.07,54.28,Nf330213,Ptmfud@Email.Com,2026-02-28,2026-03-02,Pr,36,Loja,Boleto
P2321,Camiseta Feminina,360.06,216.4,143.66,Nf581487,Eqczkz@Email.Com,2025-12-28,2025-12-28,Rs,G,Online,Boleto
P2322,Tênis Feminino,206.77,171.35,35.42,Nf581238,Nwwaaq@Email.Com,2025-10-17,2025-10-20,Mg,36,Loja,Cartão
P2323,Calça Masculina,421.17,238.33,182.84,Nf783292,Zprarp@Email.Com,2026-04-03,2026-04-05,Pr,40,Loja,Cartão
P2324,Tênis Masculino,451.48,293.8,157.68,Nf146475,Pfeyll@Email.Com,2026-04-03,2026-04-03,Sp,39,Online,Boleto
P2325,Calça Masculina,100.32,50.5,49.82,Nf528059,Ognhfc@Email.Com,2025-10-11,2025-10-15,Ce,38,Online,Pix
P2326,Camiseta Feminina,145.72,116.89,28.83,Nf801861,Nazsyn@Email.Com,2025-05-01,2025-05-05,Sc,40,Online,Boleto
P2327,Camiseta Feminina,300.44,150.93,149.51,Nf923752,Jglznz@Email.Com,2025-12-10,2025-12-15,Pr,G,Online,Dinheiro
P2328,Tênis Masculino,341.17,185.72,155.45,Nf961397,Mmdycf@Email.Com,2025-10-02,2025-10-05,Pe,41,Loja,Pix
P2329,Tênis Feminino,256.39,196.58,59.81,Nf185025,Fspzvj@Email.Com,2025-03-09,2025-03-14,Ba,G,Loja,Pix
P2330,Tênis Masculino,155.5,97.61,57.89,Nf646587,Jbxazn@Email.Com,2025-08-26,2025-08-30,Pb,41,Online,Boleto
P2331,Calça Feminina,242.43,173.53,68.9,Nf165135,Gydxaz@Email.Com,2025-10-05,2025-10-09,Sp,38,Online,Boleto
P2332,Calça Feminina,202.62,115.67,86.95,Nf938837,Vvzpai@Email.Com,2026-04-03,2026-04-08,Ba,P,Loja,Pix
P2333,Tênis Masculino,276.96,208.64,68.32,Nf596160,Gpymjv@Email.Com,2025-09-07,2025-09-11,Ce,M,Online,Pix
P2334,Tênis Feminino,141.01,109.3,31.71,Nf300364,Ugxwtu@Email.Com,2026-04-20,2026-04-23,Rj,P,Loja,Pix
P2335,Tênis Masculino,160.13,116.99,43.14,Nf794032,Exadjb@Email.Com,2025-08-06,2025-08-06,Ce,39,Loja,Boleto
P2336,Tênis Masculino,176.79,92.04,84.75,Nf861433,Ezllaf@Email.Com,2025-05-31,2025-05-31,Pr,40,Loja,Boleto
P2337,Calça Feminina,485.81,290.16,195.65,Nf131976,Plgwhp@Email.Com,2025-11-07,2025-11-12,Pe,P,Online,Boleto
P2338,Tênis Feminino,415.01,268.04,146.97,Nf211080,Zjxnnh@Email.Com,2025-05-26,2025-05-31,Ce,38,Online,Cartão
P2339,Camiseta Feminina,508.58,284.18,224.4,Nf121882,Kbulbr@Email.Com,2025-02-23,2025-02-23,Sp,G,Loja,Pix
P2340,Camiseta Masculina,179.35,140.2,39.15,Nf230454,Xzlnzl@Email.Com,2025-07-12,2025-07-14,Rs,41,Online,Cartão
P2341,Calça Feminina,379.42,296.43,82.99,Nf898741,Fnwmij@Email.Com,2026-01-12,2026-01-15,Pr,P,Online,Pix
P2342,Calça Feminina,393.9,297.11,96.79,Nf867622,Matgat@Email.Com,2025-07-16,2025-07-20,Ba,P,Online,Boleto
P2343,Tênis Masculino,257.6,192.37,65.23,Nf873148,Vtroty@Email.Com,2026-04-21,2026-04-21,Ce,42,Loja,Boleto
P2344,Camiseta Masculina,224.92,133.26,91.66,Nf117103,Ysxibl@Email.Com,2026-02-12,2026-02-16,Rj,36,Loja,Boleto
P2345,Calça Masculina,96.1,73.7,22.4,Nf921804,Cmyvpj@Email.Com,2025-03-18,2025-03-22,Rs,M,Loja,Cartão
P2346,Camiseta Feminina,174.61,112.86,61.75,Nf555945,Juymro@Email.Com,2025-05-17,2025-05-21,Sc,36,Loja,Boleto
P2347,Tênis Feminino,73.4,58.54,14.86,Nf855999,Pyosio@Email.Com,2025-11-14,2025-11-14,Pe,P,Loja,Dinheiro
P2348,Calça Feminina,480.89,248.8,232.09,Nf108188,Xpbdad@Email.Com,2025-04-17,2025-04-22,Sp,40,Loja,Boleto
P2349,Tênis Masculino,151.21,111.78,39.43,Nf173430,Vdokhn@Email.Com,2026-01-14,2026-01-14,Sp,41,Online,Pix
P2350,Tênis Masculino,296.51,159.46,137.05,Nf391097,Sqblcv@Email.Com,2026-02-01,2026-02-06,Mg,36,Online,Boleto
P2351,Camiseta Feminina,121.57,74.27,47.3,Nf482790,Fmkmbb@Email.Com,2025-09-12,2025-09-16,Rj,38,Loja,Dinheiro
P2352,Tênis Masculino,364.82,260.3,104.52,Nf798334,Jigwxr@Email.Com,2025-03-29,2025-03-30,Pr,37,Loja,Dinheiro
P2353,Calça Masculina,135.4,107.78,27.62,Nf390810,Pwpyul@Email.Com,2025-06-07,2025-06-10,Rj,41,Loja,Dinheiro
P2354,Tênis Masculino,148.01,121.11,26.9,Nf938384,Gzzdsh@Email.Com,2026-02-03,2026-02-04,Sc,39,Loja,Dinheiro
P2355,Calça Feminina,176.42,119.75,56.67,Nf619844,Sewcxu@Email.Com,2025-03-03,2025-03-08,Pb,37,Online,Cartão
P2356,Camiseta Feminina,536.4,277.5,258.9,Nf837750,Ydjlgb@Email.Com,2026-01-29,2026-01-29,Pb,G,Online,Dinheiro
P2357,Camiseta Feminina,159.29,113.99,45.3,Nf296054,Pmtfpe@Email.Com,2026-04-21,2026-04-22,Pe,40,Loja,Dinheiro
P2358,Tênis Masculino,178.83,94.61,84.22,Nf626308,Zmfmet@Email.Com,2026-01-24,2026-01-24,Rj,39,Loja,Dinheiro
P2359,Calça Feminina,102.93,82.47,20.46,Nf945726,Lcwgwy@Email.Com,2025-03-18,2025-03-23,Pe,41,Online,Pix
P2360,Tênis Masculino,302.38,186.14,116.24,Nf475923,Usanyf@Email.Com,2025-12-26,2025-12-29,Pr,39,Online,Cartão
P2361,Tênis Masculino,510.38,278.05,232.33,Nf130402,Mvokuj@Email.Com,2025-02-27,2025-02-27,Pe,38,Online,Boleto
P2362,Camiseta Feminina,358.78,248.67,110.11,Nf920625,Nceaim@Email.Com,2025-03-27,2025-03-30,Rs,37,Online,Dinheiro
P2363,Tênis Masculino,232.04,172.43,59.61,Nf125138,Xvgpfl@Email.Com,2025-08-17,2025-08-22,Sp,37,Loja,Dinheiro
P2364,Tênis Feminino,325.02,253.42,71.6,Nf107325,Pevkvq@Email.Com,2026-04-22,2026-04-23,Rs,38,Online,Cartão
P2365,Tênis Masculino,359.5,180.3,179.2,Nf590782,Bfvntu@Email.Com,2025-07-07,2025-07-08,Sc,38,Online,Cartão
P2366,Calça Masculina,271.73,224.66,47.07,Nf162823,Coophy@Email.Com,2025-02-27,2025-02-27,Pe,39,Online,Cartão
P2367,Calça Feminina,199.76,117.05,82.71,Nf948808,Hhggyb@Email.Com,2025-08-11,2025-08-15,Sc,39,Loja,Cartão
P2368,Tênis Masculino,383.97,242.49,141.48,Nf301891,Wzeepk@Email.Com,2025-01-26,2025-01-26,Mg,37,Loja,Boleto
P2369,Calça Masculina,70.51,51.92,18.59,Nf613110,Omlcga@Email.Com,2026-03-05,2026-03-08,Rs,40,Online,Cartão
P2370,Camiseta Masculina,135.82,93.97,41.85,Nf633596,Ynmook@Email.Com,2025-02-13,2025-02-14,Pr,42,Loja,Boleto
P2371,Calça Feminina,339.09,174.02,165.07,Nf810322,Wnkjpc@Email.Com,2025-10-28,2025-10-28,Mg,38,Online,Boleto
P2372,Tênis Masculino,264.98,166.97,98.01,Nf356145,Plpjtl@Email.Com,2026-02-09,2026-02-09,Pb,40,Online,Cartão
P2373,Camiseta Feminina,260.67,149.91,110.76,Nf418166,Dgpimc@Email.Com,2025-03-24,2025-03-27,Rs,P,Loja,Boleto
P2374,Camiseta Feminina,78.28,55.62,22.66,Nf611691,Emulxr@Email.Com,2025-10-31,2025-11-02,Pr,42,Online,Boleto
P2375,Tênis Masculino,138.74,101.74,37.0,Nf374787,Vhkuma@Email.Com,2025-02-14,2025-02-19,Ba,G,Loja,Boleto
P2376,Calça Masculina,387.83,262.22,125.61,Nf511313,Kmcgpy@Email.Com,2025-12-09,2025-12-09,Ba,41,Loja,Dinheiro
P2377,Tênis Feminino,196.76,102.66,94.1,Nf214043,Yjacsg@Email.Com,2025-11-26,2025-11-30,Rj,40,Loja,Boleto
P2378,Camiseta Masculina,272.41,156.78,115.63,Nf632203,Ztymlv@Email.Com,2026-02-02,2026-02-06,Pr,P,Online,Pix
P2379,Calça Masculina,321.09,250.66,70.43,Nf383501,Gmvzfj@Email.Com,2025-04-20,2025-04-22,Pr,P,Loja,Pix
P2380,Tênis Feminino,115.29,89.31,25.98,Nf215811,Oavrht@Email.Com,2025-05-19,2025-05-19,Sc,36,Loja,Pix
P2381,Calça Feminina,301.79,161.79,140.0,Nf366461,Xvcpoy@Email.Com,2026-03-19,2026-03-23,Sp,G,Online,Boleto
P2382,Tênis Masculino,129.73,77.12,52.61,Nf671358,Dzivhr@Email.Com,2025-02-24,2025-02-26,Ce,41,Online,Boleto
P2383,Camiseta Feminina,338.63,251.79,86.84,Nf996132,Jmovnh@Email.Com,2025-02-09,2025-02-12,Rj,M,Loja,Pix
P2384,Calça Feminina,261.67,188.25,73.42,Nf125429,Hdnyaz@Email.Com,2026-01-13,2026-01-15,Rj,37,Loja,Boleto
P2385,Tênis Masculino,364.14,244.05,120.09,Nf986389,Glqxmo@Email.Com,2025-07-10,2025-07-14,Ce,36,Loja,Boleto
P2386,Calça Masculina,449.32,259.9,189.42,Nf522640,Enzkct@Email.Com,2025-11-09,2025-11-13,Mg,37,Online,Cartão
P2387,Camiseta Masculina,305.64,178.73,126.91,Nf517731,Gjhssh@Email.Com,2025-07-25,2025-07-25,Sc,38,Loja,Boleto
P2388,Camiseta Feminina,104.09,80.84,23.25,Nf487293,Jyyfbd@Email.Com,2025-12-12,2025-12-12,Rj,36,Loja,Boleto
P2389,Calça Feminina,155.01,108.82,46.19,Nf253852,Fsvifc@Email.Com,2026-03-24,2026-03-25,Pb,36,Online,Boleto
P2390,Calça Masculina,108.08,68.22,39.86,Nf514312,Rvedwo@Email.Com,2025-01-17,2025-01-18,Rs,42,Loja,Dinheiro
P2391,Tênis Feminino,143.6,105.25,38.35,Nf102451,Tspiub@Email.Com,2025-02-20,2025-02-20,Sc,P,Loja,Dinheiro
P2392,Camiseta Feminina,156.89,128.11,28.78,Nf401906,Dymaiu@Email.Com,2025-09-05,2025-09-09,Sp,39,Loja,Dinheiro
P2393,Tênis Masculino,254.2,178.87,75.33,Nf415212,Vrfgyi@Email.Com,2025-05-05,2025-05-06,Rs,40,Loja,Boleto
P2394,Camiseta Feminina,146.01,84.49,61.52,Nf240860,Rbphjj@Email.Com,2025-10-06,2025-10-11,Ba,39,Loja,Pix
P2395,Camiseta Feminina,142.12,91.22,50.9,Nf213174,Prdsib@Email.Com,2026-02-05,2026-02-07,Rj,G,Online,Boleto
P2396,Tênis Feminino,244.36,129.82,114.54,Nf292027,Mdrpdu@Email.Com,2026-04-03,2026-04-05,Rs,M,Loja,Boleto
P2397,Camiseta Masculina,404.43,209.62,194.81,Nf677163,Rizodq@Email.Com,2025-08-11,2025-08-14,Pr,39,Online,Boleto
P2398,Calça Masculina,298.03,198.68,99.35,Nf650386,Nbpprm@Email.Com,2025-10-07,2025-10-10,Ce,37,Online,Pix
P2399,Calça Masculina,157.68,80.86,76.82,Nf317783,Naujak@Email.Com,2025-02-03,2025-02-03,Rj,38,Loja,Boleto
P2400,Calça Masculina,109.54,84.08,25.46,Nf278685,Qibqeb@Email.Com,2025-10-10,2025-10-15,Pe,37,Online,Dinheiro
P2401,Camiseta Masculina,308.52,159.4,149.12,Nf237146,Mmlpcm@Email.Com,2025-02-19,2025-02-19,Rj,P,Online,Cartão
P2402,Camiseta Masculina,135.4,86.12,49.28,Nf354825,Fgxctn@Email.Com,2025-07-16,2025-07-20,Rj,38,Loja,Pix
P2403,Calça Masculina,126.65,87.22,39.43,Nf398110,Zqupmy@Email.Com,2025-03-01,2025-03-05,Pe,36,Loja,Pix
P2404,Tênis Feminino,191.81,123.81,68.0,Nf196900,Zhkgkk@Email.Com,2025-08-25,2025-08-29,Mg,P,Loja,Dinheiro
P2405,Tênis Feminino,349.95,232.84,117.11,Nf828328,Jkwvlv@Email.Com,2026-02-20,2026-02-21,Mg,36,Online,Boleto
P2406,Camiseta Masculina,208.82,138.94,69.88,Nf641867,Jflcom@Email.Com,2025-06-19,2025-06-22,Pe,P,Loja,Dinheiro
P2407,Camiseta Feminina,143.72,88.67,55.05,Nf155319,Hhjxie@Email.Com,2025-08-07,2025-08-08,Rj,37,Loja,Cartão
P2408,Camiseta Masculina,226.27,135.89,90.38,Nf105997,Rrdjll@Email.Com,2026-04-08,2026-04-09,Mg,38,Online,Dinheiro
P2409,Calça Feminina,463.38,287.47,175.91,Nf923783,Miwngz@Email.Com,2025-10-07,2025-10-11,Pe,39,Online,Pix
P2410,Camiseta Feminina,260.3,172.69,87.61,Nf875935,Pcszca@Email.Com,2025-08-15,2025-08-19,Rj,P,Online,Cartão
P2411,Calça Feminina,274.18,220.27,53.91,Nf303073,Hilcij@Email.Com,2026-02-06,2026-02-11,Rs,M,Loja,Dinheiro
P2412,Camiseta Feminina,390.27,241.66,148.61,Nf744047,Yhivbn@Email.Com,2025-07-24,2025-07-26,Mg,38,Online,Cartão
P2413,Tênis Feminino,192.81,110.73,82.08,Nf801497,Npyvcv@Email.Com,2026-04-03,2026-04-05,Pe,41,Online,Pix
P2414,Tênis Masculino,319.0,216.78,102.22,Nf178781,Pfmftl@Email.Com,2025-02-25,2025-02-25,Pb,37,Online,Boleto
P2415,Calça Masculina,398.34,264.91,133.43,Nf404078,Knrvcu@Email.Com,2025-07-18,2025-07-21,Pr,41,Loja,Pix
P2416,Camiseta Feminina,289.21,153.29,135.92,Nf501604,Rzjzjg@Email.Com,2025-05-19,2025-05-22,Sc,39,Loja,Dinheiro
P2417,Camiseta Masculina,109.77,86.39,23.38,Nf737049,Twphcd@Email.Com,2025-07-27,2025-07-27,Ce,41,Loja,Pix
P2418,Tênis Feminino,311.41,222.6,88.81,Nf868497,Tavwdb@Email.Com,2025-08-15,2025-08-20,Pb,P,Online,Cartão
P2419,Camiseta Feminina,157.05,116.24,40.81,Nf700985,Fkncsn@Email.Com,2026-03-03,2026-03-07,Ce,40,Loja,Dinheiro
P2420,Tênis Feminino,62.36,51.3,11.06,Nf827813,Vcdzxg@Email.Com,2025-09-25,2025-09-27,Sc,41,Online,Boleto
P2421,Camiseta Masculina,354.53,227.26,127.27,Nf761235,Yosebl@Email.Com,2026-04-14,2026-04-19,Ce,40,Loja,Cartão
P2422,Tênis Masculino,225.47,129.28,96.19,Nf446757,Zzkgft@Email.Com,2025-12-23,2025-12-24,Sp,37,Loja,Pix
P2423,Camiseta Masculina,268.57,144.43,124.14,Nf229915,Cjhduc@Email.Com,2025-09-04,2025-09-05,Pr,37,Online,Pix
P2424,Camiseta Feminina,367.31,184.9,182.41,Nf495731,Iigpnq@Email.Com,2026-03-31,2026-04-02,Mg,P,Loja,Dinheiro
P2425,Calça Masculina,298.86,233.08,65.78,Nf414108,Sioyey@Email.Com,2025-10-26,2025-10-26,Pr,P,Online,Cartão
P2426,Camiseta Masculina,264.24,218.36,45.88,Nf415738,Mdyjuv@Email.Com,2025-10-06,2025-10-10,Pb,38,Loja,Boleto
P2427,Tênis Masculino,303.48,218.23,85.25,Nf926960,Jbzhco@Email.Com,2025-03-18,2025-03-20,Sc,G,Online,Dinheiro
P2428,Tênis Feminino,372.5,187.84,184.66,Nf408801,Qxnxba@Email.Com,2026-01-06,2026-01-07,Pr,40,Online,Pix
P2429,Calça Masculina,337.64,251.75,85.89,Nf415210,Raihng@Email.Com,2025-04-13,2025-04-15,Ce,P,Loja,Boleto
P2430,Tênis Masculino,138.09,111.51,26.58,Nf140383,Kygmch@Email.Com,2026-01-25,2026-01-26,Rj,41,Loja,Cartão
P2431,Camiseta Masculina,476.23,271.64,204.59,Nf428312,Wnpetc@Email.Com,2025-05-21,2025-05-22,Sc,P,Loja,Dinheiro
P2432,Calça Masculina,412.15,275.31,136.84,Nf195530,Seukgc@Email.Com,2025-05-14,2025-05-15,Sc,41,Online,Cartão
P2433,Tênis Feminino,313.82,218.09,95.73,Nf429463,Cmcimy@Email.Com,2025-01-05,2025-01-06,Pr,36,Loja,Pix
P2434,Camiseta Feminina,361.57,298.21,63.36,Nf723430,Zsjdyu@Email.Com,2025-12-03,2025-12-07,Ba,36,Online,Boleto
P2435,Calça Feminina,264.7,198.11,66.59,Nf769450,Pbfeqh@Email.Com,2025-01-10,2025-01-15,Rj,40,Loja,Cartão
P2436,Camiseta Masculina,156.49,79.84,76.65,Nf934449,Dkwjwk@Email.Com,2025-02-27,2025-03-03,Ba,G,Loja,Cartão
P2437,Tênis Feminino,173.94,98.52,75.42,Nf764332,Huhwwq@Email.Com,2025-06-02,2025-06-04,Mg,36,Loja,Boleto
P2438,Tênis Feminino,80.66,60.77,19.89,Nf577671,Hknkue@Email.Com,2025-08-01,2025-08-04,Rj,41,Loja,Cartão
P2439,Calça Masculina,321.75,211.0,110.75,Nf245930,Opxhdd@Email.Com,2025-10-27,2025-10-31,Sc,42,Online,Pix
P2440,Tênis Masculino,209.2,140.4,68.8,Nf706946,Xwqnrh@Email.Com,2025-08-07,2025-08-11,Rs,40,Online,Pix
P2441,Tênis Masculino,478.6,250.98,227.62,Nf647148,Sghhic@Email.Com,2026-04-29,2026-05-03,Sc,41,Online,Pix
P2442,Calça Masculina,82.56,63.71,18.85,Nf827273,Ahdxwr@Email.Com,2025-08-05,2025-08-09,Rs,42,Loja,Pix
P2443,Camiseta Masculina,137.74,98.14,39.6,Nf130339,Lqwhbg@Email.Com,2025-01-10,2025-01-10,Ce,41,Online,Cartão
P2444,Camiseta Feminina,273.66,155.48,118.18,Nf642036,Amzbfh@Email.Com,2025-11-04,2025-11-07,Rj,37,Online,Pix
P2445,Tênis Feminino,118.14,59.54,58.6,Nf624414,Capaby@Email.Com,2025-02-17,2025-02-18,Pe,40,Online,Dinheiro
P2446,Camiseta Feminina,461.46,282.24,179.22,Nf678906,Whfgkv@Email.Com,2025-07-03,2025-07-07,Rs,37,Loja,Cartão
P2447,Camiseta Masculina,453.85,228.34,225.51,Nf369875,Ahdfpf@Email.Com,2025-11-09,2025-11-12,Pr,39,Online,Cartão
P2448,Calça Feminina,139.02,102.4,36.62,Nf795073,Addahw@Email.Com,2025-02-27,2025-03-04,Ce,39,Loja,Dinheiro
P2449,Calça Masculina,107.39,86.01,21.38,Nf158767,Zxujsk@Email.Com,2025-12-02,2025-12-05,Rj,41,Loja,Pix
P2450,Calça Masculina,161.08,127.7,33.38,Nf772593,Wrewxt@Email.Com,2025-02-05,2025-02-06,Pr,38,Loja,Dinheiro
P2451,Tênis Masculino,100.32,52.37,47.95,Nf381222,Vxfmnj@Email.Com,2025-09-26,2025-09-30,Pb,38,Online,Boleto
P2452,Camiseta Masculina,380.01,269.37,110.64,Nf854787,Vfuogc@Email.Com,2025-05-30,2025-06-04,Sp,37,Loja,Pix
P2453,Calça Feminina,345.51,198.1,147.41,Nf619969,Xfelba@Email.Com,2026-01-20,2026-01-21,Sp,42,Loja,Cartão
P2454,Tênis Masculino,65.95,54.9,11.05,Nf816835,Arunvv@Email.Com,2025-06-23,2025-06-25,Sp,37,Loja,Cartão
P2455,Calça Feminina,286.7,221.86,64.84,Nf535816,Lpdtib@Email.Com,2026-01-24,2026-01-24,Pr,G,Loja,Pix
P2456,Calça Feminina,404.08,273.04,131.04,Nf492898,Dxclia@Email.Com,2025-07-07,2025-07-09,Pb,M,Online,Dinheiro
P2457,Tênis Feminino,253.86,193.0,60.86,Nf949946,Ssxdqc@Email.Com,2026-03-25,2026-03-27,Sp,41,Loja,Pix
P2458,Camiseta Masculina,302.67,181.25,121.42,Nf675849,Ghruhr@Email.Com,2025-01-10,2025-01-11,Pe,P,Online,Pix
P2459,Tênis Feminino,75.51,55.07,20.44,Nf258570,Wcdhnt@Email.Com,2025-08-21,2025-08-26,Rj,G,Loja,Boleto
P2460,Calça Feminina,133.87,111.44,22.43,Nf785142,Fnbhha@Email.Com,2025-10-12,2025-10-17,Rs,38,Online,Pix
P2461,Camiseta Feminina,310.78,248.69,62.09,Nf811204,Durnvc@Email.Com,2025-11-18,2025-11-20,Pr,41,Loja,Pix
P2462,Tênis Feminino,175.62,121.81,53.81,Nf497290,Ezfapo@Email.Com,2025-05-14,2025-05-19,Rj,38,Loja,Pix
P2463,Calça Masculina,540.25,284.72,255.53,Nf855519,Osccsp@Email.Com,2026-02-05,2026-02-06,Ce,42,Online,Dinheiro
P2464,Camiseta Masculina,186.27,108.38,77.89,Nf997040,Nqelgj@Email.Com,2025-02-03,2025-02-04,Pb,41,Loja,Pix
P2465,Tênis Feminino,151.53,101.51,50.02,Nf928058,Dmwgfg@Email.Com,2025-03-08,2025-03-11,Rj,41,Online,Boleto
P2466,Camiseta Feminina,300.63,182.21,118.42,Nf273570,Ebpjaw@Email.Com,2025-06-02,2025-06-05,Rs,P,Online,Boleto
P2467,Camiseta Feminina,516.23,292.07,224.16,Nf683842,Dfdrkj@Email.Com,2025-07-11,2025-07-12,Rs,39,Loja,Cartão
P2468,Calça Masculina,524.07,273.38,250.69,Nf414848,Bojhxc@Email.Com,2025-03-05,2025-03-10,Pr,M,Loja,Cartão
P2469,Camiseta Feminina,204.57,102.36,102.21,Nf888659,Cmrcdc@Email.Com,2025-05-15,2025-05-19,Rj,M,Loja,Cartão
P2470,Camiseta Feminina,141.72,81.31,60.41,Nf168172,Pfzusl@Email.Com,2025-01-18,2025-01-23,Rs,41,Loja,Boleto
P2471,Calça Masculina,286.73,185.12,101.61,Nf710314,Nyhdxk@Email.Com,2025-04-02,2025-04-06,Sc,M,Online,Pix
P2472,Camiseta Feminina,114.25,92.11,22.14,Nf653476,Gbpwsn@Email.Com,2025-05-21,2025-05-24,Pb,M,Loja,Cartão
P2473,Tênis Feminino,174.18,107.24,66.94,Nf205369,Wydsnz@Email.Com,2025-09-18,2025-09-18,Rs,41,Loja,Boleto
P2474,Calça Masculina,297.91,157.99,139.92,Nf779039,Jvnkya@Email.Com,2025-08-24,2025-08-24,Rs,40,Online,Cartão
P2475,Calça Feminina,103.27,64.6,38.67,Nf865006,Bhqsfb@Email.Com,2025-08-29,2025-09-03,Pr,G,Online,Dinheiro
P2476,Camiseta Masculina,250.26,137.21,113.05,Nf233012,Pmbhuq@Email.Com,2025-07-21,2025-07-22,Ba,P,Loja,Pix
P2477,Calça Feminina,394.68,264.42,130.26,Nf642458,Qkwjcb@Email.Com,2026-04-17,2026-04-20,Ba,36,Online,Dinheiro
P2478,Calça Feminina,191.91,146.0,45.91,Nf760991,Bowtvh@Email.Com,2025-01-19,2025-01-22,Mg,38,Online,Pix
P2479,Calça Masculina,323.48,191.48,132.0,Nf695787,Oakexy@Email.Com,2026-04-02,2026-04-04,Ba,42,Loja,Dinheiro
P2480,Calça Masculina,115.99,77.06,38.93,Nf785434,Ueuyss@Email.Com,2025-02-19,2025-02-20,Sc,37,Online,Cartão
P2481,Camiseta Masculina,452.14,227.9,224.24,Nf741680,Mwknhl@Email.Com,2025-07-05,2025-07-09,Pb,M,Online,Boleto
P2482,Tênis Feminino,328.03,205.51,122.52,Nf102176,Nhsjld@Email.Com,2025-08-24,2025-08-26,Ce,36,Online,Pix
P2483,Camiseta Feminina,528.83,274.06,254.77,Nf639556,Hnhhxp@Email.Com,2025-10-01,2025-10-01,Sp,39,Loja,Cartão
P2484,Camiseta Masculina,148.18,115.7,32.48,Nf968679,Clwsjc@Email.Com,2026-03-18,2026-03-22,Rs,39,Loja,Cartão
P2485,Tênis Feminino,241.23,156.96,84.27,Nf830569,Bkvbbc@Email.Com,2025-05-15,2025-05-15,Sp,41,Loja,Pix
P2486,Calça Feminina,395.91,219.89,176.02,Nf893721,Ewumsh@Email.Com,2025-08-11,2025-08-14,Rj,36,Loja,Pix
P2487,Tênis Feminino,71.36,55.81,15.55,Nf534481,Ildqci@Email.Com,2025-05-21,2025-05-23,Pr,41,Online,Pix
P2488,Camiseta Feminina,311.03,202.43,108.6,Nf262768,Ikoobz@Email.Com,2025-02-02,2025-02-07,Mg,41,Online,Cartão
P2489,Camiseta Feminina,459.91,294.38,165.53,Nf203019,Qcnpqh@Email.Com,2025-07-30,2025-08-01,Pr,37,Loja,Dinheiro
P2490,Calça Feminina,403.73,243.01,160.72,Nf865641,Wgzdqz@Email.Com,2025-08-01,2025-08-02,Ce,42,Online,Dinheiro
P2491,Tênis Feminino,241.34,176.89,64.45,Nf507996,Wdzija@Email.Com,2025-04-13,2025-04-15,Ce,G,Loja,Cartão
P2492,Tênis Feminino,210.73,149.44,61.29,Nf150833,Igjhwy@Email.Com,2025-01-15,2025-01-15,Pe,G,Online,Cartão
P2493,Camiseta Feminina,327.77,181.33,146.44,Nf839242,Xzgtvg@Email.Com,2026-02-01,2026-02-02,Pe,37,Loja,Dinheiro
P2494,Calça Feminina,364.85,245.98,118.87,Nf348361,Kfbpkz@Email.Com,2025-03-08,2025-03-10,Sp,G,Online,Boleto
P2495,Tênis Feminino,316.83,231.27,85.56,Nf256086,Ocwqek@Email.Com,2025-02-18,2025-02-19,Pe,40,Loja,Dinheiro
P2496,Camiseta Masculina,169.23,116.82,52.41,Nf511548,Qcjpzk@Email.Com,2025-03-13,2025-03-16,Pe,M,Loja,Dinheiro
P2497,Camiseta Masculina,155.93,106.97,48.96,Nf573946,Cbanii@Email.Com,2025-11-13,2025-11-15,Sp,38,Online,Dinheiro
P2498,Calça Masculina,376.57,281.88,94.69,Nf490263,Uzzkqg@Email.Com,2025-07-27,2025-07-28,Ce,37,Loja,Dinheiro
P2499,Tênis Masculino,170.49,129.54,40.95,Nf476560,Jzhiuf@Email.Com,2026-01-18,2026-01-21,Ce,G,Online,Dinheiro
P2500,Calça Feminina,351.54,213.51,138.03,Nf381843,Ymhvpc@Email.Com,2025-11-22,2025-11-27,Rs,41,Online,Dinheiro
P2501,Tênis Feminino,167.29,132.59,34.7,Nf211945,Gsjpgy@Email.Com,2026-01-03,2026-01-06,Pb,36,Loja,Dinheiro
P2502,Tênis Masculino,256.67,144.97,111.7,Nf583495,Yhwvwo@Email.Com,2026-04-14,2026-04-16,Rj,G,Online,Boleto
P2503,Tênis Feminino,305.79,199.94,105.85,Nf605984,Ertubp@Email.Com,2026-03-02,2026-03-03,Rs,39,Online,Dinheiro
P2504,Camiseta Feminina,161.07,93.5,67.57,Nf403794,Lafwri@Email.Com,2025-11-05,2025-11-06,Pr,M,Online,Cartão
P2505,Tênis Masculino,145.33,88.03,57.3,Nf461382,Dwacdk@Email.Com,2025-07-16,2025-07-18,Rj,41,Loja,Boleto
P2506,Tênis Masculino,280.07,221.24,58.83,Nf168994,Dqxnii@Email.Com,2025-11-23,2025-11-28,Pb,37,Online,Cartão
P2507,Calça Masculina,359.93,191.88,168.05,Nf291430,Ddzhpp@Email.Com,2025-10-26,2025-10-29,Rj,38,Online,Pix
P2508,Calça Masculina,367.05,195.53,171.52,Nf347337,Ufmyvj@Email.Com,2025-01-11,2025-01-11,Pe,38,Online,Boleto
P2509,Tênis Masculino,300.24,193.78,106.46,Nf618893,Rxdfrn@Email.Com,2026-02-25,2026-02-27,Pb,P,Loja,Boleto
P2510,Calça Masculina,358.72,273.28,85.44,Nf696554,Pquivx@Email.Com,2025-08-04,2025-08-09,Pr,39,Online,Pix
P2511,Tênis Masculino,523.24,267.86,255.38,Nf818798,Flywnl@Email.Com,2025-12-01,2025-12-06,Pe,G,Loja,Pix
P2512,Camiseta Masculina,452.24,265.3,186.94,Nf171129,Brfers@Email.Com,2025-08-07,2025-08-10,Pr,39,Online,Dinheiro
P2513,Tênis Feminino,75.05,51.73,23.32,Nf316936,Yurnnq@Email.Com,2026-03-09,2026-03-09,Ba,M,Online,Cartão
P2514,Camiseta Feminina,159.77,86.65,73.12,Nf411648,Eyqwvq@Email.Com,2025-10-29,2025-11-03,Sp,G,Online,Cartão
P2515,Calça Feminina,202.83,155.74,47.09,Nf757867,Enfufn@Email.Com,2025-08-21,2025-08-25,Ba,40,Online,Pix
P2516,Calça Feminina,205.84,129.33,76.51,Nf575811,Wpxdmr@Email.Com,2026-03-25,2026-03-26,Sp,39,Online,Boleto
P2517,Camiseta Masculina,444.34,228.75,215.59,Nf304396,Owbtrj@Email.Com,2025-10-29,2025-11-02,Sc,36,Online,Dinheiro
P2518,Tênis Masculino,374.13,193.71,180.42,Nf789552,Lgazgm@Email.Com,2025-07-25,2025-07-27,Ce,M,Loja,Pix
P2519,Tênis Masculino,322.66,168.26,154.4,Nf610370,Gyoqiv@Email.Com,2025-05-10,2025-05-12,Ce,M,Online,Pix
P2520,Tênis Feminino,251.02,152.0,99.02,Nf238823,Dqteqc@Email.Com,2025-04-22,2025-04-23,Mg,42,Loja,Pix
P2521,Calça Feminina,358.78,204.99,153.79,Nf108251,Vhraiz@Email.Com,2026-02-13,2026-02-16,Sp,41,Online,Dinheiro
P2522,Calça Feminina,292.08,163.38,128.7,Nf111180,Rsrlih@Email.Com,2025-01-09,2025-01-10,Ce,M,Loja,Pix
P2523,Camiseta Masculina,88.92,58.65,30.27,Nf451920,Lvzrjc@Email.Com,2026-04-28,2026-05-03,Ce,40,Loja,Cartão
P2524,Camiseta Feminina,505.11,267.6,237.51,Nf236745,Pngssq@Email.Com,2026-03-27,2026-03-28,Mg,38,Loja,Boleto
P2525,Calça Feminina,421.64,260.85,160.79,Nf867068,Uxbemy@Email.Com,2026-03-02,2026-03-03,Pe,P,Online,Boleto
P2526,Tênis Feminino,123.63,84.11,39.52,Nf772814,Ygsova@Email.Com,2025-12-21,2025-12-22,Rj,G,Online,Pix
P2527,Tênis Masculino,404.48,253.76,150.72,Nf917356,Vxcrns@Email.Com,2025-10-02,2025-10-03,Ce,41,Loja,Pix
P2528,Tênis Masculino,142.45,103.24,39.21,Nf551184,Zrzubo@Email.Com,2025-07-19,2025-07-21,Sc,37,Online,Dinheiro
P2529,Tênis Masculino,476.87,272.13,204.74,Nf663846,Ppssfm@Email.Com,2025-02-14,2025-02-18,Ce,38,Online,Boleto
P2530,Camiseta Masculina,198.22,103.04,95.18,Nf449731,Yjvqcv@Email.Com,2026-04-08,2026-04-12,Rj,37,Online,Pix
P2531,Tênis Masculino,295.1,180.82,114.28,Nf587513,Wdxozg@Email.Com,2025-01-17,2025-01-22,Mg,37,Loja,Dinheiro
P2532,Camiseta Masculina,61.27,50.04,11.23,Nf591237,Qowgfc@Email.Com,2025-12-28,2025-12-29,Pr,37,Online,Dinheiro
P2533,Tênis Feminino,224.94,160.86,64.08,Nf972192,Iuffyk@Email.Com,2025-11-28,2025-12-02,Mg,G,Online,Pix
P2534,Camiseta Feminina,261.63,157.08,104.55,Nf633904,Imtgsw@Email.Com,2025-09-05,2025-09-05,Rj,G,Loja,Pix
P2535,Calça Feminina,358.64,187.29,171.35,Nf618485,Jamaqc@Email.Com,2026-04-15,2026-04-19,Sp,38,Loja,Boleto
P2536,Tênis Masculino,296.89,183.71,113.18,Nf630829,Gxlrwu@Email.Com,2026-03-31,2026-04-03,Rs,39,Online,Boleto
P2537,Calça Masculina,454.77,261.05,193.72,Nf471158,Voctev@Email.Com,2025-02-11,2025-02-14,Sc,39,Online,Cartão
P2538,Calça Masculina,370.6,275.63,94.97,Nf801485,Otlurk@Email.Com,2025-04-25,2025-04-29,Rj,38,Online,Cartão
P2539,Tênis Feminino,214.59,122.54,92.05,Nf644983,Axukgm@Email.Com,2025-02-05,2025-02-06,Pb,39,Online,Cartão
P2540,Camiseta Feminina,456.34,295.1,161.24,Nf403855,Brpynu@Email.Com,2025-09-03,2025-09-03,Rs,36,Online,Boleto
P2541,Tênis Masculino,116.74,87.66,29.08,Nf551652,Dtyuct@Email.Com,2025-08-22,2025-08-24,Ba,M,Online,Boleto
P2542,Tênis Masculino,229.01,167.56,61.45,Nf896746,Zxohqi@Email.Com,2026-01-01,2026-01-06,Pe,42,Loja,Dinheiro
P2543,Tênis Feminino,337.7,247.94,89.76,Nf825442,Thzgvy@Email.Com,2025-08-10,2025-08-10,Rs,38,Online,Boleto
P2544,Calça Feminina,330.65,187.32,143.33,Nf191243,Hozqxs@Email.Com,2026-01-10,2026-01-10,Rs,37,Online,Cartão
P2545,Calça Masculina,333.85,223.02,110.83,Nf868903,Ysbujs@Email.Com,2025-12-05,2025-12-09,Ba,39,Loja,Boleto
P2546,Camiseta Feminina,106.09,75.27,30.82,Nf893905,Lqfhff@Email.Com,2025-12-19,2025-12-23,Rs,M,Online,Boleto
P2547,Calça Feminina,133.6,101.01,32.59,Nf268132,Pmzdos@Email.Com,2025-09-29,2025-10-02,Sc,P,Loja,Cartão
P2548,Tênis Feminino,344.1,214.26,129.84,Nf986460,Wwxhus@Email.Com,2025-12-03,2025-12-05,Sc,39,Online,Boleto
P2549,Calça Masculina,366.58,268.13,98.45,Nf302112,Lruwbz@Email.Com,2026-01-24,2026-01-28,Pb,42,Online,Cartão
P2550,Tênis Feminino,357.6,246.01,111.59,Nf604024,Hklrxt@Email.Com,2025-09-03,2025-09-08,Mg,P,Online,Dinheiro
P2551,Tênis Masculino,228.11,176.17,51.94,Nf584181,Mnhuxx@Email.Com,2025-08-15,2025-08-18,Ce,40,Loja,Dinheiro
P2552,Camiseta Feminina,350.15,239.61,110.54,Nf848126,Ryeavx@Email.Com,2025-08-22,2025-08-26,Sc,37,Online,Pix
P2553,Tênis Masculino,328.35,165.52,162.83,Nf830025,Aaeqmh@Email.Com,2026-03-13,2026-03-13,Pr,P,Loja,Cartão
P2554,Tênis Masculino,159.78,93.85,65.93,Nf390570,Yrrdbx@Email.Com,2026-03-27,2026-03-27,Rj,42,Loja,Boleto
P2555,Calça Masculina,182.49,142.66,39.83,Nf995134,Wgfgde@Email.Com,2025-06-17,2025-06-21,Sc,P,Online,Boleto
P2556,Camiseta Masculina,567.7,284.43,283.27,Nf622862,Laqmpu@Email.Com,2025-03-27,2025-04-01,Ba,39,Loja,Pix
P2557,Tênis Masculino,198.56,126.74,71.82,Nf631995,Iydguj@Email.Com,2026-04-18,2026-04-22,Pb,42,Loja,Dinheiro
P2558,Tênis Masculino,128.1,84.44,43.66,Nf528095,Owgrsj@Email.Com,2025-04-30,2025-04-30,Ce,G,Online,Dinheiro
P2559,Camiseta Masculina,338.72,252.75,85.97,Nf874678,Hqgozo@Email.Com,2025-12-10,2025-12-12,Sp,40,Online,Dinheiro
P2560,Tênis Masculino,343.62,192.27,151.35,Nf105832,Woqqti@Email.Com,2025-04-20,2025-04-23,Mg,41,Online,Boleto
P2561,Tênis Masculino,210.73,172.18,38.55,Nf344679,Zolhml@Email.Com,2025-01-15,2025-01-15,Ba,G,Loja,Boleto
P2562,Camiseta Masculina,244.24,156.19,88.05,Nf686886,Utvhuh@Email.Com,2026-04-12,2026-04-13,Rj,41,Online,Pix
P2563,Tênis Masculino,152.95,87.48,65.47,Nf700225,Bqdukj@Email.Com,2026-04-15,2026-04-20,Ba,36,Loja,Cartão
P2564,Tênis Feminino,344.18,230.49,113.69,Nf752778,Sgesbz@Email.Com,2025-01-13,2025-01-17,Mg,36,Loja,Boleto
P2565,Tênis Masculino,321.38,237.44,83.94,Nf528129,Ugxrte@Email.Com,2025-10-29,2025-11-01,Mg,37,Online,Pix
P2566,Tênis Feminino,94.73,58.72,36.01,Nf642551,Yvgjyh@Email.Com,2025-03-18,2025-03-22,Pb,42,Online,Dinheiro
P2567,Camiseta Feminina,295.49,209.06,86.43,Nf184942,Okqmoh@Email.Com,2025-07-07,2025-07-12,Sc,38,Loja,Cartão
P2568,Camiseta Masculina,446.75,238.54,208.21,Nf924252,Wqqkyt@Email.Com,2025-07-01,2025-07-04,Sc,39,Loja,Boleto
P2569,Calça Masculina,385.21,193.69,191.52,Nf940669,Hqfdau@Email.Com,2025-05-24,2025-05-26,Rs,M,Loja,Dinheiro
P2570,Tênis Feminino,200.8,152.27,48.53,Nf889447,Uaqvga@Email.Com,2026-04-25,2026-04-25,Pb,M,Online,Pix
P2571,Tênis Feminino,99.83,82.57,17.26,Nf284434,Gmmdek@Email.Com,2025-05-23,2025-05-26,Pb,37,Loja,Pix
P2572,Camiseta Masculina,112.25,57.68,54.57,Nf676826,Kjihry@Email.Com,2026-02-24,2026-02-24,Mg,39,Loja,Boleto
P2573,Calça Feminina,430.21,254.54,175.67,Nf426068,Rwboek@Email.Com,2025-11-27,2025-11-27,Sp,41,Online,Boleto
P2574,Camiseta Masculina,288.35,151.22,137.13,Nf747517,Tlsmqb@Email.Com,2025-12-28,2026-01-02,Sc,P,Loja,Cartão
P2575,Camiseta Masculina,272.21,136.3,135.91,Nf146055,Eofxin@Email.Com,2026-02-20,2026-02-25,Rj,40,Online,Cartão
P2576,Camiseta Feminina,186.3,105.62,80.68,Nf488518,Qphqmj@Email.Com,2025-10-15,2025-10-17,Ce,36,Loja,Pix
P2577,Tênis Masculino,142.03,107.0,35.03,Nf143235,Nuulbf@Email.Com,2025-03-13,2025-03-16,Ce,38,Loja,Pix
P2578,Calça Masculina,246.14,164.03,82.11,Nf138043,Lgqbhz@Email.Com,2025-09-15,2025-09-19,Rj,38,Loja,Cartão
P2579,Calça Feminina,260.81,132.5,128.31,Nf432869,Pbyqct@Email.Com,2025-03-08,2025-03-11,Ce,G,Loja,Boleto
P2580,Calça Masculina,84.69,67.09,17.6,Nf834666,Pnciih@Email.Com,2026-02-07,2026-02-10,Mg,37,Online,Dinheiro
P2581,Tênis Feminino,155.36,96.48,58.88,Nf616742,Blrwkn@Email.Com,2025-05-29,2025-06-03,Mg,40,Online,Dinheiro
P2582,Calça Feminina,415.62,250.78,164.84,Nf868723,Tstjoo@Email.Com,2026-04-30,2026-05-03,Rs,39,Online,Boleto
P2583,Tênis Masculino,508.05,274.83,233.22,Nf325022,Vdjybx@Email.Com,2025-11-28,2025-12-02,Sc,M,Online,Cartão
P2584,Calça Feminina,148.63,95.34,53.29,Nf281206,Whfwnj@Email.Com,2025-10-30,2025-10-30,Rj,G,Loja,Boleto
P2585,Tênis Feminino,156.9,108.62,48.28,Nf285584,Zjsnbu@Email.Com,2026-04-26,2026-04-29,Pb,42,Loja,Cartão
P2586,Calça Masculina,327.53,174.97,152.56,Nf109683,Ijrqus@Email.Com,2025-08-05,2025-08-05,Sp,G,Online,Pix
P2587,Tênis Feminino,252.96,204.38,48.58,Nf340612,Tugrnu@Email.Com,2025-03-16,2025-03-21,Pe,40,Loja,Boleto
P2588,Calça Masculina,397.91,265.22,132.69,Nf894490,Wjclgs@Email.Com,2025-07-09,2025-07-09,Rs,36,Online,Pix
P2589,Camiseta Feminina,398.76,208.34,190.42,Nf484366,Qaknrr@Email.Com,2025-12-29,2025-12-31,Rs,38,Loja,Pix
P2590,Tênis Feminino,250.53,134.85,115.68,Nf404459,Hpoogx@Email.Com,2026-04-04,2026-04-09,Mg,G,Loja,Cartão
P2591,Tênis Masculino,176.96,108.74,68.22,Nf396434,Lydqjv@Email.Com,2026-02-22,2026-02-22,Pe,G,Loja,Boleto
P2592,Tênis Masculino,101.37,82.06,19.31,Nf197533,Nyldge@Email.Com,2026-01-08,2026-01-11,Rs,40,Loja,Cartão
P2593,Calça Feminina,220.73,130.92,89.81,Nf299341,Txumcr@Email.Com,2025-10-31,2025-11-04,Pr,36,Loja,Dinheiro
P2594,Tênis Masculino,243.74,200.37,43.37,Nf482281,Rijgvl@Email.Com,2026-03-26,2026-03-27,Pe,36,Online,Cartão
P2595,Camiseta Masculina,465.98,299.39,166.59,Nf179556,Itgdfn@Email.Com,2025-08-20,2025-08-24,Rj,36,Online,Dinheiro
P2596,Tênis Feminino,467.3,258.91,208.39,Nf803050,Tqrwri@Email.Com,2026-03-04,2026-03-04,Rs,40,Loja,Dinheiro
P2597,Camiseta Feminina,278.93,164.44,114.49,Nf546075,Mjviab@Email.Com,2025-10-31,2025-10-31,Rj,37,Online,Boleto
P2598,Tênis Feminino,459.72,267.86,191.86,Nf846213,Icwmco@Email.Com,2026-01-10,2026-01-13,Ce,M,Online,Cartão
P2599,Calça Masculina,159.37,91.17,68.2,Nf277983,Pdpqxu@Email.Com,2026-03-17,2026-03-18,Mg,M,Online,Dinheiro
P2600,Camiseta Masculina,403.1,256.25,146.85,Nf697987,Ejtnvs@Email.Com,2025-06-07,2025-06-07,Rj,M,Loja,Pix
P2601,Tênis Feminino,171.06,130.88,40.18,Nf832460,Pbfihd@Email.Com,2025-04-10,2025-04-13,Sp,42,Loja,Dinheiro
P2602,Calça Masculina,284.27,179.16,105.11,Nf335226,Qocwpi@Email.Com,2025-03-27,2025-03-30,Mg,39,Loja,Pix
P2603,Camiseta Feminina,334.39,195.35,139.04,Nf925983,Kqgkou@Email.Com,2025-01-28,2025-01-29,Pr,40,Loja,Cartão
P2604,Tênis Feminino,203.65,127.18,76.47,Nf271988,Xmkpsq@Email.Com,2026-01-28,2026-01-31,Rs,41,Online,Cartão
P2605,Calça Feminina,467.95,247.26,220.69,Nf833943,Gbibhs@Email.Com,2026-02-02,2026-02-04,Sp,G,Loja,Dinheiro
P2606,Calça Feminina,416.64,277.84,138.8,Nf541807,Fxlgil@Email.Com,2025-08-19,2025-08-24,Ce,40,Loja,Boleto
P2607,Calça Feminina,555.43,297.0,258.43,Nf251819,Ozgxbb@Email.Com,2026-02-20,2026-02-21,Rs,39,Loja,Dinheiro
P2608,Tênis Masculino,424.94,288.94,136.0,Nf921004,Qdqtfv@Email.Com,2025-05-03,2025-05-08,Ba,G,Loja,Boleto
P2609,Tênis Feminino,229.81,158.82,70.99,Nf938032,Yatobp@Email.Com,2025-05-30,2025-06-04,Ce,39,Online,Boleto
P2610,Camiseta Masculina,408.83,226.33,182.5,Nf689673,Hvtklm@Email.Com,2025-10-10,2025-10-12,Mg,P,Online,Pix
P2611,Camiseta Feminina,310.67,250.56,60.11,Nf210773,Pjwxri@Email.Com,2025-09-11,2025-09-15,Sp,40,Online,Boleto
P2612,Tênis Feminino,416.86,276.53,140.33,Nf560096,Xkmjvh@Email.Com,2025-06-11,2025-06-16,Pe,36,Loja,Boleto
P2613,Tênis Masculino,410.45,241.37,169.08,Nf710506,Xqxbva@Email.Com,2025-04-16,2025-04-21,Sp,39,Online,Dinheiro
P2614,Camiseta Feminina,319.15,217.68,101.47,Nf116474,Avqpex@Email.Com,2026-02-26,2026-03-02,Sp,36,Online,Boleto
P2615,Calça Feminina,341.98,277.48,64.5,Nf482194,Oytqcd@Email.Com,2025-12-18,2025-12-20,Pe,M,Loja,Pix
P2616,Tênis Feminino,260.64,192.13,68.51,Nf501366,Qiwfzy@Email.Com,2025-04-21,2025-04-26,Sc,39,Loja,Pix
P2617,Camiseta Masculina,319.15,258.23,60.92,Nf862437,Oefazl@Email.Com,2025-07-14,2025-07-14,Pr,M,Online,Cartão
P2618,Camiseta Masculina,320.49,206.59,113.9,Nf382741,Lcnobh@Email.Com,2026-04-19,2026-04-23,Ce,42,Loja,Boleto
P2619,Calça Masculina,388.14,291.57,96.57,Nf927112,Phworh@Email.Com,2025-08-22,2025-08-26,Sc,38,Loja,Boleto
P2620,Calça Masculina,144.07,90.04,54.03,Nf538799,Fretnv@Email.Com,2025-06-02,2025-06-03,Pb,36,Online,Cartão
P2621,Camiseta Feminina,258.48,207.12,51.36,Nf400228,Flzgla@Email.Com,2026-02-13,2026-02-18,Pe,41,Online,Dinheiro
P2622,Tênis Feminino,268.33,169.78,98.55,Nf338811,Poseec@Email.Com,2025-07-22,2025-07-24,Pr,40,Online,Cartão
P2623,Tênis Masculino,345.8,227.2,118.6,Nf334437,Sgslig@Email.Com,2025-12-28,2025-12-30,Ce,40,Loja,Pix
P2624,Calça Feminina,143.5,87.1,56.4,Nf615703,Vcxbge@Email.Com,2025-10-02,2025-10-07,Pb,M,Online,Boleto
P2625,Tênis Feminino,269.08,222.43,46.65,Nf105967,Ypxesq@Email.Com,2025-08-28,2025-09-02,Ce,39,Loja,Cartão
P2626,Tênis Masculino,100.03,79.96,20.07,Nf923779,Uwpscn@Email.Com,2025-12-25,2025-12-27,Ba,41,Online,Cartão
P2627,Calça Feminina,221.83,184.67,37.16,Nf732663,Itzjey@Email.Com,2025-06-24,2025-06-26,Pb,38,Online,Cartão
P2628,Calça Masculina,271.05,161.58,109.47,Nf673122,Uhdczx@Email.Com,2026-01-17,2026-01-17,Sc,39,Loja,Pix
P2629,Tênis Masculino,258.11,172.66,85.45,Nf934810,Ofpvlw@Email.Com,2025-05-01,2025-05-03,Sp,41,Online,Cartão
P2630,Camiseta Feminina,268.03,169.89,98.14,Nf643034,Fqyewm@Email.Com,2025-06-11,2025-06-14,Ba,40,Loja,Dinheiro
P2631,Tênis Feminino,312.88,167.84,145.04,Nf277796,Oxvsgu@Email.Com,2025-10-27,2025-10-30,Mg,40,Online,Pix
P2632,Calça Masculina,72.45,56.44,16.01,Nf490707,Juhkqb@Email.Com,2025-04-18,2025-04-20,Rj,39,Loja,Dinheiro
P2633,Camiseta Masculina,136.67,73.59,63.08,Nf985361,Gxafjl@Email.Com,2026-02-19,2026-02-21,Ba,39,Online,Cartão
P2634,Calça Feminina,270.13,189.79,80.34,Nf322412,Ddqhgy@Email.Com,2025-10-19,2025-10-20,Ba,G,Online,Cartão
P2635,Camiseta Feminina,437.36,222.03,215.33,Nf989266,Ckmyhz@Email.Com,2025-11-25,2025-11-27,Ce,38,Loja,Cartão
P2636,Tênis Feminino,277.85,190.76,87.09,Nf468596,Sjuuac@Email.Com,2026-01-05,2026-01-05,Ba,41,Loja,Pix
P2637,Tênis Feminino,314.28,175.35,138.93,Nf158165,Wjsrkr@Email.Com,2026-02-07,2026-02-09,Sc,P,Loja,Pix
P2638,Calça Feminina,270.98,184.54,86.44,Nf645435,Npafci@Email.Com,2025-02-14,2025-02-19,Sp,40,Loja,Boleto
P2639,Tênis Feminino,432.69,264.19,168.5,Nf544474,Ggayrk@Email.Com,2026-03-11,2026-03-12,Sc,G,Loja,Boleto
P2640,Tênis Masculino,303.47,233.5,69.97,Nf955362,Pflirp@Email.Com,2025-09-12,2025-09-12,Pe,36,Online,Dinheiro
P2641,Tênis Masculino,125.15,80.14,45.01,Nf487082,Crfxzi@Email.Com,2025-07-15,2025-07-16,Ba,41,Online,Boleto
P2642,Camiseta Feminina,197.48,110.52,86.96,Nf502069,Hugesp@Email.Com,2026-02-06,2026-02-10,Mg,38,Loja,Boleto
P2643,Calça Masculina,379.42,235.54,143.88,Nf769320,Ohpidn@Email.Com,2025-05-15,2025-05-19,Rs,G,Loja,Cartão
P2644,Tênis Masculino,149.74,109.83,39.91,Nf713106,Cwrbyl@Email.Com,2025-08-07,2025-08-11,Pe,37,Loja,Pix
P2645,Camiseta Masculina,128.53,86.38,42.15,Nf690066,Rirrqb@Email.Com,2026-04-22,2026-04-23,Rs,M,Online,Boleto
P2646,Tênis Masculino,360.32,216.49,143.83,Nf950471,Riamvh@Email.Com,2025-04-25,2025-04-29,Mg,P,Online,Pix
P2647,Tênis Feminino,191.0,101.42,89.58,Nf121203,Xtpaey@Email.Com,2026-04-09,2026-04-09,Pb,40,Online,Cartão
P2648,Camiseta Masculina,284.39,235.23,49.16,Nf223152,Aeemnd@Email.Com,2025-05-29,2025-05-29,Mg,P,Loja,Cartão
P2649,Calça Masculina,341.08,270.19,70.89,Nf240056,Fyibmv@Email.Com,2025-11-08,2025-11-10,Rs,41,Online,Dinheiro
P2650,Camiseta Feminina,70.84,51.25,19.59,Nf595011,Dobzxl@Email.Com,2025-01-07,2025-01-08,Ba,M,Loja,Pix
P2651,Tênis Masculino,398.89,253.83,145.06,Nf683635,Wkermk@Email.Com,2025-01-28,2025-02-01,Sc,42,Loja,Boleto
P2652,Tênis Masculino,407.89,277.36,130.53,Nf437949,Owegse@Email.Com,2026-02-07,2026-02-12,Rj,42,Loja,Dinheiro
P2653,Tênis Masculino,500.6,286.45,214.15,Nf423061,Cdtzcp@Email.Com,2025-03-02,2025-03-04,Pr,42,Loja,Dinheiro
P2654,Calça Feminina,221.88,118.33,103.55,Nf856765,Odojtp@Email.Com,2026-01-11,2026-01-13,Mg,36,Online,Pix
P2655,Tênis Feminino,246.83,146.78,100.05,Nf917582,Yjvzqi@Email.Com,2025-11-26,2025-12-01,Rj,G,Online,Cartão
P2656,Camiseta Feminina,88.75,68.7,20.05,Nf682184,Euahjt@Email.Com,2025-03-19,2025-03-21,Pr,G,Loja,Dinheiro
P2657,Camiseta Feminina,404.81,264.56,140.25,Nf719916,Qbuxks@Email.Com,2025-03-15,2025-03-20,Ba,39,Loja,Dinheiro
P2658,Tênis Masculino,242.45,192.57,49.88,Nf370695,Halfnh@Email.Com,2025-01-13,2025-01-13,Ba,38,Online,Boleto
P2659,Camiseta Masculina,323.87,177.21,146.66,Nf583630,Egwcdr@Email.Com,2026-03-18,2026-03-20,Pb,37,Online,Cartão
P2660,Tênis Masculino,403.32,253.92,149.4,Nf408363,Rlaofa@Email.Com,2025-08-04,2025-08-09,Sp,37,Loja,Cartão
P2661,Camiseta Feminina,493.69,298.42,195.27,Nf706418,Cwzhfz@Email.Com,2026-03-08,2026-03-09,Sp,41,Loja,Cartão
P2662,Calça Masculina,261.58,143.32,118.26,Nf723621,Elzlxm@Email.Com,2025-02-01,2025-02-03,Pr,G,Loja,Boleto
P2663,Calça Feminina,482.79,299.89,182.9,Nf682652,Iwfzey@Email.Com,2025-03-27,2025-03-28,Sc,M,Online,Pix
P2664,Calça Feminina,309.37,236.28,73.09,Nf446782,Gnxpmz@Email.Com,2026-01-13,2026-01-15,Ba,M,Online,Pix
P2665,Calça Feminina,311.2,158.93,152.27,Nf550305,Rqwevv@Email.Com,2025-07-28,2025-07-31,Sc,42,Loja,Cartão
P2666,Tênis Masculino,168.62,90.64,77.98,Nf851591,Qprenz@Email.Com,2025-01-05,2025-01-09,Sc,42,Loja,Cartão
P2667,Tênis Feminino,271.48,137.35,134.13,Nf819742,Rjmfhl@Email.Com,2025-07-17,2025-07-17,Sp,M,Loja,Pix
P2668,Tênis Feminino,179.18,136.15,43.03,Nf225554,Uornbe@Email.Com,2026-03-18,2026-03-23,Ba,41,Online,Dinheiro
P2669,Camiseta Masculina,402.03,202.46,199.57,Nf238935,Yyjuhd@Email.Com,2025-03-20,2025-03-24,Ba,M,Loja,Boleto
P2670,Tênis Masculino,107.15,75.57,31.58,Nf662396,Iucvmc@Email.Com,2025-08-22,2025-08-24,Mg,36,Loja,Cartão
P2671,Tênis Masculino,188.3,117.3,71.0,Nf361685,Prqvuq@Email.Com,2025-12-09,2025-12-13,Rs,36,Loja,Pix
P2672,Camiseta Feminina,229.31,116.59,112.72,Nf960729,Imcovb@Email.Com,2026-03-02,2026-03-04,Ce,P,Online,Pix
P2673,Calça Feminina,137.57,81.63,55.94,Nf938445,Ogfnza@Email.Com,2026-02-02,2026-02-06,Mg,G,Loja,Pix
P2674,Camiseta Masculina,311.15,156.43,154.72,Nf604249,Otxixp@Email.Com,2025-08-28,2025-08-31,Ce,36,Online,Cartão
P2675,Calça Masculina,117.69,60.11,57.58,Nf820776,Ceqzyp@Email.Com,2025-05-12,2025-05-14,Ba,38,Loja,Boleto
P2676,Tênis Masculino,222.66,181.17,41.49,Nf946056,Qqporp@Email.Com,2026-04-28,2026-04-29,Rj,37,Online,Cartão
P2677,Calça Masculina,440.03,297.79,142.24,Nf830850,Izgqzs@Email.Com,2025-06-13,2025-06-15,Rs,P,Loja,Cartão
P2678,Camiseta Masculina,98.94,66.58,32.36,Nf827085,Mjydgw@Email.Com,2025-07-15,2025-07-15,Sp,G,Loja,Dinheiro
P2679,Camiseta Masculina,565.72,286.25,279.47,Nf201271,Xbdjxq@Email.Com,2025-02-12,2025-02-17,Rs,G,Online,Dinheiro
P2680,Calça Feminina,258.7,163.39,95.31,Nf274768,Gxjyqn@Email.Com,2025-10-30,2025-11-01,Pr,39,Loja,Dinheiro
P2681,Camiseta Masculina,234.34,139.9,94.44,Nf850203,Jbzitm@Email.Com,2025-01-10,2025-01-15,Ba,36,Loja,Cartão
P2682,Calça Feminina,270.36,182.9,87.46,Nf972692,Lifbkp@Email.Com,2025-02-24,2025-02-26,Sp,42,Loja,Pix
P2683,Camiseta Masculina,227.34,178.1,49.24,Nf625084,Unzehi@Email.Com,2025-03-13,2025-03-17,Mg,M,Loja,Cartão
P2684,Tênis Masculino,444.94,262.72,182.22,Nf352445,Wuznbv@Email.Com,2025-03-11,2025-03-11,Pr,41,Online,Pix
P2685,Tênis Feminino,361.44,261.59,99.85,Nf334682,Umvoeh@Email.Com,2025-09-21,2025-09-22,Ce,G,Loja,Pix
P2686,Camiseta Masculina,184.28,137.26,47.02,Nf121003,Kzgomu@Email.Com,2025-02-02,2025-02-04,Rs,G,Loja,Pix
P2687,Calça Masculina,279.28,202.88,76.4,Nf989890,Glqthd@Email.Com,2025-11-20,2025-11-22,Ce,P,Loja,Cartão
P2688,Camiseta Feminina,195.69,118.5,77.19,Nf931241,Wkggug@Email.Com,2025-03-26,2025-03-30,Ce,G,Loja,Cartão
P2689,Camiseta Masculina,102.93,71.62,31.31,Nf253603,Imlbrv@Email.Com,2025-11-16,2025-11-20,Rs,M,Online,Boleto
P2690,Calça Masculina,226.56,138.72,87.84,Nf776020,Mnwjfi@Email.Com,2025-11-10,2025-11-12,Pe,40,Loja,Pix
P2691,Camiseta Feminina,424.94,280.41,144.53,Nf320428,Imceep@Email.Com,2025-09-11,2025-09-11,Pe,40,Online,Cartão
P2692,Camiseta Feminina,186.84,104.65,82.19,Nf239019,Vjblrq@Email.Com,2025-02-12,2025-02-17,Ce,P,Loja,Cartão
P2693,Camiseta Masculina,212.75,144.48,68.27,Nf643336,Fcvdxs@Email.Com,2025-03-21,2025-03-23,Pb,37,Loja,Pix
P2694,Tênis Masculino,458.57,257.66,200.91,Nf465257,Rvnjlb@Email.Com,2025-01-15,2025-01-16,Pe,41,Loja,Pix
P2695,Camiseta Masculina,174.41,131.72,42.69,Nf924494,Rpbaqt@Email.Com,2025-07-06,2025-07-10,Sc,36,Online,Boleto
P2696,Calça Feminina,137.02,108.26,28.76,Nf659450,Jxfytu@Email.Com,2026-03-22,2026-03-22,Pe,38,Online,Boleto
P2697,Calça Feminina,297.42,202.09,95.33,Nf468746,Uwjofv@Email.Com,2025-10-05,2025-10-10,Sp,40,Loja,Cartão
P2698,Tênis Masculino,342.27,215.76,126.51,Nf307625,Dgoxzt@Email.Com,2025-04-06,2025-04-11,Sp,39,Loja,Dinheiro
P2699,Tênis Masculino,257.36,206.42,50.94,Nf910613,Zmcwya@Email.Com,2025-10-29,2025-11-03,Rs,P,Loja,Dinheiro
P2700,Camiseta Feminina,96.94,79.78,17.16,Nf667387,Qtfwch@Email.Com,2025-10-20,2025-10-22,Sc,39,Online,Pix
P2701,Camiseta Masculina,452.02,278.18,173.84,Nf724334,Cbxlkd@Email.Com,2025-03-14,2025-03-16,Ba,41,Online,Pix
P2702,Calça Feminina,145.27,82.4,62.87,Nf620272,Ukrgym@Email.Com,2025-06-17,2025-06-17,Sc,40,Online,Boleto
P2703,Calça Masculina,451.01,252.18,198.83,Nf620168,Fetfjj@Email.Com,2025-01-19,2025-01-21,Pe,42,Online,Dinheiro
P2704,Tênis Masculino,297.3,225.37,71.93,Nf859553,Swoiha@Email.Com,2025-09-23,2025-09-24,Mg,P,Loja,Cartão
P2705,Calça Feminina,155.61,95.82,59.79,Nf163413,Iropld@Email.Com,2025-02-01,2025-02-04,Sp,42,Online,Dinheiro
P2706,Calça Feminina,155.27,81.65,73.62,Nf634777,Dpzeve@Email.Com,2026-03-20,2026-03-23,Rj,40,Loja,Pix
P2707,Calça Feminina,115.76,91.47,24.29,Nf879670,Echzkd@Email.Com,2025-02-13,2025-02-14,Sc,36,Loja,Dinheiro
P2708,Tênis Masculino,384.19,196.07,188.12,Nf690168,Hzstmw@Email.Com,2026-02-13,2026-02-17,Rs,G,Online,Pix
P2709,Camiseta Masculina,165.77,118.28,47.49,Nf542032,Rvinte@Email.Com,2025-01-21,2025-01-22,Ce,37,Loja,Cartão
P2710,Tênis Feminino,275.63,169.91,105.72,Nf542363,Cixoiz@Email.Com,2025-05-24,2025-05-27,Rj,M,Online,Cartão
P2711,Calça Masculina,517.71,279.11,238.6,Nf493145,Uztqxg@Email.Com,2025-04-09,2025-04-11,Sc,38,Loja,Pix
P2712,Tênis Masculino,194.33,132.3,62.03,Nf255246,Jwgmds@Email.Com,2026-01-07,2026-01-09,Pr,M,Online,Cartão
P2713,Calça Masculina,257.92,158.81,99.11,Nf762400,Fcpjtr@Email.Com,2025-01-05,2025-01-09,Rs,37,Loja,Pix
P2714,Calça Masculina,447.88,246.95,200.93,Nf302736,Zcpqoz@Email.Com,2025-04-13,2025-04-14,Pe,G,Loja,Dinheiro
P2715,Camiseta Feminina,164.52,88.96,75.56,Nf300805,Bclopv@Email.Com,2026-01-08,2026-01-08,Rj,M,Loja,Pix
P2716,Calça Masculina,106.92,84.58,22.34,Nf504112,Tgrtdq@Email.Com,2026-01-08,2026-01-08,Rs,42,Online,Dinheiro
P2717,Camiseta Feminina,432.55,266.34,166.21,Nf476448,Eczuti@Email.Com,2025-12-14,2025-12-17,Mg,37,Loja,Boleto
P2718,Camiseta Feminina,96.91,58.6,38.31,Nf988172,Mefhxz@Email.Com,2025-06-26,2025-06-26,Sp,P,Online,Boleto
P2719,Camiseta Masculina,434.56,223.42,211.14,Nf411116,Lwlsmy@Email.Com,2025-10-01,2025-10-02,Mg,40,Loja,Cartão
P2720,Camiseta Masculina,124.53,96.48,28.05,Nf208464,Zrllpe@Email.Com,2026-04-27,2026-04-30,Ba,M,Loja,Pix
P2721,Calça Feminina,246.57,198.64,47.93,Nf611628,Pdyhnl@Email.Com,2025-04-28,2025-04-30,Ce,G,Loja,Dinheiro
P2722,Camiseta Feminina,357.69,227.53,130.16,Nf306526,Mrganr@Email.Com,2025-05-07,2025-05-12,Sc,37,Loja,Boleto
P2723,Tênis Masculino,402.69,249.71,152.98,Nf167541,Jigcev@Email.Com,2026-04-25,2026-04-30,Sp,36,Online,Pix
P2724,Tênis Masculino,311.34,184.67,126.67,Nf303548,Pdzasm@Email.Com,2025-12-24,2025-12-28,Pb,G,Loja,Pix
P2725,Camiseta Feminina,291.86,156.71,135.15,Nf257362,Mvlrhp@Email.Com,2025-07-18,2025-07-19,Rs,39,Online,Pix
P2726,Camiseta Masculina,217.71,179.31,38.4,Nf558681,Nujhlz@Email.Com,2026-03-20,2026-03-23,Ce,G,Loja,Pix
P2727,Tênis Masculino,339.3,246.03,93.27,Nf861726,Sjvtix@Email.Com,2025-01-03,2025-01-03,Sp,41,Online,Boleto
P2728,Camiseta Masculina,472.65,249.88,222.77,Nf402980,Fwmsck@Email.Com,2026-01-31,2026-01-31,Pb,39,Online,Pix
P2729,Camiseta Masculina,219.65,153.99,65.66,Nf330462,Kcicap@Email.Com,2025-11-20,2025-11-20,Pe,M,Online,Dinheiro
P2730,Camiseta Feminina,102.48,63.27,39.21,Nf807495,Gzijwa@Email.Com,2025-01-06,2025-01-09,Ce,36,Online,Dinheiro
P2731,Tênis Feminino,202.66,146.59,56.07,Nf552310,Zcbluq@Email.Com,2025-09-27,2025-10-01,Ba,40,Online,Pix
P2732,Tênis Masculino,351.94,211.89,140.05,Nf702254,Swblhh@Email.Com,2025-04-22,2025-04-24,Rs,41,Online,Boleto
P2733,Camiseta Masculina,221.16,130.16,91.0,Nf896683,Wcygot@Email.Com,2026-02-16,2026-02-21,Pe,38,Loja,Pix
P2734,Tênis Feminino,508.47,260.79,247.68,Nf432084,Nspzdt@Email.Com,2025-06-24,2025-06-24,Sp,42,Loja,Pix
P2735,Camiseta Masculina,200.13,117.43,82.7,Nf911324,Ftwece@Email.Com,2026-04-15,2026-04-19,Ba,37,Online,Cartão
P2736,Tênis Feminino,196.15,110.58,85.57,Nf318756,Mzwwlm@Email.Com,2025-07-09,2025-07-09,Rj,G,Online,Cartão
P2737,Calça Masculina,501.25,260.6,240.65,Nf629122,Fvsurk@Email.Com,2025-05-26,2025-05-31,Sc,42,Online,Cartão
P2738,Calça Feminina,337.53,270.65,66.88,Nf403357,Mkysgm@Email.Com,2025-02-20,2025-02-20,Rj,41,Online,Cartão
P2739,Calça Feminina,239.7,143.48,96.22,Nf337357,Nbgzqw@Email.Com,2025-05-28,2025-05-30,Pb,38,Online,Dinheiro
P2740,Camiseta Masculina,199.59,132.54,67.05,Nf309831,Ftzrir@Email.Com,2025-10-24,2025-10-28,Ba,40,Online,Pix
P2741,Calça Feminina,354.31,256.75,97.56,Nf114968,Zqfony@Email.Com,2025-03-21,2025-03-26,Ce,42,Loja,Pix
P2742,Camiseta Feminina,337.1,257.57,79.53,Nf525883,Hkhsdz@Email.Com,2025-08-08,2025-08-08,Pr,G,Online,Pix
P2743,Tênis Feminino,355.04,193.86,161.18,Nf208988,Vavflj@Email.Com,2026-01-26,2026-01-29,Sc,M,Online,Pix
P2744,Tênis Masculino,430.53,295.76,134.77,Nf320027,Qxeszi@Email.Com,2025-11-01,2025-11-01,Mg,36,Online,Pix
P2745,Calça Feminina,82.57,50.19,32.38,Nf511078,Grbtuq@Email.Com,2026-01-07,2026-01-08,Ba,38,Online,Dinheiro
P2746,Camiseta Masculina,192.74,103.47,89.27,Nf293598,Ranpdv@Email.Com,2025-03-26,2025-03-26,Rj,40,Loja,Dinheiro
P2747,Calça Feminina,189.97,111.85,78.12,Nf635793,Ayboby@Email.Com,2025-12-17,2025-12-18,Rj,41,Online,Boleto
P2748,Tênis Masculino,216.67,162.66,54.01,Nf613292,Wlevni@Email.Com,2025-12-20,2025-12-24,Sp,38,Loja,Dinheiro
P2749,Tênis Feminino,88.68,68.35,20.33,Nf378230,Ubvqnz@Email.Com,2025-11-05,2025-11-06,Pe,M,Loja,Boleto
P2750,Calça Feminina,356.4,180.8,175.6,Nf952686,Ohqfsd@Email.Com,2026-04-22,2026-04-26,Pe,M,Online,Pix
P2751,Camiseta Feminina,300.89,240.13,60.76,Nf308156,Jmunna@Email.Com,2025-10-06,2025-10-09,Sp,37,Online,Cartão
P2752,Calça Feminina,248.56,199.13,49.43,Nf956909,Vcjqrf@Email.Com,2025-12-22,2025-12-22,Ce,36,Online,Pix
P2753,Tênis Feminino,294.51,191.52,102.99,Nf107337,Rzccnr@Email.Com,2025-07-23,2025-07-27,Sp,42,Online,Boleto
P2754,Calça Feminina,346.0,286.85,59.15,Nf762367,Xvuvhw@Email.Com,2025-09-27,2025-09-28,Ce,G,Online,Pix
P2755,Camiseta Feminina,107.91,89.05,18.86,Nf836432,Monebe@Email.Com,2025-11-28,2025-12-03,Rj,42,Loja,Cartão
P2756,Camiseta Masculina,135.58,97.21,38.37,Nf899373,Qcjeci@Email.Com,2025-12-02,2025-12-05,Pe,36,Online,Pix
P2757,Camiseta Masculina,120.16,99.03,21.13,Nf380049,Yzplwk@Email.Com,2025-03-20,2025-03-22,Sp,M,Loja,Dinheiro
P2758,Camiseta Feminina,380.18,238.68,141.5,Nf810725,Vtigjn@Email.Com,2025-04-26,2025-04-29,Ce,37,Loja,Pix
P2759,Tênis Masculino,203.97,161.88,42.09,Nf909304,Eizudm@Email.Com,2025-01-09,2025-01-12,Pe,38,Loja,Boleto
P2760,Tênis Feminino,162.74,93.4,69.34,Nf942942,Ozmghh@Email.Com,2025-10-01,2025-10-01,Ce,40,Loja,Pix
P2761,Camiseta Feminina,443.44,295.7,147.74,Nf691373,Anqdjo@Email.Com,2025-02-28,2025-03-04,Ba,G,Online,Cartão
P2762,Tênis Feminino,105.78,58.73,47.05,Nf188521,Cwxaol@Email.Com,2025-10-16,2025-10-21,Ba,39,Online,Dinheiro
P2763,Camiseta Feminina,249.82,174.43,75.39,Nf521388,Fluytk@Email.Com,2025-01-16,2025-01-19,Pr,42,Online,Dinheiro
P2764,Camiseta Feminina,101.44,55.63,45.81,Nf761167,Zifeju@Email.Com,2025-01-06,2025-01-11,Pr,38,Loja,Pix
P2765,Calça Feminina,228.91,180.21,48.7,Nf255084,Pexdih@Email.Com,2026-03-22,2026-03-23,Pe,41,Loja,Pix
P2766,Calça Masculina,101.47,53.1,48.37,Nf358925,Hqoqql@Email.Com,2025-07-28,2025-07-31,Sp,37,Online,Pix
P2767,Tênis Masculino,530.26,296.93,233.33,Nf171044,Xytsau@Email.Com,2025-01-02,2025-01-05,Rs,40,Online,Pix
P2768,Tênis Masculino,127.93,96.95,30.98,Nf239327,Zsfvpn@Email.Com,2025-09-24,2025-09-26,Pe,36,Loja,Dinheiro
P2769,Camiseta Feminina,111.24,61.57,49.67,Nf878852,Ssjkvc@Email.Com,2025-08-07,2025-08-12,Pb,37,Loja,Cartão
P2770,Camiseta Feminina,173.84,104.56,69.28,Nf453058,Vqyfik@Email.Com,2025-10-29,2025-11-02,Pe,37,Loja,Dinheiro
P2771,Tênis Feminino,341.87,215.15,126.72,Nf938452,Jkwtrd@Email.Com,2025-08-14,2025-08-15,Pr,M,Loja,Pix
P2772,Camiseta Feminina,412.02,254.8,157.22,Nf756096,Hmuveb@Email.Com,2025-03-12,2025-03-12,Rs,M,Online,Dinheiro
P2773,Calça Masculina,515.76,261.44,254.32,Nf109385,Hvwpqm@Email.Com,2025-02-01,2025-02-06,Ba,37,Online,Pix
P2774,Tênis Masculino,357.4,264.71,92.69,Nf149418,Zypzeb@Email.Com,2025-01-30,2025-02-03,Mg,40,Online,Pix
P2775,Calça Feminina,464.01,262.41,201.6,Nf663863,Tyupoj@Email.Com,2025-09-02,2025-09-02,Mg,G,Loja,Dinheiro
P2776,Camiseta Masculina,428.08,217.25,210.83,Nf623153,Ibupcz@Email.Com,2025-06-13,2025-06-18,Sp,G,Loja,Pix
P2777,Tênis Feminino,266.05,194.44,71.61,Nf753488,Yyectd@Email.Com,2025-03-27,2025-03-29,Pb,41,Online,Dinheiro
P2778,Camiseta Feminina,456.58,274.27,182.31,Nf125570,Lyjwkt@Email.Com,2025-08-01,2025-08-02,Pr,40,Online,Boleto
P2779,Calça Masculina,364.86,261.08,103.78,Nf584763,Hwrkrm@Email.Com,2025-12-26,2025-12-28,Ce,M,Loja,Boleto
P2780,Tênis Masculino,188.76,120.26,68.5,Nf223396,Hhtdeu@Email.Com,2025-08-16,2025-08-17,Ba,37,Online,Cartão
P2781,Calça Feminina,362.8,225.77,137.03,Nf132373,Htrveb@Email.Com,2025-12-30,2026-01-04,Pe,36,Loja,Pix
P2782,Tênis Masculino,176.08,115.69,60.39,Nf403796,Zihsrz@Email.Com,2025-05-25,2025-05-25,Pb,40,Loja,Cartão
P2783,Tênis Feminino,340.79,219.16,121.63,Nf782269,Dckhek@Email.Com,2025-07-19,2025-07-22,Pr,G,Loja,Boleto
P2784,Calça Feminina,104.94,69.24,35.7,Nf659978,Vjmsdu@Email.Com,2026-01-04,2026-01-04,Pr,M,Loja,Boleto
P2785,Camiseta Masculina,221.94,181.66,40.28,Nf876639,Fczaxf@Email.Com,2025-09-02,2025-09-03,Pb,40,Online,Dinheiro
P2786,Tênis Masculino,340.29,239.23,101.06,Nf705130,Pvztwm@Email.Com,2025-07-25,2025-07-28,Pb,38,Online,Boleto
P2787,Tênis Feminino,306.75,182.14,124.61,Nf738313,Cutgbz@Email.Com,2025-02-09,2025-02-13,Pr,38,Online,Dinheiro
P2788,Tênis Feminino,437.0,280.9,156.1,Nf321190,Sjnpqb@Email.Com,2025-06-30,2025-07-01,Rs,41,Loja,Dinheiro
P2789,Calça Masculina,137.86,109.94,27.92,Nf663975,Djmokb@Email.Com,2025-06-23,2025-06-23,Pr,39,Online,Cartão
P2790,Tênis Masculino,478.86,258.65,220.21,Nf669583,Rnzfic@Email.Com,2025-12-04,2025-12-04,Ba,36,Loja,Cartão
P2791,Calça Masculina,267.0,155.86,111.14,Nf728554,Jtlhoz@Email.Com,2025-09-03,2025-09-07,Pe,P,Online,Pix
P2792,Camiseta Masculina,451.61,299.53,152.08,Nf357178,Xyfcpc@Email.Com,2025-08-20,2025-08-24,Sp,36,Online,Dinheiro
P2793,Calça Feminina,118.1,72.62,45.48,Nf930336,Lsooxv@Email.Com,2025-01-17,2025-01-17,Mg,42,Loja,Pix
P2794,Camiseta Masculina,187.06,134.99,52.07,Nf216428,Rlokqq@Email.Com,2026-04-27,2026-04-27,Rj,41,Loja,Cartão
P2795,Calça Feminina,193.22,143.41,49.81,Nf216562,Zhbftx@Email.Com,2025-06-14,2025-06-19,Sc,41,Online,Cartão
P2796,Tênis Feminino,372.04,244.86,127.18,Nf691221,Dvfemu@Email.Com,2025-12-15,2025-12-18,Mg,36,Online,Dinheiro
P2797,Tênis Feminino,290.63,197.47,93.16,Nf605484,Vmpsiq@Email.Com,2025-06-30,2025-06-30,Sp,P,Loja,Boleto
P2798,Calça Masculina,105.5,75.68,29.82,Nf755099,Hbvwbp@Email.Com,2025-04-07,2025-04-09,Rs,42,Online,Boleto
P2799,Tênis Feminino,152.74,80.7,72.04,Nf678330,Kvipmk@Email.Com,2025-11-16,2025-11-19,Mg,41,Online,Pix
P2800,Camiseta Feminina,283.79,232.82,50.97,Nf364507,Maqbny@Email.Com,2025-09-26,2025-09-30,Mg,40,Online,Boleto
P2801,Tênis Feminino,103.4,69.44,33.96,Nf706310,Swiycd@Email.Com,2025-11-02,2025-11-04,Rs,P,Loja,Dinheiro
P2802,Tênis Masculino,353.62,272.57,81.05,Nf171615,Qbbdly@Email.Com,2025-10-25,2025-10-30,Rs,38,Online,Pix
P2803,Tênis Masculino,409.97,213.86,196.11,Nf809849,Wwmvhd@Email.Com,2026-03-02,2026-03-06,Pb,39,Online,Boleto
P2804,Tênis Masculino,406.22,280.61,125.61,Nf175155,Ccmrep@Email.Com,2025-11-11,2025-11-15,Sp,36,Online,Dinheiro
P2805,Tênis Feminino,134.55,89.29,45.26,Nf882628,Qpknas@Email.Com,2026-03-30,2026-03-30,Pe,M,Online,Boleto
P2806,Camiseta Masculina,142.65,107.08,35.57,Nf897032,Byrgco@Email.Com,2025-03-23,2025-03-28,Mg,39,Online,Boleto
P2807,Camiseta Feminina,394.79,284.45,110.34,Nf983519,Qiyscg@Email.Com,2025-11-19,2025-11-20,Rs,G,Loja,Boleto
P2808,Camiseta Feminina,438.79,271.95,166.84,Nf803285,Qryzpc@Email.Com,2025-12-20,2025-12-23,Rs,P,Loja,Cartão
P2809,Tênis Masculino,101.67,82.68,18.99,Nf796642,Qvntcg@Email.Com,2025-05-04,2025-05-06,Mg,P,Online,Boleto
P2810,Tênis Feminino,335.75,216.37,119.38,Nf123342,Mepciz@Email.Com,2026-03-25,2026-03-28,Ba,41,Loja,Cartão
P2811,Camiseta Masculina,151.05,80.56,70.49,Nf647221,Edfxmv@Email.Com,2025-07-05,2025-07-08,Rs,G,Online,Pix
P2812,Camiseta Masculina,198.18,160.03,38.15,Nf306016,Pogitw@Email.Com,2025-06-29,2025-07-01,Pr,40,Online,Boleto
P2813,Calça Feminina,103.38,65.24,38.14,Nf701151,Liaebk@Email.Com,2025-06-05,2025-06-09,Ba,36,Online,Dinheiro
P2814,Camiseta Masculina,399.77,238.35,161.42,Nf508333,Igfczv@Email.Com,2025-12-10,2025-12-11,Sp,40,Loja,Boleto
P2815,Camiseta Feminina,238.64,132.93,105.71,Nf433585,Rcdwws@Email.Com,2025-09-29,2025-10-02,Sc,P,Loja,Boleto
P2816,Tênis Feminino,240.69,140.32,100.37,Nf606759,Fgsigs@Email.Com,2026-03-29,2026-03-30,Rs,37,Online,Dinheiro
P2817,Camiseta Feminina,125.54,64.39,61.15,Nf231812,Tvepwk@Email.Com,2026-01-21,2026-01-23,Ce,38,Loja,Dinheiro
P2818,Camiseta Masculina,400.29,223.62,176.67,Nf653334,Bovwhc@Email.Com,2025-11-04,2025-11-07,Pe,P,Loja,Dinheiro
P2819,Tênis Feminino,182.91,115.37,67.54,Nf993506,Ydmsne@Email.Com,2026-01-02,2026-01-07,Sc,41,Loja,Cartão
P2820,Tênis Masculino,260.72,144.9,115.82,Nf597067,Blmtku@Email.Com,2025-01-17,2025-01-18,Sp,37,Online,Cartão
P2821,Camiseta Feminina,402.24,245.39,156.85,Nf626723,Qprcjs@Email.Com,2025-08-07,2025-08-08,Sc,G,Loja,Cartão
P2822,Camiseta Feminina,342.81,200.88,141.93,Nf850147,Ffebju@Email.Com,2025-09-17,2025-09-17,Rj,P,Loja,Pix
P2823,Tênis Masculino,415.77,292.52,123.25,Nf870756,Wpayjj@Email.Com,2025-11-06,2025-11-10,Rj,G,Online,Pix
P2824,Calça Masculina,460.99,296.72,164.27,Nf769967,Feekrn@Email.Com,2025-01-19,2025-01-21,Rs,36,Loja,Cartão
P2825,Tênis Masculino,379.32,238.99,140.33,Nf452932,Pxpmrf@Email.Com,2025-11-10,2025-11-13,Sc,M,Loja,Dinheiro
P2826,Calça Masculina,136.33,89.02,47.31,Nf832233,Ouxznz@Email.Com,2025-12-19,2025-12-19,Sp,M,Loja,Cartão
P2827,Tênis Feminino,446.41,289.47,156.94,Nf103038,Bndlqb@Email.Com,2025-09-10,2025-09-10,Sp,38,Loja,Dinheiro
P2828,Camiseta Feminina,337.81,236.62,101.19,Nf539412,Bfutre@Email.Com,2025-06-07,2025-06-07,Pr,36,Loja,Pix
P2829,Calça Feminina,220.76,141.68,79.08,Nf551350,Cpsojj@Email.Com,2026-01-18,2026-01-22,Pe,G,Online,Dinheiro
P2830,Tênis Masculino,339.04,224.23,114.81,Nf981642,Jkouuu@Email.Com,2025-06-23,2025-06-23,Rj,39,Loja,Boleto
P2831,Camiseta Feminina,128.22,97.14,31.08,Nf323799,Xyyxiy@Email.Com,2026-01-31,2026-02-05,Pr,M,Loja,Boleto
P2832,Tênis Masculino,106.31,66.6,39.71,Nf274263,Ivlnyo@Email.Com,2025-05-08,2025-05-10,Rj,38,Online,Pix
P2833,Calça Masculina,536.49,271.1,265.39,Nf464987,Wcxlfz@Email.Com,2025-08-03,2025-08-08,Pr,40,Online,Pix
P2834,Calça Feminina,435.28,224.82,210.46,Nf185410,Nobvfy@Email.Com,2025-09-15,2025-09-17,Ce,37,Loja,Pix
P2835,Camiseta Masculina,124.62,74.67,49.95,Nf717244,Bvfsom@Email.Com,2025-01-01,2025-01-02,Sp,G,Online,Cartão
P2836,Calça Masculina,504.28,295.76,208.52,Nf309661,Gcpmhc@Email.Com,2025-05-05,2025-05-09,Pr,42,Online,Boleto
P2837,Camiseta Masculina,183.0,112.03,70.97,Nf307845,Tvgpae@Email.Com,2026-02-16,2026-02-16,Pb,M,Loja,Dinheiro
P2838,Camiseta Masculina,383.26,222.02,161.24,Nf105102,Quedgg@Email.Com,2026-01-13,2026-01-16,Sp,42,Loja,Cartão
P2839,Calça Feminina,516.05,268.6,247.45,Nf488756,Vzrszo@Email.Com,2025-02-14,2025-02-15,Rs,38,Loja,Dinheiro
P2840,Calça Masculina,357.04,216.66,140.38,Nf744913,Unyxey@Email.Com,2025-06-15,2025-06-18,Pr,39,Online,Boleto
P2841,Tênis Feminino,256.48,191.97,64.51,Nf786592,Kzyyvw@Email.Com,2026-01-22,2026-01-26,Ba,41,Online,Cartão
P2842,Calça Feminina,256.93,191.12,65.81,Nf592357,Xjzakn@Email.Com,2026-04-26,2026-04-28,Pr,40,Loja,Pix
P2843,Calça Masculina,159.18,112.72,46.46,Nf542073,Phrxzn@Email.Com,2026-02-19,2026-02-20,Rs,37,Loja,Boleto
P2844,Camiseta Feminina,321.43,235.68,85.75,Nf302694,Zewvso@Email.Com,2025-03-24,2025-03-29,Sp,38,Loja,Pix
P2845,Calça Masculina,197.04,149.73,47.31,Nf954629,Wgtxvv@Email.Com,2026-04-19,2026-04-22,Sc,36,Online,Dinheiro
P2846,Camiseta Feminina,261.05,142.61,118.44,Nf372918,Vlchkg@Email.Com,2025-09-20,2025-09-22,Ba,37,Loja,Dinheiro
P2847,Calça Masculina,156.59,100.44,56.15,Nf917067,Pdrfdu@Email.Com,2025-12-01,2025-12-05,Rj,P,Online,Cartão
P2848,Camiseta Masculina,326.22,239.89,86.33,Nf853456,Grgvpb@Email.Com,2026-04-23,2026-04-27,Ba,41,Online,Dinheiro
P2849,Camiseta Feminina,213.09,122.58,90.51,Nf455550,Indzlp@Email.Com,2026-04-27,2026-04-28,Sc,M,Loja,Cartão
P2850,Camiseta Masculina,373.28,216.19,157.09,Nf308598,Giunsw@Email.Com,2025-04-10,2025-04-11,Mg,M,Loja,Cartão
P2851,Tênis Feminino,333.22,167.62,165.6,Nf781606,Lyaxgw@Email.Com,2025-12-12,2025-12-17,Rj,41,Loja,Dinheiro
P2852,Calça Masculina,346.55,195.6,150.95,Nf129426,Hfzoud@Email.Com,2025-11-17,2025-11-21,Mg,42,Loja,Pix
P2853,Tênis Masculino,198.44,151.76,46.68,Nf548267,Ryaizq@Email.Com,2025-12-13,2025-12-14,Pr,39,Loja,Cartão
P2854,Camiseta Feminina,267.94,199.57,68.37,Nf431785,Dyouus@Email.Com,2025-06-08,2025-06-09,Pr,M,Online,Cartão
P2855,Calça Feminina,316.49,191.76,124.73,Nf297282,Xnfgkz@Email.Com,2026-04-26,2026-04-29,Mg,M,Online,Boleto
P2856,Camiseta Masculina,248.18,190.35,57.83,Nf927432,Dlabpl@Email.Com,2025-04-23,2025-04-23,Rj,P,Online,Boleto
P2857,Camiseta Feminina,229.51,125.3,104.21,Nf888797,Lrzvwc@Email.Com,2026-04-02,2026-04-06,Pr,G,Online,Cartão
P2858,Tênis Feminino,355.64,179.0,176.64,Nf865118,Ullpkb@Email.Com,2025-09-22,2025-09-24,Sc,M,Online,Boleto
P2859,Camiseta Masculina,408.69,219.93,188.76,Nf369109,Mcaqas@Email.Com,2025-02-08,2025-02-12,Pr,42,Loja,Boleto
P2860,Calça Feminina,199.76,148.81,50.95,Nf821746,Msiycl@Email.Com,2025-07-04,2025-07-05,Pr,42,Online,Boleto
P2861,Tênis Feminino,267.81,209.57,58.24,Nf915242,Xzwdpo@Email.Com,2025-01-12,2025-01-15,Pr,P,Loja,Cartão
P2862,Camiseta Feminina,369.16,216.85,152.31,Nf563961,Uhqroh@Email.Com,2025-04-13,2025-04-15,Mg,40,Online,Dinheiro
P2863,Tênis Feminino,453.88,277.6,176.28,Nf499468,Vrzzgk@Email.Com,2025-02-01,2025-02-06,Rj,37,Loja,Pix
P2864,Camiseta Feminina,526.48,285.11,241.37,Nf530289,Exptsl@Email.Com,2025-06-28,2025-07-01,Pb,P,Loja,Boleto
P2865,Camiseta Feminina,292.56,199.07,93.49,Nf609998,Nqbddi@Email.Com,2025-09-27,2025-09-30,Pe,M,Loja,Cartão
P2866,Tênis Masculino,305.32,177.59,127.73,Nf435281,Lkjjio@Email.Com,2025-04-29,2025-05-04,Ba,40,Loja,Pix
P2867,Camiseta Feminina,311.91,236.64,75.27,Nf400614,Frudss@Email.Com,2025-04-20,2025-04-25,Ba,40,Loja,Cartão
P2868,Camiseta Feminina,285.37,178.3,107.07,Nf196061,Zmrfuw@Email.Com,2026-04-17,2026-04-18,Ba,37,Online,Boleto
P2869,Tênis Feminino,140.14,81.0,59.14,Nf891874,Uzisfz@Email.Com,2025-10-08,2025-10-12,Pe,42,Online,Boleto
P2870,Tênis Masculino,231.62,163.99,67.63,Nf415023,Dzewzl@Email.Com,2025-09-27,2025-09-30,Pb,39,Loja,Dinheiro
P2871,Calça Masculina,293.41,162.51,130.9,Nf134236,Cgcgvy@Email.Com,2025-11-02,2025-11-07,Rs,40,Loja,Boleto
P2872,Tênis Feminino,132.36,84.51,47.85,Nf226714,Nxqaze@Email.Com,2025-12-31,2026-01-05,Rj,41,Online,Pix
P2873,Camiseta Feminina,324.94,219.29,105.65,Nf134338,Uzvvwz@Email.Com,2025-03-19,2025-03-24,Rs,P,Online,Boleto
P2874,Tênis Feminino,472.61,292.25,180.36,Nf182597,Qllfey@Email.Com,2025-02-01,2025-02-01,Ba,42,Online,Pix
P2875,Camiseta Masculina,432.01,282.85,149.16,Nf487525,Ltlkkc@Email.Com,2026-03-28,2026-03-31,Pr,41,Online,Boleto
P2876,Calça Masculina,418.04,234.21,183.83,Nf889026,Rkgmxn@Email.Com,2025-03-26,2025-03-29,Pb,38,Online,Dinheiro
P2877,Tênis Masculino,100.87,53.52,47.35,Nf534398,Vaoffh@Email.Com,2025-09-01,2025-09-02,Pb,42,Online,Pix
P2878,Tênis Masculino,322.13,209.86,112.27,Nf696218,Uvhmrn@Email.Com,2026-01-08,2026-01-12,Ce,M,Online,Pix
P2879,Tênis Masculino,98.56,69.68,28.88,Nf208769,Lzbkgo@Email.Com,2025-08-12,2025-08-14,Ce,39,Online,Cartão
P2880,Camiseta Masculina,397.85,221.39,176.46,Nf453273,Eiodwr@Email.Com,2025-12-05,2025-12-05,Pe,42,Online,Pix
P2881,Tênis Masculino,316.74,158.88,157.86,Nf721819,Imbkoe@Email.Com,2025-05-09,2025-05-13,Rj,38,Loja,Pix
P2882,Tênis Feminino,110.81,67.32,43.49,Nf823812,Wszebk@Email.Com,2026-01-06,2026-01-11,Pe,P,Online,Cartão
P2883,Calça Masculina,215.54,170.27,45.27,Nf479222,Vdhrvg@Email.Com,2026-02-26,2026-03-01,Pr,M,Online,Boleto
P2884,Calça Masculina,363.76,205.66,158.1,Nf486435,Fkwtlz@Email.Com,2025-08-25,2025-08-30,Ce,37,Loja,Boleto
P2885,Calça Masculina,281.7,178.62,103.08,Nf336020,Skzvll@Email.Com,2026-04-30,2026-05-04,Ba,38,Loja,Dinheiro
P2886,Calça Feminina,237.57,130.11,107.46,Nf598379,Bnxjlu@Email.Com,2026-03-15,2026-03-20,Rs,G,Online,Boleto
P2887,Calça Masculina,155.03,123.77,31.26,Nf794128,Njtsdt@Email.Com,2026-03-23,2026-03-25,Mg,G,Loja,Dinheiro
P2888,Camiseta Masculina,384.46,210.03,174.43,Nf549695,Qfzplf@Email.Com,2025-05-18,2025-05-18,Pr,P,Online,Dinheiro
P2889,Camiseta Feminina,216.27,124.94,91.33,Nf270793,Ooawwm@Email.Com,2025-12-08,2025-12-13,Mg,P,Online,Pix
P2890,Tênis Feminino,236.66,119.18,117.48,Nf395391,Czymoj@Email.Com,2025-04-29,2025-05-02,Rs,P,Loja,Boleto
P2891,Camiseta Masculina,368.65,222.62,146.03,Nf694386,Jffeep@Email.Com,2025-07-07,2025-07-10,Mg,40,Online,Boleto
P2892,Camiseta Masculina,178.39,94.48,83.91,Nf520150,Jvkach@Email.Com,2025-08-01,2025-08-06,Ba,36,Online,Boleto
P2893,Calça Masculina,404.7,285.48,119.22,Nf773408,Edqmws@Email.Com,2025-02-14,2025-02-16,Pe,37,Online,Boleto
P2894,Camiseta Masculina,388.37,241.04,147.33,Nf517709,Oabpzi@Email.Com,2025-09-27,2025-10-02,Sc,G,Loja,Cartão
P2895,Tênis Feminino,332.35,198.4,133.95,Nf222569,Snrhzr@Email.Com,2025-09-28,2025-10-03,Sc,M,Loja,Cartão
P2896,Camiseta Masculina,117.09,60.88,56.21,Nf373271,Qxyhud@Email.Com,2026-03-19,2026-03-22,Sc,40,Loja,Dinheiro
P2897,Tênis Feminino,189.58,137.97,51.61,Nf663767,Tofope@Email.Com,2025-08-07,2025-08-09,Sp,36,Loja,Dinheiro
P2898,Camiseta Feminina,253.08,205.48,47.6,Nf133821,Arxswk@Email.Com,2025-06-06,2025-06-07,Pb,P,Loja,Cartão
P2899,Camiseta Masculina,379.71,261.4,118.31,Nf583553,Cvssdd@Email.Com,2025-12-28,2025-12-30,Sp,37,Online,Pix
P2900,Calça Masculina,77.74,50.33,27.41,Nf656851,Ukimrn@Email.Com,2025-08-31,2025-08-31,Pe,42,Loja,Dinheiro
P2901,Calça Masculina,477.72,241.77,235.95,Nf575098,Liwmua@Email.Com,2025-10-06,2025-10-10,Ba,38,Loja,Pix
P2902,Camiseta Masculina,166.37,104.31,62.06,Nf483473,Qkshat@Email.Com,2025-09-22,2025-09-25,Ba,40,Loja,Pix
P2903,Calça Feminina,104.91,57.55,47.36,Nf933248,Zesufp@Email.Com,2025-10-12,2025-10-14,Sc,41,Loja,Boleto
P2904,Camiseta Feminina,228.25,116.53,111.72,Nf173784,Fejeip@Email.Com,2025-06-06,2025-06-09,Ce,40,Online,Cartão
P2905,Camiseta Feminina,216.96,109.85,107.11,Nf320802,Czdhzs@Email.Com,2025-04-14,2025-04-14,Rs,41,Online,Cartão
P2906,Calça Feminina,146.15,112.07,34.08,Nf310587,Rdsihy@Email.Com,2025-08-24,2025-08-27,Sc,42,Online,Pix
P2907,Camiseta Masculina,171.1,118.52,52.58,Nf922949,Laoqtp@Email.Com,2025-01-26,2025-01-29,Pb,G,Loja,Boleto
P2908,Tênis Masculino,296.9,234.47,62.43,Nf726192,Ebkaxy@Email.Com,2026-01-01,2026-01-02,Ce,38,Loja,Cartão
P2909,Tênis Masculino,340.45,185.62,154.83,Nf449752,Mxnjte@Email.Com,2025-08-19,2025-08-21,Mg,38,Online,Cartão
P2910,Camiseta Feminina,343.23,203.83,139.4,Nf129806,Aoonjj@Email.Com,2026-02-03,2026-02-04,Ce,M,Online,Dinheiro
P2911,Camiseta Feminina,424.02,262.57,161.45,Nf295626,Ntdsmm@Email.Com,2025-08-04,2025-08-06,Rs,P,Loja,Dinheiro
P2912,Camiseta Masculina,96.07,65.16,30.91,Nf943011,Xshamp@Email.Com,2026-03-29,2026-03-30,Mg,P,Loja,Cartão
P2913,Calça Masculina,392.29,257.09,135.2,Nf165827,Ocwpne@Email.Com,2025-05-28,2025-05-29,Sp,P,Online,Cartão
P2914,Camiseta Masculina,145.36,105.37,39.99,Nf406921,Edyaih@Email.Com,2026-03-21,2026-03-21,Rj,36,Loja,Dinheiro
P2915,Calça Feminina,168.25,104.25,64.0,Nf630655,Geqszf@Email.Com,2025-03-21,2025-03-22,Sp,38,Loja,Cartão
P2916,Tênis Masculino,368.81,258.27,110.54,Nf115064,Ybxzta@Email.Com,2025-01-13,2025-01-14,Pr,39,Loja,Pix
P2917,Tênis Masculino,556.64,296.43,260.21,Nf631202,Pukfep@Email.Com,2025-09-09,2025-09-14,Pr,41,Online,Boleto
P2918,Tênis Feminino,188.61,115.2,73.41,Nf486172,Gmibre@Email.Com,2025-04-01,2025-04-03,Pb,40,Loja,Cartão
P2919,Tênis Feminino,309.14,231.98,77.16,Nf195759,Llhggp@Email.Com,2026-02-23,2026-02-24,Mg,37,Loja,Dinheiro
P2920,Tênis Masculino,84.57,68.46,16.11,Nf807656,Bmmlxc@Email.Com,2025-09-14,2025-09-14,Mg,42,Loja,Boleto
P2921,Camiseta Feminina,386.41,206.29,180.12,Nf255656,Ereyxw@Email.Com,2025-09-26,2025-09-29,Pb,M,Loja,Pix
P2922,Calça Masculina,402.77,258.21,144.56,Nf245571,Fiidkd@Email.Com,2025-02-05,2025-02-05,Ce,41,Online,Cartão
P2923,Calça Masculina,263.45,147.04,116.41,Nf540068,Jvjmeb@Email.Com,2025-07-10,2025-07-12,Sp,42,Online,Pix
P2924,Tênis Masculino,217.33,172.05,45.28,Nf983577,Hdijed@Email.Com,2025-11-11,2025-11-14,Ba,42,Loja,Cartão
P2925,Calça Feminina,119.5,91.59,27.91,Nf185773,Owyalb@Email.Com,2025-02-05,2025-02-05,Sp,G,Online,Boleto
P2926,Camiseta Masculina,257.01,193.14,63.87,Nf223499,Qapeqj@Email.Com,2025-12-26,2025-12-30,Ba,38,Loja,Cartão
P2927,Calça Feminina,73.16,51.42,21.74,Nf104572,Braxpz@Email.Com,2025-11-30,2025-11-30,Sc,41,Online,Boleto
P2928,Camiseta Masculina,412.88,222.14,190.74,Nf620523,Mzbwvz@Email.Com,2025-10-29,2025-11-02,Ba,39,Loja,Pix
P2929,Tênis Masculino,102.03,82.56,19.47,Nf519281,Mhxvwe@Email.Com,2025-04-13,2025-04-16,Mg,P,Online,Cartão
P2930,Camiseta Masculina,314.77,170.6,144.17,Nf514315,Oahdce@Email.Com,2026-02-21,2026-02-26,Ba,40,Online,Dinheiro
P2931,Calça Feminina,332.66,184.45,148.21,Nf240891,Iewlzw@Email.Com,2025-03-09,2025-03-14,Sc,39,Online,Cartão
P2932,Camiseta Feminina,428.53,235.48,193.05,Nf535466,Ityfup@Email.Com,2026-02-08,2026-02-12,Rs,37,Online,Cartão
P2933,Camiseta Feminina,391.32,227.31,164.01,Nf554959,Jkvwyz@Email.Com,2025-11-23,2025-11-23,Ce,41,Loja,Dinheiro
P2934,Calça Masculina,361.03,267.68,93.35,Nf437922,Vbcffj@Email.Com,2025-05-02,2025-05-02,Pb,G,Online,Boleto
P2935,Calça Masculina,130.65,74.52,56.13,Nf101396,Lukequ@Email.Com,2025-06-15,2025-06-16,Pr,36,Loja,Cartão
P2936,Tênis Masculino,150.48,102.55,47.93,Nf547329,Fvjmlz@Email.Com,2025-08-05,2025-08-09,Ba,41,Loja,Cartão
P2937,Calça Masculina,317.66,187.14,130.52,Nf808595,Jevbpt@Email.Com,2025-08-01,2025-08-01,Ba,37,Loja,Pix
P2938,Calça Masculina,172.82,97.6,75.22,Nf923221,Wyqzyo@Email.Com,2025-02-21,2025-02-22,Sc,39,Loja,Cartão
P2939,Tênis Feminino,132.22,74.43,57.79,Nf317826,Qiobzx@Email.Com,2025-04-23,2025-04-23,Mg,P,Loja,Pix
P2940,Tênis Masculino,258.7,141.67,117.03,Nf856467,Fzgxcr@Email.Com,2025-03-27,2025-04-01,Rj,41,Loja,Pix
P2941,Calça Feminina,199.55,165.31,34.24,Nf538240,Myefdv@Email.Com,2025-08-21,2025-08-22,Pb,40,Online,Boleto
P2942,Tênis Masculino,118.52,75.69,42.83,Nf506134,Bjjcfn@Email.Com,2025-05-23,2025-05-23,Pr,36,Online,Boleto
P2943,Camiseta Masculina,137.6,89.61,47.99,Nf935496,Kvpdjg@Email.Com,2026-02-08,2026-02-10,Ba,G,Online,Dinheiro
P2944,Tênis Masculino,562.51,290.41,272.1,Nf998382,Aoicrr@Email.Com,2026-02-12,2026-02-15,Ce,M,Online,Pix
P2945,Tênis Feminino,127.22,67.78,59.44,Nf386793,Gwahof@Email.Com,2025-08-24,2025-08-29,Pe,36,Loja,Pix
P2946,Calça Feminina,356.96,253.62,103.34,Nf938957,Qaogkf@Email.Com,2025-07-29,2025-07-30,Pr,36,Online,Cartão
P2947,Calça Feminina,236.86,137.5,99.36,Nf474956,Mbwtws@Email.Com,2025-07-17,2025-07-22,Mg,40,Loja,Pix
P2948,Calça Feminina,229.82,166.97,62.85,Nf407531,Ubiywo@Email.Com,2025-11-13,2025-11-13,Rj,38,Online,Boleto
P2949,Tênis Masculino,217.41,128.03,89.38,Nf453408,Fqgjah@Email.Com,2025-10-13,2025-10-14,Rs,41,Loja,Dinheiro
P2950,Calça Feminina,101.42,61.4,40.02,Nf858987,Xaxyag@Email.Com,2026-03-02,2026-03-04,Mg,42,Loja,Dinheiro
P2951,Tênis Feminino,405.03,277.58,127.45,Nf164877,Kpneze@Email.Com,2025-04-29,2025-05-01,Ce,38,Online,Boleto
P2952,Camiseta Feminina,508.89,267.66,241.23,Nf739758,Tdctab@Email.Com,2025-10-22,2025-10-25,Pb,39,Online,Dinheiro
P2953,Calça Masculina,96.82,66.09,30.73,Nf435995,Kwfarg@Email.Com,2025-11-16,2025-11-20,Ba,36,Online,Dinheiro
P2954,Calça Feminina,268.4,138.46,129.94,Nf804099,Mgxiil@Email.Com,2025-05-01,2025-05-02,Ce,40,Online,Dinheiro
P2955,Camiseta Masculina,287.29,191.69,95.6,Nf819714,Ghqmnx@Email.Com,2025-06-03,2025-06-05,Ba,M,Loja,Boleto
P2956,Camiseta Feminina,223.99,126.6,97.39,Nf571770,Gfvbgt@Email.Com,2025-05-18,2025-05-20,Ce,41,Loja,Dinheiro
P2957,Tênis Masculino,408.69,244.28,164.41,Nf767267,Zbzcpj@Email.Com,2025-11-03,2025-11-07,Rs,M,Online,Cartão
P2958,Camiseta Feminina,506.77,290.03,216.74,Nf758904,Lixiql@Email.Com,2026-01-10,2026-01-12,Sc,41,Loja,Dinheiro
P2959,Camiseta Feminina,474.5,289.14,185.36,Nf766949,Tuqqot@Email.Com,2025-12-14,2025-12-19,Ba,38,Loja,Dinheiro
P2960,Calça Masculina,299.12,237.54,61.58,Nf693524,Bkhbtg@Email.Com,2026-02-13,2026-02-17,Pr,37,Online,Pix
P2961,Calça Masculina,214.65,138.86,75.79,Nf851166,Sqrbel@Email.Com,2025-01-01,2025-01-04,Pr,38,Online,Cartão
P2962,Tênis Feminino,282.36,141.27,141.09,Nf803713,Iayubw@Email.Com,2025-12-24,2025-12-26,Ba,38,Loja,Pix
P2963,Tênis Masculino,479.17,282.77,196.4,Nf320447,Cpgsfp@Email.Com,2025-05-26,2025-05-30,Pb,37,Loja,Pix
P2964,Calça Feminina,436.47,271.4,165.07,Nf888632,Ticbdl@Email.Com,2025-08-27,2025-08-29,Rs,P,Loja,Pix
P2965,Camiseta Masculina,329.2,227.34,101.86,Nf944860,Woyjpn@Email.Com,2025-06-19,2025-06-20,Ce,39,Loja,Cartão
P2966,Calça Feminina,415.04,241.71,173.33,Nf167097,Nbituo@Email.Com,2026-04-11,2026-04-11,Pe,G,Loja,Pix
P2967,Camiseta Masculina,370.21,237.86,132.35,Nf904036,Xpviaw@Email.Com,2026-01-11,2026-01-15,Mg,39,Loja,Pix
P2968,Camiseta Masculina,329.61,237.12,92.49,Nf306332,Epdjca@Email.Com,2025-07-28,2025-07-30,Sp,40,Loja,Cartão
P2969,Calça Masculina,183.4,117.31,66.09,Nf382614,Lbtxmv@Email.Com,2025-01-08,2025-01-10,Sp,M,Online,Dinheiro
P2970,Calça Masculina,94.73,75.52,19.21,Nf489934,Nzfrci@Email.Com,2025-06-04,2025-06-06,Mg,36,Online,Pix
P2971,Camiseta Feminina,181.33,117.76,63.57,Nf620572,Oklszk@Email.Com,2025-05-06,2025-05-06,Pr,38,Online,Cartão
P2972,Calça Feminina,332.9,168.06,164.84,Nf680601,Ovjfvu@Email.Com,2025-02-18,2025-02-21,Rs,41,Online,Cartão
P2973,Tênis Feminino,290.91,187.04,103.87,Nf662007,Fvhsca@Email.Com,2025-12-07,2025-12-08,Ce,36,Online,Pix
P2974,Calça Feminina,419.85,213.82,206.03,Nf345864,Znjjcx@Email.Com,2025-07-06,2025-07-07,Mg,37,Loja,Pix
P2975,Tênis Masculino,196.57,117.39,79.18,Nf627027,Fvnahb@Email.Com,2025-03-21,2025-03-24,Pb,42,Online,Dinheiro
P2976,Tênis Masculino,336.97,238.61,98.36,Nf331229,Iuqldk@Email.Com,2026-03-31,2026-04-01,Ba,M,Online,Cartão
P2977,Tênis Masculino,377.04,260.18,116.86,Nf677777,Vkrurv@Email.Com,2025-05-11,2025-05-11,Sp,40,Online,Boleto
P2978,Calça Masculina,113.4,82.0,31.4,Nf596529,Xakkds@Email.Com,2025-07-08,2025-07-11,Pb,42,Online,Dinheiro
P2979,Calça Masculina,394.88,238.39,156.49,Nf604275,Naahhe@Email.Com,2025-05-16,2025-05-20,Sc,39,Online,Cartão
P2980,Calça Masculina,200.6,105.39,95.21,Nf596462,Rwviqu@Email.Com,2025-08-23,2025-08-28,Sp,M,Online,Cartão
P2981,Camiseta Feminina,193.49,155.31,38.18,Nf639816,Rjznjx@Email.Com,2025-12-03,2025-12-08,Sp,M,Online,Boleto
P2982,Tênis Feminino,150.14,114.52,35.62,Nf642481,Mfhmxp@Email.Com,2026-02-02,2026-02-03,Mg,P,Online,Boleto
P2983,Tênis Masculino,205.58,161.18,44.4,Nf404099,Dliqkt@Email.Com,2026-03-24,2026-03-28,Rs,G,Loja,Pix
P2984,Camiseta Masculina,381.93,213.6,168.33,Nf571566,Zfigdq@Email.Com,2025-04-20,2025-04-21,Sc,42,Online,Boleto
P2985,Tênis Masculino,136.94,90.18,46.76,Nf657271,Eycohj@Email.Com,2025-01-25,2025-01-29,Mg,P,Online,Pix
P2986,Calça Masculina,531.47,286.08,245.39,Nf317487,Nyejan@Email.Com,2026-01-03,2026-01-03,Sp,M,Online,Boleto
P2987,Calça Masculina,312.3,233.76,78.54,Nf314706,Whegfq@Email.Com,2026-01-29,2026-02-01,Sc,M,Loja,Boleto
P2988,Camiseta Feminina,337.63,205.97,131.66,Nf432386,Iasgyp@Email.Com,2025-01-25,2025-01-27,Sp,41,Online,Boleto
P2989,Tênis Feminino,220.5,112.51,107.99,Nf231511,Epsquu@Email.Com,2026-03-26,2026-03-29,Rs,39,Loja,Boleto
P2990,Calça Masculina,406.83,226.82,180.01,Nf116730,Wuopje@Email.Com,2025-04-08,2025-04-09,Rj,37,Loja,Cartão
P2991,Camiseta Masculina,95.06,59.47,35.59,Nf831364,Savuxb@Email.Com,2026-04-06,2026-04-10,Sc,G,Online,Dinheiro
P2992,Tênis Feminino,338.74,176.07,162.67,Nf338849,Satill@Email.Com,2025-03-04,2025-03-05,Sc,42,Online,Boleto
P2993,Calça Feminina,182.02,115.96,66.06,Nf364546,Udcpfp@Email.Com,2025-07-14,2025-07-15,Sc,M,Loja,Cartão
P2994,Calça Feminina,435.93,234.67,201.26,Nf296858,Laroge@Email.Com,2025-08-27,2025-09-01,Rj,36,Loja,Pix
P2995,Tênis Masculino,136.0,73.08,62.92,Nf320860,Zdexbt@Email.Com,2025-03-21,2025-03-26,Sp,P,Loja,Cartão
P2996,Calça Masculina,386.1,217.93,168.17,Nf938713,Czjhce@Email.Com,2025-03-29,2025-04-01,Ce,38,Loja,Boleto
P2997,Tênis Masculino,353.42,186.09,167.33,Nf125283,Jdiowy@Email.Com,2025-07-10,2025-07-10,Ce,39,Online,Dinheiro
P2998,Camiseta Masculina,371.29,280.93,90.36,Nf744888,Fkavml@Email.Com,2025-11-22,2025-11-25,Sp,P,Loja,Dinheiro
P2999,Tênis Masculino,179.6,116.44,63.16,Nf551997,Wfwzhr@Email.Com,2026-04-03,2026-04-08,Sc,P,Loja,Cartão
P3000,Camiseta Masculina,99.08,66.6,32.48,Nf373423,Fvlpaq@Email.Com,2025-05-21,2025-05-22,Sc,42,Loja,Dinheiro
P3001,Tênis Feminino,150.23,76.87,73.36,Nf656866,Avrfxk@Email.Com,2025-10-31,2025-11-05,Pr,37,Loja,Dinheiro
P3002,Tênis Masculino,469.03,249.18,219.85,Nf580086,Vymyzl@Email.Com,2025-11-17,2025-11-17,Sp,42,Loja,Dinheiro
P3003,Tênis Feminino,400.7,271.74,128.96,Nf357865,Glllji@Email.Com,2026-04-29,2026-05-02,Sc,G,Online,Cartão
P3004,Calça Feminina,319.36,177.54,141.82,Nf274959,Kbmgan@Email.Com,2025-08-11,2025-08-13,Sc,39,Loja,Cartão
P3005,Camiseta Masculina,97.76,80.04,17.72,Nf684431,Lyovit@Email.Com,2026-03-12,2026-03-14,Pe,38,Loja,Dinheiro
P3006,Tênis Masculino,82.35,56.92,25.43,Nf957092,Xqexix@Email.Com,2025-08-21,2025-08-23,Ce,42,Online,Boleto
P3007,Tênis Feminino,434.75,234.36,200.39,Nf776765,Cbxrbr@Email.Com,2026-04-14,2026-04-15,Sp,42,Online,Pix
P3008,Calça Masculina,229.6,145.43,84.17,Nf433295,Avwntd@Email.Com,2025-12-26,2025-12-27,Rj,M,Online,Boleto
P3009,Calça Feminina,408.59,256.28,152.31,Nf731576,Zliviq@Email.Com,2025-01-19,2025-01-19,Sc,P,Online,Cartão
P3010,Calça Masculina,424.1,236.37,187.73,Nf882813,Dbanid@Email.Com,2026-03-07,2026-03-10,Mg,36,Loja,Pix
P3011,Camiseta Feminina,381.59,227.42,154.17,Nf998406,Zzjrhe@Email.Com,2025-07-31,2025-08-03,Pe,G,Online,Boleto
P3012,Calça Masculina,414.99,212.4,202.59,Nf681507,Uxlkqv@Email.Com,2026-04-08,2026-04-10,Rj,42,Loja,Dinheiro
P3013,Calça Masculina,292.56,191.93,100.63,Nf485437,Exucmm@Email.Com,2025-12-03,2025-12-06,Sp,P,Online,Dinheiro
P3014,Tênis Masculino,371.04,213.93,157.11,Nf722818,Xskfdq@Email.Com,2026-04-06,2026-04-10,Rj,42,Loja,Boleto
P3015,Calça Feminina,390.79,202.8,187.99,Nf446481,Jthuyb@Email.Com,2026-01-13,2026-01-16,Ce,39,Loja,Pix
P3016,Tênis Feminino,392.71,214.02,178.69,Nf659850,Ifqryy@Email.Com,2025-11-11,2025-11-12,Sp,38,Loja,Pix
P3017,Calça Masculina,493.96,273.83,220.13,Nf690669,Xryhqq@Email.Com,2025-06-30,2025-07-03,Sp,40,Online,Cartão
P3018,Tênis Masculino,231.54,174.37,57.17,Nf761689,Pftdtg@Email.Com,2025-11-06,2025-11-06,Sc,36,Online,Boleto
P3019,Tênis Feminino,325.9,217.14,108.76,Nf473593,Qzweio@Email.Com,2025-11-30,2025-11-30,Ba,40,Loja,Cartão
P3020,Tênis Masculino,457.95,255.77,202.18,Nf701476,Opeuuo@Email.Com,2026-02-16,2026-02-21,Mg,42,Loja,Dinheiro
P3021,Calça Feminina,142.89,72.22,70.67,Nf418942,Jcbqmr@Email.Com,2025-06-05,2025-06-06,Pb,M,Loja,Pix
P3022,Calça Feminina,381.54,272.8,108.74,Nf145107,Ntqwds@Email.Com,2025-05-24,2025-05-24,Sc,G,Loja,Dinheiro
P3023,Tênis Feminino,225.54,138.86,86.68,Nf403936,Fprlnl@Email.Com,2026-03-26,2026-03-28,Sc,38,Online,Cartão
P3024,Calça Masculina,151.19,78.48,72.71,Nf914325,Swcvkb@Email.Com,2025-09-20,2025-09-20,Rj,37,Online,Dinheiro
P3025,Tênis Masculino,192.99,153.38,39.61,Nf617900,Fwmwam@Email.Com,2025-03-17,2025-03-21,Ce,40,Online,Cartão
P3026,Tênis Masculino,332.9,221.54,111.36,Nf554154,Mfvvre@Email.Com,2025-01-07,2025-01-10,Mg,41,Loja,Pix
P3027,Tênis Feminino,262.39,162.7,99.69,Nf738127,Yvyfao@Email.Com,2025-04-30,2025-04-30,Mg,38,Loja,Pix
P3028,Tênis Feminino,130.13,94.55,35.58,Nf859320,Qckbty@Email.Com,2026-04-26,2026-04-27,Pr,40,Online,Cartão
P3029,Camiseta Feminina,81.66,65.33,16.33,Nf705069,Svvmdw@Email.Com,2025-10-13,2025-10-17,Sp,40,Online,Pix
P3030,Camiseta Masculina,314.04,208.47,105.57,Nf371930,Atemjj@Email.Com,2025-03-30,2025-04-03,Sc,36,Online,Dinheiro
P3031,Tênis Masculino,412.23,299.22,113.01,Nf774051,Ctaovc@Email.Com,2025-04-15,2025-04-16,Pr,41,Loja,Cartão
P3032,Camiseta Feminina,94.53,69.73,24.8,Nf363522,Sddlty@Email.Com,2025-07-17,2025-07-20,Rs,38,Online,Pix
P3033,Tênis Masculino,262.82,204.77,58.05,Nf143288,Fxvlpq@Email.Com,2025-05-09,2025-05-14,Rj,37,Loja,Dinheiro
P3034,Camiseta Feminina,157.94,83.2,74.74,Nf692799,Hoaxzc@Email.Com,2025-08-01,2025-08-04,Pb,40,Loja,Cartão
P3035,Calça Feminina,228.43,119.69,108.74,Nf172368,Zokmdx@Email.Com,2025-03-01,2025-03-03,Pb,M,Loja,Cartão
P3036,Calça Feminina,468.88,293.31,175.57,Nf441884,Zeauul@Email.Com,2026-02-27,2026-03-03,Sp,P,Loja,Boleto
P3037,Tênis Feminino,176.33,119.55,56.78,Nf571362,Uzwgts@Email.Com,2026-01-06,2026-01-09,Rs,39,Loja,Dinheiro
P3038,Calça Feminina,90.85,61.41,29.44,Nf770796,Whbvnk@Email.Com,2025-08-22,2025-08-27,Rj,P,Online,Dinheiro
P3039,Tênis Masculino,376.85,262.76,114.09,Nf758436,Mbnzkl@Email.Com,2025-09-19,2025-09-24,Pe,42,Loja,Boleto
P3040,Calça Masculina,492.91,266.31,226.6,Nf565046,Ysqqdy@Email.Com,2025-01-03,2025-01-05,Mg,42,Loja,Cartão
P3041,Tênis Feminino,247.72,194.01,53.71,Nf451183,Jqajep@Email.Com,2026-02-04,2026-02-05,Sc,38,Loja,Dinheiro
P3042,Calça Feminina,140.04,90.11,49.93,Nf163583,Vpmpyt@Email.Com,2025-06-25,2025-06-30,Rj,37,Online,Pix
P3043,Calça Feminina,346.82,249.24,97.58,Nf947294,Wuxtly@Email.Com,2025-12-28,2026-01-01,Sp,41,Loja,Dinheiro
P3044,Calça Masculina,172.9,111.62,61.28,Nf210649,Kybway@Email.Com,2026-02-12,2026-02-12,Pb,G,Loja,Cartão
P3045,Camiseta Feminina,194.36,116.9,77.46,Nf664489,Hbagkq@Email.Com,2026-03-30,2026-04-02,Pe,41,Online,Pix
P3046,Calça Masculina,206.34,111.83,94.51,Nf311238,Jgbfnx@Email.Com,2025-12-09,2025-12-13,Rs,M,Online,Dinheiro
P3047,Calça Masculina,221.3,174.68,46.62,Nf197362,Lsyzko@Email.Com,2025-03-11,2025-03-15,Rj,39,Online,Pix
P3048,Camiseta Feminina,520.76,280.03,240.73,Nf475031,Rfjmhx@Email.Com,2025-12-07,2025-12-12,Sp,36,Online,Boleto
P3049,Calça Masculina,397.64,284.52,113.12,Nf937270,Hicsjt@Email.Com,2026-01-06,2026-01-09,Sc,42,Online,Boleto
P3050,Tênis Feminino,244.47,147.87,96.6,Nf518684,Xmlugw@Email.Com,2025-10-31,2025-11-04,Sp,39,Online,Dinheiro
P3051,Camiseta Masculina,104.44,56.87,47.57,Nf278368,Pyveol@Email.Com,2025-07-25,2025-07-26,Pe,39,Online,Pix
P3052,Camiseta Feminina,237.96,154.14,83.82,Nf659521,Eynefu@Email.Com,2025-01-01,2025-01-01,Sp,G,Online,Cartão
P3053,Tênis Feminino,127.62,76.46,51.16,Nf373332,Tkhkmr@Email.Com,2025-06-03,2025-06-08,Mg,39,Loja,Dinheiro
P3054,Tênis Masculino,373.88,284.47,89.41,Nf234314,Ihzrya@Email.Com,2025-03-05,2025-03-06,Rj,41,Online,Pix
P3055,Camiseta Feminina,338.98,217.47,121.51,Nf190695,Odedpm@Email.Com,2025-12-13,2025-12-13,Sp,M,Online,Boleto
P3056,Calça Feminina,251.41,144.87,106.54,Nf941472,Ygmdiw@Email.Com,2026-03-31,2026-04-02,Mg,40,Online,Cartão
P3057,Camiseta Masculina,255.86,180.06,75.8,Nf273682,Uhtmsh@Email.Com,2025-06-20,2025-06-24,Pr,39,Loja,Pix
P3058,Camiseta Feminina,211.05,159.56,51.49,Nf892951,Uiqynv@Email.Com,2026-04-13,2026-04-14,Ba,38,Online,Cartão
P3059,Calça Feminina,148.36,106.86,41.5,Nf591876,Biganu@Email.Com,2025-02-15,2025-02-18,Pr,39,Loja,Pix
P3060,Camiseta Masculina,369.78,217.28,152.5,Nf599779,Lncfec@Email.Com,2025-03-16,2025-03-21,Rs,40,Loja,Dinheiro
P3061,Calça Feminina,170.83,104.91,65.92,Nf852143,Yzdcrw@Email.Com,2025-01-03,2025-01-08,Pe,39,Online,Pix
P3062,Calça Masculina,386.63,242.04,144.59,Nf777023,Aulknm@Email.Com,2026-02-17,2026-02-21,Rs,39,Loja,Boleto
P3063,Calça Masculina,509.35,285.99,223.36,Nf468994,Pzbazz@Email.Com,2025-12-20,2025-12-22,Sc,40,Loja,Dinheiro
P3064,Tênis Masculino,332.71,241.61,91.1,Nf388630,Cjpeyw@Email.Com,2025-03-24,2025-03-27,Mg,40,Online,Dinheiro
P3065,Tênis Masculino,148.51,80.41,68.1,Nf966189,Spnbpk@Email.Com,2025-12-17,2025-12-22,Rs,38,Loja,Cartão
P3066,Calça Masculina,101.22,65.41,35.81,Nf622678,Pythdm@Email.Com,2025-04-04,2025-04-06,Ba,36,Loja,Cartão
P3067,Camiseta Masculina,467.2,266.14,201.06,Nf447962,Nnefes@Email.Com,2025-03-15,2025-03-17,Pe,37,Online,Dinheiro
P3068,Tênis Masculino,143.72,75.8,67.92,Nf588808,Gkijbx@Email.Com,2026-02-12,2026-02-13,Pr,P,Loja,Boleto
P3069,Tênis Feminino,166.0,88.38,77.62,Nf359540,Pxgbrz@Email.Com,2025-04-19,2025-04-20,Sp,42,Online,Pix
P3070,Calça Feminina,252.27,147.34,104.93,Nf873517,Gqqzve@Email.Com,2026-01-20,2026-01-25,Mg,40,Online,Dinheiro
P3071,Tênis Feminino,503.73,298.34,205.39,Nf328137,Zctkec@Email.Com,2026-02-28,2026-03-04,Mg,39,Online,Pix
P3072,Camiseta Masculina,357.54,253.39,104.15,Nf427017,Wolglh@Email.Com,2025-02-25,2025-02-26,Sc,36,Loja,Boleto
P3073,Camiseta Masculina,94.88,67.71,27.17,Nf922947,Oprjwq@Email.Com,2025-12-14,2025-12-14,Ba,P,Loja,Pix
P3074,Tênis Feminino,403.9,236.1,167.8,Nf544942,Plmalz@Email.Com,2025-07-22,2025-07-23,Rj,38,Loja,Boleto
P3075,Calça Feminina,327.07,203.45,123.62,Nf644155,Gkttgf@Email.Com,2025-06-12,2025-06-13,Rj,38,Online,Dinheiro
P3076,Camiseta Masculina,302.02,251.11,50.91,Nf983390,Fivwfu@Email.Com,2025-04-21,2025-04-23,Rs,P,Loja,Boleto
P3077,Calça Feminina,98.08,70.49,27.59,Nf288426,Sgqsxm@Email.Com,2025-06-20,2025-06-25,Sc,38,Online,Cartão
P3078,Camiseta Feminina,184.82,102.84,81.98,Nf909465,Aoztnb@Email.Com,2025-12-21,2025-12-21,Rs,42,Loja,Pix
P3079,Calça Masculina,358.96,205.54,153.42,Nf907928,Zqzczt@Email.Com,2025-03-10,2025-03-12,Pb,39,Loja,Dinheiro
P3080,Calça Masculina,127.03,83.03,44.0,Nf932195,Yvpcjq@Email.Com,2025-03-07,2025-03-12,Sp,M,Online,Dinheiro
P3081,Calça Masculina,129.17,77.25,51.92,Nf882209,Cvkydn@Email.Com,2025-05-23,2025-05-24,Pe,P,Online,Dinheiro
P3082,Tênis Masculino,354.05,254.75,99.3,Nf815286,Eezwrr@Email.Com,2025-06-11,2025-06-12,Sc,38,Online,Dinheiro
P3083,Tênis Masculino,142.82,105.7,37.12,Nf973308,Zobzbm@Email.Com,2025-05-30,2025-05-31,Pe,G,Loja,Boleto
P3084,Tênis Masculino,440.61,267.07,173.54,Nf426615,Mvhkfy@Email.Com,2025-09-12,2025-09-13,Ba,38,Loja,Cartão
P3085,Tênis Feminino,303.57,225.11,78.46,Nf112169,Xuisco@Email.Com,2025-01-12,2025-01-17,Pr,36,Loja,Pix
P3086,Calça Masculina,205.73,134.28,71.45,Nf332015,Qtybww@Email.Com,2025-08-22,2025-08-22,Ba,M,Online,Cartão
P3087,Tênis Feminino,326.43,233.15,93.28,Nf100208,Bfcdmb@Email.Com,2026-04-25,2026-04-26,Pb,38,Online,Cartão
P3088,Tênis Feminino,165.45,106.77,58.68,Nf484176,Ixedia@Email.Com,2026-04-12,2026-04-14,Pr,41,Online,Pix
P3089,Camiseta Masculina,269.64,183.87,85.77,Nf265022,Xafaxe@Email.Com,2025-01-15,2025-01-20,Rj,P,Loja,Cartão
P3090,Tênis Masculino,529.69,282.87,246.82,Nf601756,Oxount@Email.Com,2025-05-04,2025-05-05,Ba,36,Loja,Cartão
P3091,Camiseta Masculina,289.93,238.21,51.72,Nf960503,Tidomd@Email.Com,2025-01-04,2025-01-06,Rj,36,Online,Boleto
P3092,Tênis Feminino,308.16,214.73,93.43,Nf774538,Kkywtm@Email.Com,2025-09-04,2025-09-08,Ce,G,Loja,Dinheiro
P3093,Calça Feminina,140.95,90.09,50.86,Nf469999,Bxtmvl@Email.Com,2025-03-28,2025-03-29,Sc,38,Online,Boleto
P3094,Tênis Feminino,150.4,85.37,65.03,Nf599158,Tgundh@Email.Com,2025-09-01,2025-09-03,Pe,39,Loja,Boleto
P3095,Camiseta Feminina,146.31,75.3,71.01,Nf821880,Mqjktx@Email.Com,2025-01-11,2025-01-14,Ce,37,Online,Boleto
P3096,Tênis Masculino,278.83,183.49,95.34,Nf274603,Blqelm@Email.Com,2025-08-17,2025-08-18,Mg,36,Online,Boleto
P3097,Calça Masculina,137.59,102.29,35.3,Nf488692,Ouzjck@Email.Com,2025-08-17,2025-08-22,Ce,M,Online,Pix
P3098,Calça Feminina,466.13,262.42,203.71,Nf375794,Sihiuj@Email.Com,2025-02-22,2025-02-23,Sc,37,Online,Pix
P3099,Tênis Masculino,264.75,149.42,115.33,Nf834581,Jcskmn@Email.Com,2025-02-02,2025-02-03,Pr,36,Online,Boleto
P3100,Tênis Feminino,299.06,175.01,124.05,Nf192092,Eudfkd@Email.Com,2025-12-27,2026-01-01,Sp,P,Loja,Pix
P3101,Tênis Masculino,145.17,80.93,64.24,Nf535127,Jyyyfv@Email.Com,2026-01-11,2026-01-15,Mg,42,Loja,Cartão
P3102,Tênis Feminino,175.5,143.63,31.87,Nf897628,Cdkeek@Email.Com,2025-06-13,2025-06-16,Sp,42,Online,Boleto
P3103,Calça Feminina,151.79,108.48,43.31,Nf100468,Dldulj@Email.Com,2025-06-23,2025-06-27,Ce,P,Online,Boleto
P3104,Tênis Feminino,432.62,280.84,151.78,Nf381069,Tzxpzj@Email.Com,2025-10-29,2025-11-02,Sc,36,Online,Cartão
P3105,Calça Masculina,171.86,95.43,76.43,Nf477250,Kbblfp@Email.Com,2025-07-20,2025-07-20,Pr,39,Online,Pix
P3106,Calça Feminina,470.3,252.12,218.18,Nf727571,Bpraur@Email.Com,2025-03-19,2025-03-23,Ce,38,Online,Cartão
P3107,Camiseta Masculina,105.47,79.43,26.04,Nf791831,Uubcsu@Email.Com,2025-10-10,2025-10-10,Pr,36,Loja,Dinheiro
P3108,Camiseta Masculina,382.1,250.63,131.47,Nf699781,Sfzlje@Email.Com,2025-09-26,2025-09-29,Rs,P,Online,Cartão
P3109,Camiseta Masculina,286.97,225.95,61.02,Nf836216,Jdtjxn@Email.Com,2026-01-15,2026-01-15,Pe,42,Loja,Dinheiro
P3110,Tênis Masculino,185.8,105.08,80.72,Nf887969,Qygcof@Email.Com,2025-05-06,2025-05-08,Mg,36,Online,Boleto
P3111,Tênis Masculino,298.15,202.85,95.3,Nf640984,Qjejac@Email.Com,2025-07-13,2025-07-15,Ce,39,Loja,Dinheiro
P3112,Calça Feminina,269.61,171.9,97.71,Nf312660,Pqfzkh@Email.Com,2025-07-18,2025-07-20,Rj,41,Online,Pix
P3113,Calça Feminina,128.16,72.82,55.34,Nf927619,Awwtxn@Email.Com,2025-04-29,2025-05-02,Rj,G,Online,Dinheiro
P3114,Calça Feminina,441.42,275.51,165.91,Nf388693,Xxxjwk@Email.Com,2026-02-06,2026-02-08,Pe,41,Loja,Cartão
P3115,Camiseta Feminina,402.87,215.15,187.72,Nf913755,Dayutp@Email.Com,2025-11-15,2025-11-17,Sp,M,Loja,Pix
P3116,Camiseta Feminina,267.02,212.06,54.96,Nf311504,Zlfuhp@Email.Com,2025-01-08,2025-01-08,Rs,37,Loja,Pix
P3117,Tênis Feminino,531.56,295.41,236.15,Nf712286,Khwsks@Email.Com,2026-04-26,2026-04-26,Ce,42,Online,Dinheiro
P3118,Camiseta Masculina,257.53,205.35,52.18,Nf345020,Cwpjlj@Email.Com,2025-09-06,2025-09-06,Ce,37,Online,Cartão
P3119,Tênis Feminino,258.47,205.66,52.81,Nf221801,Nfrbxi@Email.Com,2025-07-20,2025-07-23,Sp,41,Loja,Dinheiro
P3120,Tênis Masculino,183.64,139.96,43.68,Nf799479,Zktwwo@Email.Com,2026-02-08,2026-02-09,Sp,41,Online,Dinheiro
P3121,Calça Feminina,224.22,126.64,97.58,Nf213639,Ucqkxa@Email.Com,2025-01-22,2025-01-27,Ce,39,Online,Pix
P3122,Camiseta Masculina,344.27,235.31,108.96,Nf236628,Zqtbsx@Email.Com,2025-05-23,2025-05-27,Pr,36,Loja,Cartão
P3123,Calça Masculina,183.28,112.65,70.63,Nf281813,Jjcbly@Email.Com,2025-12-26,2025-12-30,Ba,42,Online,Boleto
P3124,Tênis Masculino,429.64,258.01,171.63,Nf598207,Obxpoi@Email.Com,2025-03-10,2025-03-10,Pe,36,Online,Boleto
P3125,Tênis Masculino,493.17,277.36,215.81,Nf203590,Ntrqse@Email.Com,2025-02-20,2025-02-25,Mg,M,Loja,Boleto
P3126,Camiseta Feminina,261.28,172.75,88.53,Nf660173,Tktejr@Email.Com,2025-05-29,2025-06-02,Mg,42,Online,Dinheiro
P3127,Calça Masculina,527.55,297.1,230.45,Nf917187,Fbzymu@Email.Com,2025-11-12,2025-11-16,Mg,36,Loja,Boleto
P3128,Camiseta Masculina,138.16,75.93,62.23,Nf284537,Mcxdfm@Email.Com,2025-02-25,2025-03-02,Rj,36,Online,Boleto
P3129,Camiseta Feminina,204.93,132.91,72.02,Nf756768,Jsqdeg@Email.Com,2025-10-03,2025-10-07,Sc,G,Loja,Dinheiro
P3130,Camiseta Feminina,375.15,259.58,115.57,Nf776409,Cywnhg@Email.Com,2025-01-21,2025-01-24,Sc,39,Online,Cartão
P3131,Camiseta Feminina,474.09,287.84,186.25,Nf947814,Kudkdt@Email.Com,2025-06-30,2025-07-04,Sc,M,Online,Boleto
P3132,Camiseta Masculina,205.44,129.77,75.67,Nf434323,Hhieir@Email.Com,2025-12-28,2025-12-29,Pb,41,Loja,Boleto
P3133,Tênis Feminino,142.56,114.34,28.22,Nf268257,Oufbul@Email.Com,2025-05-22,2025-05-27,Pb,42,Online,Cartão
P3134,Calça Masculina,303.0,160.79,142.21,Nf231710,Gdpgwc@Email.Com,2026-04-24,2026-04-28,Pr,40,Online,Boleto
P3135,Tênis Feminino,462.18,247.2,214.98,Nf949621,Kebhut@Email.Com,2025-04-24,2025-04-28,Ba,41,Loja,Cartão
P3136,Tênis Feminino,300.24,166.12,134.12,Nf154771,Kwstff@Email.Com,2025-11-11,2025-11-15,Pb,39,Online,Cartão
P3137,Tênis Feminino,295.57,177.74,117.83,Nf813909,Ojqrwn@Email.Com,2025-09-20,2025-09-20,Sc,42,Online,Boleto
P3138,Camiseta Masculina,489.42,296.71,192.71,Nf156122,Mfbjjj@Email.Com,2026-01-02,2026-01-05,Sc,40,Online,Boleto
P3139,Tênis Masculino,241.73,122.23,119.5,Nf735272,Ujpvzv@Email.Com,2025-06-19,2025-06-20,Pr,36,Online,Pix
P3140,Camiseta Masculina,201.21,109.76,91.45,Nf855424,Uzcfht@Email.Com,2025-11-03,2025-11-07,Pe,37,Loja,Cartão
P3141,Tênis Feminino,388.89,217.48,171.41,Nf334902,Wfppzf@Email.Com,2025-08-07,2025-08-08,Ba,41,Online,Boleto
P3142,Tênis Masculino,339.92,172.79,167.13,Nf289101,Fdjnxp@Email.Com,2025-08-31,2025-09-02,Pb,G,Online,Cartão
P3143,Tênis Masculino,173.71,87.37,86.34,Nf965418,Rryaup@Email.Com,2025-04-29,2025-05-01,Pr,37,Online,Cartão
P3144,Calça Masculina,322.82,191.91,130.91,Nf745344,Sneyee@Email.Com,2026-02-14,2026-02-17,Ba,G,Loja,Pix
P3145,Camiseta Feminina,477.76,294.88,182.88,Nf632645,Wzzfrr@Email.Com,2026-02-17,2026-02-20,Ba,38,Loja,Cartão
P3146,Calça Feminina,294.16,223.5,70.66,Nf505437,Saedsh@Email.Com,2025-08-08,2025-08-10,Rs,37,Loja,Pix
P3147,Calça Feminina,384.51,285.0,99.51,Nf657842,Xhhcjd@Email.Com,2025-02-11,2025-02-12,Ba,41,Online,Cartão
P3148,Camiseta Masculina,408.82,279.67,129.15,Nf456483,Autebk@Email.Com,2026-03-22,2026-03-26,Mg,36,Online,Dinheiro
P3149,Camiseta Masculina,243.23,151.13,92.1,Nf578434,Hxxxqj@Email.Com,2025-03-09,2025-03-10,Sc,G,Online,Dinheiro
P3150,Camiseta Masculina,267.54,204.44,63.1,Nf836242,Znagvp@Email.Com,2026-01-12,2026-01-15,Pb,P,Loja,Boleto
P3151,Camiseta Feminina,184.13,106.46,77.67,Nf315324,Brudtd@Email.Com,2025-06-08,2025-06-09,Ce,36,Loja,Cartão
P3152,Camiseta Feminina,167.6,121.38,46.22,Nf574595,Zibtql@Email.Com,2025-01-04,2025-01-04,Mg,37,Loja,Cartão
P3153,Calça Masculina,311.31,175.37,135.94,Nf309854,Lvkznf@Email.Com,2025-07-11,2025-07-13,Pe,36,Loja,Pix
P3154,Calça Masculina,340.2,174.73,165.47,Nf794546,Ltkrsm@Email.Com,2025-10-14,2025-10-19,Rj,40,Loja,Boleto
P3155,Calça Feminina,339.79,209.69,130.1,Nf276133,Hfhkix@Email.Com,2025-12-08,2025-12-09,Rs,39,Online,Boleto
P3156,Tênis Feminino,424.85,247.98,176.87,Nf544504,Ecsnjc@Email.Com,2025-11-09,2025-11-11,Rj,37,Online,Boleto
P3157,Calça Feminina,375.28,194.13,181.15,Nf598412,Ksvwba@Email.Com,2026-01-24,2026-01-27,Pe,42,Loja,Boleto
P3158,Tênis Feminino,72.62,59.83,12.79,Nf305437,Yofryh@Email.Com,2025-01-29,2025-02-03,Ba,G,Online,Boleto
P3159,Calça Masculina,128.22,101.52,26.7,Nf572650,Uzesgk@Email.Com,2025-09-08,2025-09-09,Mg,37,Online,Cartão
P3160,Camiseta Masculina,107.53,76.15,31.38,Nf327337,Xlngmv@Email.Com,2025-01-13,2025-01-15,Pb,41,Loja,Boleto
P3161,Calça Feminina,237.3,139.67,97.63,Nf475127,Afoutc@Email.Com,2025-12-01,2025-12-04,Ce,36,Loja,Boleto
P3162,Calça Masculina,361.57,219.6,141.97,Nf703905,Aaaltw@Email.Com,2025-03-14,2025-03-18,Pr,40,Online,Dinheiro
P3163,Calça Masculina,325.49,258.69,66.8,Nf486108,Lbdapl@Email.Com,2025-05-07,2025-05-07,Pr,36,Online,Dinheiro
P3164,Camiseta Masculina,336.92,169.78,167.14,Nf143337,Vmajbm@Email.Com,2026-01-24,2026-01-28,Rs,41,Loja,Dinheiro
P3165,Calça Masculina,453.85,261.91,191.94,Nf358488,Vexaqc@Email.Com,2025-10-28,2025-10-28,Pr,38,Loja,Pix
P3166,Calça Masculina,376.01,222.67,153.34,Nf914598,Jtqxqu@Email.Com,2026-04-09,2026-04-11,Ce,36,Online,Dinheiro
P3167,Camiseta Feminina,204.15,159.91,44.24,Nf411194,Cwxdtm@Email.Com,2025-05-29,2025-05-29,Sc,38,Online,Cartão
P3168,Tênis Masculino,168.65,88.12,80.53,Nf737686,Odgfku@Email.Com,2025-12-31,2025-12-31,Mg,36,Online,Cartão
P3169,Tênis Feminino,470.13,276.39,193.74,Nf160096,Xmxvpd@Email.Com,2025-10-20,2025-10-22,Pb,39,Online,Cartão
P3170,Camiseta Feminina,248.43,198.49,49.94,Nf447620,Meyiox@Email.Com,2026-01-18,2026-01-21,Sc,41,Online,Cartão
P3171,Calça Feminina,311.78,243.2,68.58,Nf166577,Gthwfk@Email.Com,2025-09-19,2025-09-19,Rj,42,Online,Boleto
P3172,Camiseta Feminina,297.54,208.64,88.9,Nf608737,Htrqeh@Email.Com,2025-08-02,2025-08-05,Ce,G,Online,Pix
P3173,Camiseta Masculina,435.12,223.79,211.33,Nf999967,Ibldew@Email.Com,2025-06-21,2025-06-21,Ba,40,Loja,Dinheiro
P3174,Tênis Masculino,142.15,76.19,65.96,Nf998799,Gblmmc@Email.Com,2026-03-02,2026-03-03,Sc,41,Online,Dinheiro
P3175,Calça Masculina,354.33,207.04,147.29,Nf251983,Qudolh@Email.Com,2025-05-04,2025-05-04,Ce,42,Online,Cartão
P3176,Camiseta Feminina,239.88,126.05,113.83,Nf765059,Whxcnf@Email.Com,2025-07-15,2025-07-17,Rs,G,Loja,Cartão
P3177,Camiseta Feminina,267.04,182.83,84.21,Nf932955,Kngzjr@Email.Com,2025-01-03,2025-01-08,Ce,38,Online,Boleto
P3178,Calça Feminina,283.55,159.44,124.11,Nf232423,Pvymms@Email.Com,2025-04-20,2025-04-22,Rs,P,Online,Boleto
P3179,Camiseta Feminina,225.44,150.99,74.45,Nf702671,Kyxxvq@Email.Com,2025-01-20,2025-01-23,Rj,41,Online,Pix
P3180,Tênis Feminino,500.05,273.4,226.65,Nf641452,Eogafh@Email.Com,2025-06-14,2025-06-17,Mg,38,Online,Cartão
P3181,Calça Feminina,437.81,279.45,158.36,Nf874641,Irojew@Email.Com,2026-01-17,2026-01-19,Sc,37,Loja,Boleto
P3182,Calça Feminina,175.68,136.03,39.65,Nf244006,Tjotkp@Email.Com,2025-01-21,2025-01-24,Ba,G,Loja,Pix
P3183,Camiseta Masculina,259.53,149.88,109.65,Nf796828,Djmyhs@Email.Com,2026-02-16,2026-02-21,Rs,36,Loja,Dinheiro
P3184,Camiseta Feminina,351.21,250.26,100.95,Nf148138,Cqkzxf@Email.Com,2025-07-01,2025-07-02,Sp,41,Online,Pix
P3185,Tênis Masculino,242.87,126.81,116.06,Nf735442,Qifhjz@Email.Com,2025-05-09,2025-05-09,Mg,P,Loja,Boleto
P3186,Camiseta Masculina,394.15,233.4,160.75,Nf377416,Sxohap@Email.Com,2025-10-07,2025-10-10,Sc,P,Online,Boleto
P3187,Calça Feminina,261.45,136.68,124.77,Nf150896,Qklvlj@Email.Com,2025-05-03,2025-05-08,Pr,42,Online,Dinheiro
P3188,Tênis Masculino,327.1,185.37,141.73,Nf736011,Jioyig@Email.Com,2025-04-16,2025-04-21,Mg,38,Loja,Dinheiro
P3189,Tênis Feminino,203.71,148.92,54.79,Nf763285,Vbzhkv@Email.Com,2025-08-16,2025-08-21,Pr,38,Loja,Pix
P3190,Calça Feminina,322.34,247.7,74.64,Nf102601,Ptelnr@Email.Com,2025-07-16,2025-07-20,Ce,42,Online,Dinheiro
P3191,Tênis Masculino,335.05,229.24,105.81,Nf186994,Chajsi@Email.Com,2026-04-25,2026-04-27,Pb,40,Online,Dinheiro
P3192,Camiseta Feminina,460.6,278.29,182.31,Nf737158,Jakelm@Email.Com,2025-09-12,2025-09-16,Sc,G,Online,Cartão
P3193,Tênis Feminino,374.61,268.41,106.2,Nf121657,Ieblna@Email.Com,2026-01-17,2026-01-18,Mg,42,Loja,Cartão
P3194,Tênis Masculino,319.95,254.96,64.99,Nf474341,Efcjqh@Email.Com,2025-12-24,2025-12-28,Rs,37,Loja,Cartão
P3195,Camiseta Masculina,397.6,278.75,118.85,Nf131677,Sriauj@Email.Com,2025-10-06,2025-10-07,Pr,39,Online,Pix
P3196,Tênis Masculino,196.89,149.47,47.42,Nf816170,Zbwkig@Email.Com,2025-10-06,2025-10-07,Pe,P,Loja,Dinheiro
P3197,Calça Feminina,118.54,63.64,54.9,Nf205691,Qvaetx@Email.Com,2025-09-22,2025-09-27,Mg,42,Loja,Cartão
P3198,Calça Masculina,201.75,133.07,68.68,Nf836382,Duvzje@Email.Com,2025-02-05,2025-02-08,Pb,38,Loja,Dinheiro
P3199,Calça Masculina,209.81,162.15,47.66,Nf296072,Eserkv@Email.Com,2025-01-24,2025-01-25,Sc,P,Online,Pix
P3200,Tênis Feminino,364.0,259.3,104.7,Nf108722,Tmtlcl@Email.Com,2025-03-19,2025-03-21,Pr,41,Online,Dinheiro
P3201,Camiseta Masculina,153.32,91.21,62.11,Nf744898,Ehfyta@Email.Com,2025-11-16,2025-11-20,Ce,M,Online,Dinheiro
P3202,Tênis Feminino,495.4,260.25,235.15,Nf586382,Emaeet@Email.Com,2025-02-24,2025-02-28,Mg,38,Loja,Boleto
P3203,Tênis Feminino,498.35,268.72,229.63,Nf686461,Ksgmce@Email.Com,2025-09-19,2025-09-19,Mg,40,Loja,Boleto
P3204,Calça Masculina,188.94,156.21,32.73,Nf723761,Dtbdws@Email.Com,2026-04-19,2026-04-21,Sc,M,Online,Cartão
P3205,Tênis Masculino,321.29,211.22,110.07,Nf245448,Wucktu@Email.Com,2025-10-19,2025-10-21,Rj,M,Loja,Boleto
P3206,Camiseta Feminina,172.97,123.69,49.28,Nf119765,Airezz@Email.Com,2026-04-06,2026-04-09,Ce,42,Online,Dinheiro
P3207,Camiseta Masculina,91.19,73.79,17.4,Nf817339,Pxyvru@Email.Com,2025-07-02,2025-07-02,Pe,M,Online,Dinheiro
P3208,Calça Masculina,364.2,272.03,92.17,Nf750586,Yyapnf@Email.Com,2025-09-21,2025-09-22,Pb,37,Online,Cartão
P3209,Calça Masculina,220.15,138.67,81.48,Nf629838,Yygjcf@Email.Com,2025-04-14,2025-04-18,Pe,41,Online,Dinheiro
P3210,Tênis Feminino,378.84,203.84,175.0,Nf401015,Uomcxl@Email.Com,2025-04-29,2025-05-02,Ba,39,Online,Boleto
P3211,Calça Masculina,150.67,77.92,72.75,Nf354707,Nggqlg@Email.Com,2026-03-11,2026-03-15,Sc,41,Online,Cartão
P3212,Camiseta Masculina,236.9,139.25,97.65,Nf274649,Bxyrhg@Email.Com,2025-09-02,2025-09-03,Rs,38,Loja,Cartão
P3213,Calça Feminina,273.39,173.77,99.62,Nf362621,Cwwvqi@Email.Com,2025-03-21,2025-03-23,Ba,M,Online,Dinheiro
P3214,Tênis Feminino,582.49,293.11,289.38,Nf882012,Bvjhwr@Email.Com,2025-01-20,2025-01-25,Sc,38,Online,Dinheiro
P3215,Tênis Masculino,295.44,159.72,135.72,Nf119223,Yxymnh@Email.Com,2025-04-17,2025-04-19,Pb,41,Loja,Pix
P3216,Camiseta Masculina,361.09,273.45,87.64,Nf867063,Ycpajq@Email.Com,2025-08-27,2025-08-28,Ba,37,Online,Boleto
P3217,Camiseta Feminina,121.23,79.65,41.58,Nf483394,Ulufkh@Email.Com,2025-02-15,2025-02-18,Ba,40,Loja,Boleto
P3218,Camiseta Feminina,121.86,75.54,46.32,Nf908234,Tzzccs@Email.Com,2026-03-20,2026-03-21,Ce,37,Loja,Boleto
P3219,Tênis Feminino,263.49,185.11,78.38,Nf365668,Rhovos@Email.Com,2025-12-24,2025-12-29,Ce,37,Online,Pix
P3220,Camiseta Masculina,354.59,197.96,156.63,Nf893452,Bcnifo@Email.Com,2026-03-08,2026-03-11,Pr,G,Online,Dinheiro
P3221,Tênis Masculino,122.02,85.26,36.76,Nf749996,Zlcorp@Email.Com,2025-02-03,2025-02-05,Pr,39,Online,Dinheiro
P3222,Camiseta Masculina,130.81,68.12,62.69,Nf900800,Kqblfd@Email.Com,2025-08-16,2025-08-18,Rj,M,Loja,Pix
P3223,Tênis Masculino,346.85,250.52,96.33,Nf496618,Fsmlhn@Email.Com,2025-06-21,2025-06-22,Rj,P,Online,Boleto
P3224,Calça Feminina,450.46,276.77,173.69,Nf519359,Zyxtdg@Email.Com,2025-04-15,2025-04-20,Sc,37,Online,Cartão
P3225,Calça Feminina,513.45,265.74,247.71,Nf218924,Rmcctv@Email.Com,2025-08-18,2025-08-21,Pe,42,Loja,Pix
P3226,Calça Feminina,223.19,127.32,95.87,Nf687734,Vnsmbp@Email.Com,2025-04-13,2025-04-13,Sc,42,Online,Cartão
P3227,Calça Masculina,376.2,275.84,100.36,Nf350339,Zltzdc@Email.Com,2026-02-16,2026-02-20,Pe,41,Loja,Boleto
P3228,Tênis Feminino,185.49,93.54,91.95,Nf357810,Rzcczg@Email.Com,2025-08-26,2025-08-31,Ba,36,Loja,Dinheiro
P3229,Camiseta Masculina,265.32,192.68,72.64,Nf602975,Eiueah@Email.Com,2025-12-03,2025-12-07,Pe,40,Online,Dinheiro
P3230,Camiseta Masculina,179.75,146.68,33.07,Nf361772,Hqmeue@Email.Com,2025-06-24,2025-06-26,Ce,37,Online,Cartão
P3231,Calça Masculina,468.01,292.79,175.22,Nf355519,Kmjfuw@Email.Com,2025-11-02,2025-11-07,Ce,39,Online,Pix
P3232,Tênis Masculino,367.25,204.04,163.21,Nf371834,Kgfnbb@Email.Com,2025-09-02,2025-09-06,Pr,41,Online,Pix
P3233,Calça Masculina,220.22,136.52,83.7,Nf368669,Redzao@Email.Com,2025-09-08,2025-09-13,Rj,40,Online,Cartão
P3234,Calça Feminina,101.17,76.53,24.64,Nf351418,Pbxuzy@Email.Com,2026-03-07,2026-03-10,Pr,P,Online,Boleto
P3235,Tênis Masculino,411.59,224.83,186.76,Nf825126,Lnbbxf@Email.Com,2026-02-16,2026-02-21,Sc,M,Loja,Boleto
P3236,Camiseta Feminina,129.42,73.77,55.65,Nf217328,Fegach@Email.Com,2026-03-15,2026-03-18,Ba,41,Loja,Dinheiro
P3237,Calça Masculina,220.81,150.34,70.47,Nf472908,Tszboq@Email.Com,2025-02-09,2025-02-10,Mg,P,Loja,Dinheiro
P3238,Tênis Masculino,572.03,292.37,279.66,Nf760714,Gdxsbm@Email.Com,2025-10-14,2025-10-14,Pb,37,Online,Dinheiro
P3239,Tênis Feminino,112.57,87.2,25.37,Nf146509,Myarns@Email.Com,2025-01-10,2025-01-11,Rj,P,Loja,Boleto
P3240,Camiseta Feminina,233.11,140.79,92.32,Nf414205,Vegysw@Email.Com,2026-02-03,2026-02-04,Pe,42,Loja,Pix
P3241,Calça Feminina,183.43,143.71,39.72,Nf552886,Cgieew@Email.Com,2026-02-01,2026-02-04,Sc,39,Online,Boleto
P3242,Tênis Masculino,189.71,157.04,32.67,Nf544186,Djdckb@Email.Com,2025-04-18,2025-04-19,Pr,P,Loja,Pix
P3243,Calça Masculina,384.49,247.71,136.78,Nf237815,Uwwanw@Email.Com,2025-09-27,2025-09-29,Ce,36,Loja,Dinheiro
P3244,Camiseta Masculina,450.84,298.33,152.51,Nf471869,Xxrsgr@Email.Com,2026-01-26,2026-01-27,Ba,37,Online,Dinheiro
P3245,Calça Masculina,231.69,129.65,102.04,Nf628511,Tcaslk@Email.Com,2025-10-24,2025-10-24,Ce,M,Online,Pix
P3246,Calça Masculina,137.15,84.4,52.75,Nf431971,Vanutn@Email.Com,2026-04-10,2026-04-10,Pb,38,Online,Dinheiro
P3247,Tênis Feminino,206.79,105.34,101.45,Nf871753,Duwaan@Email.Com,2025-08-02,2025-08-06,Ba,42,Online,Pix
P3248,Camiseta Masculina,297.08,220.16,76.92,Nf807778,Klbemp@Email.Com,2025-03-11,2025-03-16,Rj,40,Loja,Pix
P3249,Tênis Feminino,86.23,67.9,18.33,Nf228967,Ikupdx@Email.Com,2026-03-27,2026-04-01,Pr,39,Loja,Cartão
P3250,Camiseta Masculina,282.64,188.26,94.38,Nf572708,Mohmqg@Email.Com,2025-05-26,2025-05-27,Pr,G,Loja,Cartão
P3251,Tênis Masculino,454.22,228.13,226.09,Nf874876,Hxdlvi@Email.Com,2026-04-24,2026-04-24,Rj,39,Loja,Cartão
P3252,Tênis Masculino,280.99,196.57,84.42,Nf334474,Sygiso@Email.Com,2025-04-16,2025-04-20,Pr,40,Online,Pix
P3253,Camiseta Feminina,513.73,277.17,236.56,Nf362269,Otmjit@Email.Com,2026-03-16,2026-03-20,Ba,M,Loja,Cartão
P3254,Tênis Masculino,457.03,246.78,210.25,Nf996447,Izdljw@Email.Com,2025-12-07,2025-12-09,Mg,P,Online,Dinheiro
P3255,Camiseta Feminina,443.88,270.96,172.92,Nf926580,Csuezy@Email.Com,2025-02-28,2025-03-04,Rs,36,Loja,Cartão
P3256,Tênis Masculino,419.99,220.67,199.32,Nf108350,Qncsnt@Email.Com,2025-04-11,2025-04-11,Ce,P,Online,Cartão
P3257,Camiseta Feminina,118.73,95.06,23.67,Nf207890,Nybjfq@Email.Com,2025-11-28,2025-11-28,Ce,P,Loja,Dinheiro
P3258,Calça Feminina,342.72,275.9,66.82,Nf486127,Xczltj@Email.Com,2026-01-20,2026-01-24,Ba,G,Online,Pix
P3259,Camiseta Feminina,296.91,235.45,61.46,Nf364016,Offfwy@Email.Com,2025-10-01,2025-10-02,Pr,G,Loja,Cartão
P3260,Tênis Masculino,165.27,135.97,29.3,Nf803078,Uxpxvx@Email.Com,2025-05-12,2025-05-15,Pb,42,Loja,Boleto
P3261,Camiseta Feminina,231.82,188.47,43.35,Nf430116,Cqysig@Email.Com,2025-05-07,2025-05-09,Mg,37,Loja,Pix
P3262,Calça Feminina,396.92,214.12,182.8,Nf441171,Uddezk@Email.Com,2025-10-12,2025-10-13,Pb,39,Loja,Boleto
P3263,Camiseta Masculina,354.01,253.73,100.28,Nf578017,Xgmqzi@Email.Com,2026-04-03,2026-04-05,Ce,G,Loja,Pix
P3264,Tênis Masculino,388.88,200.48,188.4,Nf636691,Szvmcz@Email.Com,2025-02-14,2025-02-15,Rj,41,Online,Boleto
P3265,Tênis Masculino,330.86,230.42,100.44,Nf843141,Xpkbhq@Email.Com,2026-04-19,2026-04-21,Ba,42,Loja,Cartão
P3266,Tênis Masculino,293.96,176.97,116.99,Nf686289,Ppcobe@Email.Com,2025-04-13,2025-04-14,Sp,39,Loja,Pix
P3267,Camiseta Masculina,256.94,199.35,57.59,Nf294535,Tjutkz@Email.Com,2025-11-07,2025-11-09,Pe,39,Online,Boleto
P3268,Camiseta Feminina,326.14,250.28,75.86,Nf837218,Ftasbm@Email.Com,2025-07-20,2025-07-25,Rj,P,Online,Cartão
P3269,Tênis Feminino,352.4,200.69,151.71,Nf281370,Rrskpf@Email.Com,2026-01-27,2026-01-31,Pr,42,Loja,Boleto
P3270,Camiseta Masculina,433.68,291.44,142.24,Nf849852,Cpflwv@Email.Com,2026-04-04,2026-04-05,Ba,40,Loja,Cartão
P3271,Tênis Feminino,287.63,183.9,103.73,Nf134749,Iuppup@Email.Com,2025-06-06,2025-06-07,Mg,M,Online,Boleto
P3272,Tênis Masculino,188.5,134.8,53.7,Nf162237,Ujmlpq@Email.Com,2026-04-27,2026-05-01,Ba,36,Loja,Boleto
P3273,Tênis Masculino,65.34,52.6,12.74,Nf928232,Rdhcsl@Email.Com,2025-03-06,2025-03-10,Pb,37,Online,Cartão
P3274,Calça Feminina,95.92,54.21,41.71,Nf797527,Lildwy@Email.Com,2026-04-10,2026-04-12,Ce,38,Online,Cartão
P3275,Camiseta Masculina,429.42,255.0,174.42,Nf572731,Ohxvif@Email.Com,2025-01-13,2025-01-17,Ba,G,Loja,Boleto
P3276,Calça Masculina,251.06,147.32,103.74,Nf718954,Lsiqcy@Email.Com,2025-03-12,2025-03-17,Rj,37,Online,Pix
P3277,Calça Masculina,289.67,166.21,123.46,Nf836646,Mjxcxf@Email.Com,2025-11-08,2025-11-11,Pe,36,Loja,Pix
P3278,Tênis Masculino,111.15,76.11,35.04,Nf818097,Bkdkoq@Email.Com,2026-03-17,2026-03-22,Ce,42,Online,Pix
P3279,Camiseta Masculina,303.67,207.8,95.87,Nf326504,Jrevvm@Email.Com,2025-05-15,2025-05-18,Mg,41,Loja,Cartão
P3280,Camiseta Feminina,229.22,152.99,76.23,Nf901407,Hmkfwl@Email.Com,2025-09-17,2025-09-19,Sp,P,Online,Cartão
P3281,Tênis Feminino,138.18,107.34,30.84,Nf673571,Rjpslo@Email.Com,2026-03-09,2026-03-14,Ce,39,Online,Boleto
P3282,Calça Feminina,386.21,266.86,119.35,Nf455846,Kkqykm@Email.Com,2025-11-18,2025-11-19,Pb,36,Online,Boleto
P3283,Camiseta Masculina,270.0,179.0,91.0,Nf881014,Nwqyvh@Email.Com,2025-05-14,2025-05-14,Sp,M,Loja,Boleto
P3284,Calça Feminina,185.98,130.33,55.65,Nf743796,Vjrfah@Email.Com,2025-09-05,2025-09-10,Pr,36,Online,Dinheiro
P3285,Camiseta Feminina,200.6,158.39,42.21,Nf455229,Puqqul@Email.Com,2025-06-10,2025-06-10,Pr,M,Online,Pix
P3286,Camiseta Masculina,283.11,223.01,60.1,Nf234547,Lqhynq@Email.Com,2025-09-07,2025-09-07,Sc,41,Loja,Pix
P3287,Calça Feminina,349.97,250.36,99.61,Nf757356,Ysdjaz@Email.Com,2026-03-14,2026-03-15,Ce,41,Online,Cartão
P3288,Camiseta Feminina,205.09,147.22,57.87,Nf158213,Jtkrla@Email.Com,2025-11-24,2025-11-24,Pr,37,Online,Boleto
P3289,Calça Masculina,366.08,281.06,85.02,Nf502158,Mdxthc@Email.Com,2025-06-26,2025-06-28,Ce,40,Loja,Dinheiro
P3290,Tênis Masculino,300.35,222.43,77.92,Nf612632,Eytzgq@Email.Com,2026-02-09,2026-02-12,Rs,40,Loja,Dinheiro
P3291,Calça Feminina,411.7,274.78,136.92,Nf659318,Muwlky@Email.Com,2026-02-27,2026-03-03,Pe,P,Online,Dinheiro
P3292,Camiseta Masculina,477.99,239.64,238.35,Nf342247,Tciruo@Email.Com,2025-02-28,2025-03-02,Mg,42,Online,Cartão
P3293,Camiseta Feminina,341.34,208.23,133.11,Nf765369,Zuekzo@Email.Com,2026-03-29,2026-04-01,Ce,38,Online,Boleto
P3294,Tênis Masculino,366.65,267.69,98.96,Nf235628,Xlsglh@Email.Com,2025-03-30,2025-04-02,Pr,G,Loja,Boleto
P3295,Camiseta Masculina,201.26,138.16,63.1,Nf468478,Pdnvei@Email.Com,2026-02-13,2026-02-13,Pe,G,Online,Pix
P3296,Calça Masculina,169.3,87.23,82.07,Nf972201,Qdkayx@Email.Com,2026-01-15,2026-01-19,Ce,P,Online,Boleto
P3297,Tênis Feminino,254.03,148.34,105.69,Nf291061,Pswcrh@Email.Com,2025-04-19,2025-04-20,Pe,42,Loja,Boleto
P3298,Calça Feminina,103.02,58.48,44.54,Nf684588,Znkbjj@Email.Com,2025-06-26,2025-06-28,Sp,42,Loja,Dinheiro
P3299,Tênis Feminino,433.83,240.76,193.07,Nf897789,Nignuy@Email.Com,2025-08-26,2025-08-29,Ba,39,Online,Dinheiro
P3300,Camiseta Masculina,224.34,174.85,49.49,Nf682984,Dpnkuq@Email.Com,2025-02-05,2025-02-06,Ba,38,Online,Pix
P3301,Calça Feminina,276.75,171.18,105.57,Nf161863,Wnjcyc@Email.Com,2026-02-15,2026-02-18,Mg,37,Loja,Boleto
P3302,Tênis Feminino,551.89,299.08,252.81,Nf918016,Dbkycv@Email.Com,2025-02-15,2025-02-18,Rs,G,Online,Cartão
P3303,Calça Feminina,467.44,252.89,214.55,Nf507191,Rkqipz@Email.Com,2025-05-20,2025-05-21,Pb,G,Online,Cartão
P3304,Calça Feminina,282.11,142.62,139.49,Nf167671,Ryufee@Email.Com,2025-02-08,2025-02-10,Ce,36,Loja,Pix
P3305,Calça Masculina,501.0,299.01,201.99,Nf375252,Ydetdd@Email.Com,2026-04-12,2026-04-16,Rs,40,Online,Dinheiro
P3306,Calça Feminina,212.27,129.2,83.07,Nf376630,Feccsq@Email.Com,2025-07-07,2025-07-08,Ce,38,Loja,Boleto
P3307,Tênis Feminino,384.19,214.51,169.68,Nf203586,Fnsebp@Email.Com,2025-12-30,2026-01-01,Sc,42,Loja,Cartão
P3308,Camiseta Masculina,565.93,293.63,272.3,Nf882969,Xqkqji@Email.Com,2025-02-07,2025-02-10,Rj,M,Loja,Cartão
P3309,Tênis Masculino,374.95,234.78,140.17,Nf591133,Cetznv@Email.Com,2025-08-27,2025-08-31,Sc,36,Online,Boleto
P3310,Camiseta Masculina,92.14,59.43,32.71,Nf883187,Dherko@Email.Com,2025-11-08,2025-11-13,Rs,G,Online,Dinheiro
P3311,Tênis Feminino,302.67,191.38,111.29,Nf909697,Cpweor@Email.Com,2026-02-21,2026-02-25,Ba,36,Online,Pix
P3312,Calça Masculina,100.18,54.43,45.75,Nf734986,Jeayxr@Email.Com,2025-10-04,2025-10-06,Pb,36,Loja,Pix
P3313,Camiseta Masculina,185.42,148.74,36.68,Nf770058,Plccnp@Email.Com,2025-06-02,2025-06-06,Pe,M,Loja,Dinheiro
P3314,Calça Masculina,355.93,275.17,80.76,Nf713847,Jbgptt@Email.Com,2026-01-18,2026-01-20,Ba,40,Loja,Pix
P3315,Calça Masculina,306.19,218.84,87.35,Nf377252,Isrigw@Email.Com,2025-04-22,2025-04-26,Pb,41,Loja,Boleto
P3316,Camiseta Feminina,143.66,92.01,51.65,Nf415235,Tuxyfl@Email.Com,2025-07-01,2025-07-02,Ce,42,Online,Dinheiro
P3317,Camiseta Feminina,253.8,132.06,121.74,Nf104604,Jfreen@Email.Com,2025-10-27,2025-10-28,Ba,37,Online,Boleto
P3318,Camiseta Feminina,213.16,139.7,73.46,Nf818012,Pcjavi@Email.Com,2025-02-06,2025-02-08,Ba,36,Online,Dinheiro
P3319,Camiseta Feminina,323.86,257.05,66.81,Nf969602,Iamked@Email.Com,2025-06-01,2025-06-05,Mg,40,Loja,Pix
P3320,Calça Masculina,206.46,148.39,58.07,Nf423178,Yswodo@Email.Com,2026-03-03,2026-03-06,Pe,38,Online,Dinheiro
P3321,Calça Masculina,210.33,109.81,100.52,Nf509596,Lwmvlr@Email.Com,2026-04-01,2026-04-05,Sc,M,Online,Dinheiro
P3322,Calça Masculina,230.51,160.02,70.49,Nf175591,Oybjyh@Email.Com,2026-03-15,2026-03-18,Pr,42,Loja,Pix
P3323,Calça Feminina,189.28,96.83,92.45,Nf191248,Ysnhhk@Email.Com,2025-12-26,2025-12-30,Ba,G,Online,Boleto
P3324,Tênis Masculino,430.51,275.55,154.96,Nf796622,Cofniz@Email.Com,2025-06-23,2025-06-25,Sc,P,Loja,Cartão
P3325,Tênis Feminino,114.33,58.74,55.59,Nf977120,Nucnis@Email.Com,2026-03-07,2026-03-07,Ba,36,Loja,Dinheiro
P3326,Camiseta Feminina,213.51,125.67,87.84,Nf587129,Rwwvyv@Email.Com,2025-07-09,2025-07-09,Sc,P,Loja,Pix
P3327,Camiseta Masculina,478.08,280.5,197.58,Nf650050,Hnzzvl@Email.Com,2025-06-11,2025-06-16,Sp,M,Online,Pix
P3328,Calça Feminina,66.9,53.8,13.1,Nf891368,Exumuk@Email.Com,2025-06-01,2025-06-03,Rj,40,Loja,Boleto
P3329,Tênis Feminino,164.23,104.05,60.18,Nf993828,Lalceb@Email.Com,2025-06-01,2025-06-03,Rj,39,Loja,Boleto
P3330,Tênis Feminino,242.0,148.13,93.87,Nf308303,Egxblw@Email.Com,2025-03-09,2025-03-12,Sc,41,Online,Cartão
P3331,Tênis Masculino,406.01,203.93,202.08,Nf754931,Wtlshn@Email.Com,2025-05-13,2025-05-14,Ce,M,Loja,Dinheiro
P3332,Tênis Masculino,329.77,191.39,138.38,Nf473787,Uegnrh@Email.Com,2025-11-01,2025-11-06,Rs,36,Online,Dinheiro
P3333,Tênis Feminino,302.83,196.92,105.91,Nf222193,Ltrujz@Email.Com,2026-03-14,2026-03-15,Sp,G,Loja,Dinheiro
P3334,Tênis Feminino,546.25,287.01,259.24,Nf714209,Nblxvi@Email.Com,2025-05-21,2025-05-21,Pb,38,Online,Boleto
P3335,Tênis Feminino,267.54,217.1,50.44,Nf184847,Ujjfwc@Email.Com,2025-07-18,2025-07-21,Ce,37,Online,Dinheiro
P3336,Calça Feminina,530.18,290.18,240.0,Nf278452,Nznshg@Email.Com,2025-04-16,2025-04-21,Pb,37,Online,Dinheiro
P3337,Tênis Masculino,389.64,267.84,121.8,Nf738814,Bxyxwo@Email.Com,2025-08-01,2025-08-06,Ba,P,Loja,Dinheiro
P3338,Tênis Feminino,110.45,70.72,39.73,Nf903771,Jrjnzn@Email.Com,2025-05-17,2025-05-20,Mg,40,Loja,Cartão
P3339,Camiseta Feminina,433.74,226.06,207.68,Nf605236,Xqygay@Email.Com,2025-03-23,2025-03-27,Mg,38,Loja,Cartão
P3340,Camiseta Masculina,206.42,161.57,44.85,Nf313647,Retlpv@Email.Com,2025-04-30,2025-05-05,Pr,37,Loja,Pix
P3341,Calça Feminina,316.97,230.3,86.67,Nf127865,Gsjcfo@Email.Com,2026-04-07,2026-04-09,Pb,40,Loja,Dinheiro
P3342,Tênis Feminino,134.9,83.87,51.03,Nf623708,Txrgue@Email.Com,2026-04-16,2026-04-20,Ce,M,Online,Pix
P3343,Tênis Feminino,102.72,73.81,28.91,Nf121525,Npjjry@Email.Com,2026-03-06,2026-03-11,Sp,M,Online,Cartão
P3344,Calça Masculina,548.82,276.06,272.76,Nf323507,Myrzzf@Email.Com,2025-04-17,2025-04-17,Sp,38,Online,Boleto
P3345,Tênis Masculino,350.97,254.25,96.72,Nf102865,Xvgehz@Email.Com,2025-10-23,2025-10-23,Ba,41,Online,Dinheiro
P3346,Camiseta Feminina,124.52,93.96,30.56,Nf146773,Blvcjz@Email.Com,2025-02-19,2025-02-19,Ba,42,Online,Cartão
P3347,Calça Masculina,427.95,250.32,177.63,Nf465230,Kvfuhf@Email.Com,2025-07-09,2025-07-14,Sc,P,Online,Dinheiro
P3348,Tênis Feminino,475.19,263.81,211.38,Nf612747,Neziuq@Email.Com,2025-03-04,2025-03-05,Rs,37,Loja,Boleto
P3349,Tênis Masculino,182.18,96.57,85.61,Nf895841,Bffdpa@Email.Com,2025-07-16,2025-07-20,Ba,P,Loja,Cartão
P3350,Tênis Masculino,231.72,150.26,81.46,Nf993893,Ehtsvf@Email.Com,2025-11-21,2025-11-24,Sc,40,Loja,Cartão
P3351,Calça Feminina,157.35,83.98,73.37,Nf499491,Rqxscq@Email.Com,2025-05-13,2025-05-17,Sp,P,Online,Pix
P3352,Camiseta Feminina,235.69,129.82,105.87,Nf533531,Tzpbet@Email.Com,2025-09-18,2025-09-19,Ba,G,Online,Cartão
P3353,Calça Feminina,102.54,65.7,36.84,Nf345502,Vsnjyl@Email.Com,2025-07-09,2025-07-09,Ba,M,Loja,Cartão
P3354,Tênis Masculino,100.83,71.14,29.69,Nf110180,Siemoh@Email.Com,2025-08-14,2025-08-18,Sc,42,Loja,Boleto
P3355,Calça Masculina,321.43,238.16,83.27,Nf708323,Cbatsv@Email.Com,2025-05-18,2025-05-23,Pe,40,Online,Cartão
P3356,Camiseta Feminina,276.34,169.58,106.76,Nf103762,Tyebrs@Email.Com,2025-01-21,2025-01-22,Sp,P,Online,Cartão
P3357,Tênis Feminino,196.48,162.59,33.89,Nf700168,Dxfrek@Email.Com,2025-01-18,2025-01-19,Mg,41,Online,Cartão
P3358,Calça Feminina,417.89,222.45,195.44,Nf362760,Kgsnfn@Email.Com,2025-09-23,2025-09-27,Pb,P,Online,Cartão
P3359,Tênis Feminino,71.86,52.95,18.91,Nf298097,Amltai@Email.Com,2025-09-27,2025-09-27,Ce,42,Online,Pix
P3360,Calça Feminina,77.78,51.01,26.77,Nf918876,Iscuux@Email.Com,2026-01-19,2026-01-22,Pe,G,Loja,Pix
P3361,Camiseta Masculina,67.88,51.91,15.97,Nf165678,Ekbczp@Email.Com,2025-12-02,2025-12-06,Pe,M,Online,Pix
P3362,Calça Masculina,272.53,204.01,68.52,Nf243643,Adajlz@Email.Com,2025-10-30,2025-10-30,Pb,G,Loja,Cartão
P3363,Tênis Masculino,241.02,135.93,105.09,Nf812168,Ghlwmf@Email.Com,2025-02-06,2025-02-09,Ce,37,Loja,Dinheiro
P3364,Calça Masculina,242.7,142.63,100.07,Nf186588,Nfvjaj@Email.Com,2025-04-25,2025-04-28,Pr,M,Loja,Boleto
P3365,Tênis Masculino,255.58,132.81,122.77,Nf297312,Mrlzsn@Email.Com,2025-09-27,2025-10-01,Pe,38,Online,Boleto
P3366,Tênis Feminino,194.61,135.57,59.04,Nf476980,Lsgmry@Email.Com,2025-08-08,2025-08-11,Rj,M,Loja,Cartão
P3367,Camiseta Masculina,498.92,251.43,247.49,Nf905660,Ywfwma@Email.Com,2025-07-04,2025-07-05,Mg,G,Loja,Boleto
P3368,Tênis Masculino,218.63,119.42,99.21,Nf291872,Lgxdmt@Email.Com,2025-08-23,2025-08-23,Pr,M,Online,Cartão
P3369,Calça Feminina,266.01,155.56,110.45,Nf514006,Ybmqth@Email.Com,2025-02-21,2025-02-24,Pr,41,Online,Boleto
P3370,Calça Masculina,400.7,220.3,180.4,Nf419329,Selnmw@Email.Com,2026-01-05,2026-01-09,Mg,38,Loja,Pix
P3371,Tênis Feminino,400.89,265.54,135.35,Nf284444,Zejulq@Email.Com,2025-05-29,2025-05-30,Ba,36,Online,Pix
P3372,Calça Masculina,307.39,224.86,82.53,Nf204472,Uezgrr@Email.Com,2025-12-20,2025-12-23,Mg,37,Loja,Cartão
P3373,Camiseta Feminina,357.8,286.8,71.0,Nf591277,Ojjsvp@Email.Com,2025-06-30,2025-07-01,Pe,M,Online,Boleto
P3374,Tênis Feminino,344.15,260.25,83.9,Nf330387,Mkxogf@Email.Com,2025-03-27,2025-03-27,Sc,39,Online,Dinheiro
P3375,Tênis Masculino,127.24,70.36,56.88,Nf964424,Jilzjo@Email.Com,2025-03-23,2025-03-26,Pr,37,Loja,Dinheiro
P3376,Camiseta Feminina,400.57,260.11,140.46,Nf110689,Bccmpo@Email.Com,2026-03-17,2026-03-21,Pr,38,Loja,Dinheiro
P3377,Tênis Masculino,376.41,198.26,178.15,Nf780205,Rcnvsv@Email.Com,2026-04-12,2026-04-14,Pe,36,Loja,Cartão
P3378,Camiseta Masculina,260.48,145.77,114.71,Nf523753,Qdgzpv@Email.Com,2025-08-29,2025-08-31,Rj,38,Online,Pix
P3379,Camiseta Masculina,339.7,177.87,161.83,Nf837033,Nwamjg@Email.Com,2025-01-11,2025-01-15,Sc,38,Online,Pix
P3380,Tênis Masculino,227.2,160.8,66.4,Nf568516,Rgkepa@Email.Com,2025-08-10,2025-08-11,Pr,40,Online,Pix
P3381,Tênis Feminino,417.19,257.85,159.34,Nf234787,Owomhy@Email.Com,2025-08-16,2025-08-21,Ba,M,Loja,Pix
P3382,Tênis Masculino,317.75,185.11,132.64,Nf485814,Lgdzbf@Email.Com,2026-01-08,2026-01-10,Sp,M,Online,Boleto
P3383,Camiseta Masculina,390.31,270.76,119.55,Nf891554,Brwkug@Email.Com,2025-04-28,2025-05-03,Rs,41,Loja,Cartão
P3384,Tênis Feminino,363.94,255.37,108.57,Nf711043,Znfcrb@Email.Com,2026-01-29,2026-01-31,Sc,36,Online,Boleto
P3385,Tênis Masculino,298.1,153.08,145.02,Nf700852,Tbfulx@Email.Com,2025-05-25,2025-05-28,Rs,41,Loja,Pix
P3386,Camiseta Masculina,298.97,171.01,127.96,Nf993513,Kbwcry@Email.Com,2025-03-07,2025-03-10,Pr,M,Loja,Dinheiro
P3387,Camiseta Feminina,252.44,208.8,43.64,Nf617531,Mnwnnq@Email.Com,2025-11-14,2025-11-16,Pe,36,Online,Boleto
P3388,Calça Masculina,412.96,272.09,140.87,Nf968451,Irhnce@Email.Com,2025-09-17,2025-09-22,Pb,36,Online,Cartão
P3389,Camiseta Masculina,246.73,179.8,66.93,Nf866498,Pmhxaq@Email.Com,2025-01-09,2025-01-13,Ce,37,Loja,Dinheiro
P3390,Calça Feminina,431.16,276.5,154.66,Nf990635,Wuzqjp@Email.Com,2025-07-07,2025-07-07,Pb,40,Loja,Cartão
P3391,Camiseta Feminina,108.56,77.41,31.15,Nf488081,Owbjez@Email.Com,2025-09-27,2025-10-01,Rs,40,Online,Boleto
P3392,Calça Feminina,264.44,191.95,72.49,Nf753367,Pirhpa@Email.Com,2025-02-28,2025-03-04,Ce,36,Online,Dinheiro
P3393,Calça Feminina,413.1,239.75,173.35,Nf989192,Hzdykw@Email.Com,2026-02-25,2026-02-26,Ce,M,Online,Cartão
P3394,Tênis Masculino,183.29,136.3,46.99,Nf252486,Kvrnqt@Email.Com,2025-01-31,2025-02-04,Pb,39,Online,Dinheiro
P3395,Tênis Masculino,327.72,184.87,142.85,Nf658483,Nkunnn@Email.Com,2025-06-23,2025-06-23,Pb,41,Loja,Boleto
P3396,Calça Feminina,289.2,192.22,96.98,Nf320838,Yxyuup@Email.Com,2025-04-19,2025-04-23,Rs,G,Loja,Pix
P3397,Camiseta Masculina,294.27,236.16,58.11,Nf854685,Apzyud@Email.Com,2025-11-19,2025-11-24,Pe,G,Loja,Dinheiro
P3398,Calça Masculina,346.34,205.62,140.72,Nf768522,Klhqdp@Email.Com,2025-06-23,2025-06-25,Mg,38,Online,Cartão
P3399,Tênis Masculino,223.78,130.56,93.22,Nf338334,Wajial@Email.Com,2026-01-18,2026-01-19,Ce,41,Online,Pix
P3400,Calça Masculina,429.11,234.28,194.83,Nf658558,Guaxhq@Email.Com,2025-12-02,2025-12-02,Pe,36,Online,Pix
P3401,Calça Feminina,271.22,209.85,61.37,Nf473147,Riwclw@Email.Com,2025-08-27,2025-08-29,Sp,40,Online,Boleto
P3402,Tênis Feminino,408.76,246.38,162.38,Nf544523,Gwduvk@Email.Com,2025-01-07,2025-01-10,Sp,40,Online,Dinheiro
P3403,Calça Masculina,273.93,221.31,52.62,Nf299608,Pnmwer@Email.Com,2026-03-13,2026-03-16,Rj,39,Online,Cartão
P3404,Calça Masculina,244.97,132.75,112.22,Nf227520,Amnwuo@Email.Com,2025-04-27,2025-04-29,Ba,42,Loja,Dinheiro
P3405,Calça Feminina,530.31,268.65,261.66,Nf615172,Smzspc@Email.Com,2025-05-11,2025-05-15,Rs,41,Online,Boleto
P3406,Camiseta Feminina,547.25,278.65,268.6,Nf713540,Iaksmv@Email.Com,2025-02-28,2025-03-04,Pb,40,Loja,Boleto
P3407,Tênis Masculino,337.74,175.68,162.06,Nf987797,Hwtrur@Email.Com,2025-01-23,2025-01-24,Rs,36,Online,Cartão
P3408,Tênis Feminino,249.61,134.68,114.93,Nf851143,Tffjwt@Email.Com,2026-03-23,2026-03-25,Rj,36,Loja,Boleto
P3409,Calça Masculina,262.48,166.24,96.24,Nf194726,Uekesq@Email.Com,2025-02-01,2025-02-06,Ce,41,Online,Cartão
P3410,Tênis Feminino,453.37,271.59,181.78,Nf161701,Dcpvqz@Email.Com,2025-11-23,2025-11-25,Pr,42,Loja,Boleto
P3411,Camiseta Feminina,210.31,117.02,93.29,Nf440728,Kcuvvy@Email.Com,2026-01-07,2026-01-10,Mg,39,Online,Pix
P3412,Tênis Masculino,565.04,287.01,278.03,Nf715712,Dhbdxa@Email.Com,2026-04-12,2026-04-17,Sp,G,Online,Boleto
P3413,Tênis Masculino,282.24,189.17,93.07,Nf774708,Qihqdf@Email.Com,2025-06-26,2025-06-26,Pb,36,Loja,Dinheiro
P3414,Calça Masculina,136.76,97.44,39.32,Nf293082,Esrwtl@Email.Com,2025-06-22,2025-06-25,Ce,42,Loja,Cartão
P3415,Tênis Masculino,218.01,119.28,98.73,Nf426674,Zmngbd@Email.Com,2025-04-09,2025-04-14,Pr,40,Loja,Dinheiro
P3416,Tênis Masculino,140.27,83.43,56.84,Nf707186,Dbbqvy@Email.Com,2025-01-05,2025-01-06,Sp,41,Online,Dinheiro
P3417,Camiseta Masculina,237.77,159.33,78.44,Nf768396,Krdqzl@Email.Com,2026-01-14,2026-01-15,Ba,38,Loja,Pix
P3418,Camiseta Feminina,467.79,283.33,184.46,Nf869988,Ccztlu@Email.Com,2025-08-18,2025-08-20,Pr,39,Online,Cartão
P3419,Camiseta Feminina,414.66,213.03,201.63,Nf562245,Fpzxlc@Email.Com,2025-06-08,2025-06-11,Pb,41,Loja,Dinheiro
P3420,Calça Feminina,239.65,147.79,91.86,Nf864430,Qadfmy@Email.Com,2025-02-06,2025-02-06,Rs,41,Loja,Cartão
P3421,Camiseta Feminina,110.34,60.87,49.47,Nf654757,Usptgk@Email.Com,2025-06-23,2025-06-28,Sp,39,Loja,Cartão
P3422,Calça Feminina,230.89,160.3,70.59,Nf489562,Jmplxf@Email.Com,2025-09-22,2025-09-26,Sp,39,Loja,Cartão
P3423,Tênis Masculino,333.09,180.91,152.18,Nf369315,Giflkb@Email.Com,2025-12-02,2025-12-07,Rs,M,Loja,Pix
P3424,Calça Feminina,167.99,88.63,79.36,Nf642777,Dnstjb@Email.Com,2025-03-27,2025-03-28,Sp,P,Loja,Boleto
P3425,Camiseta Feminina,424.36,219.13,205.23,Nf245390,Olodju@Email.Com,2025-11-22,2025-11-27,Sc,39,Loja,Boleto
P3426,Tênis Feminino,469.84,253.38,216.46,Nf834479,Ulhzae@Email.Com,2025-08-31,2025-09-05,Pb,40,Online,Pix
P3427,Camiseta Masculina,377.88,189.69,188.19,Nf759867,Hgtmtq@Email.Com,2026-04-17,2026-04-20,Rs,P,Loja,Dinheiro
P3428,Tênis Masculino,141.96,89.92,52.04,Nf495045,Wsdogs@Email.Com,2025-07-02,2025-07-03,Ba,39,Online,Pix
P3429,Tênis Masculino,362.73,187.2,175.53,Nf578648,Bxbopo@Email.Com,2025-11-06,2025-11-11,Ba,P,Loja,Boleto
P3430,Calça Masculina,377.92,236.46,141.46,Nf926387,Gxbkkp@Email.Com,2025-04-01,2025-04-05,Pe,M,Loja,Cartão
P3431,Camiseta Feminina,159.54,91.37,68.17,Nf153459,Gecuoz@Email.Com,2025-01-26,2025-01-29,Mg,G,Online,Cartão
P3432,Camiseta Masculina,456.74,295.48,161.26,Nf604280,Kpvkgd@Email.Com,2025-03-21,2025-03-25,Rs,41,Loja,Boleto
P3433,Camiseta Masculina,265.09,218.03,47.06,Nf288185,Hwepkk@Email.Com,2025-01-23,2025-01-28,Pe,39,Online,Dinheiro
P3434,Camiseta Feminina,438.57,251.38,187.19,Nf520114,Lguyny@Email.Com,2025-09-20,2025-09-25,Pr,38,Loja,Boleto
P3435,Camiseta Masculina,512.93,289.2,223.73,Nf263436,Uxyecc@Email.Com,2025-05-26,2025-05-31,Pr,42,Online,Cartão
P3436,Camiseta Feminina,163.87,82.76,81.11,Nf210451,Pzoxex@Email.Com,2025-02-23,2025-02-27,Sc,G,Online,Cartão
P3437,Calça Feminina,281.6,205.92,75.68,Nf776302,Zucqeq@Email.Com,2025-02-13,2025-02-18,Ce,38,Loja,Cartão
P3438,Camiseta Feminina,179.5,134.34,45.16,Nf133935,Wskokb@Email.Com,2025-02-01,2025-02-01,Mg,40,Loja,Pix
P3439,Tênis Feminino,114.23,94.24,19.99,Nf114959,Ukdzja@Email.Com,2025-01-20,2025-01-25,Pb,P,Loja,Dinheiro
P3440,Calça Masculina,148.64,88.73,59.91,Nf556513,Ulndbf@Email.Com,2025-11-13,2025-11-15,Sc,36,Loja,Boleto
P3441,Tênis Feminino,281.29,208.36,72.93,Nf753162,Vicbdh@Email.Com,2025-11-15,2025-11-15,Mg,G,Online,Dinheiro
P3442,Tênis Masculino,164.44,116.09,48.35,Nf517702,Ugdpob@Email.Com,2026-02-12,2026-02-16,Pr,40,Loja,Cartão
P3443,Calça Feminina,314.38,214.77,99.61,Nf766802,Imjrub@Email.Com,2026-01-07,2026-01-10,Mg,P,Loja,Pix
P3444,Calça Feminina,326.14,242.08,84.06,Nf921018,Yjuzfp@Email.Com,2025-10-13,2025-10-16,Ce,G,Online,Boleto
P3445,Camiseta Feminina,104.07,61.43,42.64,Nf739109,Naiuiv@Email.Com,2025-02-21,2025-02-23,Pr,36,Loja,Boleto
P3446,Camiseta Feminina,255.66,172.33,83.33,Nf789248,Kfudtz@Email.Com,2025-07-10,2025-07-15,Mg,40,Online,Cartão
P3447,Calça Feminina,185.16,142.51,42.65,Nf250589,Nxxlfc@Email.Com,2025-11-25,2025-11-28,Mg,39,Online,Pix
P3448,Calça Feminina,105.11,75.18,29.93,Nf436628,Eygvdm@Email.Com,2025-12-19,2025-12-20,Pr,P,Online,Dinheiro
P3449,Tênis Masculino,249.83,142.89,106.94,Nf350139,Ezhnjw@Email.Com,2025-08-08,2025-08-10,Pb,40,Loja,Pix
P3450,Calça Feminina,227.66,146.15,81.51,Nf135901,Aqhuat@Email.Com,2026-03-22,2026-03-23,Pb,42,Online,Pix
P3451,Calça Feminina,124.17,94.72,29.45,Nf147974,Rlrbne@Email.Com,2025-09-16,2025-09-18,Rs,36,Loja,Pix
P3452,Tênis Masculino,379.0,246.23,132.77,Nf828324,Myytnu@Email.Com,2025-04-21,2025-04-25,Sp,36,Loja,Pix
P3453,Calça Masculina,259.99,167.45,92.54,Nf893651,Eewgwd@Email.Com,2025-10-20,2025-10-24,Ba,P,Loja,Pix
P3454,Calça Feminina,514.4,274.96,239.44,Nf233444,Uzjlto@Email.Com,2025-11-12,2025-11-16,Pr,P,Loja,Dinheiro
P3455,Calça Feminina,327.66,209.61,118.05,Nf494418,Xvzshz@Email.Com,2026-02-05,2026-02-07,Pb,G,Online,Boleto
P3456,Calça Feminina,155.98,105.24,50.74,Nf171687,Nquqaw@Email.Com,2026-03-01,2026-03-04,Pe,P,Online,Pix
P3457,Camiseta Masculina,203.72,132.05,71.67,Nf858016,Jjjmnu@Email.Com,2025-04-15,2025-04-18,Rj,38,Online,Dinheiro
P3458,Tênis Masculino,309.0,197.15,111.85,Nf444872,Gpuvts@Email.Com,2025-11-20,2025-11-21,Mg,41,Online,Cartão
P3459,Calça Masculina,208.29,150.5,57.79,Nf550390,Mtagvk@Email.Com,2025-11-03,2025-11-08,Mg,37,Online,Boleto
P3460,Camiseta Masculina,376.26,205.51,170.75,Nf688923,Ishqmb@Email.Com,2025-01-03,2025-01-04,Sc,P,Online,Cartão
P3461,Calça Feminina,335.96,168.27,167.69,Nf804319,Yrxjxy@Email.Com,2025-11-21,2025-11-24,Rj,42,Loja,Cartão
P3462,Tênis Masculino,233.47,120.02,113.45,Nf833412,Jeiljw@Email.Com,2025-02-23,2025-02-24,Pe,P,Loja,Cartão
P3463,Camiseta Feminina,94.34,64.91,29.43,Nf294476,Aftdgx@Email.Com,2025-01-11,2025-01-15,Sc,40,Loja,Boleto
P3464,Tênis Feminino,282.74,232.79,49.95,Nf320843,Ivvreo@Email.Com,2025-04-12,2025-04-16,Sc,G,Loja,Cartão
P3465,Camiseta Masculina,281.87,140.96,140.91,Nf657460,Zvcscu@Email.Com,2025-03-14,2025-03-19,Rs,40,Loja,Cartão
P3466,Calça Masculina,235.5,167.73,67.77,Nf254826,Lraztc@Email.Com,2026-03-03,2026-03-04,Pb,38,Loja,Boleto
P3467,Camiseta Masculina,137.11,113.35,23.76,Nf797540,Egpvbl@Email.Com,2026-04-14,2026-04-14,Mg,40,Online,Cartão
P3468,Calça Masculina,172.11,104.34,67.77,Nf380471,Fguxpx@Email.Com,2025-09-18,2025-09-20,Sc,37,Loja,Pix
P3469,Tênis Feminino,119.43,60.95,58.48,Nf939026,Zrgccj@Email.Com,2025-10-28,2025-11-01,Ba,P,Loja,Pix
P3470,Camiseta Feminina,312.48,194.26,118.22,Nf789424,Pzumhr@Email.Com,2025-09-30,2025-10-02,Pb,40,Loja,Cartão
P3471,Calça Masculina,192.82,135.05,57.77,Nf703399,Tbkefh@Email.Com,2025-05-25,2025-05-26,Pr,G,Loja,Cartão
P3472,Tênis Feminino,264.47,219.77,44.7,Nf356034,Ucmoen@Email.Com,2026-04-01,2026-04-04,Pb,36,Loja,Dinheiro
P3473,Tênis Feminino,289.91,182.86,107.05,Nf692164,Jkzllu@Email.Com,2025-11-19,2025-11-21,Mg,39,Loja,Cartão
P3474,Tênis Feminino,169.48,98.91,70.57,Nf542656,Tzdjdf@Email.Com,2025-01-29,2025-02-03,Rs,P,Online,Pix
P3475,Calça Masculina,445.26,229.78,215.48,Nf513319,Kuqoas@Email.Com,2025-09-12,2025-09-13,Ba,39,Online,Pix
P3476,Calça Masculina,478.35,275.05,203.3,Nf933955,Ioytrl@Email.Com,2025-01-23,2025-01-23,Pr,38,Loja,Cartão
P3477,Tênis Masculino,319.81,175.76,144.05,Nf170821,Rbzeci@Email.Com,2025-03-21,2025-03-26,Pe,36,Online,Cartão
P3478,Calça Feminina,67.54,52.7,14.84,Nf875166,Icmvhk@Email.Com,2025-04-10,2025-04-10,Mg,42,Loja,Pix
P3479,Tênis Masculino,290.56,204.42,86.14,Nf701910,Cfvjow@Email.Com,2025-09-11,2025-09-13,Rj,M,Online,Pix
P3480,Calça Masculina,399.73,262.67,137.06,Nf382643,Gefizz@Email.Com,2025-02-25,2025-02-25,Ba,38,Loja,Pix
P3481,Calça Feminina,186.13,101.29,84.84,Nf563282,Hcbrdg@Email.Com,2026-01-15,2026-01-17,Pe,41,Online,Boleto
P3482,Tênis Masculino,154.82,95.4,59.42,Nf547587,Lbjoqw@Email.Com,2025-09-04,2025-09-05,Pr,38,Online,Boleto
P3483,Camiseta Feminina,497.26,293.17,204.09,Nf639998,Zwzbwu@Email.Com,2025-06-25,2025-06-29,Rs,42,Online,Pix
P3484,Camiseta Feminina,146.51,94.21,52.3,Nf941654,Zzzmvu@Email.Com,2025-08-06,2025-08-06,Mg,39,Loja,Cartão
P3485,Calça Masculina,178.44,144.55,33.89,Nf845399,Cvirmm@Email.Com,2026-04-08,2026-04-08,Pr,37,Online,Pix
P3486,Tênis Feminino,317.53,163.52,154.01,Nf315969,Wppdzd@Email.Com,2025-08-29,2025-08-31,Sc,36,Online,Dinheiro
P3487,Tênis Feminino,402.07,272.85,129.22,Nf431326,Plisxd@Email.Com,2025-04-07,2025-04-08,Ba,42,Loja,Dinheiro
P3488,Calça Feminina,315.77,208.57,107.2,Nf558264,Meikwi@Email.Com,2025-01-09,2025-01-10,Ce,G,Online,Cartão
P3489,Camiseta Feminina,313.62,242.41,71.21,Nf408859,Arbnmi@Email.Com,2025-03-31,2025-04-01,Sp,37,Loja,Boleto
P3490,Tênis Masculino,371.67,195.86,175.81,Nf998465,Akdaqo@Email.Com,2025-12-13,2025-12-14,Ba,M,Loja,Cartão
P3491,Tênis Feminino,215.41,113.72,101.69,Nf672643,Utdtze@Email.Com,2025-07-09,2025-07-14,Pr,36,Online,Cartão
P3492,Tênis Masculino,391.5,267.84,123.66,Nf883801,Udbrqc@Email.Com,2025-05-22,2025-05-22,Mg,37,Online,Pix
P3493,Camiseta Masculina,149.29,82.56,66.73,Nf789761,Tjlicx@Email.Com,2025-07-06,2025-07-10,Ce,40,Loja,Cartão
P3494,Tênis Feminino,218.78,122.41,96.37,Nf512253,Zoofmg@Email.Com,2025-09-05,2025-09-07,Pb,38,Online,Pix
P3495,Tênis Feminino,420.03,259.29,160.74,Nf425212,Xitcdv@Email.Com,2026-03-11,2026-03-13,Rj,G,Loja,Cartão
P3496,Camiseta Masculina,364.16,215.27,148.89,Nf752400,Jexbts@Email.Com,2025-08-06,2025-08-07,Ba,41,Loja,Pix
P3497,Camiseta Masculina,79.81,51.01,28.8,Nf340797,Sodtvv@Email.Com,2025-03-22,2025-03-22,Pr,M,Online,Cartão
P3498,Tênis Feminino,249.37,204.55,44.82,Nf646565,Hbspuw@Email.Com,2026-02-01,2026-02-01,Rj,41,Loja,Cartão
P3499,Calça Feminina,526.19,281.63,244.56,Nf871191,Pnrndl@Email.Com,2025-10-06,2025-10-08,Pr,M,Online,Boleto
P3500,Tênis Masculino,277.89,151.94,125.95,Nf914976,Ybpkjn@Email.Com,2025-02-15,2025-02-17,Pe,38,Online,Dinheiro
P3501,Camiseta Masculina,315.32,214.47,100.85,Nf427038,Dnkpit@Email.Com,2026-04-12,2026-04-17,Pr,40,Online,Pix
P3502,Calça Masculina,115.9,91.2,24.7,Nf366647,Ihoasw@Email.Com,2026-01-25,2026-01-27,Sp,P,Loja,Cartão
P3503,Camiseta Masculina,165.54,83.41,82.13,Nf178277,Qddsjr@Email.Com,2025-06-03,2025-06-07,Ba,G,Loja,Boleto
P3504,Camiseta Masculina,380.0,282.31,97.69,Nf862360,Apvdou@Email.Com,2026-04-09,2026-04-09,Sp,38,Online,Dinheiro
P3505,Calça Masculina,238.16,159.8,78.36,Nf404262,Muvjcc@Email.Com,2025-12-10,2025-12-15,Ce,P,Online,Dinheiro
P3506,Camiseta Masculina,280.02,167.08,112.94,Nf714731,Jolawi@Email.Com,2026-04-05,2026-04-08,Rj,M,Loja,Pix
P3507,Calça Masculina,222.04,121.97,100.07,Nf112120,Dprnfj@Email.Com,2025-05-22,2025-05-26,Ce,37,Loja,Dinheiro
P3508,Tênis Feminino,85.24,53.55,31.69,Nf552905,Mpyjjo@Email.Com,2025-09-20,2025-09-21,Sc,36,Loja,Dinheiro
P3509,Camiseta Masculina,244.93,128.62,116.31,Nf704131,Fbrbxc@Email.Com,2025-08-13,2025-08-13,Pr,M,Loja,Boleto
P3510,Tênis Masculino,244.06,137.1,106.96,Nf800533,Bbqhex@Email.Com,2025-10-06,2025-10-06,Pe,P,Loja,Pix
P3511,Tênis Feminino,102.82,73.71,29.11,Nf862111,Guqvqc@Email.Com,2025-10-24,2025-10-24,Ce,36,Online,Cartão
P3512,Camiseta Masculina,336.3,244.66,91.64,Nf606382,Ytdibn@Email.Com,2025-03-22,2025-03-24,Pe,37,Online,Pix
P3513,Tênis Masculino,396.77,281.56,115.21,Nf972781,Xckufe@Email.Com,2025-10-06,2025-10-11,Mg,37,Loja,Boleto
P3514,Tênis Masculino,138.74,106.29,32.45,Nf488600,Grvlmd@Email.Com,2025-11-10,2025-11-13,Pr,37,Online,Cartão
P3515,Camiseta Masculina,369.16,255.5,113.66,Nf953464,Useodo@Email.Com,2025-11-21,2025-11-23,Sp,38,Loja,Cartão
P3516,Camiseta Feminina,119.78,62.77,57.01,Nf799017,Pymfpx@Email.Com,2025-08-24,2025-08-28,Pr,41,Online,Cartão
P3517,Tênis Masculino,390.87,233.82,157.05,Nf513845,Ehrldi@Email.Com,2026-03-24,2026-03-27,Rs,P,Online,Pix
P3518,Tênis Feminino,76.27,50.15,26.12,Nf956761,Rncezc@Email.Com,2025-02-26,2025-02-26,Ce,39,Online,Pix
P3519,Camiseta Feminina,119.55,72.55,47.0,Nf913009,Onfxxd@Email.Com,2025-03-29,2025-04-02,Ba,38,Online,Cartão
P3520,Calça Feminina,353.34,194.14,159.2,Nf800975,Roabsg@Email.Com,2025-03-28,2025-03-31,Sc,G,Online,Pix
P3521,Camiseta Feminina,476.01,266.76,209.25,Nf836146,Cjpmlk@Email.Com,2026-04-22,2026-04-24,Rs,40,Online,Pix
P3522,Tênis Masculino,160.09,100.15,59.94,Nf873089,Rtyilu@Email.Com,2025-12-18,2025-12-23,Mg,42,Loja,Boleto
P3523,Tênis Masculino,211.45,125.93,85.52,Nf238523,Babcyt@Email.Com,2026-04-29,2026-05-04,Pe,38,Loja,Pix
P3524,Tênis Feminino,212.05,136.27,75.78,Nf751297,Zhqhva@Email.Com,2025-04-11,2025-04-13,Pb,42,Online,Boleto
P3525,Camiseta Masculina,481.34,245.42,235.92,Nf526185,Anlfet@Email.Com,2026-04-01,2026-04-05,Sc,39,Loja,Cartão
P3526,Camiseta Feminina,137.7,96.3,41.4,Nf776362,Yjhjrs@Email.Com,2026-01-26,2026-01-31,Mg,40,Online,Pix
P3527,Tênis Feminino,130.34,92.53,37.81,Nf454829,Nerzqx@Email.Com,2025-05-16,2025-05-19,Sp,42,Loja,Cartão
P3528,Tênis Masculino,255.64,149.4,106.24,Nf625187,Ktptem@Email.Com,2026-04-18,2026-04-20,Pb,P,Online,Pix
P3529,Camiseta Masculina,410.87,269.59,141.28,Nf372318,Ywaqdy@Email.Com,2025-08-28,2025-08-30,Mg,37,Online,Pix
P3530,Calça Masculina,228.36,182.79,45.57,Nf467785,Dzywas@Email.Com,2025-08-14,2025-08-19,Sc,38,Loja,Cartão
P3531,Camiseta Masculina,195.88,120.42,75.46,Nf538437,Chmqsp@Email.Com,2025-11-26,2025-11-27,Mg,P,Online,Cartão
P3532,Tênis Masculino,340.78,278.04,62.74,Nf327486,Dtdeag@Email.Com,2025-07-16,2025-07-18,Pr,G,Loja,Cartão
P3533,Tênis Feminino,277.57,225.68,51.89,Nf674231,Phlhfc@Email.Com,2025-10-21,2025-10-26,Pe,P,Loja,Cartão
P3534,Calça Masculina,313.2,177.83,135.37,Nf742248,Bkotpb@Email.Com,2025-02-22,2025-02-26,Ce,42,Loja,Pix
P3535,Camiseta Feminina,326.17,269.61,56.56,Nf506078,Uzjdtr@Email.Com,2026-02-09,2026-02-13,Ba,38,Loja,Boleto
P3536,Tênis Feminino,202.48,129.43,73.05,Nf923635,Ryudkp@Email.Com,2025-05-07,2025-05-09,Pr,41,Online,Dinheiro
P3537,Camiseta Masculina,415.1,285.57,129.53,Nf246601,Gfhepm@Email.Com,2026-02-28,2026-03-02,Sp,42,Loja,Boleto
P3538,Tênis Masculino,395.32,220.1,175.22,Nf494327,Iwivxf@Email.Com,2025-01-28,2025-02-02,Pb,G,Online,Boleto
P3539,Tênis Masculino,332.4,195.13,137.27,Nf645751,Wzygoc@Email.Com,2025-06-24,2025-06-25,Sp,G,Online,Cartão
P3540,Camiseta Masculina,124.04,101.29,22.75,Nf570951,Fflcvv@Email.Com,2025-03-22,2025-03-22,Mg,M,Online,Dinheiro
P3541,Camiseta Feminina,334.4,193.29,141.11,Nf769146,Jfpjwf@Email.Com,2026-02-26,2026-02-28,Ce,M,Online,Boleto
P3542,Calça Feminina,525.66,274.29,251.37,Nf423656,Lotvlk@Email.Com,2025-10-03,2025-10-04,Ce,36,Loja,Cartão
P3543,Camiseta Masculina,275.34,138.83,136.51,Nf370228,Wjqnhq@Email.Com,2025-06-14,2025-06-18,Mg,41,Online,Pix
P3544,Calça Feminina,252.18,133.51,118.67,Nf454059,Aefece@Email.Com,2025-12-11,2025-12-12,Pb,G,Online,Pix
P3545,Calça Feminina,122.37,75.84,46.53,Nf900653,Kihodf@Email.Com,2025-03-10,2025-03-11,Ba,G,Online,Cartão
P3546,Camiseta Masculina,302.19,226.6,75.59,Nf115559,Klbzvc@Email.Com,2025-11-20,2025-11-20,Pe,G,Loja,Dinheiro
P3547,Calça Feminina,346.59,274.8,71.79,Nf760624,Enadxu@Email.Com,2025-06-17,2025-06-18,Mg,36,Online,Cartão
P3548,Camiseta Masculina,302.13,192.79,109.34,Nf737682,Ltgefi@Email.Com,2026-01-01,2026-01-01,Ce,38,Online,Cartão
P3549,Tênis Feminino,276.45,141.01,135.44,Nf725117,Sukycl@Email.Com,2025-03-01,2025-03-02,Rj,41,Loja,Pix
P3550,Camiseta Feminina,248.25,170.42,77.83,Nf250497,Cewiww@Email.Com,2025-03-09,2025-03-14,Pr,40,Online,Cartão
P3551,Calça Masculina,252.08,141.37,110.71,Nf506875,Npzmle@Email.Com,2025-03-21,2025-03-24,Rs,42,Loja,Boleto
P3552,Calça Feminina,257.17,153.95,103.22,Nf211650,Jeutbs@Email.Com,2026-02-01,2026-02-04,Rs,40,Loja,Cartão
P3553,Tênis Feminino,433.06,256.65,176.41,Nf982679,Knzsaq@Email.Com,2025-08-09,2025-08-10,Ce,38,Loja,Pix
P3554,Camiseta Feminina,320.81,260.76,60.05,Nf425209,Oqnxfq@Email.Com,2025-04-02,2025-04-03,Pb,37,Online,Pix
P3555,Tênis Masculino,260.64,191.3,69.34,Nf712728,Mrcynf@Email.Com,2025-11-09,2025-11-11,Pr,38,Loja,Boleto
P3556,Camiseta Feminina,425.02,268.11,156.91,Nf576175,Ebwcsd@Email.Com,2025-09-02,2025-09-02,Mg,38,Loja,Cartão
P3557,Calça Feminina,244.44,145.16,99.28,Nf179481,Mjduci@Email.Com,2025-08-27,2025-08-30,Sp,38,Online,Dinheiro
P3558,Tênis Masculino,290.31,181.39,108.92,Nf623460,Nuwybj@Email.Com,2025-09-26,2025-09-28,Rs,37,Loja,Boleto
P3559,Calça Masculina,230.31,122.38,107.93,Nf259939,Wbdcnw@Email.Com,2026-01-13,2026-01-15,Pe,42,Online,Cartão
P3560,Tênis Masculino,259.27,132.65,126.62,Nf990255,Rfhqse@Email.Com,2025-02-16,2025-02-17,Ce,40,Online,Dinheiro
P3561,Camiseta Feminina,259.04,156.7,102.34,Nf965798,Xknsnu@Email.Com,2026-04-15,2026-04-19,Ba,41,Online,Dinheiro
P3562,Tênis Masculino,166.96,116.3,50.66,Nf677192,Owduel@Email.Com,2025-02-24,2025-02-26,Pr,42,Online,Dinheiro
P3563,Calça Feminina,247.68,154.2,93.48,Nf547907,Cghmce@Email.Com,2025-09-14,2025-09-14,Ba,40,Loja,Boleto
P3564,Camiseta Feminina,110.32,55.33,54.99,Nf260563,Qebqwq@Email.Com,2026-04-17,2026-04-17,Pb,M,Online,Boleto
P3565,Tênis Feminino,522.09,296.94,225.15,Nf259574,Vaskmp@Email.Com,2026-04-03,2026-04-06,Pb,37,Online,Dinheiro
P3566,Tênis Masculino,245.54,177.44,68.1,Nf132093,Kbeawf@Email.Com,2025-12-05,2025-12-07,Rj,37,Loja,Cartão
P3567,Calça Feminina,446.64,296.0,150.64,Nf620715,Nstdnj@Email.Com,2025-10-06,2025-10-08,Sp,M,Loja,Pix
P3568,Camiseta Feminina,142.9,73.87,69.03,Nf456670,Xpkipp@Email.Com,2026-01-04,2026-01-08,Mg,41,Loja,Boleto
P3569,Calça Masculina,331.59,177.89,153.7,Nf315610,Cutdfc@Email.Com,2025-07-27,2025-07-30,Ba,38,Loja,Cartão
P3570,Camiseta Masculina,291.02,192.42,98.6,Nf471939,Rynnzy@Email.Com,2026-03-03,2026-03-08,Pb,39,Loja,Cartão
P3571,Camiseta Feminina,260.42,161.64,98.78,Nf381578,Bhtfcc@Email.Com,2025-09-24,2025-09-28,Pr,40,Online,Pix
P3572,Calça Feminina,206.43,137.68,68.75,Nf162134,Nskipm@Email.Com,2025-07-30,2025-07-30,Sp,39,Loja,Boleto
P3573,Camiseta Feminina,537.3,289.7,247.6,Nf229849,Simbgq@Email.Com,2026-04-15,2026-04-17,Sp,P,Online,Boleto
P3574,Tênis Masculino,425.25,291.75,133.5,Nf167922,Qcwikr@Email.Com,2025-10-11,2025-10-16,Sc,36,Online,Cartão
P3575,Tênis Feminino,306.82,246.28,60.54,Nf394103,Rdqwss@Email.Com,2025-03-11,2025-03-16,Rj,M,Loja,Boleto
P3576,Calça Masculina,357.29,242.18,115.11,Nf964486,Xoramh@Email.Com,2025-03-12,2025-03-16,Pr,M,Online,Cartão
P3577,Camiseta Masculina,231.69,168.97,62.72,Nf905597,Baukja@Email.Com,2025-12-03,2025-12-08,Sp,42,Online,Pix
P3578,Camiseta Masculina,246.91,182.03,64.88,Nf266368,Pboerk@Email.Com,2025-11-30,2025-12-05,Ba,37,Online,Boleto
P3579,Tênis Masculino,257.3,195.42,61.88,Nf594197,Kxmpky@Email.Com,2025-05-28,2025-05-31,Rs,42,Loja,Cartão
P3580,Tênis Masculino,330.45,242.23,88.22,Nf141349,Ypofae@Email.Com,2026-03-08,2026-03-12,Sc,P,Online,Pix
P3581,Camiseta Feminina,228.8,114.88,113.92,Nf592408,Zxrqip@Email.Com,2026-02-26,2026-03-02,Ba,G,Online,Pix
P3582,Camiseta Masculina,142.29,89.3,52.99,Nf212801,Fseswz@Email.Com,2025-07-23,2025-07-24,Ba,36,Online,Dinheiro
P3583,Camiseta Masculina,515.71,292.7,223.01,Nf792548,Cgknan@Email.Com,2026-03-13,2026-03-13,Pr,42,Loja,Boleto
P3584,Tênis Masculino,281.73,221.39,60.34,Nf550792,Dvsbok@Email.Com,2025-12-21,2025-12-26,Rj,M,Online,Cartão
P3585,Tênis Masculino,154.18,107.84,46.34,Nf520271,Dacpbo@Email.Com,2025-02-07,2025-02-10,Pe,42,Loja,Pix
P3586,Camiseta Masculina,512.89,264.65,248.24,Nf163291,Patpeh@Email.Com,2026-03-03,2026-03-08,Rj,36,Loja,Cartão
P3587,Calça Masculina,445.72,241.0,204.72,Nf281993,Scoolq@Email.Com,2026-04-02,2026-04-05,Rj,37,Loja,Pix
P3588,Camiseta Masculina,486.25,297.05,189.2,Nf574443,Ysybla@Email.Com,2025-10-17,2025-10-21,Ba,42,Online,Boleto
P3589,Calça Feminina,110.89,58.57,52.32,Nf998585,Bpwzvj@Email.Com,2025-04-15,2025-04-17,Mg,G,Online,Pix
P3590,Camiseta Masculina,342.22,284.85,57.37,Nf245645,Nugccb@Email.Com,2025-05-31,2025-06-05,Pe,G,Online,Dinheiro
P3591,Calça Masculina,120.23,73.74,46.49,Nf152385,Chpexy@Email.Com,2025-03-17,2025-03-20,Sc,38,Online,Boleto
P3592,Tênis Masculino,545.47,290.45,255.02,Nf915188,Otrydf@Email.Com,2026-02-09,2026-02-13,Pr,41,Online,Pix
P3593,Camiseta Masculina,259.12,135.85,123.27,Nf968739,Teggrs@Email.Com,2025-05-25,2025-05-29,Ba,P,Loja,Pix
P3594,Tênis Feminino,306.65,176.69,129.96,Nf370020,Rkipqc@Email.Com,2026-04-05,2026-04-08,Ba,39,Online,Dinheiro
P3595,Camiseta Feminina,317.31,161.68,155.63,Nf739529,Ishuth@Email.Com,2025-07-07,2025-07-11,Pb,P,Online,Dinheiro
P3596,Camiseta Feminina,405.22,261.1,144.12,Nf845429,Rdyqpq@Email.Com,2026-02-21,2026-02-25,Sc,G,Online,Pix
P3597,Camiseta Masculina,266.36,165.59,100.77,Nf736397,Ptymfe@Email.Com,2025-03-29,2025-04-03,Pe,42,Loja,Cartão
P3598,Tênis Feminino,311.87,170.21,141.66,Nf703058,Uyzeek@Email.Com,2025-01-18,2025-01-23,Rj,39,Loja,Pix
P3599,Calça Masculina,107.67,70.26,37.41,Nf752636,Elzxyb@Email.Com,2025-03-19,2025-03-20,Pb,38,Online,Pix
P3600,Tênis Masculino,496.05,250.75,245.3,Nf643505,Lkvrqu@Email.Com,2026-04-23,2026-04-26,Rs,41,Loja,Pix
P3601,Camiseta Masculina,81.68,51.29,30.39,Nf902797,Pcshqc@Email.Com,2025-11-19,2025-11-19,Ba,38,Loja,Dinheiro
P3602,Camiseta Masculina,186.98,151.99,34.99,Nf722363,Nziywm@Email.Com,2025-10-19,2025-10-20,Mg,G,Online,Boleto
P3603,Tênis Feminino,440.86,266.19,174.67,Nf119577,Jvdine@Email.Com,2026-03-02,2026-03-04,Sc,38,Online,Dinheiro
P3604,Calça Feminina,560.21,284.32,275.89,Nf991533,Succqc@Email.Com,2026-03-09,2026-03-10,Rs,41,Loja,Pix
P3605,Calça Feminina,207.97,113.34,94.63,Nf242006,Vlsdih@Email.Com,2025-05-12,2025-05-17,Sp,37,Online,Boleto
P3606,Tênis Feminino,142.38,78.96,63.42,Nf886699,Wjoxvm@Email.Com,2026-02-26,2026-02-27,Ce,P,Loja,Cartão
P3607,Calça Feminina,127.01,75.1,51.91,Nf191230,Gkxfff@Email.Com,2025-06-19,2025-06-24,Pb,39,Loja,Pix
P3608,Tênis Masculino,156.4,110.88,45.52,Nf679014,Lqehnr@Email.Com,2025-05-23,2025-05-25,Ce,39,Loja,Pix
P3609,Tênis Masculino,508.13,288.52,219.61,Nf326331,Aldqxf@Email.Com,2025-12-24,2025-12-25,Sc,M,Loja,Dinheiro
P3610,Tênis Feminino,344.39,243.39,101.0,Nf779234,Deepzf@Email.Com,2025-06-13,2025-06-16,Ba,41,Online,Cartão
P3611,Camiseta Masculina,507.5,285.09,222.41,Nf969866,Sxgnws@Email.Com,2025-03-24,2025-03-25,Rj,M,Online,Boleto
P3612,Tênis Masculino,181.43,93.74,87.69,Nf259797,Xetjkn@Email.Com,2025-05-22,2025-05-27,Rs,36,Loja,Cartão
P3613,Camiseta Feminina,188.37,119.65,68.72,Nf175193,Yqsjtc@Email.Com,2025-10-14,2025-10-18,Rs,37,Loja,Dinheiro
P3614,Camiseta Feminina,314.7,241.5,73.2,Nf923156,Tmtgdd@Email.Com,2025-09-29,2025-10-02,Ba,P,Loja,Dinheiro
P3615,Camiseta Masculina,403.19,255.08,148.11,Nf753391,Wyiixu@Email.Com,2025-03-20,2025-03-20,Sp,41,Loja,Dinheiro
P3616,Calça Feminina,459.42,270.73,188.69,Nf336850,Prvzdi@Email.Com,2025-06-15,2025-06-20,Ba,G,Online,Boleto
P3617,Calça Feminina,288.6,205.36,83.24,Nf961503,Owzpkp@Email.Com,2025-03-21,2025-03-22,Sp,38,Loja,Cartão
P3618,Camiseta Feminina,104.66,66.46,38.2,Nf852876,Jeangj@Email.Com,2025-02-02,2025-02-05,Mg,39,Online,Boleto
P3619,Camiseta Masculina,457.31,292.45,164.86,Nf614789,Tiacge@Email.Com,2025-02-11,2025-02-14,Mg,37,Online,Cartão
P3620,Camiseta Masculina,226.39,124.83,101.56,Nf825679,Bwfeie@Email.Com,2025-06-14,2025-06-18,Sp,41,Online,Cartão
P3621,Camiseta Masculina,354.63,274.11,80.52,Nf725243,Aslstj@Email.Com,2025-12-30,2025-12-31,Rs,37,Online,Dinheiro
P3622,Tênis Feminino,273.17,157.78,115.39,Nf796807,Xbkeit@Email.Com,2025-02-22,2025-02-26,Pb,41,Loja,Boleto
P3623,Camiseta Masculina,176.16,117.6,58.56,Nf869951,Dqpnyi@Email.Com,2025-07-02,2025-07-02,Pb,38,Online,Dinheiro
P3624,Tênis Feminino,212.52,144.54,67.98,Nf644405,Uzkddu@Email.Com,2026-01-17,2026-01-17,Rj,42,Loja,Boleto
P3625,Camiseta Masculina,205.33,146.17,59.16,Nf666813,Leqkbp@Email.Com,2025-11-05,2025-11-10,Pr,36,Online,Cartão
P3626,Tênis Masculino,159.54,81.19,78.35,Nf717612,Zpdszy@Email.Com,2025-06-29,2025-06-30,Sp,42,Loja,Cartão
P3627,Tênis Masculino,455.37,269.89,185.48,Nf823958,Hwokcf@Email.Com,2025-02-18,2025-02-18,Sc,M,Loja,Pix
P3628,Tênis Masculino,97.38,59.15,38.23,Nf132543,Ykytsn@Email.Com,2025-01-07,2025-01-10,Ce,40,Loja,Dinheiro
P3629,Camiseta Masculina,159.18,86.9,72.28,Nf178951,Lucydg@Email.Com,2025-01-29,2025-01-30,Rj,42,Loja,Boleto
P3630,Calça Masculina,260.73,172.27,88.46,Nf679003,Jozcgo@Email.Com,2026-01-02,2026-01-06,Pr,39,Online,Cartão
P3631,Camiseta Feminina,123.71,81.66,42.05,Nf235835,Hvdetu@Email.Com,2026-03-22,2026-03-23,Pr,M,Online,Dinheiro
P3632,Camiseta Feminina,199.24,101.22,98.02,Nf314802,Kjjqxa@Email.Com,2025-01-30,2025-02-03,Sc,41,Online,Pix
P3633,Calça Masculina,176.09,139.06,37.03,Nf492110,Engqti@Email.Com,2025-12-05,2025-12-09,Sp,G,Online,Pix
P3634,Tênis Feminino,447.66,288.8,158.86,Nf344253,Uvvjul@Email.Com,2025-11-19,2025-11-19,Rs,M,Online,Cartão
P3635,Tênis Feminino,266.75,162.73,104.02,Nf376228,Glczth@Email.Com,2025-05-29,2025-06-03,Rs,39,Loja,Boleto
P3636,Tênis Masculino,177.5,137.31,40.19,Nf111321,Rcgeyu@Email.Com,2025-03-10,2025-03-14,Mg,P,Loja,Pix
P3637,Tênis Masculino,85.92,53.13,32.79,Nf415645,Awwgjb@Email.Com,2025-09-26,2025-09-27,Pr,42,Loja,Cartão
P3638,Camiseta Feminina,486.23,283.08,203.15,Nf296944,Lodjpg@Email.Com,2026-03-07,2026-03-12,Pr,G,Loja,Dinheiro
P3639,Camiseta Feminina,527.71,282.75,244.96,Nf858099,Beqwzo@Email.Com,2025-02-01,2025-02-03,Mg,41,Loja,Pix
P3640,Camiseta Masculina,248.6,188.88,59.72,Nf589041,Nchani@Email.Com,2026-03-12,2026-03-13,Pb,41,Loja,Dinheiro
P3641,Calça Masculina,231.89,120.0,111.89,Nf882396,Mwyscz@Email.Com,2026-01-25,2026-01-27,Sc,37,Loja,Cartão
P3642,Camiseta Masculina,349.92,235.7,114.22,Nf553567,Rbnrky@Email.Com,2026-02-22,2026-02-26,Rj,41,Loja,Cartão
P3643,Tênis Feminino,80.15,54.69,25.46,Nf965421,Pyhnnx@Email.Com,2026-02-17,2026-02-20,Ce,M,Online,Boleto
P3644,Tênis Feminino,354.49,206.09,148.4,Nf853721,Dtjmbx@Email.Com,2025-12-06,2025-12-09,Sp,37,Loja,Cartão
P3645,Calça Feminina,157.46,94.05,63.41,Nf970248,Cnvned@Email.Com,2025-05-02,2025-05-06,Mg,37,Loja,Cartão
P3646,Calça Masculina,344.35,244.66,99.69,Nf916312,Mrytdc@Email.Com,2025-02-22,2025-02-25,Pr,40,Online,Cartão
P3647,Tênis Feminino,483.54,290.44,193.1,Nf870344,Scrjzw@Email.Com,2025-10-31,2025-10-31,Sc,39,Loja,Dinheiro
P3648,Calça Masculina,89.45,50.8,38.65,Nf797247,Mglllh@Email.Com,2025-11-02,2025-11-02,Ce,37,Loja,Cartão
P3649,Camiseta Masculina,300.9,242.99,57.91,Nf576133,Mwypen@Email.Com,2025-08-08,2025-08-08,Rj,37,Loja,Cartão
P3650,Tênis Masculino,402.56,211.39,191.17,Nf890009,Bexftd@Email.Com,2025-05-17,2025-05-21,Rj,38,Online,Boleto
P3651,Camiseta Masculina,135.66,87.79,47.87,Nf570670,Ljgcmn@Email.Com,2026-01-16,2026-01-18,Sc,M,Loja,Cartão
P3652,Tênis Feminino,219.59,140.88,78.71,Nf311614,Gglvbi@Email.Com,2026-03-15,2026-03-18,Rs,41,Online,Cartão
P3653,Tênis Masculino,507.96,256.91,251.05,Nf796704,Cxadtx@Email.Com,2025-11-03,2025-11-03,Sp,38,Loja,Pix
P3654,Tênis Masculino,119.37,75.46,43.91,Nf830733,Dsqoyw@Email.Com,2025-11-04,2025-11-04,Mg,41,Loja,Boleto
P3655,Camiseta Feminina,204.34,130.24,74.1,Nf185893,Ibydwu@Email.Com,2025-12-07,2025-12-10,Mg,38,Online,Pix
P3656,Calça Feminina,211.37,114.01,97.36,Nf860156,Sfdhit@Email.Com,2025-04-24,2025-04-28,Rj,37,Online,Dinheiro
P3657,Calça Masculina,316.13,225.0,91.13,Nf708006,Msetan@Email.Com,2025-08-17,2025-08-20,Sc,39,Online,Cartão
P3658,Camiseta Feminina,339.35,239.05,100.3,Nf106567,Rdobra@Email.Com,2025-08-12,2025-08-16,Sp,G,Loja,Dinheiro
P3659,Calça Masculina,134.96,100.0,34.96,Nf393132,Fwrgfh@Email.Com,2025-04-04,2025-04-04,Pr,41,Loja,Pix
P3660,Tênis Masculino,121.87,62.87,59.0,Nf122554,Zncqzb@Email.Com,2025-08-30,2025-09-02,Pe,42,Online,Dinheiro
P3661,Camiseta Feminina,193.12,145.37,47.75,Nf399227,Soyhjy@Email.Com,2025-06-19,2025-06-21,Pr,M,Loja,Boleto
P3662,Camiseta Feminina,278.88,173.85,105.03,Nf759309,Nmuizl@Email.Com,2025-05-10,2025-05-12,Sc,42,Loja,Dinheiro
P3663,Tênis Feminino,194.94,118.53,76.41,Nf719177,Xexvuh@Email.Com,2026-02-06,2026-02-06,Sc,39,Loja,Dinheiro
P3664,Tênis Feminino,501.67,255.73,245.94,Nf827777,Iaawjo@Email.Com,2025-01-06,2025-01-08,Ba,39,Online,Boleto
P3665,Camiseta Masculina,407.59,240.52,167.07,Nf408566,Idxpuy@Email.Com,2025-11-20,2025-11-21,Sc,42,Loja,Pix
P3666,Calça Masculina,154.48,79.67,74.81,Nf667836,Smxjsl@Email.Com,2025-02-27,2025-03-01,Pr,42,Online,Boleto
P3667,Calça Masculina,302.45,208.51,93.94,Nf113812,Ttwakz@Email.Com,2025-03-08,2025-03-13,Sc,M,Online,Dinheiro
P3668,Camiseta Masculina,287.33,180.63,106.7,Nf274742,Zzojtb@Email.Com,2026-03-22,2026-03-23,Ba,P,Online,Boleto
P3669,Tênis Masculino,137.49,91.32,46.17,Nf744080,Lotvwq@Email.Com,2025-05-22,2025-05-24,Pr,42,Online,Pix
P3670,Camiseta Masculina,270.67,199.94,70.73,Nf901609,Kcikdi@Email.Com,2026-04-07,2026-04-10,Pe,42,Loja,Boleto
P3671,Tênis Masculino,422.64,260.95,161.69,Nf810819,Vhuzxw@Email.Com,2025-05-20,2025-05-25,Pb,37,Loja,Boleto
P3672,Camiseta Feminina,293.07,204.43,88.64,Nf347466,Xxzdzc@Email.Com,2025-09-20,2025-09-22,Ce,36,Loja,Pix
P3673,Camiseta Masculina,101.14,78.94,22.2,Nf854521,Cbtoew@Email.Com,2025-06-12,2025-06-12,Pr,M,Online,Cartão
P3674,Calça Masculina,152.34,91.67,60.67,Nf547043,Zwvguy@Email.Com,2025-05-28,2025-05-28,Mg,M,Loja,Dinheiro
P3675,Camiseta Masculina,368.38,265.31,103.07,Nf641823,Fukars@Email.Com,2025-09-03,2025-09-07,Pb,37,Online,Boleto
P3676,Calça Feminina,108.71,58.9,49.81,Nf318171,Ruukuv@Email.Com,2025-05-02,2025-05-06,Sp,G,Online,Dinheiro
P3677,Camiseta Feminina,121.82,75.96,45.86,Nf628254,Prohgz@Email.Com,2025-08-06,2025-08-07,Rs,39,Online,Pix
P3678,Calça Feminina,248.15,162.36,85.79,Nf350411,Kvfjys@Email.Com,2026-04-06,2026-04-06,Ce,M,Loja,Dinheiro
P3679,Tênis Masculino,335.17,240.7,94.47,Nf824619,Ybqsyn@Email.Com,2025-12-12,2025-12-14,Sp,M,Loja,Cartão
P3680,Camiseta Feminina,279.01,221.52,57.49,Nf384595,Pcnnim@Email.Com,2025-09-05,2025-09-10,Ba,37,Online,Pix
P3681,Calça Feminina,135.79,99.24,36.55,Nf352863,Giqneo@Email.Com,2025-03-13,2025-03-14,Rj,37,Online,Cartão
P3682,Calça Feminina,331.72,185.68,146.04,Nf997626,Riymcy@Email.Com,2025-04-11,2025-04-13,Pe,37,Online,Dinheiro
P3683,Camiseta Masculina,442.65,276.25,166.4,Nf390222,Mqprfu@Email.Com,2025-09-14,2025-09-17,Rj,42,Loja,Pix
P3684,Calça Masculina,97.17,80.4,16.77,Nf908561,Eiuigq@Email.Com,2025-09-15,2025-09-18,Pr,42,Loja,Pix
P3685,Camiseta Feminina,88.5,60.3,28.2,Nf152981,Ynmske@Email.Com,2026-03-01,2026-03-02,Mg,42,Online,Dinheiro
P3686,Camiseta Masculina,107.8,78.38,29.42,Nf918781,Yespds@Email.Com,2026-03-11,2026-03-13,Pe,39,Online,Boleto
P3687,Camiseta Masculina,157.82,91.6,66.22,Nf893964,Jpomoq@Email.Com,2025-11-30,2025-11-30,Rs,41,Online,Cartão
P3688,Calça Masculina,170.76,128.47,42.29,Nf232705,Nevwno@Email.Com,2026-04-26,2026-04-28,Pb,37,Online,Pix
P3689,Camiseta Feminina,428.93,228.57,200.36,Nf512005,Mzqqgz@Email.Com,2025-10-11,2025-10-15,Pe,41,Loja,Pix
P3690,Camiseta Feminina,349.94,243.13,106.81,Nf135931,Ppwbzt@Email.Com,2026-02-13,2026-02-16,Mg,37,Loja,Cartão
P3691,Calça Feminina,403.89,237.01,166.88,Nf985864,Rwzzec@Email.Com,2025-04-22,2025-04-25,Ce,42,Online,Dinheiro
P3692,Camiseta Feminina,332.25,173.45,158.8,Nf951648,Qpsito@Email.Com,2025-04-12,2025-04-13,Pb,37,Loja,Boleto
P3693,Camiseta Feminina,434.63,280.26,154.37,Nf962902,Gqcjqo@Email.Com,2025-06-16,2025-06-18,Ce,G,Online,Pix
P3694,Calça Masculina,162.85,119.44,43.41,Nf991298,Eyklpw@Email.Com,2025-04-25,2025-04-29,Ba,42,Loja,Cartão
P3695,Camiseta Masculina,152.25,106.12,46.13,Nf597124,Ijjmnc@Email.Com,2026-04-20,2026-04-20,Sp,M,Online,Dinheiro
P3696,Camiseta Feminina,192.79,149.78,43.01,Nf790698,Jcvupi@Email.Com,2025-01-04,2025-01-06,Ce,P,Loja,Pix
P3697,Camiseta Feminina,309.3,176.56,132.74,Nf918156,Prwlcs@Email.Com,2025-08-07,2025-08-09,Mg,M,Loja,Cartão
P3698,Calça Feminina,276.27,147.46,128.81,Nf113324,Qvfhyw@Email.Com,2025-06-22,2025-06-26,Mg,37,Online,Cartão
P3699,Calça Feminina,146.15,113.07,33.08,Nf186178,Atearc@Email.Com,2025-07-20,2025-07-20,Ce,P,Loja,Boleto
P3700,Tênis Masculino,380.15,240.03,140.12,Nf741708,Srzmxl@Email.Com,2025-06-08,2025-06-12,Pb,G,Online,Pix
P3701,Calça Feminina,277.43,195.13,82.3,Nf434365,Mvobpv@Email.Com,2025-01-16,2025-01-18,Sc,G,Online,Cartão
P3702,Tênis Masculino,301.2,250.01,51.19,Nf748527,Pbezgb@Email.Com,2025-02-16,2025-02-18,Sp,M,Online,Cartão
P3703,Calça Feminina,390.72,223.27,167.45,Nf821446,Iilqmu@Email.Com,2025-02-21,2025-02-25,Ba,40,Loja,Boleto
P3704,Camiseta Feminina,392.31,207.25,185.06,Nf113987,Wsnhna@Email.Com,2025-02-25,2025-03-02,Sc,G,Loja,Boleto
P3705,Camiseta Masculina,445.33,234.44,210.89,Nf722879,Sljbpi@Email.Com,2025-02-16,2025-02-16,Pr,41,Online,Cartão
P3706,Calça Masculina,487.81,253.4,234.41,Nf808545,Emvdum@Email.Com,2025-08-29,2025-09-02,Sc,36,Online,Dinheiro
P3707,Calça Masculina,99.36,50.37,48.99,Nf149412,Bcrzsv@Email.Com,2025-02-13,2025-02-15,Pr,40,Online,Pix
P3708,Camiseta Feminina,426.74,294.63,132.11,Nf315531,Yilgew@Email.Com,2025-09-16,2025-09-20,Pb,39,Loja,Boleto
P3709,Calça Feminina,214.03,118.19,95.84,Nf987505,Wfnhrl@Email.Com,2025-09-21,2025-09-25,Ce,41,Online,Boleto
P3710,Tênis Feminino,365.77,251.57,114.2,Nf376621,Unotfp@Email.Com,2025-11-02,2025-11-02,Pe,39,Loja,Cartão
P3711,Camiseta Masculina,402.16,256.74,145.42,Nf417824,Ymvasx@Email.Com,2025-09-15,2025-09-17,Sc,39,Loja,Cartão
P3712,Tênis Feminino,142.55,101.36,41.19,Nf528212,Xyuvmh@Email.Com,2025-06-07,2025-06-08,Pe,39,Loja,Cartão
P3713,Tênis Feminino,245.54,194.92,50.62,Nf509619,Gymytr@Email.Com,2025-12-04,2025-12-09,Pb,36,Online,Boleto
P3714,Calça Feminina,281.47,188.47,93.0,Nf156080,Uhtepz@Email.Com,2025-06-20,2025-06-24,Mg,38,Online,Cartão
P3715,Tênis Masculino,470.88,252.07,218.81,Nf418883,Hbsrlw@Email.Com,2025-04-13,2025-04-16,Sc,36,Online,Pix
P3716,Calça Feminina,454.95,290.38,164.57,Nf987470,Bdztrq@Email.Com,2026-01-07,2026-01-08,Rj,36,Online,Cartão
P3717,Calça Masculina,297.63,237.95,59.68,Nf701212,Kdvnvw@Email.Com,2026-03-23,2026-03-25,Pe,41,Loja,Pix
P3718,Calça Masculina,543.27,297.74,245.53,Nf286474,Rlalyl@Email.Com,2025-08-23,2025-08-24,Pe,41,Online,Pix
P3719,Camiseta Masculina,190.57,115.76,74.81,Nf695040,Ksquyp@Email.Com,2025-01-28,2025-02-02,Ba,39,Loja,Pix
P3720,Camiseta Feminina,379.83,199.2,180.63,Nf497901,Akhqqk@Email.Com,2025-04-08,2025-04-11,Ba,40,Online,Dinheiro
P3721,Tênis Masculino,293.82,210.11,83.71,Nf764170,Ubfrzs@Email.Com,2025-04-24,2025-04-26,Pb,38,Online,Boleto
P3722,Tênis Feminino,488.59,290.3,198.29,Nf184961,Crcheq@Email.Com,2025-01-08,2025-01-10,Sc,G,Loja,Cartão
P3723,Tênis Feminino,150.64,111.94,38.7,Nf997808,Wxpuzm@Email.Com,2026-02-11,2026-02-16,Pe,42,Loja,Boleto
P3724,Camiseta Feminina,219.62,130.99,88.63,Nf796354,Tjnvxp@Email.Com,2025-02-04,2025-02-04,Pb,41,Online,Boleto
P3725,Camiseta Feminina,121.44,72.46,48.98,Nf898917,Ubxtxx@Email.Com,2025-07-11,2025-07-12,Pr,M,Loja,Boleto
P3726,Tênis Masculino,131.82,83.09,48.73,Nf745840,Pqjeri@Email.Com,2025-08-24,2025-08-28,Ce,37,Online,Boleto
P3727,Calça Masculina,136.42,107.15,29.27,Nf687061,Ukiemz@Email.Com,2025-03-09,2025-03-09,Pe,38,Online,Dinheiro
P3728,Camiseta Masculina,390.42,256.69,133.73,Nf908052,Sjnioq@Email.Com,2025-04-20,2025-04-22,Sp,M,Online,Dinheiro
P3729,Calça Masculina,382.24,212.74,169.5,Nf998020,Noqzae@Email.Com,2026-01-26,2026-01-26,Rs,M,Online,Cartão
P3730,Calça Masculina,256.52,213.58,42.94,Nf537132,Xuhjkc@Email.Com,2025-09-20,2025-09-22,Pb,G,Loja,Pix
P3731,Tênis Feminino,344.55,212.27,132.28,Nf857213,Vnhhgx@Email.Com,2025-01-04,2025-01-08,Rj,42,Online,Dinheiro
P3732,Calça Feminina,363.79,268.63,95.16,Nf395003,Unhvwb@Email.Com,2026-02-21,2026-02-25,Pr,G,Loja,Boleto
P3733,Tênis Masculino,256.63,146.18,110.45,Nf790593,Fxjbbs@Email.Com,2025-07-26,2025-07-28,Sc,G,Loja,Dinheiro
P3734,Tênis Masculino,227.65,134.64,93.01,Nf623297,Yedslx@Email.Com,2025-10-29,2025-10-31,Rj,38,Loja,Dinheiro
P3735,Tênis Feminino,136.29,85.35,50.94,Nf690626,Dexfou@Email.Com,2026-04-06,2026-04-09,Pb,37,Loja,Cartão
P3736,Tênis Masculino,179.13,115.56,63.57,Nf101879,Zcgqda@Email.Com,2025-02-16,2025-02-17,Rj,G,Loja,Pix
P3737,Camiseta Masculina,157.39,129.28,28.11,Nf575580,Chgrgc@Email.Com,2025-04-27,2025-05-02,Ba,40,Loja,Dinheiro
P3738,Tênis Masculino,376.63,207.09,169.54,Nf726833,Qhdhrd@Email.Com,2025-08-30,2025-08-30,Ba,38,Online,Cartão
P3739,Calça Feminina,341.93,186.94,154.99,Nf908323,Uwihhq@Email.Com,2025-05-03,2025-05-03,Mg,P,Online,Boleto
P3740,Tênis Masculino,345.71,282.06,63.65,Nf134642,Gjjrik@Email.Com,2026-02-06,2026-02-07,Rj,40,Loja,Pix
P3741,Calça Masculina,115.65,81.25,34.4,Nf822395,Kwxcci@Email.Com,2025-07-10,2025-07-13,Sp,P,Loja,Cartão
P3742,Tênis Masculino,191.26,98.74,92.52,Nf892145,Xjfmar@Email.Com,2025-10-11,2025-10-11,Sc,41,Online,Cartão
P3743,Tênis Feminino,334.36,181.1,153.26,Nf420003,Zwqqco@Email.Com,2025-08-10,2025-08-10,Sp,37,Online,Pix
P3744,Camiseta Feminina,107.4,65.34,42.06,Nf737696,Jgfgra@Email.Com,2025-09-27,2025-10-01,Sc,37,Online,Pix
P3745,Camiseta Feminina,414.71,251.36,163.35,Nf771338,Cgvzrb@Email.Com,2025-07-22,2025-07-25,Ce,M,Loja,Cartão
P3746,Tênis Masculino,198.45,106.17,92.28,Nf556504,Zkgjlu@Email.Com,2025-05-21,2025-05-23,Pb,39,Online,Pix
P3747,Calça Feminina,297.32,160.7,136.62,Nf607796,Bvyxcv@Email.Com,2026-02-18,2026-02-19,Sp,37,Loja,Dinheiro
P3748,Tênis Masculino,94.28,53.86,40.42,Nf947744,Ihrxdz@Email.Com,2025-03-02,2025-03-05,Pe,37,Online,Cartão
P3749,Tênis Feminino,348.26,217.49,130.77,Nf790966,Cxrtix@Email.Com,2026-01-25,2026-01-27,Sc,39,Online,Pix
P3750,Camiseta Feminina,484.84,247.62,237.22,Nf487484,Bcbehq@Email.Com,2025-07-31,2025-08-03,Pr,G,Loja,Cartão
P3751,Calça Masculina,312.01,250.04,61.97,Nf993095,Kouwwt@Email.Com,2025-12-21,2025-12-23,Ce,38,Loja,Pix
P3752,Calça Masculina,335.97,194.11,141.86,Nf758043,Mrcdsz@Email.Com,2025-05-18,2025-05-18,Pr,38,Loja,Boleto
P3753,Calça Feminina,335.99,239.17,96.82,Nf185523,Xpcmwv@Email.Com,2025-12-30,2026-01-02,Pr,G,Loja,Boleto
P3754,Tênis Masculino,410.46,273.54,136.92,Nf398649,Jsbweo@Email.Com,2025-01-02,2025-01-02,Pb,G,Loja,Cartão
P3755,Camiseta Feminina,157.19,112.04,45.15,Nf299478,Uetwdd@Email.Com,2025-10-25,2025-10-27,Pe,G,Loja,Pix
P3756,Calça Feminina,96.69,54.1,42.59,Nf918952,Odleep@Email.Com,2025-03-17,2025-03-18,Sc,G,Online,Dinheiro
P3757,Calça Feminina,323.79,189.37,134.42,Nf807204,Rscsqp@Email.Com,2025-04-03,2025-04-08,Sc,G,Loja,Dinheiro
P3758,Tênis Feminino,103.18,84.87,18.31,Nf973946,Csvakj@Email.Com,2025-06-07,2025-06-10,Pr,39,Online,Dinheiro
P3759,Camiseta Masculina,146.74,109.71,37.03,Nf228904,Kenqll@Email.Com,2025-11-05,2025-11-10,Sp,G,Online,Dinheiro
P3760,Camiseta Feminina,277.51,191.59,85.92,Nf648147,Akhcdt@Email.Com,2025-07-11,2025-07-13,Rs,P,Loja,Dinheiro
P3761,Calça Masculina,224.37,119.08,105.29,Nf969196,Ejipbo@Email.Com,2025-06-10,2025-06-14,Mg,M,Online,Cartão
P3762,Tênis Masculino,276.62,139.03,137.59,Nf717148,Gxxyoq@Email.Com,2025-06-28,2025-06-28,Sp,37,Online,Pix
P3763,Camiseta Masculina,491.09,297.51,193.58,Nf203291,Bmdwid@Email.Com,2025-01-21,2025-01-23,Ba,39,Loja,Boleto
P3764,Calça Feminina,138.12,98.97,39.15,Nf235448,Hkdcrp@Email.Com,2025-09-23,2025-09-26,Pr,G,Loja,Boleto
P3765,Calça Feminina,335.23,197.85,137.38,Nf329870,Ekkara@Email.Com,2025-08-12,2025-08-16,Pr,38,Loja,Pix
P3766,Tênis Masculino,188.1,137.54,50.56,Nf818800,Cyvzua@Email.Com,2025-07-29,2025-08-03,Sc,40,Loja,Pix
P3767,Calça Masculina,328.49,231.86,96.63,Nf116296,Zqtbya@Email.Com,2025-10-10,2025-10-14,Rj,G,Online,Pix
P3768,Tênis Masculino,219.46,151.84,67.62,Nf665329,Tlojlv@Email.Com,2025-10-25,2025-10-28,Pe,G,Online,Boleto
P3769,Calça Masculina,148.09,109.47,38.62,Nf760646,Xzymhn@Email.Com,2025-10-11,2025-10-12,Mg,G,Online,Dinheiro
P3770,Calça Masculina,457.74,284.44,173.3,Nf439816,Ddeelk@Email.Com,2025-11-27,2025-12-01,Sc,39,Loja,Pix
P3771,Calça Feminina,392.19,252.04,140.15,Nf301840,Rqfvzj@Email.Com,2025-07-08,2025-07-08,Pe,39,Loja,Boleto
P3772,Calça Masculina,334.38,197.62,136.76,Nf298899,Kwvcio@Email.Com,2025-07-06,2025-07-10,Sp,P,Loja,Boleto
P3773,Tênis Feminino,456.17,273.02,183.15,Nf425877,Zhgast@Email.Com,2025-01-27,2025-02-01,Rs,38,Online,Boleto
P3774,Camiseta Feminina,197.39,105.41,91.98,Nf392999,Dihbzu@Email.Com,2026-04-01,2026-04-01,Ce,G,Loja,Boleto
P3775,Tênis Feminino,402.24,233.31,168.93,Nf817994,Hxrbpl@Email.Com,2025-11-17,2025-11-21,Rs,G,Loja,Cartão
P3776,Tênis Feminino,371.67,256.94,114.73,Nf176100,Vygdzt@Email.Com,2025-04-30,2025-05-05,Ce,39,Online,Cartão
P3777,Calça Feminina,312.29,191.51,120.78,Nf321419,Kbfrwq@Email.Com,2025-08-16,2025-08-17,Sp,39,Loja,Boleto
P3778,Camiseta Masculina,204.73,136.06,68.67,Nf828024,Qdtewe@Email.Com,2025-04-22,2025-04-24,Sc,37,Online,Cartão
P3779,Camiseta Masculina,203.63,137.61,66.02,Nf348719,Ompxur@Email.Com,2025-03-19,2025-03-22,Pe,39,Online,Pix
P3780,Camiseta Masculina,186.32,110.7,75.62,Nf410877,Jrfewd@Email.Com,2025-04-25,2025-04-30,Rj,G,Online,Dinheiro
P3781,Tênis Feminino,460.35,267.45,192.9,Nf714195,Krunzb@Email.Com,2026-01-24,2026-01-25,Mg,39,Online,Boleto
P3782,Camiseta Feminina,163.14,98.86,64.28,Nf191177,Nozbpq@Email.Com,2026-01-02,2026-01-05,Ce,41,Loja,Boleto
P3783,Calça Masculina,521.25,280.08,241.17,Nf848049,Apbnut@Email.Com,2025-11-12,2025-11-16,Mg,40,Loja,Boleto
P3784,Camiseta Masculina,150.8,97.65,53.15,Nf375692,Dddouc@Email.Com,2025-04-10,2025-04-13,Sp,40,Online,Pix
P3785,Tênis Feminino,129.34,97.89,31.45,Nf783597,Vapyvi@Email.Com,2026-03-03,2026-03-08,Ba,37,Loja,Dinheiro
P3786,Calça Feminina,98.27,80.46,17.81,Nf613949,Yhupyw@Email.Com,2026-03-18,2026-03-18,Pr,G,Loja,Dinheiro
P3787,Calça Masculina,398.04,246.13,151.91,Nf650784,Wcuvlb@Email.Com,2025-05-22,2025-05-26,Pe,38,Loja,Dinheiro
P3788,Calça Feminina,389.75,287.52,102.23,Nf432548,Otyxbx@Email.Com,2025-06-19,2025-06-23,Rs,P,Online,Dinheiro
P3789,Tênis Feminino,385.79,210.71,175.08,Nf158003,Ekgzwb@Email.Com,2025-04-26,2025-04-29,Pr,M,Loja,Cartão
P3790,Tênis Masculino,115.68,68.87,46.81,Nf424499,Wxczhd@Email.Com,2025-08-19,2025-08-24,Sp,M,Online,Cartão
P3791,Calça Feminina,147.48,76.6,70.88,Nf546710,Oqxggl@Email.Com,2025-07-02,2025-07-05,Ce,G,Loja,Dinheiro
P3792,Camiseta Feminina,201.28,140.77,60.51,Nf147206,Dxorqq@Email.Com,2026-02-23,2026-02-23,Ce,36,Loja,Cartão
P3793,Tênis Feminino,495.47,275.45,220.02,Nf380280,Iuxywg@Email.Com,2025-07-23,2025-07-27,Rj,38,Loja,Dinheiro
P3794,Camiseta Feminina,296.92,174.95,121.97,Nf290712,Hpomvz@Email.Com,2025-03-25,2025-03-25,Pr,36,Loja,Boleto
P3795,Camiseta Masculina,274.61,189.62,84.99,Nf882338,Qstvin@Email.Com,2025-06-05,2025-06-08,Rj,39,Loja,Cartão
P3796,Tênis Masculino,278.33,156.64,121.69,Nf501765,Ltlkzl@Email.Com,2025-10-23,2025-10-24,Ce,37,Online,Cartão
P3797,Tênis Masculino,378.55,221.08,157.47,Nf989128,Rtsxeg@Email.Com,2026-01-25,2026-01-30,Pe,41,Online,Pix
P3798,Calça Feminina,180.15,106.63,73.52,Nf732282,Cboyfd@Email.Com,2025-02-25,2025-03-02,Rj,G,Online,Boleto
P3799,Calça Masculina,237.72,130.6,107.12,Nf975003,Wmoyyj@Email.Com,2026-03-27,2026-03-31,Ce,37,Loja,Boleto
P3800,Calça Feminina,387.6,256.57,131.03,Nf968352,Fxxyjh@Email.Com,2025-04-27,2025-04-30,Rs,40,Loja,Boleto
P3801,Tênis Feminino,203.56,102.14,101.42,Nf890224,Totlpv@Email.Com,2026-01-13,2026-01-16,Pr,42,Online,Pix
P3802,Camiseta Masculina,289.13,158.46,130.67,Nf570056,Swdfiy@Email.Com,2025-12-26,2025-12-28,Sp,37,Loja,Cartão
P3803,Calça Masculina,338.85,279.61,59.24,Nf835049,Xnwaih@Email.Com,2025-02-16,2025-02-18,Sc,40,Loja,Dinheiro
P3804,Tênis Masculino,538.7,299.29,239.41,Nf796502,Rhjmtr@Email.Com,2025-09-12,2025-09-13,Rj,G,Loja,Boleto
P3805,Calça Masculina,223.42,129.46,93.96,Nf430352,Rxjmml@Email.Com,2025-04-02,2025-04-04,Sp,39,Loja,Pix
P3806,Calça Feminina,148.64,123.61,25.03,Nf931144,Gfteyl@Email.Com,2025-05-02,2025-05-03,Pe,42,Loja,Cartão
P3807,Tênis Masculino,337.16,198.69,138.47,Nf572952,Wbedgj@Email.Com,2025-12-20,2025-12-25,Ce,37,Loja,Dinheiro
P3808,Camiseta Feminina,330.55,252.36,78.19,Nf999510,Ablavz@Email.Com,2026-04-19,2026-04-22,Mg,G,Online,Boleto
P3809,Tênis Feminino,413.69,294.26,119.43,Nf579668,Jigmku@Email.Com,2026-04-10,2026-04-12,Pr,37,Loja,Pix
P3810,Tênis Masculino,502.77,262.84,239.93,Nf484584,Uhonht@Email.Com,2026-01-06,2026-01-08,Ce,42,Loja,Cartão
P3811,Calça Feminina,154.04,81.22,72.82,Nf644809,Pbxwsx@Email.Com,2026-04-16,2026-04-18,Ce,G,Online,Dinheiro
P3812,Calça Feminina,345.32,182.17,163.15,Nf171038,Xvrucy@Email.Com,2026-01-04,2026-01-05,Ba,G,Online,Pix
P3813,Camiseta Feminina,156.03,108.6,47.43,Nf957960,Jfqqfs@Email.Com,2025-03-10,2025-03-12,Sp,36,Online,Boleto
P3814,Camiseta Feminina,328.03,179.02,149.01,Nf142907,Mnuwnd@Email.Com,2025-10-08,2025-10-10,Pe,41,Loja,Cartão
P3815,Camiseta Masculina,109.44,65.43,44.01,Nf658185,Dlsyem@Email.Com,2025-02-04,2025-02-09,Sc,42,Online,Boleto
P3816,Tênis Masculino,205.29,158.01,47.28,Nf625514,Tjljcr@Email.Com,2025-03-10,2025-03-11,Rj,38,Loja,Boleto
P3817,Tênis Masculino,95.79,54.12,41.67,Nf560818,Usfggd@Email.Com,2026-01-01,2026-01-01,Pb,36,Online,Cartão
P3818,Tênis Masculino,82.61,59.68,22.93,Nf305074,Mgtaqc@Email.Com,2025-05-09,2025-05-14,Sp,M,Loja,Dinheiro
P3819,Tênis Masculino,136.58,102.62,33.96,Nf781435,Xxkvfe@Email.Com,2025-05-16,2025-05-16,Rs,M,Loja,Cartão
P3820,Camiseta Masculina,298.35,239.82,58.53,Nf579983,Cfxsxp@Email.Com,2025-03-27,2025-03-29,Sp,39,Online,Boleto
P3821,Calça Feminina,366.91,216.46,150.45,Nf924134,Tdrexq@Email.Com,2026-01-20,2026-01-20,Ba,36,Online,Dinheiro
P3822,Camiseta Feminina,291.64,230.93,60.71,Nf256484,Xgoevc@Email.Com,2025-09-02,2025-09-03,Pb,39,Online,Boleto
P3823,Camiseta Feminina,93.34,68.33,25.01,Nf948021,Omlnwe@Email.Com,2025-08-16,2025-08-21,Sp,36,Online,Cartão
P3824,Calça Masculina,286.46,163.19,123.27,Nf456532,Qudugn@Email.Com,2025-11-14,2025-11-16,Mg,41,Loja,Pix
P3825,Tênis Masculino,194.35,137.81,56.54,Nf696320,Chllws@Email.Com,2025-09-17,2025-09-22,Mg,G,Loja,Boleto
P3826,Calça Feminina,155.42,89.94,65.48,Nf909495,Cwvbny@Email.Com,2025-05-24,2025-05-24,Ba,37,Loja,Boleto
P3827,Camiseta Feminina,487.76,292.72,195.04,Nf491449,Teohvn@Email.Com,2025-01-18,2025-01-19,Pe,G,Online,Pix
P3828,Calça Masculina,238.93,165.75,73.18,Nf387670,Oqyped@Email.Com,2025-09-24,2025-09-25,Ba,37,Online,Pix
P3829,Camiseta Feminina,345.79,276.45,69.34,Nf459563,Jlzuuh@Email.Com,2025-08-06,2025-08-06,Pr,P,Loja,Dinheiro
P3830,Calça Masculina,452.55,231.62,220.93,Nf213506,Pguiiq@Email.Com,2025-11-01,2025-11-02,Sc,41,Online,Cartão
P3831,Tênis Feminino,77.6,58.48,19.12,Nf793873,Gdkoid@Email.Com,2025-08-28,2025-08-30,Ce,37,Loja,Cartão
P3832,Calça Masculina,122.1,99.29,22.81,Nf454619,Fhevne@Email.Com,2025-04-02,2025-04-05,Sc,39,Loja,Cartão
P3833,Tênis Masculino,123.62,65.58,58.04,Nf288930,Wkoobh@Email.Com,2025-10-18,2025-10-18,Sp,P,Online,Dinheiro
P3834,Tênis Masculino,119.1,97.61,21.49,Nf702839,Juisxr@Email.Com,2026-01-30,2026-02-03,Rj,P,Loja,Boleto
P3835,Calça Feminina,435.76,232.76,203.0,Nf405311,Ejmoad@Email.Com,2025-06-04,2025-06-05,Rj,42,Loja,Dinheiro
P3836,Tênis Masculino,241.34,171.71,69.63,Nf589381,Rahfyo@Email.Com,2026-03-13,2026-03-18,Pe,M,Loja,Dinheiro
P3837,Calça Masculina,262.82,154.38,108.44,Nf317885,Cannvy@Email.Com,2026-02-11,2026-02-15,Pr,40,Online,Pix
P3838,Calça Masculina,285.47,190.73,94.74,Nf112874,Xvbnwi@Email.Com,2025-05-18,2025-05-21,Rs,36,Online,Dinheiro
P3839,Tênis Feminino,107.99,84.87,23.12,Nf695470,Pnezlm@Email.Com,2026-03-19,2026-03-24,Sc,37,Loja,Cartão
P3840,Calça Masculina,364.11,250.69,113.42,Nf587949,Zmiums@Email.Com,2025-05-23,2025-05-24,Sc,36,Online,Cartão
P3841,Camiseta Feminina,250.81,153.54,97.27,Nf720608,Zcedvy@Email.Com,2025-05-10,2025-05-11,Rs,G,Online,Dinheiro
P3842,Camiseta Masculina,187.28,137.64,49.64,Nf789607,Vjqxqi@Email.Com,2025-02-05,2025-02-05,Ba,37,Online,Pix
P3843,Camiseta Feminina,446.17,236.02,210.15,Nf179453,Utekmo@Email.Com,2025-07-20,2025-07-20,Pb,37,Loja,Pix
P3844,Calça Feminina,384.92,294.7,90.22,Nf407408,Vflerp@Email.Com,2025-06-14,2025-06-18,Mg,40,Loja,Cartão
P3845,Camiseta Feminina,295.43,170.39,125.04,Nf582910,Lpctfq@Email.Com,2026-02-21,2026-02-21,Rj,P,Online,Cartão
P3846,Tênis Masculino,394.69,214.6,180.09,Nf397496,Ofeaue@Email.Com,2025-12-20,2025-12-24,Ba,41,Loja,Boleto
P3847,Calça Masculina,369.82,230.85,138.97,Nf351360,Fltlmf@Email.Com,2025-11-14,2025-11-19,Pr,39,Loja,Cartão
P3848,Calça Masculina,369.22,262.05,107.17,Nf536106,Pwmucw@Email.Com,2026-04-09,2026-04-14,Rs,38,Loja,Pix
P3849,Tênis Feminino,484.17,258.65,225.52,Nf525145,Fpledx@Email.Com,2025-04-24,2025-04-26,Rj,P,Online,Boleto
P3850,Tênis Masculino,379.34,254.2,125.14,Nf196481,Fwwryb@Email.Com,2026-02-07,2026-02-12,Pr,41,Online,Cartão
P3851,Calça Feminina,93.82,64.41,29.41,Nf535348,Emdvew@Email.Com,2025-04-09,2025-04-09,Ce,37,Loja,Pix
P3852,Camiseta Masculina,398.68,218.17,180.51,Nf439470,Nlvfbm@Email.Com,2026-03-18,2026-03-18,Sc,M,Online,Cartão
P3853,Camiseta Masculina,162.42,106.87,55.55,Nf133130,Wdqsxq@Email.Com,2026-01-29,2026-01-29,Sc,G,Online,Boleto
P3854,Calça Feminina,491.96,297.45,194.51,Nf817964,Teajlg@Email.Com,2025-01-20,2025-01-25,Rs,42,Online,Cartão
P3855,Calça Masculina,357.18,189.57,167.61,Nf142987,Ghthjj@Email.Com,2025-03-24,2025-03-27,Pb,39,Loja,Dinheiro
P3856,Calça Feminina,534.31,285.14,249.17,Nf192913,Rramfv@Email.Com,2026-04-05,2026-04-09,Sp,36,Online,Pix
P3857,Calça Feminina,455.14,252.85,202.29,Nf502233,Wcrkjj@Email.Com,2025-05-14,2025-05-17,Pb,P,Online,Boleto
P3858,Camiseta Feminina,172.9,119.78,53.12,Nf414197,Iavmon@Email.Com,2026-04-02,2026-04-05,Pr,42,Online,Boleto
P3859,Tênis Masculino,361.47,221.42,140.05,Nf823657,Urnvqr@Email.Com,2026-01-05,2026-01-09,Sp,P,Loja,Boleto
P3860,Calça Masculina,342.64,261.11,81.53,Nf431372,Ffspzg@Email.Com,2025-03-08,2025-03-08,Pr,42,Loja,Pix
P3861,Camiseta Feminina,330.73,212.58,118.15,Nf198171,Yjgmpu@Email.Com,2025-03-29,2025-03-31,Ba,42,Loja,Pix
P3862,Calça Masculina,156.55,117.51,39.04,Nf515772,Lbcwfx@Email.Com,2025-08-03,2025-08-04,Pb,41,Loja,Boleto
P3863,Tênis Masculino,415.86,227.01,188.85,Nf724484,Omykxb@Email.Com,2025-11-14,2025-11-16,Ba,41,Loja,Pix
P3864,Calça Masculina,356.41,247.27,109.14,Nf235038,Akjchp@Email.Com,2026-03-02,2026-03-03,Sp,41,Online,Cartão
P3865,Tênis Masculino,230.8,129.78,101.02,Nf727328,Ywbrgm@Email.Com,2026-02-01,2026-02-03,Sp,39,Loja,Dinheiro
P3866,Camiseta Feminina,436.24,243.26,192.98,Nf322378,Fcygww@Email.Com,2025-12-19,2025-12-23,Pb,38,Loja,Dinheiro
P3867,Calça Feminina,247.29,169.69,77.6,Nf154685,Srevws@Email.Com,2025-06-26,2025-07-01,Rs,41,Loja,Boleto
P3868,Tênis Masculino,420.49,295.19,125.3,Nf954920,Awwyuq@Email.Com,2025-11-29,2025-12-01,Pe,39,Online,Boleto
P3869,Calça Feminina,267.51,170.71,96.8,Nf797735,Legtde@Email.Com,2025-03-14,2025-03-17,Pr,36,Online,Cartão
P3870,Camiseta Masculina,268.58,209.48,59.1,Nf709517,Oppqjp@Email.Com,2025-04-19,2025-04-22,Ce,36,Online,Dinheiro
P3871,Calça Masculina,387.84,228.79,159.05,Nf753991,Lpptut@Email.Com,2026-04-17,2026-04-20,Rj,P,Loja,Dinheiro
P3872,Camiseta Masculina,331.79,237.82,93.97,Nf839823,Uzzfhh@Email.Com,2025-02-02,2025-02-02,Ba,G,Online,Dinheiro
P3873,Calça Feminina,85.53,57.75,27.78,Nf741372,Kbpvxk@Email.Com,2025-05-18,2025-05-23,Pb,41,Loja,Dinheiro
P3874,Calça Masculina,171.39,90.7,80.69,Nf456976,Cozkdp@Email.Com,2026-03-18,2026-03-18,Sc,G,Online,Dinheiro
P3875,Camiseta Masculina,315.67,163.35,152.32,Nf511297,Jmairh@Email.Com,2025-01-21,2025-01-22,Pe,39,Online,Dinheiro
P3876,Calça Feminina,229.37,132.8,96.57,Nf567257,Fwchre@Email.Com,2025-07-18,2025-07-22,Ce,M,Loja,Boleto
P3877,Calça Feminina,308.3,216.65,91.65,Nf844136,Toewft@Email.Com,2025-10-04,2025-10-04,Pb,G,Online,Dinheiro
P3878,Calça Feminina,382.15,297.86,84.29,Nf677824,Udivuw@Email.Com,2025-10-05,2025-10-05,Rs,42,Online,Pix
P3879,Tênis Masculino,319.79,171.12,148.67,Nf578450,Dhyjnr@Email.Com,2025-04-04,2025-04-05,Rj,36,Online,Boleto
P3880,Calça Feminina,222.8,114.48,108.32,Nf135592,Olfizn@Email.Com,2025-09-23,2025-09-26,Pb,41,Loja,Pix
P3881,Camiseta Masculina,285.64,236.56,49.08,Nf150652,Lzwcyw@Email.Com,2025-09-24,2025-09-26,Ce,37,Loja,Pix
P3882,Camiseta Masculina,104.27,64.94,39.33,Nf449196,Ydfaqx@Email.Com,2025-11-19,2025-11-24,Mg,39,Loja,Dinheiro
P3883,Tênis Feminino,306.46,179.08,127.38,Nf762166,Rfxuuu@Email.Com,2025-05-26,2025-05-30,Ba,40,Online,Boleto
P3884,Calça Feminina,144.14,88.86,55.28,Nf448496,Hhryds@Email.Com,2025-03-28,2025-03-28,Pb,P,Online,Boleto
P3885,Calça Feminina,348.95,231.5,117.45,Nf909154,Pkdvdk@Email.Com,2025-08-20,2025-08-22,Ba,G,Loja,Pix
P3886,Camiseta Masculina,388.98,205.51,183.47,Nf414580,Hdiwuy@Email.Com,2026-01-23,2026-01-24,Rs,40,Online,Dinheiro
P3887,Calça Feminina,431.62,223.52,208.1,Nf895794,Uymkbr@Email.Com,2025-07-26,2025-07-30,Rj,36,Online,Cartão
P3888,Tênis Feminino,340.95,206.88,134.07,Nf101499,Gpeprq@Email.Com,2025-07-24,2025-07-28,Mg,42,Loja,Boleto
P3889,Camiseta Feminina,146.72,115.95,30.77,Nf812901,Azvkki@Email.Com,2025-05-09,2025-05-10,Pr,36,Online,Boleto
P3890,Calça Feminina,355.87,209.01,146.86,Nf990681,Uctovr@Email.Com,2025-03-31,2025-04-05,Ba,36,Loja,Cartão
P3891,Tênis Feminino,131.57,70.63,60.94,Nf776126,Sfvbst@Email.Com,2025-07-25,2025-07-27,Sp,36,Loja,Dinheiro
P3892,Calça Masculina,150.78,95.42,55.36,Nf736045,Rlterj@Email.Com,2025-11-09,2025-11-09,Sc,38,Online,Pix
P3893,Camiseta Masculina,276.36,153.68,122.68,Nf130638,Qhmhnd@Email.Com,2025-03-25,2025-03-29,Rj,42,Loja,Cartão
P3894,Tênis Feminino,75.03,50.19,24.84,Nf388049,Ueumuj@Email.Com,2025-04-08,2025-04-13,Rs,P,Loja,Pix
P3895,Tênis Masculino,367.33,185.04,182.29,Nf280550,Ihfdgt@Email.Com,2025-06-15,2025-06-16,Sp,36,Loja,Cartão
P3896,Calça Feminina,168.74,88.22,80.52,Nf189133,Ulehur@Email.Com,2026-02-04,2026-02-07,Ba,40,Online,Boleto
P3897,Calça Feminina,107.8,83.18,24.62,Nf845904,Gfitkm@Email.Com,2025-07-28,2025-07-28,Sp,38,Online,Cartão
P3898,Calça Feminina,133.18,89.84,43.34,Nf559740,Hrclhk@Email.Com,2026-03-12,2026-03-17,Sc,G,Loja,Cartão
P3899,Tênis Masculino,122.55,71.2,51.35,Nf427222,Wykkev@Email.Com,2025-11-17,2025-11-19,Pe,38,Loja,Boleto
P3900,Calça Masculina,305.16,190.63,114.53,Nf182217,Mzaehp@Email.Com,2025-06-16,2025-06-16,Pe,41,Loja,Pix
P3901,Tênis Feminino,225.85,149.85,76.0,Nf630437,Nzktkp@Email.Com,2025-04-06,2025-04-11,Rj,42,Online,Dinheiro
P3902,Tênis Masculino,242.84,155.22,87.62,Nf281008,Lzmlzb@Email.Com,2025-10-24,2025-10-25,Ba,G,Online,Boleto
P3903,Camiseta Masculina,276.04,182.34,93.7,Nf931724,Fiyupt@Email.Com,2025-12-22,2025-12-22,Sp,38,Online,Cartão
P3904,Camiseta Feminina,219.13,121.37,97.76,Nf494224,Ztmcef@Email.Com,2026-03-17,2026-03-19,Rs,42,Online,Boleto
P3905,Calça Masculina,282.08,147.34,134.74,Nf839845,Eyxdvv@Email.Com,2026-01-11,2026-01-11,Pb,36,Online,Boleto
P3906,Tênis Feminino,137.06,88.29,48.77,Nf948539,Ffjcwf@Email.Com,2025-09-16,2025-09-21,Mg,40,Loja,Dinheiro
P3907,Calça Masculina,147.39,105.65,41.74,Nf127996,Snvwqw@Email.Com,2026-02-28,2026-03-04,Rj,39,Loja,Cartão
P3908,Tênis Feminino,192.21,133.06,59.15,Nf396638,Jwkfip@Email.Com,2025-05-20,2025-05-20,Rj,42,Online,Dinheiro
P3909,Calça Masculina,98.08,74.28,23.8,Nf252328,Xdgmkm@Email.Com,2025-07-19,2025-07-23,Sp,37,Loja,Boleto
P3910,Tênis Feminino,229.89,182.99,46.9,Nf245470,Beizei@Email.Com,2025-06-18,2025-06-22,Rs,37,Loja,Pix
P3911,Calça Masculina,456.6,261.98,194.62,Nf354701,Sbldgp@Email.Com,2025-06-28,2025-06-28,Rj,39,Loja,Pix
P3912,Camiseta Masculina,387.63,213.45,174.18,Nf796432,Bfekdj@Email.Com,2025-05-28,2025-05-28,Ba,42,Online,Cartão
P3913,Tênis Masculino,71.86,58.7,13.16,Nf999252,Ajhats@Email.Com,2025-12-13,2025-12-13,Sc,M,Loja,Pix
P3914,Camiseta Masculina,178.24,94.33,83.91,Nf600800,Nufmmg@Email.Com,2025-02-04,2025-02-04,Pe,38,Online,Cartão
P3915,Tênis Masculino,191.65,113.51,78.14,Nf206386,Wxkoxy@Email.Com,2025-09-28,2025-10-03,Pb,39,Loja,Pix
P3916,Tênis Feminino,477.1,261.31,215.79,Nf252118,Hjltlc@Email.Com,2026-04-30,2026-05-05,Sc,37,Online,Boleto
P3917,Tênis Masculino,407.87,270.06,137.81,Nf602192,Ggsnah@Email.Com,2025-08-12,2025-08-15,Pe,39,Online,Pix
P3918,Calça Masculina,358.01,200.26,157.75,Nf584389,Qfhpxp@Email.Com,2025-10-27,2025-10-27,Ce,36,Online,Cartão
P3919,Tênis Masculino,138.16,76.85,61.31,Nf647005,Tvauar@Email.Com,2025-02-13,2025-02-17,Sc,M,Online,Boleto
P3920,Calça Masculina,192.49,119.09,73.4,Nf449941,Dxysma@Email.Com,2025-01-24,2025-01-26,Pb,P,Loja,Boleto
P3921,Camiseta Masculina,136.98,90.69,46.29,Nf424830,Pdfcxy@Email.Com,2025-07-22,2025-07-26,Pe,39,Loja,Boleto
P3922,Camiseta Feminina,406.92,263.39,143.53,Nf536837,Laadtq@Email.Com,2025-11-01,2025-11-02,Pb,G,Online,Cartão
P3923,Tênis Masculino,250.91,185.47,65.44,Nf117615,Kopven@Email.Com,2025-05-02,2025-05-07,Rs,37,Loja,Dinheiro
P3924,Tênis Feminino,270.62,201.26,69.36,Nf493304,Rstagb@Email.Com,2025-03-29,2025-03-29,Pe,M,Online,Cartão
P3925,Tênis Feminino,183.83,131.34,52.49,Nf175241,Rfkera@Email.Com,2025-08-24,2025-08-29,Sp,P,Loja,Pix
P3926,Tênis Masculino,186.78,106.93,79.85,Nf172868,Wcrewn@Email.Com,2025-03-19,2025-03-24,Ba,40,Loja,Cartão
P3927,Camiseta Masculina,250.14,160.36,89.78,Nf260981,Rbmfht@Email.Com,2026-02-24,2026-02-27,Pr,41,Online,Pix
P3928,Calça Feminina,325.85,218.48,107.37,Nf622132,Okjewl@Email.Com,2025-05-12,2025-05-16,Mg,36,Loja,Pix
P3929,Calça Feminina,99.22,56.29,42.93,Nf790697,Qsdpxc@Email.Com,2025-07-07,2025-07-07,Mg,M,Online,Dinheiro
P3930,Tênis Feminino,463.29,246.3,216.99,Nf958723,Eauxky@Email.Com,2026-02-28,2026-02-28,Sp,P,Loja,Cartão
P3931,Camiseta Masculina,257.54,202.03,55.51,Nf378607,Bsllan@Email.Com,2025-06-16,2025-06-21,Mg,41,Loja,Boleto
P3932,Camiseta Feminina,325.83,183.23,142.6,Nf285354,Ieydpk@Email.Com,2025-06-21,2025-06-24,Rj,38,Online,Pix
P3933,Tênis Feminino,255.77,167.08,88.69,Nf643490,Hucmuo@Email.Com,2025-08-31,2025-09-05,Pe,39,Loja,Boleto
P3934,Camiseta Masculina,302.1,153.35,148.75,Nf443810,Mhplrj@Email.Com,2025-12-07,2025-12-11,Rs,42,Online,Boleto
P3935,Camiseta Masculina,357.38,262.8,94.58,Nf871279,Mnrqmv@Email.Com,2025-04-16,2025-04-18,Ce,37,Online,Boleto
P3936,Camiseta Feminina,117.23,67.82,49.41,Nf620918,Ggnrbs@Email.Com,2025-03-11,2025-03-13,Sp,42,Online,Boleto
P3937,Calça Feminina,320.02,236.39,83.63,Nf343972,Twhuen@Email.Com,2025-05-09,2025-05-13,Pr,G,Loja,Boleto
P3938,Tênis Feminino,184.32,98.91,85.41,Nf507902,Jzfiue@Email.Com,2025-11-08,2025-11-08,Rj,36,Online,Dinheiro
P3939,Tênis Feminino,160.2,128.18,32.02,Nf133358,Paxrkr@Email.Com,2025-11-03,2025-11-06,Sc,P,Loja,Cartão
P3940,Tênis Feminino,253.78,139.5,114.28,Nf544992,Sbizsl@Email.Com,2025-10-26,2025-10-30,Ce,40,Loja,Dinheiro
P3941,Tênis Feminino,396.39,206.6,189.79,Nf277538,Xjzvap@Email.Com,2025-10-31,2025-11-03,Pr,37,Loja,Dinheiro
P3942,Camiseta Feminina,161.37,111.27,50.1,Nf147749,Wbwyrd@Email.Com,2025-05-08,2025-05-11,Rj,G,Loja,Cartão
P3943,Camiseta Masculina,117.58,69.37,48.21,Nf905519,Nehrvv@Email.Com,2025-06-28,2025-07-02,Rs,41,Online,Cartão
P3944,Calça Masculina,189.79,117.45,72.34,Nf930808,Vzgcsp@Email.Com,2025-05-24,2025-05-28,Ba,39,Loja,Cartão
P3945,Tênis Feminino,195.86,127.51,68.35,Nf705423,Yebvlw@Email.Com,2026-02-03,2026-02-03,Mg,40,Online,Pix
P3946,Calça Feminina,399.1,275.53,123.57,Nf678905,Jjcmcq@Email.Com,2025-10-28,2025-11-02,Sp,37,Online,Dinheiro
P3947,Camiseta Feminina,511.25,262.03,249.22,Nf487331,Imjwhk@Email.Com,2025-08-29,2025-08-29,Sc,38,Online,Boleto
P3948,Tênis Feminino,211.01,152.95,58.06,Nf291115,Jhanvx@Email.Com,2025-10-27,2025-10-28,Sc,36,Loja,Dinheiro
P3949,Camiseta Masculina,108.95,82.88,26.07,Nf294050,Abwhhu@Email.Com,2025-09-29,2025-09-29,Pb,38,Loja,Pix
P3950,Camiseta Masculina,119.75,90.5,29.25,Nf244104,Jxkbyu@Email.Com,2025-06-10,2025-06-10,Sp,38,Online,Dinheiro
P3951,Calça Masculina,94.04,57.1,36.94,Nf799800,Vylscs@Email.Com,2025-09-04,2025-09-09,Sp,40,Loja,Cartão
P3952,Tênis Masculino,149.76,88.24,61.52,Nf878534,Ztodav@Email.Com,2025-06-29,2025-06-29,Sp,39,Loja,Dinheiro
P3953,Tênis Masculino,231.87,118.16,113.71,Nf399518,Zolzcy@Email.Com,2025-03-14,2025-03-14,Rs,G,Loja,Pix
P3954,Tênis Masculino,235.05,162.11,72.94,Nf546649,Daezxq@Email.Com,2025-04-17,2025-04-21,Pr,P,Loja,Dinheiro
P3955,Camiseta Masculina,112.07,63.82,48.25,Nf207881,Qbgvci@Email.Com,2025-05-07,2025-05-08,Pe,M,Loja,Dinheiro
P3956,Camiseta Feminina,533.04,277.5,255.54,Nf263660,Jspiaq@Email.Com,2025-09-22,2025-09-24,Pb,P,Online,Dinheiro
P3957,Camiseta Masculina,79.22,56.06,23.16,Nf722620,Fworog@Email.Com,2025-05-09,2025-05-14,Pe,M,Online,Dinheiro
P3958,Calça Feminina,536.94,280.67,256.27,Nf242561,Sooffr@Email.Com,2026-04-13,2026-04-13,Sp,P,Loja,Cartão
P3959,Camiseta Feminina,248.59,144.13,104.46,Nf896775,Yszmmg@Email.Com,2025-01-13,2025-01-17,Rj,G,Loja,Dinheiro
P3960,Tênis Feminino,128.96,73.56,55.4,Nf340168,Dlyath@Email.Com,2025-07-13,2025-07-16,Pe,37,Online,Cartão
P3961,Tênis Masculino,434.79,258.47,176.32,Nf446584,Yymvkt@Email.Com,2025-05-10,2025-05-15,Pr,37,Online,Cartão
P3962,Calça Masculina,108.53,68.94,39.59,Nf868025,Vwiqfn@Email.Com,2025-08-08,2025-08-13,Sp,37,Loja,Dinheiro
P3963,Camiseta Masculina,99.32,60.84,38.48,Nf795942,Nfbtnv@Email.Com,2025-06-20,2025-06-24,Ba,41,Loja,Pix
P3964,Camiseta Masculina,110.81,56.43,54.38,Nf347316,Nuwnst@Email.Com,2025-04-24,2025-04-29,Ba,G,Loja,Pix
P3965,Camiseta Feminina,119.04,70.36,48.68,Nf969432,Juzqdq@Email.Com,2025-07-15,2025-07-15,Pe,39,Online,Boleto
P3966,Tênis Feminino,316.24,214.91,101.33,Nf493744,Lzvjnd@Email.Com,2025-01-21,2025-01-22,Mg,38,Loja,Cartão
P3967,Tênis Masculino,91.7,63.35,28.35,Nf504861,Vahdjf@Email.Com,2026-04-20,2026-04-23,Pe,M,Online,Cartão
P3968,Calça Feminina,287.59,146.29,141.3,Nf383538,Ujrdyz@Email.Com,2026-04-26,2026-04-29,Rj,40,Online,Dinheiro
P3969,Tênis Masculino,170.59,140.6,29.99,Nf941931,Znsefr@Email.Com,2025-07-02,2025-07-03,Sp,41,Loja,Pix
P3970,Calça Feminina,177.97,138.96,39.01,Nf161068,Plvyvl@Email.Com,2025-10-28,2025-11-01,Sp,42,Loja,Dinheiro
P3971,Camiseta Masculina,177.53,100.0,77.53,Nf678754,Vlwfxq@Email.Com,2025-09-15,2025-09-16,Pe,36,Loja,Boleto
P3972,Calça Feminina,200.13,102.95,97.18,Nf525832,Plfies@Email.Com,2025-03-11,2025-03-16,Ce,37,Online,Dinheiro
P3973,Camiseta Masculina,267.66,199.19,68.47,Nf894619,Tloouv@Email.Com,2025-07-31,2025-08-01,Ba,39,Online,Cartão
P3974,Tênis Masculino,277.09,220.13,56.96,Nf404674,Hitucj@Email.Com,2025-08-30,2025-09-02,Ba,36,Online,Pix
P3975,Camiseta Masculina,220.82,152.56,68.26,Nf945573,Zttfob@Email.Com,2025-11-01,2025-11-04,Rj,38,Loja,Dinheiro
P3976,Camiseta Feminina,298.39,151.31,147.08,Nf161007,Ramlhh@Email.Com,2025-10-15,2025-10-20,Sc,36,Online,Pix
P3977,Calça Feminina,419.44,288.8,130.64,Nf876740,Lahyok@Email.Com,2025-07-16,2025-07-21,Rj,42,Loja,Cartão
P3978,Camiseta Masculina,352.27,208.15,144.12,Nf596200,Sptkzi@Email.Com,2025-07-31,2025-08-03,Pr,38,Loja,Dinheiro
P3979,Calça Feminina,134.28,98.91,35.37,Nf348519,Hmbpha@Email.Com,2025-04-07,2025-04-07,Ba,37,Online,Cartão
P3980,Calça Masculina,224.97,171.19,53.78,Nf800950,Shhftr@Email.Com,2025-11-04,2025-11-07,Ba,42,Online,Cartão
P3981,Camiseta Feminina,93.6,55.31,38.29,Nf848117,Wiiavt@Email.Com,2026-02-17,2026-02-22,Pr,40,Loja,Pix
P3982,Tênis Feminino,441.75,229.89,211.86,Nf659299,Yopipl@Email.Com,2025-11-14,2025-11-16,Sc,36,Loja,Pix
P3983,Camiseta Feminina,405.45,239.72,165.73,Nf614257,Ohqskl@Email.Com,2025-05-13,2025-05-13,Sc,41,Online,Boleto
P3984,Tênis Feminino,118.52,64.91,53.61,Nf864843,Yayhfx@Email.Com,2025-03-31,2025-04-04,Pb,39,Loja,Cartão
P3985,Calça Masculina,101.21,58.29,42.92,Nf357635,Mfmcbd@Email.Com,2025-08-18,2025-08-18,Pe,36,Online,Pix
P3986,Calça Masculina,167.03,115.7,51.33,Nf213355,Dtoigc@Email.Com,2026-01-10,2026-01-12,Pb,40,Online,Cartão
P3987,Calça Masculina,224.76,158.21,66.55,Nf642615,Iqikhj@Email.Com,2025-09-21,2025-09-23,Rs,M,Loja,Pix
P3988,Camiseta Feminina,150.96,118.65,32.31,Nf787698,Tsbfgw@Email.Com,2025-02-16,2025-02-20,Pe,41,Loja,Cartão
P3989,Calça Feminina,489.47,258.31,231.16,Nf912963,Gmwrul@Email.Com,2025-02-24,2025-02-27,Pr,40,Loja,Boleto
P3990,Tênis Feminino,98.58,57.36,41.22,Nf290759,Unixrt@Email.Com,2025-08-18,2025-08-22,Rj,36,Loja,Cartão
P3991,Camiseta Feminina,477.6,264.46,213.14,Nf837149,Xnwvha@Email.Com,2025-09-28,2025-09-28,Ce,37,Online,Pix
P3992,Camiseta Feminina,122.65,62.66,59.99,Nf232628,Kitmim@Email.Com,2025-05-27,2025-05-28,Pb,38,Loja,Boleto
P3993,Calça Feminina,80.11,55.73,24.38,Nf339328,Cdvehs@Email.Com,2025-02-15,2025-02-17,Pr,37,Loja,Pix
P3994,Calça Feminina,241.69,158.45,83.24,Nf407605,Dnlsen@Email.Com,2025-10-23,2025-10-27,Mg,G,Loja,Boleto
P3995,Calça Feminina,357.69,242.46,115.23,Nf650748,Ihoumz@Email.Com,2025-12-27,2025-12-31,Ba,38,Online,Dinheiro
P3996,Calça Masculina,513.46,299.47,213.99,Nf253898,Qudfxu@Email.Com,2025-03-09,2025-03-12,Mg,P,Loja,Boleto
P3997,Camiseta Masculina,397.04,275.65,121.39,Nf759556,Prpxwz@Email.Com,2025-10-30,2025-10-30,Mg,M,Online,Cartão
P3998,Tênis Feminino,319.77,172.08,147.69,Nf302927,Hvuwjm@Email.Com,2025-05-10,2025-05-11,Mg,36,Online,Pix
P3999,Tênis Feminino,428.22,225.05,203.17,Nf952975,Zkcjxx@Email.Com,2025-05-09,2025-05-09,Pb,40,Online,Cartão
P4000,Calça Masculina,277.91,186.17,91.74,Nf226714,Yewemi@Email.Com,2026-03-28,2026-03-29,Sp,39,Loja,Cartão
P4001,Camiseta Feminina,542.51,279.1,263.41,Nf245304,Zbydkn@Email.Com,2026-01-25,2026-01-30,Mg,36,Online,Cartão
P4002,Camiseta Feminina,255.62,148.26,107.36,Nf252085,Vxbljr@Email.Com,2026-03-29,2026-04-01,Rs,M,Loja,Boleto
P4003,Camiseta Feminina,530.66,296.87,233.79,Nf690099,Nvbhwc@Email.Com,2025-11-08,2025-11-12,Sp,36,Online,Pix
P4004,Tênis Masculino,218.35,129.68,88.67,Nf996087,Zwfacs@Email.Com,2026-01-24,2026-01-28,Ba,38,Online,Pix
P4005,Calça Feminina,253.9,142.15,111.75,Nf156812,Qifpje@Email.Com,2026-03-05,2026-03-07,Ba,36,Online,Dinheiro
P4006,Camiseta Masculina,169.17,92.68,76.49,Nf554397,Omkcvp@Email.Com,2025-05-25,2025-05-30,Ba,39,Loja,Pix
P4007,Tênis Feminino,182.73,135.93,46.8,Nf515964,Jpnhsw@Email.Com,2025-06-29,2025-07-04,Sp,40,Online,Pix
P4008,Camiseta Masculina,443.84,294.8,149.04,Nf951470,Kqwqti@Email.Com,2026-03-23,2026-03-25,Rj,39,Online,Dinheiro
P4009,Calça Feminina,135.84,68.45,67.39,Nf999522,Vsdvxx@Email.Com,2025-04-18,2025-04-20,Sp,40,Online,Pix
P4010,Tênis Masculino,234.25,132.69,101.56,Nf244476,Gzmmik@Email.Com,2025-08-06,2025-08-09,Pe,40,Online,Cartão
P4011,Camiseta Feminina,524.15,277.48,246.67,Nf348684,Kjeont@Email.Com,2025-08-31,2025-09-01,Pe,37,Loja,Boleto
P4012,Calça Masculina,400.12,248.76,151.36,Nf252473,Pxzirr@Email.Com,2025-08-28,2025-09-02,Pe,39,Online,Pix
P4013,Tênis Feminino,287.21,172.4,114.81,Nf523907,Kzzfxl@Email.Com,2025-07-26,2025-07-29,Rs,36,Loja,Pix
P4014,Tênis Feminino,309.41,166.14,143.27,Nf486337,Jilzar@Email.Com,2025-01-29,2025-01-31,Ce,42,Loja,Pix
P4015,Calça Feminina,138.15,112.33,25.82,Nf762374,Qovcna@Email.Com,2025-11-16,2025-11-19,Sp,39,Loja,Boleto
P4016,Tênis Masculino,149.21,102.55,46.66,Nf405933,Hbkclp@Email.Com,2025-12-27,2026-01-01,Sp,36,Online,Pix
P4017,Camiseta Masculina,210.09,174.13,35.96,Nf774626,Zelzeo@Email.Com,2025-09-04,2025-09-06,Pr,39,Online,Boleto
P4018,Calça Masculina,217.98,154.52,63.46,Nf649963,Husnqv@Email.Com,2026-02-15,2026-02-20,Sp,G,Online,Cartão
P4019,Calça Masculina,547.52,276.14,271.38,Nf498144,Yfksft@Email.Com,2025-09-23,2025-09-25,Sp,41,Loja,Boleto
P4020,Calça Masculina,113.52,56.92,56.6,Nf262228,Tkfawj@Email.Com,2025-11-09,2025-11-10,Rj,M,Loja,Cartão
P4021,Tênis Masculino,256.71,180.57,76.14,Nf129577,Yeblph@Email.Com,2025-03-30,2025-04-03,Ce,P,Online,Pix
P4022,Camiseta Masculina,414.02,220.37,193.65,Nf129073,Ivcbwq@Email.Com,2025-10-27,2025-10-27,Pr,38,Online,Boleto
P4023,Calça Feminina,403.79,271.65,132.14,Nf816088,Oizjei@Email.Com,2025-08-25,2025-08-27,Pe,P,Online,Boleto
P4024,Camiseta Masculina,326.04,168.67,157.37,Nf934094,Vxtaas@Email.Com,2025-04-23,2025-04-28,Pe,M,Online,Cartão
P4025,Tênis Masculino,267.9,173.79,94.11,Nf282257,Dleigc@Email.Com,2025-02-05,2025-02-07,Sc,36,Online,Pix
P4026,Camiseta Feminina,545.73,295.58,250.15,Nf239236,Lhinrh@Email.Com,2026-02-08,2026-02-09,Mg,36,Loja,Boleto
P4027,Tênis Feminino,262.53,177.27,85.26,Nf656319,Sjcnte@Email.Com,2026-04-02,2026-04-05,Mg,37,Loja,Boleto
P4028,Calça Feminina,255.85,213.01,42.84,Nf172818,Ctjdpm@Email.Com,2026-03-27,2026-04-01,Rj,40,Loja,Pix
P4029,Tênis Feminino,317.96,253.39,64.57,Nf764247,Iudovg@Email.Com,2025-02-20,2025-02-24,Pb,41,Online,Dinheiro
P4030,Tênis Feminino,215.54,128.3,87.24,Nf483019,Ujcdsw@Email.Com,2025-02-18,2025-02-22,Pe,40,Online,Pix
P4031,Tênis Masculino,226.32,124.16,102.16,Nf870519,Mzvzeq@Email.Com,2025-01-01,2025-01-01,Sc,41,Online,Dinheiro
P4032,Calça Masculina,288.9,155.55,133.35,Nf645849,Vqbtsp@Email.Com,2025-02-27,2025-03-02,Sc,36,Online,Dinheiro
P4033,Tênis Masculino,321.03,162.22,158.81,Nf724259,Iliosv@Email.Com,2025-06-19,2025-06-22,Mg,41,Online,Pix
P4034,Tênis Masculino,201.03,163.53,37.5,Nf879966,Fjnmuq@Email.Com,2025-05-31,2025-05-31,Pe,40,Online,Dinheiro
P4035,Calça Masculina,177.95,89.59,88.36,Nf687874,Swyhkq@Email.Com,2025-12-12,2025-12-17,Pb,36,Loja,Dinheiro
P4036,Camiseta Feminina,274.48,196.15,78.33,Nf276813,Yopdvm@Email.Com,2025-10-06,2025-10-11,Ba,41,Loja,Boleto
P4037,Camiseta Masculina,146.36,120.14,26.22,Nf676841,Uumypg@Email.Com,2026-01-24,2026-01-26,Ce,42,Online,Cartão
P4038,Tênis Masculino,104.4,53.48,50.92,Nf516677,Ktsyms@Email.Com,2026-02-11,2026-02-16,Rj,40,Loja,Cartão
P4039,Camiseta Feminina,243.28,136.44,106.84,Nf118872,Kyavgb@Email.Com,2025-05-15,2025-05-15,Mg,42,Online,Boleto
P4040,Camiseta Masculina,126.03,72.38,53.65,Nf536611,Akvzfn@Email.Com,2025-12-28,2025-12-28,Pr,39,Online,Boleto
P4041,Tênis Feminino,101.16,52.3,48.86,Nf813193,Woibgx@Email.Com,2025-06-17,2025-06-17,Rj,41,Loja,Dinheiro
P4042,Camiseta Feminina,381.48,290.92,90.56,Nf537336,Wbmtuv@Email.Com,2025-12-08,2025-12-08,Rj,40,Online,Cartão
P4043,Tênis Masculino,556.51,297.66,258.85,Nf688149,Gobkgu@Email.Com,2025-03-28,2025-04-01,Pb,37,Loja,Pix
P4044,Calça Feminina,295.6,151.65,143.95,Nf825028,Tshnoa@Email.Com,2025-06-24,2025-06-27,Ba,P,Loja,Boleto
P4045,Tênis Feminino,113.38,63.7,49.68,Nf705560,Xgmmkz@Email.Com,2025-06-14,2025-06-19,Ce,P,Online,Cartão
P4046,Tênis Feminino,281.02,226.6,54.42,Nf431829,Muckbo@Email.Com,2025-01-07,2025-01-10,Rj,P,Loja,Boleto
P4047,Camiseta Feminina,145.8,116.49,29.31,Nf396790,Desazf@Email.Com,2025-11-29,2025-12-01,Rs,41,Loja,Pix
P4048,Tênis Masculino,271.88,215.22,56.66,Nf952383,Bdimrt@Email.Com,2025-03-29,2025-04-03,Pr,G,Loja,Pix
P4049,Camiseta Masculina,242.3,171.06,71.24,Nf774856,Mgofuq@Email.Com,2026-04-13,2026-04-17,Pe,37,Online,Dinheiro
P4050,Tênis Masculino,400.65,205.86,194.79,Nf830212,Lmqibf@Email.Com,2025-09-25,2025-09-26,Pe,40,Loja,Boleto
P4051,Tênis Masculino,69.2,53.1,16.1,Nf488120,Npwcif@Email.Com,2025-06-29,2025-07-02,Pr,38,Online,Dinheiro
P4052,Calça Masculina,278.9,192.79,86.11,Nf575873,Mgcbqf@Email.Com,2025-08-10,2025-08-13,Pr,37,Online,Boleto
P4053,Tênis Feminino,327.52,253.65,73.87,Nf707886,Agqvqq@Email.Com,2025-10-07,2025-10-09,Pb,39,Loja,Boleto
P4054,Tênis Masculino,558.12,284.56,273.56,Nf246769,Abxagk@Email.Com,2025-08-26,2025-08-28,Sc,36,Online,Dinheiro
P4055,Calça Masculina,145.23,100.11,45.12,Nf897154,Clzjqh@Email.Com,2026-01-31,2026-02-03,Rj,M,Loja,Cartão
P4056,Tênis Feminino,127.01,67.52,59.49,Nf987746,Pufode@Email.Com,2025-10-10,2025-10-10,Ba,42,Loja,Cartão
P4057,Camiseta Masculina,445.95,223.88,222.07,Nf910021,Rvpvhj@Email.Com,2025-11-17,2025-11-19,Pe,39,Online,Cartão
P4058,Camiseta Feminina,511.03,298.51,212.52,Nf299533,Vlzuar@Email.Com,2025-07-24,2025-07-24,Mg,41,Online,Boleto
P4059,Camiseta Masculina,121.91,79.61,42.3,Nf190485,Npohhs@Email.Com,2025-12-01,2025-12-05,Sc,P,Online,Pix
P4060,Calça Masculina,511.14,257.52,253.62,Nf773491,Rvgohs@Email.Com,2026-03-28,2026-03-29,Pr,M,Online,Cartão
P4061,Tênis Masculino,258.55,173.51,85.04,Nf145251,Groitd@Email.Com,2025-08-01,2025-08-06,Pr,M,Loja,Cartão
P4062,Calça Masculina,139.02,104.54,34.48,Nf966180,Bxejpe@Email.Com,2025-07-09,2025-07-14,Mg,M,Online,Dinheiro
P4063,Camiseta Feminina,262.72,146.9,115.82,Nf857919,Siivyi@Email.Com,2025-06-21,2025-06-25,Mg,37,Online,Boleto
P4064,Camiseta Masculina,365.05,295.03,70.02,Nf955292,Acrxxj@Email.Com,2025-03-09,2025-03-10,Mg,37,Loja,Dinheiro
P4065,Calça Feminina,196.46,142.32,54.14,Nf968673,Sokwcu@Email.Com,2025-06-23,2025-06-24,Rs,M,Loja,Dinheiro
P4066,Calça Masculina,184.41,104.89,79.52,Nf590792,Pdkvmi@Email.Com,2026-01-29,2026-02-03,Ba,G,Loja,Cartão
P4067,Tênis Masculino,257.91,133.27,124.64,Nf133986,Olgfjj@Email.Com,2025-06-23,2025-06-23,Rs,M,Online,Boleto
P4068,Tênis Feminino,223.26,126.35,96.91,Nf289610,Qxshjw@Email.Com,2025-09-14,2025-09-19,Rs,M,Online,Dinheiro
P4069,Tênis Masculino,343.58,191.03,152.55,Nf713915,Jaougb@Email.Com,2025-10-02,2025-10-07,Sp,41,Loja,Boleto
P4070,Calça Masculina,250.96,137.57,113.39,Nf830037,Wiztuz@Email.Com,2025-09-07,2025-09-07,Rj,42,Loja,Boleto
P4071,Camiseta Feminina,116.85,93.29,23.56,Nf283356,Dutvzt@Email.Com,2026-03-21,2026-03-22,Ce,P,Online,Dinheiro
P4072,Camiseta Masculina,283.68,231.33,52.35,Nf196433,Xlwtno@Email.Com,2025-02-22,2025-02-24,Rj,38,Loja,Cartão
P4073,Tênis Feminino,194.35,99.36,94.99,Nf560764,Tgqtxl@Email.Com,2025-01-21,2025-01-26,Ba,38,Loja,Cartão
P4074,Tênis Feminino,345.31,254.63,90.68,Nf118732,Yplemk@Email.Com,2025-10-14,2025-10-16,Mg,39,Online,Boleto
P4075,Camiseta Feminina,278.03,198.07,79.96,Nf109781,Uyxsmf@Email.Com,2025-04-18,2025-04-18,Sc,G,Loja,Pix
P4076,Calça Masculina,288.62,147.49,141.13,Nf576516,Rafipi@Email.Com,2025-07-16,2025-07-20,Pr,M,Loja,Dinheiro
P4077,Tênis Feminino,329.16,166.94,162.22,Nf668824,Tfxnsx@Email.Com,2025-09-07,2025-09-11,Rj,37,Online,Dinheiro
P4078,Calça Masculina,499.84,254.81,245.03,Nf970320,Pzpdcc@Email.Com,2025-08-17,2025-08-20,Sc,41,Loja,Dinheiro
P4079,Camiseta Feminina,350.02,201.97,148.05,Nf507343,Qqqhfl@Email.Com,2025-04-28,2025-04-29,Ba,37,Online,Boleto
P4080,Camiseta Feminina,391.15,197.54,193.61,Nf407157,Rqjuay@Email.Com,2025-01-23,2025-01-23,Sp,42,Online,Boleto
P4081,Tênis Masculino,378.53,271.52,107.01,Nf412192,Ahhvtk@Email.Com,2026-01-15,2026-01-20,Sp,38,Loja,Dinheiro
P4082,Calça Feminina,141.39,78.4,62.99,Nf314520,Jtlzwr@Email.Com,2025-10-05,2025-10-10,Mg,36,Online,Pix
P4083,Camiseta Feminina,474.27,244.81,229.46,Nf362598,Buxrpd@Email.Com,2025-05-17,2025-05-21,Mg,G,Loja,Boleto
P4084,Calça Masculina,110.27,59.35,50.92,Nf781013,Ephnti@Email.Com,2025-07-06,2025-07-11,Mg,P,Loja,Dinheiro
P4085,Tênis Feminino,367.39,195.02,172.37,Nf216561,Ygnaev@Email.Com,2025-02-06,2025-02-06,Rs,38,Online,Dinheiro
P4086,Tênis Masculino,367.03,187.59,179.44,Nf502810,Wahqgp@Email.Com,2026-02-05,2026-02-06,Sc,M,Loja,Boleto
P4087,Camiseta Masculina,302.1,189.44,112.66,Nf596237,Qxfhia@Email.Com,2025-01-15,2025-01-20,Sp,39,Loja,Dinheiro
P4088,Camiseta Masculina,217.29,150.33,66.96,Nf478864,Nvkbeg@Email.Com,2026-01-23,2026-01-27,Rj,42,Loja,Pix
P4089,Camiseta Masculina,313.57,161.48,152.09,Nf125321,Epdars@Email.Com,2025-06-26,2025-06-30,Ba,M,Online,Pix
P4090,Camiseta Feminina,318.58,210.11,108.47,Nf575855,Mmmwef@Email.Com,2025-02-12,2025-02-17,Sc,M,Loja,Pix
P4091,Calça Masculina,299.84,208.98,90.86,Nf771649,Weuymg@Email.Com,2026-01-16,2026-01-17,Pr,G,Online,Boleto
P4092,Camiseta Masculina,356.14,205.83,150.31,Nf160319,Aplmhz@Email.Com,2025-06-28,2025-07-01,Pb,P,Online,Pix
P4093,Calça Masculina,232.77,142.1,90.67,Nf654378,Xbzlhy@Email.Com,2026-03-23,2026-03-25,Sc,38,Online,Cartão
P4094,Calça Feminina,282.04,145.35,136.69,Nf658233,Awvccp@Email.Com,2025-11-26,2025-12-01,Ce,P,Loja,Boleto
P4095,Tênis Masculino,283.41,159.71,123.7,Nf728111,Smjnfu@Email.Com,2025-12-28,2026-01-02,Mg,42,Loja,Cartão
P4096,Camiseta Masculina,241.62,200.28,41.34,Nf643091,Xndsem@Email.Com,2025-07-09,2025-07-10,Rj,G,Online,Boleto
P4097,Tênis Masculino,144.5,90.68,53.82,Nf360686,Gkulwk@Email.Com,2025-01-13,2025-01-17,Mg,38,Online,Boleto
P4098,Camiseta Feminina,323.25,168.6,154.65,Nf842545,Eidyql@Email.Com,2026-03-09,2026-03-14,Pb,41,Online,Boleto
P4099,Tênis Masculino,207.56,156.21,51.35,Nf487908,Zqxkrf@Email.Com,2026-01-24,2026-01-28,Sp,G,Online,Boleto
P4100,Camiseta Feminina,491.96,276.67,215.29,Nf714621,Xditgs@Email.Com,2026-01-30,2026-01-30,Sc,36,Online,Pix
P4101,Camiseta Feminina,304.04,167.45,136.59,Nf394259,Obvoec@Email.Com,2026-01-20,2026-01-20,Sp,36,Online,Boleto
P4102,Camiseta Masculina,150.36,106.19,44.17,Nf398726,Ngjczg@Email.Com,2025-05-24,2025-05-26,Rj,M,Loja,Boleto
P4103,Calça Feminina,262.94,163.04,99.9,Nf691390,Gjuolg@Email.Com,2026-02-20,2026-02-21,Rj,41,Online,Cartão
P4104,Calça Masculina,211.7,175.05,36.65,Nf441006,Xoukcz@Email.Com,2025-07-19,2025-07-22,Rs,37,Loja,Dinheiro
P4105,Camiseta Masculina,305.72,226.76,78.96,Nf186674,Qmsfkf@Email.Com,2025-05-16,2025-05-20,Sp,39,Online,Boleto
P4106,Calça Masculina,135.41,105.6,29.81,Nf676870,Ydgtah@Email.Com,2025-12-20,2025-12-23,Ba,P,Loja,Boleto
P4107,Calça Masculina,214.3,176.42,37.88,Nf277801,Dchsbg@Email.Com,2025-07-07,2025-07-08,Sp,40,Loja,Pix
P4108,Camiseta Masculina,364.4,200.77,163.63,Nf229972,Tzcfsh@Email.Com,2025-12-28,2025-12-30,Mg,39,Online,Boleto
P4109,Camiseta Feminina,487.12,247.33,239.79,Nf236800,Pufseb@Email.Com,2025-04-24,2025-04-24,Rs,38,Loja,Cartão
P4110,Tênis Masculino,560.44,293.51,266.93,Nf161155,Qxieem@Email.Com,2026-02-26,2026-03-01,Rs,G,Online,Boleto
P4111,Camiseta Feminina,482.15,279.81,202.34,Nf706370,Sanees@Email.Com,2025-03-21,2025-03-22,Sc,41,Online,Pix
P4112,Tênis Masculino,237.2,193.33,43.87,Nf889560,Wownus@Email.Com,2025-01-22,2025-01-22,Rj,38,Online,Dinheiro
P4113,Calça Masculina,219.32,156.6,62.72,Nf767925,Hnzyei@Email.Com,2026-02-19,2026-02-21,Sc,37,Online,Boleto
P4114,Calça Masculina,112.55,77.5,35.05,Nf585534,Qbgcnv@Email.Com,2025-05-15,2025-05-19,Pr,G,Loja,Dinheiro
P4115,Tênis Feminino,307.15,202.34,104.81,Nf401606,Oreviz@Email.Com,2025-11-17,2025-11-18,Mg,36,Loja,Boleto
P4116,Tênis Feminino,338.8,280.83,57.97,Nf291003,Dzglkn@Email.Com,2026-03-15,2026-03-17,Ba,42,Loja,Dinheiro
P4117,Camiseta Feminina,407.52,270.38,137.14,Nf551805,Islvoi@Email.Com,2026-01-28,2026-01-30,Sc,38,Loja,Pix
P4118,Tênis Masculino,346.76,201.48,145.28,Nf863147,Elvwbs@Email.Com,2025-07-27,2025-07-29,Pb,38,Online,Boleto
P4119,Camiseta Feminina,329.63,178.06,151.57,Nf358886,Kymsmv@Email.Com,2026-02-22,2026-02-26,Mg,M,Loja,Boleto
P4120,Tênis Masculino,213.85,148.29,65.56,Nf492575,Tntorp@Email.Com,2026-04-11,2026-04-16,Pe,36,Online,Pix
P4121,Calça Feminina,346.79,201.59,145.2,Nf348496,Siayfo@Email.Com,2025-07-07,2025-07-08,Ce,G,Loja,Dinheiro
P4122,Tênis Masculino,170.82,127.66,43.16,Nf305884,Joahby@Email.Com,2026-01-30,2026-02-04,Rj,39,Online,Dinheiro
P4123,Calça Feminina,313.74,162.04,151.7,Nf942938,Zjlrtd@Email.Com,2026-01-01,2026-01-04,Ba,36,Loja,Dinheiro
P4124,Tênis Masculino,238.17,165.51,72.66,Nf806827,Qmxwrv@Email.Com,2025-11-20,2025-11-25,Rs,41,Online,Pix
P4125,Camiseta Masculina,191.06,134.73,56.33,Nf260538,Qefkvh@Email.Com,2026-02-02,2026-02-03,Ce,42,Loja,Dinheiro
P4126,Tênis Masculino,158.14,80.84,77.3,Nf260080,Fazvib@Email.Com,2026-04-05,2026-04-07,Ba,G,Loja,Cartão
P4127,Camiseta Masculina,149.99,105.0,44.99,Nf629090,Lgeska@Email.Com,2025-05-21,2025-05-26,Pr,42,Loja,Dinheiro
P4128,Camiseta Feminina,259.05,192.58,66.47,Nf186040,Nyxqxh@Email.Com,2026-04-14,2026-04-17,Ba,38,Online,Pix
P4129,Calça Feminina,156.7,96.67,60.03,Nf312848,Wkfcje@Email.Com,2025-12-30,2026-01-04,Pe,G,Online,Cartão
P4130,Calça Masculina,358.12,183.19,174.93,Nf166645,Utkrvu@Email.Com,2025-06-22,2025-06-22,Pr,41,Online,Pix
P4131,Calça Feminina,166.49,98.57,67.92,Nf279112,Fyovpc@Email.Com,2025-02-15,2025-02-15,Pb,40,Online,Pix
P4132,Calça Masculina,206.22,147.27,58.95,Nf232744,Ftoxgm@Email.Com,2025-06-27,2025-06-28,Ce,37,Loja,Dinheiro
P4133,Tênis Masculino,155.47,82.59,72.88,Nf561373,Munupv@Email.Com,2025-04-18,2025-04-21,Pe,38,Online,Boleto
P4134,Camiseta Feminina,81.45,54.76,26.69,Nf179301,Zdkjmo@Email.Com,2026-01-14,2026-01-19,Pb,38,Online,Cartão
P4135,Camiseta Masculina,278.26,208.77,69.49,Nf183480,Doyomw@Email.Com,2025-08-19,2025-08-24,Ce,P,Loja,Boleto
P4136,Calça Feminina,234.63,120.38,114.25,Nf368156,Jmbulz@Email.Com,2025-07-10,2025-07-13,Pb,38,Online,Pix
P4137,Calça Masculina,183.9,102.63,81.27,Nf440528,Fuqtxl@Email.Com,2025-07-16,2025-07-16,Sc,37,Online,Pix
P4138,Calça Masculina,89.19,54.91,34.28,Nf724805,Mhisjq@Email.Com,2026-03-27,2026-03-28,Ce,42,Loja,Cartão
P4139,Camiseta Feminina,173.54,99.37,74.17,Nf229957,Wpgjzu@Email.Com,2026-01-17,2026-01-20,Rj,37,Online,Pix
P4140,Tênis Feminino,201.35,114.42,86.93,Nf978087,Yavsca@Email.Com,2025-04-21,2025-04-22,Pe,38,Online,Cartão
P4141,Calça Feminina,290.06,188.45,101.61,Nf287530,Lzsodp@Email.Com,2025-09-02,2025-09-06,Pb,36,Online,Dinheiro
P4142,Camiseta Masculina,346.26,285.49,60.77,Nf211198,Lifisu@Email.Com,2025-04-23,2025-04-26,Ce,40,Loja,Dinheiro
P4143,Calça Masculina,76.82,61.58,15.24,Nf616749,Vkqjwe@Email.Com,2025-11-02,2025-11-02,Rj,M,Online,Pix
P4144,Calça Feminina,83.62,63.2,20.42,Nf402325,Sbdglo@Email.Com,2026-04-14,2026-04-15,Sp,39,Loja,Cartão
P4145,Camiseta Masculina,194.33,124.22,70.11,Nf696938,Znaokv@Email.Com,2025-12-05,2025-12-06,Sp,39,Loja,Cartão
P4146,Tênis Feminino,161.69,121.11,40.58,Nf422974,Hytkdt@Email.Com,2026-04-16,2026-04-20,Ce,36,Loja,Boleto
P4147,Tênis Masculino,157.13,79.68,77.45,Nf228053,Eenymn@Email.Com,2025-06-12,2025-06-16,Ba,41,Online,Cartão
P4148,Camiseta Masculina,189.09,150.72,38.37,Nf507231,Vekoqq@Email.Com,2025-08-13,2025-08-18,Ba,42,Online,Boleto
P4149,Tênis Feminino,358.38,244.99,113.39,Nf572255,Gmirvs@Email.Com,2025-05-30,2025-06-03,Rs,P,Loja,Cartão
P4150,Camiseta Feminina,335.5,178.98,156.52,Nf278150,Cqgknr@Email.Com,2025-02-03,2025-02-03,Rj,39,Loja,Pix
P4151,Camiseta Masculina,172.75,115.11,57.64,Nf738028,Ksajcr@Email.Com,2025-08-30,2025-09-02,Pe,37,Loja,Dinheiro
P4152,Tênis Feminino,318.53,182.27,136.26,Nf864749,Zzuaqi@Email.Com,2026-04-13,2026-04-15,Pb,P,Online,Cartão
P4153,Camiseta Feminina,486.66,295.44,191.22,Nf419969,Sqktqr@Email.Com,2026-01-01,2026-01-05,Rj,37,Online,Cartão
P4154,Calça Masculina,74.49,50.98,23.51,Nf975626,Bvvtst@Email.Com,2025-12-19,2025-12-20,Sp,40,Loja,Cartão
P4155,Tênis Masculino,354.79,243.49,111.3,Nf620849,Snzjph@Email.Com,2025-11-07,2025-11-07,Pr,42,Online,Dinheiro
P4156,Tênis Feminino,479.13,242.6,236.53,Nf297955,Iypixy@Email.Com,2025-02-25,2025-03-02,Pb,39,Loja,Dinheiro
P4157,Tênis Masculino,326.07,209.62,116.45,Nf733457,Yhydjt@Email.Com,2025-01-26,2025-01-29,Ce,G,Online,Cartão
P4158,Camiseta Feminina,261.34,141.65,119.69,Nf963540,Iapskz@Email.Com,2025-11-20,2025-11-23,Rj,41,Online,Pix
P4159,Tênis Feminino,216.65,178.91,37.74,Nf528811,Amgtju@Email.Com,2025-02-13,2025-02-16,Sp,37,Online,Pix
P4160,Camiseta Feminina,150.54,102.51,48.03,Nf255029,Ydcfaq@Email.Com,2026-01-30,2026-01-30,Sp,41,Loja,Boleto
P4161,Camiseta Feminina,174.32,137.22,37.1,Nf892189,Lhcopb@Email.Com,2025-11-03,2025-11-04,Ba,40,Loja,Cartão
P4162,Calça Masculina,171.81,94.95,76.86,Nf179680,Hnvapm@Email.Com,2026-03-13,2026-03-17,Sp,40,Online,Boleto
P4163,Tênis Masculino,201.39,141.32,60.07,Nf284139,Uelhhr@Email.Com,2025-01-13,2025-01-17,Rj,36,Online,Pix
P4164,Tênis Feminino,167.68,113.25,54.43,Nf431409,Ihqlkd@Email.Com,2025-07-07,2025-07-11,Mg,P,Loja,Dinheiro
P4165,Camiseta Feminina,334.77,211.1,123.67,Nf525380,Msatsv@Email.Com,2025-09-11,2025-09-16,Pb,39,Loja,Pix
P4166,Calça Masculina,237.09,179.27,57.82,Nf107027,Tgambc@Email.Com,2026-03-17,2026-03-22,Ba,G,Loja,Dinheiro
P4167,Tênis Feminino,400.67,259.26,141.41,Nf107948,Afepdv@Email.Com,2025-02-23,2025-02-23,Sc,41,Loja,Dinheiro
P4168,Camiseta Feminina,331.23,197.56,133.67,Nf171137,Qcgzks@Email.Com,2026-03-10,2026-03-14,Rj,G,Online,Cartão
P4169,Calça Feminina,118.04,86.42,31.62,Nf776958,Afrhvi@Email.Com,2025-05-17,2025-05-18,Sc,42,Online,Pix
P4170,Camiseta Feminina,309.18,199.35,109.83,Nf197509,Frudrk@Email.Com,2025-04-24,2025-04-24,Pb,G,Online,Boleto
P4171,Camiseta Masculina,365.59,203.9,161.69,Nf721039,Polgox@Email.Com,2025-12-25,2025-12-26,Sp,41,Loja,Pix
P4172,Calça Feminina,210.68,154.85,55.83,Nf192378,Ykrcmu@Email.Com,2025-02-07,2025-02-07,Rs,38,Loja,Dinheiro
P4173,Camiseta Masculina,326.89,251.68,75.21,Nf411356,Eahzop@Email.Com,2025-12-20,2025-12-22,Ce,P,Online,Boleto
P4174,Camiseta Masculina,129.86,92.71,37.15,Nf627104,Rpovez@Email.Com,2025-04-24,2025-04-29,Rs,M,Online,Boleto
P4175,Tênis Masculino,384.34,203.91,180.43,Nf355020,Rnmzbe@Email.Com,2025-06-10,2025-06-15,Pe,39,Online,Pix
P4176,Camiseta Feminina,278.94,147.29,131.65,Nf214709,Bkqryz@Email.Com,2025-01-05,2025-01-10,Sp,42,Loja,Pix
P4177,Calça Feminina,459.86,255.3,204.56,Nf471908,Pcfiub@Email.Com,2025-10-17,2025-10-20,Sp,41,Online,Cartão
P4178,Calça Masculina,87.43,50.07,37.36,Nf181546,Swlrbo@Email.Com,2025-09-22,2025-09-27,Rs,39,Loja,Cartão
P4179,Tênis Feminino,296.72,204.81,91.91,Nf289995,Rnoiet@Email.Com,2026-02-23,2026-02-28,Pr,36,Loja,Pix
P4180,Calça Masculina,405.18,214.61,190.57,Nf476700,Cpaqcp@Email.Com,2025-12-29,2026-01-02,Sc,39,Loja,Pix
P4181,Calça Feminina,115.31,69.22,46.09,Nf979138,Epleqg@Email.Com,2025-04-15,2025-04-20,Ba,41,Loja,Boleto
P4182,Camiseta Masculina,522.71,294.67,228.04,Nf569731,Pcxtim@Email.Com,2025-03-26,2025-03-31,Sp,40,Online,Boleto
P4183,Calça Masculina,112.89,61.53,51.36,Nf110638,Gefgoo@Email.Com,2025-06-06,2025-06-08,Rj,41,Online,Boleto
P4184,Calça Masculina,358.42,188.52,169.9,Nf983316,Ydclrr@Email.Com,2025-08-23,2025-08-25,Mg,40,Loja,Pix
P4185,Camiseta Feminina,209.71,142.43,67.28,Nf952828,Tfaebd@Email.Com,2025-06-19,2025-06-20,Ba,40,Loja,Cartão
P4186,Calça Feminina,177.04,144.48,32.56,Nf939731,Vugoqv@Email.Com,2025-03-03,2025-03-04,Pe,36,Online,Boleto
P4187,Camiseta Masculina,104.02,58.16,45.86,Nf719528,Ysuoat@Email.Com,2025-08-07,2025-08-08,Sp,38,Online,Cartão
P4188,Calça Feminina,212.25,156.67,55.58,Nf444256,Hsvnws@Email.Com,2026-01-11,2026-01-16,Rs,40,Loja,Dinheiro
P4189,Calça Feminina,159.02,107.91,51.11,Nf406057,Neaxbu@Email.Com,2025-05-22,2025-05-23,Sc,42,Online,Cartão
P4190,Calça Masculina,107.67,57.39,50.28,Nf259990,Tsfxev@Email.Com,2025-01-31,2025-01-31,Sp,39,Online,Boleto
P4191,Calça Feminina,173.81,89.54,84.27,Nf154024,Woprwz@Email.Com,2025-04-18,2025-04-20,Rj,P,Online,Cartão
P4192,Calça Masculina,87.22,72.04,15.18,Nf670579,Cmnggl@Email.Com,2025-05-19,2025-05-22,Sc,38,Online,Pix
P4193,Camiseta Feminina,444.78,274.22,170.56,Nf189910,Qwotyp@Email.Com,2026-01-17,2026-01-21,Mg,M,Online,Boleto
P4194,Calça Masculina,306.45,189.56,116.89,Nf809866,Ubswpc@Email.Com,2025-03-23,2025-03-23,Ba,G,Online,Cartão
P4195,Tênis Feminino,343.07,186.11,156.96,Nf652392,Jpdpip@Email.Com,2026-02-14,2026-02-15,Pe,36,Loja,Pix
P4196,Tênis Feminino,119.31,60.49,58.82,Nf892560,Sjswms@Email.Com,2025-09-18,2025-09-20,Ba,39,Loja,Dinheiro
P4197,Tênis Masculino,97.96,59.54,38.42,Nf645128,Bdpydb@Email.Com,2026-04-06,2026-04-10,Pb,39,Online,Dinheiro
P4198,Camiseta Feminina,248.92,206.86,42.06,Nf416435,Rvwqfh@Email.Com,2025-05-20,2025-05-25,Mg,M,Online,Cartão
P4199,Tênis Feminino,388.55,279.16,109.39,Nf233483,Rpxxme@Email.Com,2025-01-03,2025-01-06,Rj,M,Loja,Pix
P4200,Calça Feminina,168.19,100.91,67.28,Nf894135,Yzfxhz@Email.Com,2025-11-23,2025-11-23,Rj,36,Online,Boleto
P4201,Tênis Masculino,182.78,148.41,34.37,Nf838241,Xtbgyj@Email.Com,2025-05-29,2025-05-31,Pr,42,Online,Boleto
P4202,Calça Feminina,144.7,92.05,52.65,Nf781221,Nxkwdf@Email.Com,2025-03-19,2025-03-21,Pr,M,Loja,Dinheiro
P4203,Tênis Masculino,85.38,56.13,29.25,Nf263996,Unollc@Email.Com,2025-06-18,2025-06-22,Pr,P,Online,Dinheiro
P4204,Camiseta Masculina,383.75,230.87,152.88,Nf421335,Lpwuhy@Email.Com,2025-04-19,2025-04-19,Pr,P,Online,Boleto
P4205,Tênis Feminino,169.44,110.17,59.27,Nf178774,Rvgbzo@Email.Com,2025-10-12,2025-10-16,Ce,38,Loja,Pix
P4206,Tênis Feminino,391.47,251.38,140.09,Nf706234,Tsmjma@Email.Com,2026-04-08,2026-04-09,Pr,P,Loja,Dinheiro
P4207,Camiseta Masculina,399.62,298.52,101.1,Nf976262,Zdavja@Email.Com,2025-02-15,2025-02-16,Pb,36,Online,Dinheiro
P4208,Calça Masculina,382.48,198.71,183.77,Nf932638,Hhxxfq@Email.Com,2025-06-15,2025-06-17,Rs,37,Loja,Dinheiro
P4209,Camiseta Feminina,310.13,166.07,144.06,Nf279337,Yirrbb@Email.Com,2025-07-28,2025-08-01,Ba,P,Online,Dinheiro
P4210,Tênis Feminino,152.59,111.03,41.56,Nf889481,Iyglrj@Email.Com,2025-12-11,2025-12-14,Ce,38,Loja,Pix
P4211,Camiseta Masculina,319.37,211.75,107.62,Nf608874,Tittiv@Email.Com,2025-01-28,2025-01-29,Sp,42,Loja,Boleto
P4212,Calça Feminina,116.84,84.29,32.55,Nf730407,Ydieli@Email.Com,2026-01-13,2026-01-14,Pb,37,Loja,Cartão
P4213,Camiseta Feminina,231.81,130.62,101.19,Nf358969,Qhvdov@Email.Com,2025-03-11,2025-03-13,Pr,P,Loja,Boleto
P4214,Calça Masculina,122.14,72.39,49.75,Nf592136,Egdifa@Email.Com,2025-12-31,2026-01-02,Rs,41,Loja,Pix
P4215,Calça Masculina,251.72,177.88,73.84,Nf897125,Koceja@Email.Com,2026-01-31,2026-02-03,Pe,42,Loja,Boleto
P4216,Camiseta Masculina,98.27,63.22,35.05,Nf415822,Ytcuvd@Email.Com,2025-07-16,2025-07-21,Rj,M,Online,Dinheiro
P4217,Camiseta Feminina,277.81,163.26,114.55,Nf134867,Tidcvv@Email.Com,2025-11-20,2025-11-25,Ce,M,Loja,Boleto
P4218,Camiseta Masculina,323.49,210.35,113.14,Nf299984,Etuyzd@Email.Com,2025-10-01,2025-10-01,Pb,39,Loja,Pix
P4219,Camiseta Masculina,121.65,71.95,49.7,Nf638149,Wdahqt@Email.Com,2025-04-08,2025-04-12,Pe,40,Loja,Boleto
P4220,Camiseta Feminina,542.76,282.44,260.32,Nf184604,Rztzpy@Email.Com,2025-07-04,2025-07-05,Pe,39,Loja,Boleto
P4221,Calça Feminina,302.29,179.99,122.3,Nf483078,Hksqto@Email.Com,2025-09-29,2025-10-03,Ba,M,Online,Boleto
P4222,Tênis Masculino,84.39,61.08,23.31,Nf954007,Ncimzm@Email.Com,2025-05-25,2025-05-29,Mg,41,Loja,Boleto
P4223,Calça Masculina,388.96,283.93,105.03,Nf778969,Ksrpaf@Email.Com,2025-12-15,2025-12-17,Ba,41,Online,Boleto
P4224,Calça Masculina,133.69,77.05,56.64,Nf625327,Vgvtxb@Email.Com,2025-06-14,2025-06-19,Pb,39,Loja,Dinheiro
P4225,Calça Masculina,221.69,124.63,97.06,Nf614381,Dyvedc@Email.Com,2025-01-06,2025-01-09,Rs,39,Online,Boleto
P4226,Camiseta Masculina,125.78,103.19,22.59,Nf468906,Jmspfc@Email.Com,2025-01-27,2025-01-28,Sc,38,Online,Dinheiro
P4227,Tênis Masculino,237.14,125.21,111.93,Nf345420,Aovpke@Email.Com,2025-12-21,2025-12-23,Sc,42,Loja,Boleto
P4228,Calça Masculina,272.15,144.02,128.13,Nf666246,Onmxov@Email.Com,2025-08-12,2025-08-17,Pe,42,Loja,Dinheiro
P4229,Calça Masculina,309.73,168.35,141.38,Nf233331,Mcawjm@Email.Com,2025-09-06,2025-09-11,Pe,37,Loja,Pix
P4230,Tênis Masculino,227.94,121.33,106.61,Nf932179,Cptsym@Email.Com,2025-08-01,2025-08-03,Mg,40,Online,Boleto
P4231,Calça Masculina,226.27,116.94,109.33,Nf806179,Yxfidj@Email.Com,2025-11-08,2025-11-09,Ce,G,Online,Dinheiro
P4232,Calça Masculina,84.08,69.17,14.91,Nf131514,Ezxvzn@Email.Com,2025-04-08,2025-04-13,Ba,37,Online,Cartão
P4233,Tênis Feminino,206.24,114.54,91.7,Nf936115,Stdcpu@Email.Com,2025-12-07,2025-12-09,Sp,39,Loja,Boleto
P4234,Camiseta Feminina,78.22,54.66,23.56,Nf934475,Yxiizn@Email.Com,2025-12-31,2025-12-31,Pe,40,Loja,Pix
P4235,Camiseta Feminina,281.45,153.28,128.17,Nf342006,Emtwwv@Email.Com,2025-12-17,2025-12-17,Pb,G,Loja,Cartão
P4236,Camiseta Masculina,268.97,139.79,129.18,Nf306568,Yyxffm@Email.Com,2025-02-28,2025-03-02,Sp,40,Loja,Dinheiro
P4237,Calça Feminina,148.41,102.53,45.88,Nf904542,Bkyogf@Email.Com,2026-02-11,2026-02-12,Ba,37,Loja,Boleto
P4238,Camiseta Feminina,335.24,171.84,163.4,Nf511094,Djfzzi@Email.Com,2026-02-19,2026-02-23,Pb,38,Online,Pix
P4239,Camiseta Masculina,447.31,284.05,163.26,Nf562083,Bjfghd@Email.Com,2025-02-10,2025-02-13,Ce,P,Online,Boleto
P4240,Tênis Masculino,434.46,243.04,191.42,Nf195961,Zfcukx@Email.Com,2025-03-03,2025-03-06,Ba,G,Loja,Pix
P4241,Tênis Masculino,417.15,209.45,207.7,Nf346915,Hwcudv@Email.Com,2026-02-20,2026-02-25,Pr,41,Loja,Boleto
P4242,Calça Feminina,281.61,221.86,59.75,Nf567796,Kszwel@Email.Com,2025-12-30,2026-01-02,Rs,P,Loja,Cartão
P4243,Tênis Masculino,95.61,64.25,31.36,Nf807046,Zckdfh@Email.Com,2026-03-20,2026-03-22,Pe,P,Loja,Pix
P4244,Tênis Feminino,315.12,242.88,72.24,Nf653916,Mdlprp@Email.Com,2025-09-21,2025-09-26,Pr,P,Loja,Cartão
P4245,Calça Feminina,291.2,178.7,112.5,Nf612382,Zhzkiq@Email.Com,2025-07-16,2025-07-20,Pr,41,Loja,Dinheiro
P4246,Tênis Masculino,356.96,196.01,160.95,Nf152876,Xwhdyq@Email.Com,2025-07-03,2025-07-04,Rs,36,Loja,Cartão
P4247,Calça Masculina,217.28,131.33,85.95,Nf253573,Dmvzfd@Email.Com,2025-05-08,2025-05-12,Sc,37,Online,Dinheiro
P4248,Calça Masculina,316.13,219.65,96.48,Nf186785,Lamenx@Email.Com,2026-03-11,2026-03-14,Sp,41,Online,Boleto
P4249,Camiseta Feminina,408.78,247.12,161.66,Nf921735,Kzyvok@Email.Com,2025-12-12,2025-12-12,Ba,41,Online,Pix
P4250,Camiseta Masculina,164.36,106.23,58.13,Nf807945,Uvpwzt@Email.Com,2026-03-19,2026-03-21,Pb,39,Online,Pix
P4251,Camiseta Feminina,162.58,89.42,73.16,Nf250734,Vwsmlp@Email.Com,2025-08-14,2025-08-15,Mg,M,Online,Pix
P4252,Tênis Masculino,458.86,242.66,216.2,Nf392571,Igskdd@Email.Com,2025-09-19,2025-09-24,Pe,37,Loja,Cartão
P4253,Tênis Feminino,101.61,64.7,36.91,Nf291601,Ytktcx@Email.Com,2025-03-25,2025-03-30,Ce,42,Loja,Cartão
P4254,Tênis Masculino,122.33,81.04,41.29,Nf959424,Fnnziy@Email.Com,2026-03-10,2026-03-12,Ce,41,Loja,Boleto
P4255,Camiseta Feminina,102.3,64.78,37.52,Nf459433,Uuqawh@Email.Com,2025-07-03,2025-07-05,Ba,38,Online,Boleto
P4256,Calça Masculina,376.27,257.59,118.68,Nf152428,Sdzyoo@Email.Com,2025-08-11,2025-08-16,Mg,41,Online,Boleto
P4257,Camiseta Masculina,124.72,92.13,32.59,Nf439066,Tqcxlz@Email.Com,2025-12-15,2025-12-20,Pr,40,Loja,Dinheiro
P4258,Calça Masculina,205.61,121.56,84.05,Nf840261,Dphanv@Email.Com,2025-11-12,2025-11-17,Ba,G,Loja,Cartão
P4259,Tênis Masculino,401.57,208.99,192.58,Nf492584,Vahmmb@Email.Com,2025-07-04,2025-07-08,Sp,40,Online,Pix
P4260,Camiseta Feminina,494.02,263.78,230.24,Nf209508,Zviipb@Email.Com,2026-04-28,2026-04-29,Pr,36,Online,Dinheiro
P4261,Camiseta Feminina,162.12,97.06,65.06,Nf569508,Qbmdxa@Email.Com,2026-04-07,2026-04-12,Ce,M,Online,Dinheiro
P4262,Camiseta Feminina,375.95,278.56,97.39,Nf242085,Ujwjpl@Email.Com,2025-01-27,2025-01-29,Mg,41,Loja,Cartão
P4263,Calça Feminina,442.39,296.88,145.51,Nf372437,Veiflj@Email.Com,2025-06-20,2025-06-25,Sc,M,Online,Cartão
P4264,Tênis Masculino,283.61,193.58,90.03,Nf202829,Pkbavf@Email.Com,2026-03-23,2026-03-28,Sp,38,Loja,Boleto
P4265,Camiseta Feminina,127.41,67.86,59.55,Nf578546,Uqnvrh@Email.Com,2025-05-24,2025-05-24,Sp,41,Online,Pix
P4266,Tênis Masculino,98.05,54.05,44.0,Nf548591,Jnfezf@Email.Com,2025-11-29,2025-12-01,Ba,40,Online,Boleto
P4267,Tênis Feminino,286.01,193.65,92.36,Nf775918,Dmojba@Email.Com,2026-01-27,2026-01-30,Sc,40,Online,Boleto
P4268,Calça Masculina,385.44,261.34,124.1,Nf803324,Ztwleo@Email.Com,2025-11-14,2025-11-19,Ce,42,Online,Dinheiro
P4269,Tênis Masculino,144.32,116.79,27.53,Nf413594,Pxizli@Email.Com,2026-02-17,2026-02-19,Rs,M,Loja,Pix
P4270,Tênis Feminino,174.99,90.91,84.08,Nf334935,Pajpcr@Email.Com,2025-08-22,2025-08-23,Rs,41,Loja,Cartão
P4271,Camiseta Feminina,352.72,277.31,75.41,Nf959666,Apgqja@Email.Com,2026-02-06,2026-02-11,Sp,39,Online,Boleto
P4272,Tênis Feminino,102.95,64.9,38.05,Nf687372,Mwulil@Email.Com,2025-07-11,2025-07-13,Rs,P,Loja,Cartão
P4273,Tênis Masculino,206.31,163.49,42.82,Nf456157,Qmhkga@Email.Com,2025-09-07,2025-09-12,Mg,42,Loja,Cartão
P4274,Camiseta Feminina,385.46,204.54,180.92,Nf768371,Cetdek@Email.Com,2025-09-17,2025-09-17,Sc,G,Online,Boleto
P4275,Calça Feminina,340.63,258.88,81.75,Nf560698,Zumfzs@Email.Com,2025-04-25,2025-04-25,Rj,36,Online,Boleto
P4276,Calça Feminina,274.32,225.47,48.85,Nf291031,Jhcrlg@Email.Com,2026-01-21,2026-01-23,Mg,41,Online,Boleto
P4277,Camiseta Masculina,390.63,211.13,179.5,Nf763146,Qegmeu@Email.Com,2025-05-20,2025-05-22,Pe,40,Online,Dinheiro
P4278,Camiseta Feminina,259.43,183.34,76.09,Nf511740,Biiclg@Email.Com,2025-12-04,2025-12-08,Sc,42,Online,Boleto
P4279,Camiseta Feminina,196.74,162.85,33.89,Nf862558,Lpbpox@Email.Com,2026-01-10,2026-01-10,Ce,38,Online,Boleto
P4280,Tênis Feminino,146.46,73.53,72.93,Nf538387,Icghen@Email.Com,2026-02-10,2026-02-14,Pe,36,Loja,Pix
P4281,Tênis Feminino,403.9,298.24,105.66,Nf221469,Urpmww@Email.Com,2026-02-28,2026-03-04,Ce,39,Loja,Boleto
P4282,Camiseta Feminina,347.11,254.88,92.23,Nf106671,Kjkhoi@Email.Com,2025-08-20,2025-08-22,Pb,38,Online,Boleto
P4283,Camiseta Feminina,392.08,273.81,118.27,Nf218389,Ichkzv@Email.Com,2025-01-27,2025-01-30,Rj,42,Loja,Dinheiro
P4284,Tênis Feminino,424.58,261.83,162.75,Nf226230,Batgss@Email.Com,2025-11-24,2025-11-28,Rj,38,Loja,Dinheiro
P4285,Calça Feminina,237.61,148.71,88.9,Nf903462,Sephgr@Email.Com,2025-02-08,2025-02-11,Rs,39,Online,Boleto
P4286,Tênis Feminino,102.72,64.21,38.51,Nf754042,Rsiirt@Email.Com,2025-06-23,2025-06-25,Pe,42,Online,Pix
P4287,Camiseta Masculina,377.82,222.57,155.25,Nf507224,Qgtgfr@Email.Com,2025-06-03,2025-06-06,Pe,36,Loja,Boleto
P4288,Calça Masculina,293.6,237.02,56.58,Nf793789,Xkpxcg@Email.Com,2026-02-12,2026-02-12,Rs,P,Online,Dinheiro
P4289,Calça Masculina,453.88,295.77,158.11,Nf351065,Vhhqiv@Email.Com,2025-05-23,2025-05-26,Sc,42,Online,Cartão
P4290,Camiseta Masculina,227.41,188.56,38.85,Nf394157,Bvyqid@Email.Com,2026-04-09,2026-04-14,Sp,42,Online,Cartão
P4291,Tênis Masculino,87.58,69.23,18.35,Nf703078,Ydvvyg@Email.Com,2025-12-13,2025-12-13,Sc,36,Online,Cartão
P4292,Calça Masculina,372.92,286.9,86.02,Nf140866,Pefcaj@Email.Com,2026-01-12,2026-01-12,Pb,39,Loja,Cartão
P4293,Calça Masculina,264.12,156.94,107.18,Nf868838,Hdvjua@Email.Com,2025-03-19,2025-03-19,Pb,M,Loja,Boleto
P4294,Tênis Masculino,279.23,230.28,48.95,Nf805931,Xoymlj@Email.Com,2026-01-11,2026-01-15,Sp,36,Online,Pix
P4295,Calça Masculina,349.99,205.25,144.74,Nf761294,Peghce@Email.Com,2025-04-26,2025-04-26,Rs,37,Online,Dinheiro
P4296,Camiseta Feminina,287.63,148.04,139.59,Nf976581,Maumfv@Email.Com,2025-06-23,2025-06-24,Sc,39,Loja,Boleto
P4297,Camiseta Feminina,350.85,190.14,160.71,Nf648728,Rtjbxy@Email.Com,2025-06-25,2025-06-28,Mg,G,Loja,Pix
P4298,Camiseta Feminina,194.63,99.31,95.32,Nf666021,Yypwdm@Email.Com,2025-12-08,2025-12-12,Ce,36,Loja,Pix
P4299,Tênis Feminino,131.86,70.07,61.79,Nf527962,Mvyzcp@Email.Com,2025-01-14,2025-01-19,Rs,40,Online,Boleto
P4300,Camiseta Masculina,192.7,120.47,72.23,Nf306964,Qvnjzp@Email.Com,2026-04-28,2026-04-30,Ba,37,Online,Dinheiro
P4301,Camiseta Masculina,155.09,120.69,34.4,Nf527829,Rdyawx@Email.Com,2026-03-14,2026-03-14,Rs,G,Loja,Dinheiro
P4302,Tênis Feminino,235.01,121.59,113.42,Nf266382,Tgwqrh@Email.Com,2025-01-02,2025-01-04,Sc,G,Loja,Cartão
P4303,Tênis Masculino,139.78,75.08,64.7,Nf785627,Zkwmex@Email.Com,2025-09-02,2025-09-07,Rs,P,Online,Cartão
P4304,Tênis Masculino,414.94,266.77,148.17,Nf578778,Dvlwim@Email.Com,2025-05-11,2025-05-15,Rs,G,Loja,Dinheiro
P4305,Calça Feminina,381.14,221.05,160.09,Nf804307,Ltesev@Email.Com,2025-11-21,2025-11-24,Sp,42,Loja,Dinheiro
P4306,Tênis Masculino,435.11,283.76,151.35,Nf488797,Nburlj@Email.Com,2025-03-22,2025-03-22,Sc,M,Online,Boleto
P4307,Calça Feminina,259.47,196.16,63.31,Nf436980,Hzgcnf@Email.Com,2025-09-15,2025-09-16,Sc,P,Online,Cartão
P4308,Camiseta Feminina,204.15,124.49,79.66,Nf648575,Pceusr@Email.Com,2025-02-17,2025-02-20,Sc,42,Online,Pix
P4309,Tênis Feminino,387.22,193.86,193.36,Nf334251,Pbxccp@Email.Com,2025-04-21,2025-04-21,Pb,39,Online,Dinheiro
P4310,Tênis Masculino,486.41,296.79,189.62,Nf280615,Xzhjhs@Email.Com,2025-09-04,2025-09-09,Sp,42,Loja,Cartão
P4311,Calça Feminina,429.78,240.67,189.11,Nf271372,Iufpxu@Email.Com,2025-02-28,2025-03-01,Ba,37,Loja,Boleto
P4312,Calça Masculina,302.05,215.11,86.94,Nf851875,Tsxjvm@Email.Com,2025-11-16,2025-11-16,Pe,42,Online,Boleto
P4313,Camiseta Feminina,297.24,170.15,127.09,Nf751642,Gmtgux@Email.Com,2026-02-14,2026-02-15,Pr,40,Online,Boleto
P4314,Camiseta Feminina,141.0,85.25,55.75,Nf452339,Mujqmr@Email.Com,2025-08-31,2025-08-31,Mg,40,Loja,Dinheiro
P4315,Camiseta Feminina,451.22,245.72,205.5,Nf228617,Llsgdh@Email.Com,2025-06-08,2025-06-09,Pb,P,Loja,Boleto
P4316,Camiseta Feminina,286.53,193.85,92.68,Nf734918,Rfrlfr@Email.Com,2025-07-01,2025-07-01,Pe,39,Loja,Dinheiro
P4317,Tênis Feminino,286.72,164.02,122.7,Nf237670,Ykayrp@Email.Com,2025-12-12,2025-12-13,Pr,41,Online,Pix
P4318,Tênis Masculino,235.44,121.33,114.11,Nf413532,Yucjsl@Email.Com,2025-07-29,2025-07-29,Ce,P,Online,Boleto
P4319,Camiseta Feminina,307.17,159.39,147.78,Nf263185,Wpptnf@Email.Com,2025-05-29,2025-06-03,Rj,41,Online,Cartão
P4320,Tênis Feminino,311.01,205.97,105.04,Nf926991,Oaklje@Email.Com,2025-01-23,2025-01-28,Rj,37,Loja,Boleto
P4321,Tênis Feminino,471.19,272.37,198.82,Nf135349,Ybjiuv@Email.Com,2025-08-14,2025-08-19,Rj,P,Loja,Dinheiro
P4322,Camiseta Masculina,395.41,236.58,158.83,Nf368372,Ehyeqv@Email.Com,2025-05-22,2025-05-23,Ba,G,Online,Dinheiro
P4323,Tênis Masculino,283.21,179.91,103.3,Nf706048,Xkvbjn@Email.Com,2025-03-13,2025-03-15,Pr,42,Online,Pix
P4324,Tênis Feminino,391.17,224.56,166.61,Nf514309,Pxhldr@Email.Com,2025-09-19,2025-09-21,Rs,M,Loja,Dinheiro
P4325,Tênis Feminino,555.2,286.75,268.45,Nf322204,Qntrxv@Email.Com,2025-11-20,2025-11-22,Pe,37,Loja,Boleto
P4326,Tênis Feminino,302.22,249.78,52.44,Nf978339,Xnkjdy@Email.Com,2025-12-10,2025-12-13,Ce,38,Online,Boleto
P4327,Camiseta Feminina,167.72,99.33,68.39,Nf838776,Jsplxo@Email.Com,2025-11-30,2025-12-03,Rs,P,Online,Boleto
P4328,Tênis Feminino,526.5,267.29,259.21,Nf244658,Ofyidv@Email.Com,2026-01-17,2026-01-22,Ce,42,Online,Dinheiro
P4329,Camiseta Feminina,439.99,297.22,142.77,Nf937592,Yetmhb@Email.Com,2026-02-12,2026-02-15,Sc,P,Online,Dinheiro
P4330,Tênis Feminino,196.47,111.47,85.0,Nf513729,Apewkh@Email.Com,2025-03-28,2025-03-30,Rs,M,Loja,Boleto
P4331,Camiseta Feminina,358.33,218.22,140.11,Nf466605,Zyqdiu@Email.Com,2026-03-29,2026-04-01,Rs,39,Online,Cartão
P4332,Tênis Feminino,136.94,81.77,55.17,Nf838252,Yymffp@Email.Com,2025-05-28,2025-05-30,Pr,37,Online,Pix
P4333,Calça Feminina,196.87,105.35,91.52,Nf155495,Lsaipb@Email.Com,2025-12-02,2025-12-03,Rj,41,Online,Dinheiro
P4334,Calça Masculina,289.98,172.74,117.24,Nf778450,Rmiorg@Email.Com,2025-09-29,2025-10-03,Pr,42,Online,Pix
P4335,Camiseta Feminina,374.06,238.08,135.98,Nf206527,Gshlzy@Email.Com,2026-03-12,2026-03-12,Pr,36,Online,Pix
P4336,Calça Feminina,375.4,243.3,132.1,Nf192603,Oqcbyz@Email.Com,2025-08-10,2025-08-10,Pe,37,Loja,Pix
P4337,Calça Feminina,320.78,212.07,108.71,Nf423084,Qayzzb@Email.Com,2025-03-19,2025-03-20,Rs,40,Online,Boleto
P4338,Calça Masculina,424.27,229.92,194.35,Nf804413,Sublbe@Email.Com,2025-12-04,2025-12-05,Sp,39,Online,Pix
P4339,Camiseta Feminina,332.4,194.55,137.85,Nf556383,Wewqxl@Email.Com,2025-08-07,2025-08-09,Mg,37,Loja,Boleto
P4340,Tênis Feminino,177.44,122.15,55.29,Nf350292,Qdmhom@Email.Com,2026-01-15,2026-01-16,Ba,40,Online,Dinheiro
P4341,Calça Masculina,367.18,228.43,138.75,Nf697729,Xcvorg@Email.Com,2026-04-10,2026-04-14,Pb,37,Online,Cartão
P4342,Camiseta Feminina,418.59,254.77,163.82,Nf492975,Suxjio@Email.Com,2026-02-02,2026-02-06,Sp,M,Loja,Boleto
P4343,Calça Feminina,121.61,92.05,29.56,Nf988702,Hxsomp@Email.Com,2025-04-13,2025-04-18,Pr,40,Loja,Dinheiro
P4344,Camiseta Masculina,477.22,270.96,206.26,Nf491501,Ytmahv@Email.Com,2025-08-01,2025-08-02,Sp,36,Loja,Dinheiro
P4345,Calça Masculina,282.55,199.14,83.41,Nf121589,Xvzyhq@Email.Com,2025-10-14,2025-10-14,Pe,P,Loja,Boleto
P4346,Tênis Feminino,349.2,266.75,82.45,Nf290533,Qjknmf@Email.Com,2025-12-28,2026-01-02,Ce,38,Loja,Pix
P4347,Camiseta Feminina,399.52,250.1,149.42,Nf232955,Nkscfi@Email.Com,2025-08-07,2025-08-12,Sc,M,Online,Cartão
P4348,Tênis Masculino,151.04,93.38,57.66,Nf292897,Obinrv@Email.Com,2025-04-05,2025-04-10,Sp,M,Online,Cartão
P4349,Calça Feminina,236.84,173.93,62.91,Nf628661,Scvtoh@Email.Com,2025-08-29,2025-09-02,Sp,41,Loja,Pix
P4350,Tênis Feminino,118.3,97.48,20.82,Nf832663,Jobjox@Email.Com,2025-12-19,2025-12-22,Mg,36,Loja,Boleto
P4351,Calça Feminina,255.35,204.21,51.14,Nf884060,Aphicj@Email.Com,2025-12-13,2025-12-13,Ba,M,Online,Cartão
P4352,Calça Feminina,305.63,217.22,88.41,Nf404599,Eyibhq@Email.Com,2025-02-28,2025-03-03,Pb,M,Loja,Cartão
P4353,Tênis Feminino,353.35,220.58,132.77,Nf757488,Wxlrcm@Email.Com,2025-04-29,2025-05-01,Pb,38,Loja,Boleto
P4354,Tênis Masculino,539.88,273.78,266.1,Nf576544,Cpigib@Email.Com,2025-08-31,2025-08-31,Mg,40,Online,Pix
P4355,Calça Feminina,227.2,135.28,91.92,Nf719568,Qcrbua@Email.Com,2026-02-24,2026-03-01,Rj,41,Loja,Boleto
P4356,Tênis Masculino,214.89,166.89,48.0,Nf812331,Iccuhy@Email.Com,2025-10-16,2025-10-21,Mg,38,Online,Pix
P4357,Tênis Feminino,143.98,77.58,66.4,Nf864290,Njrqkw@Email.Com,2025-10-31,2025-11-03,Rs,G,Loja,Dinheiro
P4358,Camiseta Feminina,247.55,196.03,51.52,Nf660398,Ijxukr@Email.Com,2026-04-05,2026-04-06,Sp,38,Online,Dinheiro
P4359,Calça Masculina,323.76,198.12,125.64,Nf360734,Ctazhk@Email.Com,2025-05-28,2025-05-31,Mg,39,Loja,Boleto
P4360,Camiseta Feminina,259.9,178.81,81.09,Nf336013,Bhrmen@Email.Com,2025-08-24,2025-08-28,Mg,P,Online,Boleto
P4361,Tênis Feminino,119.29,92.12,27.17,Nf372302,Nbfiwu@Email.Com,2025-01-26,2025-01-27,Pr,39,Loja,Boleto
P4362,Tênis Masculino,182.1,98.85,83.25,Nf393141,Efzpul@Email.Com,2025-05-18,2025-05-22,Sp,41,Loja,Pix
P4363,Tênis Feminino,246.76,154.26,92.5,Nf594503,Jhnytd@Email.Com,2025-10-02,2025-10-04,Mg,37,Loja,Dinheiro
P4364,Calça Masculina,337.89,252.32,85.57,Nf377456,Clyrgw@Email.Com,2025-08-24,2025-08-29,Rj,39,Loja,Dinheiro
P4365,Tênis Masculino,196.55,115.42,81.13,Nf522738,Uehdbq@Email.Com,2025-08-05,2025-08-10,Rs,P,Online,Pix
P4366,Calça Feminina,141.29,101.81,39.48,Nf619933,Sxrrkk@Email.Com,2025-07-12,2025-07-12,Pe,G,Loja,Dinheiro
P4367,Calça Feminina,78.57,58.37,20.2,Nf520996,Bwmrqm@Email.Com,2025-09-13,2025-09-16,Mg,40,Loja,Cartão
P4368,Camiseta Feminina,443.01,283.99,159.02,Nf546612,Kxbxxm@Email.Com,2025-04-12,2025-04-15,Rj,P,Loja,Cartão
P4369,Camiseta Masculina,361.08,239.61,121.47,Nf340099,Nisbzf@Email.Com,2025-03-08,2025-03-12,Ce,38,Loja,Dinheiro
P4370,Tênis Masculino,491.73,257.0,234.73,Nf142048,Qzwnzm@Email.Com,2025-05-10,2025-05-11,Mg,39,Loja,Pix
P4371,Tênis Feminino,300.7,156.4,144.3,Nf761518,Symxtn@Email.Com,2025-11-19,2025-11-19,Rs,38,Online,Boleto
P4372,Calça Masculina,79.27,52.88,26.39,Nf102280,Fcnltl@Email.Com,2026-04-21,2026-04-22,Ce,41,Loja,Pix
P4373,Calça Feminina,79.5,58.86,20.64,Nf282416,Kmxtyu@Email.Com,2025-07-09,2025-07-14,Pb,G,Loja,Pix
P4374,Tênis Masculino,330.49,171.39,159.1,Nf590434,Hcwexc@Email.Com,2025-08-05,2025-08-08,Sc,36,Online,Dinheiro
P4375,Tênis Feminino,436.99,245.3,191.69,Nf539837,Exfbcw@Email.Com,2025-01-02,2025-01-04,Pe,42,Online,Boleto
P4376,Tênis Masculino,364.77,231.34,133.43,Nf221450,Ljxkpj@Email.Com,2026-03-01,2026-03-03,Sp,39,Online,Cartão
P4377,Tênis Feminino,326.54,230.57,95.97,Nf251567,Tdrxxk@Email.Com,2025-11-23,2025-11-28,Rj,40,Loja,Pix
P4378,Calça Masculina,293.43,173.42,120.01,Nf827570,Ecnfrk@Email.Com,2025-12-28,2025-12-28,Pb,38,Loja,Pix
P4379,Calça Masculina,354.42,258.05,96.37,Nf628166,Zqorfb@Email.Com,2025-02-19,2025-02-20,Ba,40,Loja,Cartão
P4380,Tênis Masculino,189.61,131.81,57.8,Nf176916,Altcpg@Email.Com,2025-11-14,2025-11-14,Ba,P,Online,Dinheiro
P4381,Camiseta Masculina,256.49,212.32,44.17,Nf922180,Hcbzmu@Email.Com,2025-10-08,2025-10-09,Ba,40,Loja,Cartão
P4382,Calça Feminina,143.06,72.19,70.87,Nf158589,Ncqzyw@Email.Com,2025-06-04,2025-06-04,Pe,41,Online,Pix
P4383,Calça Feminina,196.12,111.22,84.9,Nf472252,Xzqkqh@Email.Com,2025-03-15,2025-03-19,Mg,36,Loja,Boleto
P4384,Tênis Feminino,372.51,259.45,113.06,Nf457414,Vdorek@Email.Com,2025-09-09,2025-09-10,Pr,37,Loja,Dinheiro
P4385,Tênis Masculino,301.92,204.15,97.77,Nf392622,Ometbn@Email.Com,2025-09-11,2025-09-14,Mg,38,Loja,Boleto
P4386,Calça Masculina,128.3,82.0,46.3,Nf887535,Zurdnc@Email.Com,2025-01-31,2025-02-02,Sp,M,Online,Pix
P4387,Camiseta Masculina,210.96,164.2,46.76,Nf489034,Xqqysg@Email.Com,2025-05-08,2025-05-11,Sp,M,Online,Boleto
P4388,Tênis Masculino,541.64,293.72,247.92,Nf720678,Vmvgbo@Email.Com,2025-02-02,2025-02-02,Pe,37,Online,Boleto
P4389,Calça Masculina,199.83,149.61,50.22,Nf962739,Agszlg@Email.Com,2025-09-03,2025-09-05,Mg,M,Loja,Dinheiro
P4390,Camiseta Masculina,174.2,139.17,35.03,Nf338237,Ajkuco@Email.Com,2025-09-14,2025-09-15,Pe,40,Loja,Cartão
P4391,Calça Feminina,136.36,80.73,55.63,Nf123425,Nudtfh@Email.Com,2025-09-11,2025-09-14,Rs,36,Loja,Boleto
P4392,Camiseta Masculina,182.5,102.43,80.07,Nf869971,Vslmej@Email.Com,2026-02-13,2026-02-16,Pe,42,Loja,Pix
P4393,Calça Feminina,312.24,189.66,122.58,Nf504831,Fmbnph@Email.Com,2025-04-15,2025-04-16,Sc,G,Online,Cartão
P4394,Tênis Feminino,434.02,229.74,204.28,Nf440695,Cgynam@Email.Com,2026-02-12,2026-02-15,Pr,39,Online,Cartão
P4395,Calça Feminina,117.35,85.12,32.23,Nf524998,Xvtvjg@Email.Com,2025-06-05,2025-06-08,Rj,37,Online,Boleto
P4396,Camiseta Feminina,280.66,228.32,52.34,Nf874085,Xjjswd@Email.Com,2025-01-21,2025-01-23,Rj,36,Online,Pix
P4397,Tênis Feminino,344.52,254.07,90.45,Nf713168,Awveyl@Email.Com,2026-01-16,2026-01-18,Pb,37,Online,Dinheiro
P4398,Camiseta Masculina,446.99,292.48,154.51,Nf638035,Ovhbck@Email.Com,2025-04-15,2025-04-20,Rs,38,Online,Dinheiro
P4399,Calça Feminina,185.41,120.18,65.23,Nf523648,Gtfkcq@Email.Com,2025-10-01,2025-10-02,Rs,40,Online,Cartão
P4400,Calça Feminina,231.33,163.1,68.23,Nf587016,Qrztgs@Email.Com,2025-11-02,2025-11-07,Rj,G,Loja,Cartão
P4401,Camiseta Feminina,254.55,202.98,51.57,Nf660942,Huotlh@Email.Com,2025-07-19,2025-07-19,Rj,38,Online,Boleto
P4402,Camiseta Feminina,324.23,205.98,118.25,Nf587798,Eignma@Email.Com,2025-06-25,2025-06-27,Mg,37,Loja,Boleto
P4403,Tênis Masculino,323.78,267.61,56.17,Nf820655,Gcipqk@Email.Com,2025-09-08,2025-09-13,Pe,G,Online,Cartão
P4404,Camiseta Masculina,179.82,149.32,30.5,Nf964518,Svoabm@Email.Com,2025-01-07,2025-01-11,Rj,41,Loja,Boleto
P4405,Tênis Feminino,179.28,137.28,42.0,Nf903293,Xoecrd@Email.Com,2025-05-28,2025-05-29,Pb,38,Online,Cartão
P4406,Tênis Feminino,172.44,143.62,28.82,Nf792659,Tstvxk@Email.Com,2025-12-06,2025-12-11,Sp,42,Online,Dinheiro
P4407,Camiseta Feminina,147.52,92.61,54.91,Nf677288,Cgrsto@Email.Com,2025-12-09,2025-12-12,Sc,42,Loja,Dinheiro
P4408,Camiseta Masculina,335.17,214.41,120.76,Nf214852,Ymxpce@Email.Com,2025-11-04,2025-11-06,Pe,G,Loja,Pix
P4409,Tênis Feminino,114.49,64.88,49.61,Nf359878,Nnjrmz@Email.Com,2026-03-19,2026-03-19,Ce,M,Loja,Pix
P4410,Camiseta Masculina,225.39,122.75,102.64,Nf638836,Ptdxja@Email.Com,2025-05-03,2025-05-07,Mg,38,Loja,Boleto
P4411,Camiseta Masculina,378.26,296.95,81.31,Nf447815,Jhmwcf@Email.Com,2025-04-08,2025-04-09,Pr,G,Loja,Boleto
P4412,Calça Feminina,296.74,189.27,107.47,Nf843398,Dwbtzl@Email.Com,2025-05-22,2025-05-23,Pb,P,Online,Boleto
P4413,Camiseta Feminina,320.53,173.39,147.14,Nf243484,Gxvdhi@Email.Com,2025-07-24,2025-07-26,Rj,37,Online,Boleto
P4414,Tênis Masculino,449.56,230.95,218.61,Nf674485,Ounrms@Email.Com,2025-10-14,2025-10-14,Rj,38,Loja,Boleto
P4415,Calça Masculina,325.75,165.16,160.59,Nf764410,Mzwvjq@Email.Com,2026-01-21,2026-01-23,Rs,38,Loja,Boleto
P4416,Calça Feminina,514.2,290.5,223.7,Nf858786,Cdbrni@Email.Com,2026-04-23,2026-04-27,Rs,M,Loja,Dinheiro
P4417,Camiseta Masculina,120.55,78.51,42.04,Nf462872,Jxbjgn@Email.Com,2025-07-11,2025-07-12,Ba,41,Online,Dinheiro
P4418,Calça Feminina,274.89,165.83,109.06,Nf718087,Yxtcxu@Email.Com,2026-03-07,2026-03-09,Rj,37,Online,Dinheiro
P4419,Tênis Feminino,461.94,286.26,175.68,Nf691150,Ivhnsx@Email.Com,2025-03-27,2025-04-01,Ce,40,Loja,Boleto
P4420,Tênis Masculino,165.29,99.29,66.0,Nf951992,Motpdb@Email.Com,2025-06-17,2025-06-17,Pe,P,Loja,Boleto
P4421,Camiseta Masculina,99.33,55.29,44.04,Nf283443,Ubvctb@Email.Com,2025-11-24,2025-11-28,Ce,G,Loja,Cartão
P4422,Tênis Masculino,278.27,166.74,111.53,Nf348183,Dngmew@Email.Com,2025-10-21,2025-10-25,Pr,37,Loja,Cartão
P4423,Tênis Masculino,355.44,231.75,123.69,Nf954234,Bvtyed@Email.Com,2025-09-18,2025-09-21,Sc,42,Online,Cartão
P4424,Tênis Feminino,284.05,145.54,138.51,Nf108247,Ppmmyg@Email.Com,2025-12-16,2025-12-21,Ce,36,Loja,Pix
P4425,Camiseta Feminina,361.6,236.8,124.8,Nf807591,Jbepii@Email.Com,2025-02-10,2025-02-12,Pb,38,Loja,Dinheiro
P4426,Camiseta Feminina,258.9,178.29,80.61,Nf238089,Bztsyw@Email.Com,2026-03-21,2026-03-25,Ba,36,Loja,Pix
P4427,Calça Feminina,223.45,124.82,98.63,Nf851529,Xehqeu@Email.Com,2026-01-15,2026-01-17,Pe,G,Loja,Cartão
P4428,Camiseta Feminina,270.48,175.53,94.95,Nf136633,Mkqozg@Email.Com,2026-01-13,2026-01-17,Ce,G,Loja,Cartão
P4429,Tênis Masculino,330.67,196.21,134.46,Nf493879,Ejhlah@Email.Com,2025-06-14,2025-06-17,Mg,M,Online,Dinheiro
P4430,Tênis Feminino,277.06,144.86,132.2,Nf437807,Ewruzg@Email.Com,2025-03-03,2025-03-05,Pr,41,Online,Cartão
P4431,Camiseta Feminina,514.45,282.31,232.14,Nf767165,Mmiqko@Email.Com,2025-07-11,2025-07-16,Sc,40,Loja,Dinheiro
P4432,Calça Feminina,308.55,185.66,122.89,Nf895201,Hhswyq@Email.Com,2025-12-10,2025-12-12,Pb,42,Loja,Boleto
P4433,Camiseta Masculina,92.54,61.82,30.72,Nf874348,Dexrby@Email.Com,2026-01-20,2026-01-22,Pr,M,Loja,Cartão
P4434,Calça Feminina,197.82,99.44,98.38,Nf994504,Fuflgk@Email.Com,2025-05-15,2025-05-17,Rj,42,Loja,Boleto
P4435,Camiseta Masculina,140.1,89.75,50.35,Nf482918,Bvbubf@Email.Com,2025-06-17,2025-06-21,Ce,M,Online,Cartão
P4436,Camiseta Masculina,232.46,132.43,100.03,Nf919283,Jozytm@Email.Com,2026-04-05,2026-04-08,Pe,38,Loja,Dinheiro
P4437,Calça Masculina,274.47,152.89,121.58,Nf177680,Jdagjh@Email.Com,2026-02-18,2026-02-19,Pb,M,Online,Dinheiro
P4438,Calça Masculina,395.18,227.65,167.53,Nf879302,Knwpxa@Email.Com,2025-12-04,2025-12-08,Sc,38,Online,Boleto
P4439,Tênis Masculino,186.04,95.06,90.98,Nf746843,Mlbdes@Email.Com,2025-09-16,2025-09-19,Sc,37,Loja,Boleto
P4440,Tênis Feminino,136.32,69.83,66.49,Nf196887,Crbylh@Email.Com,2025-02-05,2025-02-08,Pb,36,Loja,Boleto
P4441,Camiseta Feminina,228.01,167.23,60.78,Nf389902,Cbqtxh@Email.Com,2025-10-23,2025-10-28,Sp,39,Loja,Dinheiro
P4442,Camiseta Feminina,243.38,137.63,105.75,Nf217052,Qdmfxw@Email.Com,2026-04-06,2026-04-11,Mg,M,Loja,Pix
P4443,Tênis Feminino,182.03,139.54,42.49,Nf727261,Kqaemp@Email.Com,2025-12-01,2025-12-02,Pb,P,Loja,Cartão
P4444,Camiseta Masculina,245.95,156.05,89.9,Nf803643,Jzuntd@Email.Com,2025-01-01,2025-01-02,Rs,38,Loja,Pix
P4445,Calça Masculina,505.95,262.8,243.15,Nf505302,Rwyocs@Email.Com,2026-01-04,2026-01-05,Sc,40,Online,Dinheiro
P4446,Tênis Masculino,140.75,106.6,34.15,Nf725202,Msfnof@Email.Com,2026-01-17,2026-01-22,Mg,38,Online,Dinheiro
P4447,Calça Feminina,428.1,247.18,180.92,Nf358581,Ynjjkv@Email.Com,2025-10-23,2025-10-27,Pe,41,Online,Boleto
P4448,Calça Masculina,121.15,71.94,49.21,Nf716482,Myjtts@Email.Com,2025-07-19,2025-07-19,Mg,39,Loja,Dinheiro
P4449,Tênis Masculino,198.75,125.21,73.54,Nf353895,Lqlmkt@Email.Com,2025-09-29,2025-10-02,Sp,P,Loja,Boleto
P4450,Camiseta Feminina,99.39,79.82,19.57,Nf753909,Sccxds@Email.Com,2025-11-01,2025-11-04,Ce,37,Online,Dinheiro
P4451,Tênis Masculino,175.65,144.59,31.06,Nf107654,Chczhs@Email.Com,2025-07-09,2025-07-14,Rs,M,Online,Cartão
P4452,Tênis Masculino,351.82,203.55,148.27,Nf942038,Fgyeda@Email.Com,2025-07-24,2025-07-24,Mg,41,Loja,Dinheiro
P4453,Tênis Masculino,150.52,94.86,55.66,Nf674654,Haurrc@Email.Com,2025-05-14,2025-05-14,Rs,37,Online,Cartão
P4454,Tênis Masculino,272.94,171.79,101.15,Nf442601,Eknlzj@Email.Com,2026-02-11,2026-02-13,Ba,41,Loja,Cartão
P4455,Tênis Masculino,289.36,179.41,109.95,Nf531570,Fpfyrw@Email.Com,2026-03-19,2026-03-20,Pe,42,Loja,Cartão
P4456,Camiseta Masculina,377.39,189.47,187.92,Nf583531,Idtlvc@Email.Com,2025-03-17,2025-03-17,Sc,37,Loja,Cartão
P4457,Calça Masculina,139.95,92.4,47.55,Nf700452,Kwneez@Email.Com,2025-09-19,2025-09-19,Mg,40,Online,Pix
P4458,Calça Masculina,321.79,192.54,129.25,Nf868641,Vhmliq@Email.Com,2025-05-26,2025-05-26,Rj,40,Loja,Pix
P4459,Calça Masculina,124.77,77.52,47.25,Nf521423,Wuvtzx@Email.Com,2025-02-28,2025-03-03,Sp,40,Online,Boleto
P4460,Calça Masculina,383.01,289.16,93.85,Nf231299,Kzgicb@Email.Com,2025-12-03,2025-12-07,Ce,41,Online,Cartão
P4461,Camiseta Masculina,196.37,122.42,73.95,Nf298364,Fwjxdh@Email.Com,2025-12-14,2025-12-19,Rj,42,Loja,Dinheiro
P4462,Tênis Masculino,143.31,82.63,60.68,Nf210445,Sgauda@Email.Com,2025-06-18,2025-06-22,Mg,38,Online,Dinheiro
P4463,Calça Masculina,158.12,111.91,46.21,Nf822328,Cklhcq@Email.Com,2025-01-27,2025-01-28,Ba,36,Loja,Boleto
P4464,Calça Feminina,547.52,277.05,270.47,Nf353362,Flnjxl@Email.Com,2026-01-31,2026-02-01,Sc,38,Loja,Cartão
P4465,Camiseta Masculina,397.79,272.98,124.81,Nf725899,Ysdbws@Email.Com,2025-06-25,2025-06-28,Ce,36,Loja,Dinheiro
P4466,Camiseta Feminina,355.16,178.39,176.77,Nf228914,Lyeqvy@Email.Com,2025-10-07,2025-10-09,Pr,42,Online,Cartão
P4467,Calça Masculina,244.01,143.76,100.25,Nf417383,Itztda@Email.Com,2025-01-26,2025-01-27,Pr,36,Loja,Cartão
P4468,Calça Feminina,120.17,64.0,56.17,Nf874080,Ibwqgd@Email.Com,2025-05-29,2025-06-01,Sp,G,Online,Boleto
P4469,Tênis Masculino,363.1,290.21,72.89,Nf551193,Cpqhth@Email.Com,2025-08-21,2025-08-22,Ba,41,Online,Pix
P4470,Tênis Masculino,353.46,178.08,175.38,Nf999213,Ofqqul@Email.Com,2025-09-13,2025-09-17,Pe,39,Loja,Dinheiro
P4471,Tênis Feminino,334.86,177.27,157.59,Nf553482,Kzpnmo@Email.Com,2026-01-13,2026-01-14,Pb,40,Online,Pix
P4472,Tênis Masculino,384.97,229.88,155.09,Nf398359,Bkcxbx@Email.Com,2026-03-17,2026-03-22,Rs,G,Online,Dinheiro
P4473,Calça Feminina,398.85,225.91,172.94,Nf730220,Geidsd@Email.Com,2025-02-28,2025-02-28,Ba,39,Online,Boleto
P4474,Camiseta Masculina,382.98,199.17,183.81,Nf181971,Wrfyer@Email.Com,2025-07-21,2025-07-24,Ce,38,Loja,Dinheiro
P4475,Tênis Feminino,362.95,211.71,151.24,Nf843615,Hwrykt@Email.Com,2025-11-11,2025-11-13,Pe,42,Loja,Dinheiro
P4476,Calça Feminina,263.21,144.94,118.27,Nf140984,Dilfse@Email.Com,2026-01-17,2026-01-17,Pr,42,Loja,Cartão
P4477,Camiseta Feminina,164.69,112.28,52.41,Nf196660,Nkkyws@Email.Com,2025-02-17,2025-02-21,Ba,42,Online,Boleto
P4478,Calça Masculina,269.13,213.98,55.15,Nf810067,Bmwjkm@Email.Com,2025-01-10,2025-01-11,Rs,39,Loja,Dinheiro
P4479,Tênis Masculino,64.24,52.59,11.65,Nf640709,Ofcvov@Email.Com,2025-10-16,2025-10-21,Pr,36,Online,Boleto
P4480,Tênis Feminino,268.68,143.16,125.52,Nf906241,Ubmpoo@Email.Com,2026-04-05,2026-04-06,Pe,38,Loja,Cartão
P4481,Camiseta Feminina,281.69,194.07,87.62,Nf312066,Fsdouw@Email.Com,2025-06-14,2025-06-16,Pe,41,Online,Cartão
P4482,Camiseta Feminina,179.35,97.45,81.9,Nf594211,Rkbnid@Email.Com,2025-11-07,2025-11-11,Rs,37,Loja,Dinheiro
P4483,Calça Feminina,334.07,224.72,109.35,Nf193524,Qclxhz@Email.Com,2025-06-08,2025-06-10,Ba,P,Loja,Boleto
P4484,Tênis Masculino,363.05,213.36,149.69,Nf325601,Kclgdu@Email.Com,2025-08-01,2025-08-02,Sp,37,Loja,Pix
P4485,Calça Masculina,500.74,278.12,222.62,Nf545030,Koxhzq@Email.Com,2025-10-13,2025-10-15,Mg,36,Loja,Cartão
P4486,Calça Feminina,421.71,239.69,182.02,Nf406767,Syntkb@Email.Com,2026-02-14,2026-02-15,Sp,38,Online,Dinheiro
P4487,Calça Feminina,327.87,219.57,108.3,Nf695198,Kzczuf@Email.Com,2025-03-12,2025-03-13,Sp,38,Loja,Dinheiro
P4488,Camiseta Feminina,463.64,280.25,183.39,Nf574598,Jmqfka@Email.Com,2025-08-11,2025-08-13,Sp,P,Loja,Dinheiro
P4489,Camiseta Feminina,285.42,222.58,62.84,Nf552909,Tatsrs@Email.Com,2025-07-10,2025-07-11,Ce,G,Online,Boleto
P4490,Tênis Feminino,110.42,79.65,30.77,Nf234052,Eufpoz@Email.Com,2025-02-18,2025-02-18,Sc,37,Online,Dinheiro
P4491,Camiseta Masculina,88.68,73.0,15.68,Nf497847,Gtnbfh@Email.Com,2026-02-03,2026-02-03,Ba,41,Loja,Pix
P4492,Camiseta Masculina,292.92,242.17,50.75,Nf555745,Tsmhkf@Email.Com,2025-05-01,2025-05-06,Sp,M,Online,Dinheiro
P4493,Tênis Masculino,117.73,74.51,43.22,Nf875130,Vdzvla@Email.Com,2025-07-08,2025-07-11,Sc,39,Online,Dinheiro
P4494,Camiseta Masculina,81.06,60.34,20.72,Nf806588,Gfdxim@Email.Com,2025-04-10,2025-04-13,Sp,39,Online,Pix
P4495,Tênis Masculino,141.46,78.02,63.44,Nf190434,Wqzqnc@Email.Com,2025-09-23,2025-09-23,Sc,M,Online,Dinheiro
P4496,Calça Feminina,186.72,125.02,61.7,Nf382335,Vdyaww@Email.Com,2025-04-28,2025-05-01,Ba,M,Loja,Boleto
P4497,Tênis Feminino,128.05,70.81,57.24,Nf979424,Cupyho@Email.Com,2025-05-18,2025-05-18,Mg,37,Loja,Pix
P4498,Calça Feminina,334.24,174.14,160.1,Nf229478,Eacvim@Email.Com,2025-03-12,2025-03-17,Ba,40,Online,Boleto
P4499,Tênis Feminino,363.44,203.75,159.69,Nf192083,Ryttrv@Email.Com,2025-01-05,2025-01-08,Ba,G,Loja,Dinheiro
P4500,Camiseta Masculina,177.29,94.58,82.71,Nf641333,Gobynu@Email.Com,2025-06-22,2025-06-22,Pb,37,Online,Pix
P4501,Tênis Feminino,133.63,80.69,52.94,Nf835557,Vvppqw@Email.Com,2026-01-31,2026-02-01,Mg,39,Loja,Boleto
P4502,Tênis Masculino,396.12,292.18,103.94,Nf385786,Itxbqs@Email.Com,2025-06-11,2025-06-15,Pr,P,Online,Pix
P4503,Camiseta Feminina,321.11,252.07,69.04,Nf639715,Qabogm@Email.Com,2025-04-02,2025-04-07,Pb,39,Online,Dinheiro
P4504,Calça Feminina,115.64,82.02,33.62,Nf620280,Xnmrip@Email.Com,2026-01-25,2026-01-30,Rs,P,Loja,Dinheiro
P4505,Calça Masculina,140.52,86.65,53.87,Nf995103,Kjzcoo@Email.Com,2025-04-23,2025-04-28,Pe,40,Online,Dinheiro
P4506,Camiseta Masculina,354.91,180.97,173.94,Nf769715,Zwkpwb@Email.Com,2025-08-07,2025-08-07,Pb,42,Loja,Cartão
P4507,Camiseta Feminina,139.38,98.46,40.92,Nf244549,Ndyuik@Email.Com,2025-12-09,2025-12-10,Rj,40,Online,Cartão
P4508,Tênis Masculino,132.62,73.17,59.45,Nf414117,Bfdhaw@Email.Com,2025-08-04,2025-08-07,Pb,M,Loja,Boleto
P4509,Tênis Feminino,441.99,265.53,176.46,Nf613361,Xzuxnw@Email.Com,2026-02-09,2026-02-13,Ce,38,Loja,Cartão
P4510,Camiseta Masculina,146.16,99.3,46.86,Nf933735,Apwepw@Email.Com,2025-04-21,2025-04-23,Pb,37,Loja,Pix
P4511,Camiseta Feminina,367.56,270.59,96.97,Nf916818,Kduqek@Email.Com,2025-01-08,2025-01-09,Rs,P,Online,Dinheiro
P4512,Calça Feminina,175.29,97.06,78.23,Nf266827,Qnjvdp@Email.Com,2026-01-17,2026-01-22,Pr,36,Online,Pix
P4513,Calça Masculina,213.99,108.81,105.18,Nf939054,Hptlys@Email.Com,2025-07-26,2025-07-30,Ce,M,Online,Cartão
P4514,Camiseta Feminina,307.4,161.94,145.46,Nf931577,Izhfkn@Email.Com,2025-08-23,2025-08-27,Pe,M,Loja,Boleto
P4515,Tênis Masculino,173.78,112.29,61.49,Nf405452,Nephng@Email.Com,2025-09-09,2025-09-12,Rj,36,Online,Cartão
P4516,Calça Feminina,283.59,179.71,103.88,Nf267701,Uaesyw@Email.Com,2025-12-17,2025-12-18,Pr,42,Loja,Cartão
P4517,Calça Feminina,316.34,241.85,74.49,Nf710891,Gcekpl@Email.Com,2026-04-24,2026-04-25,Mg,39,Loja,Cartão
P4518,Camiseta Masculina,271.98,163.58,108.4,Nf647607,Ediezf@Email.Com,2026-02-11,2026-02-13,Pe,40,Online,Pix
P4519,Camiseta Masculina,516.98,275.97,241.01,Nf913098,Jpfyih@Email.Com,2025-10-09,2025-10-11,Pb,P,Loja,Cartão
P4520,Camiseta Feminina,365.71,282.91,82.8,Nf397628,Arpbsx@Email.Com,2025-01-06,2025-01-09,Rj,42,Loja,Pix
P4521,Calça Masculina,506.26,285.69,220.57,Nf460736,Rvnula@Email.Com,2026-03-24,2026-03-24,Ce,P,Online,Cartão
P4522,Camiseta Feminina,245.1,153.49,91.61,Nf521115,Cwiqpk@Email.Com,2025-08-05,2025-08-06,Pe,38,Online,Boleto
P4523,Camiseta Feminina,168.55,127.21,41.34,Nf761332,Xrzqri@Email.Com,2025-09-23,2025-09-24,Ce,P,Loja,Pix
P4524,Tênis Masculino,221.19,134.06,87.13,Nf535738,Uineca@Email.Com,2025-01-11,2025-01-13,Pr,40,Loja,Cartão
P4525,Tênis Feminino,82.45,59.07,23.38,Nf504115,Occkyw@Email.Com,2025-03-08,2025-03-09,Mg,38,Online,Boleto
P4526,Tênis Masculino,239.83,143.83,96.0,Nf550143,Ncrnxz@Email.Com,2025-04-21,2025-04-25,Rs,40,Online,Pix
P4527,Tênis Feminino,488.0,260.3,227.7,Nf271420,Vclgmh@Email.Com,2025-03-16,2025-03-18,Ba,P,Loja,Dinheiro
P4528,Tênis Masculino,389.18,223.03,166.15,Nf652720,Fhimfm@Email.Com,2025-08-17,2025-08-20,Ba,42,Loja,Pix
P4529,Camiseta Masculina,406.83,274.78,132.05,Nf314515,Ilwsti@Email.Com,2025-01-16,2025-01-19,Sp,M,Loja,Boleto
P4530,Tênis Feminino,302.79,161.72,141.07,Nf773684,Ftpoko@Email.Com,2025-01-06,2025-01-11,Rs,G,Loja,Dinheiro
P4531,Tênis Masculino,306.94,188.02,118.92,Nf638433,Mxsgtu@Email.Com,2025-04-05,2025-04-05,Sc,M,Online,Dinheiro
P4532,Tênis Masculino,254.53,151.28,103.25,Nf347444,Jvfsso@Email.Com,2025-04-14,2025-04-16,Pe,G,Loja,Cartão
P4533,Camiseta Masculina,326.63,216.09,110.54,Nf140575,Xaoqcd@Email.Com,2026-03-11,2026-03-11,Pr,37,Online,Cartão
P4534,Calça Feminina,467.28,299.26,168.02,Nf445208,Bnzuwh@Email.Com,2025-01-21,2025-01-24,Rj,M,Online,Pix
P4535,Camiseta Feminina,321.39,193.0,128.39,Nf804517,Pnwcgm@Email.Com,2026-01-01,2026-01-05,Mg,38,Loja,Pix
P4536,Calça Feminina,306.42,206.06,100.36,Nf388668,Nbrzee@Email.Com,2026-01-08,2026-01-12,Rs,41,Loja,Boleto
P4537,Calça Feminina,342.82,225.77,117.05,Nf176386,Sccecc@Email.Com,2026-03-06,2026-03-06,Rj,39,Online,Pix
P4538,Camiseta Masculina,110.16,89.81,20.35,Nf420202,Vzyeyg@Email.Com,2026-04-18,2026-04-22,Sp,42,Online,Cartão
P4539,Calça Masculina,402.0,211.97,190.03,Nf332736,Dulfmw@Email.Com,2025-01-29,2025-02-01,Mg,P,Online,Pix
P4540,Camiseta Masculina,184.89,103.45,81.44,Nf955439,Lelwts@Email.Com,2025-09-02,2025-09-05,Pb,G,Online,Boleto
P4541,Calça Masculina,339.26,189.2,150.06,Nf262788,Yoeqwu@Email.Com,2025-09-29,2025-10-03,Sc,40,Online,Cartão
P4542,Tênis Feminino,111.61,82.75,28.86,Nf922247,Hqwhwq@Email.Com,2025-06-03,2025-06-06,Mg,37,Loja,Cartão
P4543,Tênis Feminino,256.59,198.84,57.75,Nf306106,Quxcae@Email.Com,2025-06-02,2025-06-04,Pb,36,Loja,Boleto
P4544,Tênis Masculino,429.92,291.53,138.39,Nf622134,Dmvalb@Email.Com,2025-11-08,2025-11-13,Sc,41,Online,Cartão
P4545,Calça Feminina,119.3,66.79,52.51,Nf877694,Mtandq@Email.Com,2026-02-24,2026-02-26,Pr,38,Loja,Dinheiro
P4546,Camiseta Feminina,581.99,297.93,284.06,Nf675324,Olmtro@Email.Com,2025-09-06,2025-09-07,Pr,37,Loja,Dinheiro
P4547,Camiseta Feminina,83.13,56.36,26.77,Nf865169,Qiurnp@Email.Com,2026-03-06,2026-03-11,Pb,G,Loja,Cartão
P4548,Camiseta Masculina,374.86,276.43,98.43,Nf743774,Pnnaii@Email.Com,2025-07-06,2025-07-11,Sc,M,Loja,Dinheiro
P4549,Calça Feminina,326.05,236.71,89.34,Nf512420,Ucnerj@Email.Com,2025-04-05,2025-04-08,Rs,39,Online,Cartão
P4550,Calça Feminina,261.29,175.35,85.94,Nf920880,Ihcdek@Email.Com,2025-01-13,2025-01-17,Pe,M,Online,Dinheiro
P4551,Camiseta Masculina,244.87,173.4,71.47,Nf636644,Wcodew@Email.Com,2025-05-14,2025-05-19,Rs,36,Online,Boleto
P4552,Tênis Feminino,356.6,201.5,155.1,Nf458108,Uqdqvp@Email.Com,2025-05-10,2025-05-11,Ce,38,Loja,Boleto
P4553,Tênis Masculino,302.06,158.47,143.59,Nf530901,Siioch@Email.Com,2025-06-13,2025-06-13,Ce,M,Online,Dinheiro
P4554,Tênis Feminino,378.91,288.21,90.7,Nf578984,Foszqg@Email.Com,2026-02-15,2026-02-15,Pb,38,Online,Dinheiro
P4555,Calça Masculina,311.62,253.01,58.61,Nf918731,Dhellj@Email.Com,2025-03-07,2025-03-12,Pr,G,Loja,Cartão
P4556,Calça Masculina,182.15,128.56,53.59,Nf564030,Ycednc@Email.Com,2025-10-18,2025-10-20,Pb,M,Loja,Boleto
P4557,Camiseta Feminina,222.82,111.82,111.0,Nf813448,Kqtwyq@Email.Com,2025-04-20,2025-04-21,Ce,39,Online,Pix
P4558,Calça Masculina,432.75,217.53,215.22,Nf115821,Rrtbsb@Email.Com,2026-01-02,2026-01-06,Ce,41,Loja,Boleto
P4559,Calça Feminina,259.73,157.72,102.01,Nf861490,Vzplek@Email.Com,2025-01-09,2025-01-14,Pr,P,Loja,Pix
P4560,Calça Masculina,289.03,234.98,54.05,Nf691936,Qkhhji@Email.Com,2025-11-10,2025-11-14,Pb,38,Online,Boleto
P4561,Calça Masculina,120.6,93.35,27.25,Nf173244,Iqiaqz@Email.Com,2025-06-07,2025-06-09,Sc,42,Loja,Cartão
P4562,Tênis Masculino,157.96,131.38,26.58,Nf632106,Npnilw@Email.Com,2025-12-24,2025-12-25,Sp,37,Loja,Dinheiro
P4563,Camiseta Feminina,532.11,295.5,236.61,Nf562433,Ozrcgi@Email.Com,2025-06-15,2025-06-16,Pb,42,Online,Cartão
P4564,Camiseta Masculina,230.51,159.51,71.0,Nf365752,Ckskbs@Email.Com,2025-02-16,2025-02-16,Sp,41,Online,Pix
P4565,Camiseta Masculina,491.57,258.85,232.72,Nf137722,Wvftas@Email.Com,2025-11-28,2025-12-02,Sp,P,Online,Cartão
P4566,Calça Masculina,297.22,241.13,56.09,Nf541018,Rzkcms@Email.Com,2025-06-10,2025-06-10,Pr,36,Loja,Pix
P4567,Calça Feminina,301.05,177.85,123.2,Nf565196,Pdluut@Email.Com,2025-07-11,2025-07-12,Ce,41,Loja,Dinheiro
P4568,Calça Feminina,67.35,50.63,16.72,Nf934762,Xgykzk@Email.Com,2025-11-07,2025-11-07,Mg,42,Online,Boleto
P4569,Tênis Masculino,101.93,75.24,26.69,Nf397027,Ryxrif@Email.Com,2025-11-04,2025-11-09,Pe,39,Online,Pix
P4570,Calça Feminina,471.97,295.02,176.95,Nf721484,Lawcks@Email.Com,2026-01-13,2026-01-13,Rj,M,Online,Dinheiro
P4571,Camiseta Feminina,172.44,103.03,69.41,Nf298959,Xwkiso@Email.Com,2025-06-04,2025-06-06,Mg,39,Loja,Boleto
P4572,Camiseta Feminina,143.38,72.21,71.17,Nf557527,Qzgdtw@Email.Com,2025-10-21,2025-10-23,Sc,G,Online,Dinheiro
P4573,Camiseta Feminina,212.08,115.11,96.97,Nf921686,Dfezjh@Email.Com,2025-04-16,2025-04-21,Mg,42,Online,Dinheiro
P4574,Camiseta Masculina,310.44,184.23,126.21,Nf756330,Poyivk@Email.Com,2026-03-14,2026-03-15,Pe,39,Loja,Cartão
P4575,Camiseta Feminina,400.48,212.81,187.67,Nf436823,Ofdyxa@Email.Com,2025-02-06,2025-02-09,Sc,M,Online,Pix
P4576,Tênis Masculino,385.65,193.69,191.96,Nf941608,Ztvsvy@Email.Com,2026-01-17,2026-01-22,Rj,41,Online,Pix
P4577,Calça Feminina,276.47,223.17,53.3,Nf532758,Kxidzq@Email.Com,2026-01-26,2026-01-31,Sc,39,Online,Pix
P4578,Calça Feminina,162.83,133.18,29.65,Nf203496,Egnaol@Email.Com,2025-01-13,2025-01-15,Mg,40,Online,Boleto
P4579,Tênis Feminino,187.26,113.08,74.18,Nf799653,Wmmems@Email.Com,2025-01-15,2025-01-20,Pe,41,Online,Pix
P4580,Calça Feminina,331.16,168.47,162.69,Nf353519,Gdagsc@Email.Com,2026-04-21,2026-04-21,Pe,39,Loja,Dinheiro
P4581,Tênis Masculino,124.01,75.74,48.27,Nf515013,Mdhflx@Email.Com,2025-11-01,2025-11-06,Sc,M,Online,Dinheiro
P4582,Tênis Masculino,264.84,171.11,93.73,Nf537612,Kgjcpe@Email.Com,2025-12-06,2025-12-06,Sc,41,Loja,Cartão
P4583,Tênis Feminino,109.65,60.2,49.45,Nf550173,Rdpmoe@Email.Com,2026-03-25,2026-03-25,Pe,M,Online,Boleto
P4584,Tênis Masculino,550.66,289.88,260.78,Nf745187,Fgthgp@Email.Com,2026-03-09,2026-03-14,Rj,36,Loja,Dinheiro
P4585,Tênis Masculino,176.93,110.29,66.64,Nf280232,Oesutv@Email.Com,2025-12-13,2025-12-17,Rj,36,Online,Boleto
P4586,Calça Masculina,340.19,180.58,159.61,Nf930460,Jpqpzq@Email.Com,2026-03-10,2026-03-12,Mg,42,Loja,Cartão
P4587,Tênis Feminino,454.15,267.76,186.39,Nf819922,Usfuoj@Email.Com,2026-03-16,2026-03-17,Rs,38,Loja,Boleto
P4588,Camiseta Masculina,227.53,129.07,98.46,Nf449524,Yuegqe@Email.Com,2025-07-22,2025-07-26,Ba,P,Online,Pix
P4589,Tênis Masculino,224.99,141.66,83.33,Nf185483,Xtuysu@Email.Com,2025-06-27,2025-07-01,Pe,37,Loja,Boleto
P4590,Tênis Masculino,203.05,138.51,64.54,Nf234477,Cfgoto@Email.Com,2026-01-20,2026-01-25,Pr,37,Online,Pix
P4591,Calça Masculina,251.38,137.89,113.49,Nf819173,Wjyfgd@Email.Com,2026-02-18,2026-02-19,Sp,40,Loja,Pix
P4592,Calça Feminina,210.91,173.11,37.8,Nf584779,Sdnfki@Email.Com,2025-08-25,2025-08-29,Rs,39,Online,Boleto
P4593,Camiseta Feminina,546.01,280.04,265.97,Nf299639,Ozyqlg@Email.Com,2026-01-30,2026-02-04,Rj,42,Online,Cartão
P4594,Camiseta Masculina,163.84,98.17,65.67,Nf861471,Fgfusi@Email.Com,2025-11-25,2025-11-27,Pe,M,Online,Cartão
P4595,Camiseta Feminina,357.64,220.37,137.27,Nf239827,Apqxzk@Email.Com,2025-04-13,2025-04-18,Rs,37,Online,Dinheiro
P4596,Calça Feminina,152.9,86.83,66.07,Nf846168,Rxczvs@Email.Com,2025-02-11,2025-02-12,Ce,M,Loja,Boleto
P4597,Tênis Masculino,186.54,103.56,82.98,Nf634213,Uiirvo@Email.Com,2026-01-05,2026-01-06,Pb,P,Loja,Dinheiro
P4598,Camiseta Masculina,71.12,58.93,12.19,Nf154639,Idqglh@Email.Com,2025-02-04,2025-02-05,Pr,42,Online,Cartão
P4599,Tênis Masculino,192.48,115.29,77.19,Nf723957,Kkwipm@Email.Com,2025-04-05,2025-04-05,Ba,38,Online,Boleto
P4600,Camiseta Feminina,383.49,263.27,120.22,Nf109795,Vwtcjb@Email.Com,2026-03-09,2026-03-12,Pb,37,Online,Boleto
P4601,Camiseta Masculina,75.65,57.63,18.02,Nf996399,Mlfamz@Email.Com,2025-11-19,2025-11-20,Ce,39,Online,Boleto
P4602,Camiseta Masculina,70.97,50.45,20.52,Nf488686,Ustiak@Email.Com,2025-10-09,2025-10-14,Sp,40,Online,Pix
P4603,Camiseta Masculina,409.6,227.1,182.5,Nf335308,Dbrpdc@Email.Com,2025-10-09,2025-10-12,Pe,36,Online,Dinheiro
P4604,Camiseta Masculina,160.42,124.73,35.69,Nf658318,Aqitct@Email.Com,2025-04-08,2025-04-13,Rs,P,Online,Pix
P4605,Tênis Masculino,555.01,280.65,274.36,Nf732493,Kdfhft@Email.Com,2025-09-03,2025-09-07,Sp,37,Online,Dinheiro
P4606,Calça Feminina,218.88,130.77,88.11,Nf100931,Dgsned@Email.Com,2025-09-24,2025-09-28,Sc,G,Online,Cartão
P4607,Camiseta Feminina,87.81,70.22,17.59,Nf208311,Axxadh@Email.Com,2026-01-11,2026-01-11,Rj,P,Online,Boleto
P4608,Tênis Masculino,271.24,190.7,80.54,Nf145920,Dzxgga@Email.Com,2025-12-18,2025-12-19,Sc,M,Loja,Pix
P4609,Calça Masculina,129.55,80.51,49.04,Nf504240,Fqgaqu@Email.Com,2025-08-28,2025-09-02,Pe,M,Loja,Dinheiro
P4610,Tênis Masculino,319.15,219.27,99.88,Nf278670,Pqfttk@Email.Com,2025-10-01,2025-10-03,Ba,G,Online,Boleto
P4611,Tênis Feminino,185.79,93.44,92.35,Nf151408,Gwgfpy@Email.Com,2025-08-30,2025-09-02,Pb,G,Online,Boleto
P4612,Calça Masculina,94.28,53.38,40.9,Nf793740,Qqfawg@Email.Com,2025-10-09,2025-10-14,Ba,36,Loja,Pix
P4613,Tênis Feminino,544.2,299.2,245.0,Nf308127,Abxwza@Email.Com,2026-04-10,2026-04-14,Pr,41,Online,Cartão
P4614,Tênis Masculino,170.35,124.5,45.85,Nf240479,Hggujl@Email.Com,2025-04-05,2025-04-07,Pr,G,Loja,Boleto
P4615,Camiseta Feminina,174.44,123.76,50.68,Nf798200,Guhaqg@Email.Com,2026-04-29,2026-04-30,Rs,P,Online,Cartão
P4616,Tênis Masculino,199.53,125.03,74.5,Nf853281,Yybres@Email.Com,2026-01-19,2026-01-19,Mg,P,Loja,Boleto
P4617,Tênis Masculino,429.36,235.01,194.35,Nf770333,Wccxyl@Email.Com,2026-01-15,2026-01-18,Sc,G,Loja,Dinheiro
P4618,Tênis Masculino,422.49,234.32,188.17,Nf754840,Skibaa@Email.Com,2025-12-07,2025-12-10,Sp,P,Online,Pix
P4619,Camiseta Masculina,294.3,239.34,54.96,Nf152731,Hwvkha@Email.Com,2025-01-19,2025-01-22,Sc,37,Online,Boleto
P4620,Calça Feminina,409.04,243.34,165.7,Nf128107,Maqxyc@Email.Com,2025-08-16,2025-08-19,Mg,42,Loja,Pix
P4621,Camiseta Masculina,423.8,223.41,200.39,Nf986721,Bvgfzt@Email.Com,2025-07-26,2025-07-27,Ba,37,Loja,Boleto
P4622,Calça Feminina,445.55,245.22,200.33,Nf894183,Xbxela@Email.Com,2026-01-24,2026-01-29,Pr,G,Loja,Dinheiro
P4623,Calça Feminina,166.88,85.92,80.96,Nf650870,Vjvzzr@Email.Com,2025-09-10,2025-09-12,Pb,M,Loja,Boleto
P4624,Tênis Feminino,191.45,119.28,72.17,Nf852014,Lxcyxy@Email.Com,2025-02-27,2025-03-02,Pr,P,Online,Pix
P4625,Tênis Feminino,362.03,209.53,152.5,Nf405666,Gtdjkl@Email.Com,2025-02-10,2025-02-11,Sc,37,Online,Cartão
P4626,Calça Feminina,113.45,69.93,43.52,Nf990299,Pnarej@Email.Com,2026-01-07,2026-01-09,Pr,39,Online,Cartão
P4627,Tênis Feminino,176.25,97.49,78.76,Nf216025,Bkwhcn@Email.Com,2026-01-03,2026-01-08,Sc,41,Loja,Dinheiro
P4628,Calça Masculina,213.81,115.51,98.3,Nf859101,Jwcufg@Email.Com,2025-12-11,2025-12-15,Pb,40,Online,Pix
P4629,Tênis Masculino,249.47,188.79,60.68,Nf671872,Byjnsi@Email.Com,2025-10-12,2025-10-16,Pb,38,Online,Pix
P4630,Camiseta Masculina,284.35,194.59,89.76,Nf146685,Rfryai@Email.Com,2025-11-17,2025-11-21,Ba,39,Loja,Dinheiro
P4631,Calça Feminina,182.96,135.99,46.97,Nf763744,Qsogke@Email.Com,2026-02-09,2026-02-13,Mg,M,Online,Pix
P4632,Tênis Masculino,373.72,267.04,106.68,Nf238601,Klxpsz@Email.Com,2025-02-12,2025-02-14,Rj,P,Loja,Boleto
P4633,Calça Feminina,403.16,292.88,110.28,Nf384265,Yezksf@Email.Com,2026-01-14,2026-01-16,Ba,P,Loja,Pix
P4634,Calça Masculina,94.1,75.23,18.87,Nf149562,Wwufpv@Email.Com,2025-07-14,2025-07-17,Ce,41,Online,Pix
P4635,Tênis Feminino,333.74,205.06,128.68,Nf530158,Mupnep@Email.Com,2025-06-21,2025-06-25,Rj,42,Online,Boleto
P4636,Calça Feminina,117.13,96.77,20.36,Nf530091,Tdvvii@Email.Com,2025-03-25,2025-03-30,Pb,40,Online,Boleto
P4637,Calça Feminina,384.99,223.52,161.47,Nf615621,Kcyvnn@Email.Com,2025-09-29,2025-10-02,Mg,M,Loja,Dinheiro
P4638,Calça Masculina,144.08,74.9,69.18,Nf462367,Evzjpu@Email.Com,2025-09-10,2025-09-12,Pe,38,Loja,Cartão
P4639,Tênis Feminino,371.86,294.61,77.25,Nf437420,Bkwulu@Email.Com,2025-11-08,2025-11-12,Pb,38,Loja,Cartão
P4640,Calça Masculina,442.8,225.58,217.22,Nf837636,Rqdehe@Email.Com,2025-10-20,2025-10-25,Sp,40,Online,Boleto
P4641,Tênis Masculino,360.66,289.27,71.39,Nf753005,Tvchju@Email.Com,2025-01-15,2025-01-20,Rj,41,Online,Pix
P4642,Camiseta Feminina,538.12,293.89,244.23,Nf472836,Mkthvq@Email.Com,2026-03-14,2026-03-16,Sp,36,Online,Cartão
P4643,Camiseta Masculina,344.87,281.02,63.85,Nf791606,Xebhsc@Email.Com,2025-08-17,2025-08-22,Sc,38,Loja,Dinheiro
P4644,Tênis Masculino,409.9,216.33,193.57,Nf984765,Lzyzoy@Email.Com,2025-09-07,2025-09-11,Pe,42,Loja,Dinheiro
P4645,Calça Feminina,213.75,132.39,81.36,Nf610986,Bamexc@Email.Com,2025-07-18,2025-07-19,Ce,37,Online,Cartão
P4646,Calça Feminina,221.39,144.13,77.26,Nf420945,Ywizgb@Email.Com,2025-07-16,2025-07-16,Sp,G,Online,Pix
P4647,Camiseta Masculina,160.81,128.18,32.63,Nf547000,Pxotfe@Email.Com,2025-09-13,2025-09-16,Ba,39,Online,Dinheiro
P4648,Calça Masculina,88.03,60.94,27.09,Nf512507,Laykob@Email.Com,2026-04-24,2026-04-24,Ba,42,Online,Cartão
P4649,Tênis Feminino,249.14,177.12,72.02,Nf889088,Cobjmr@Email.Com,2025-05-31,2025-06-05,Ba,42,Loja,Boleto
P4650,Calça Masculina,238.11,136.82,101.29,Nf610080,Qtfyvr@Email.Com,2025-01-21,2025-01-25,Ba,39,Loja,Boleto
P4651,Tênis Masculino,111.91,57.07,54.84,Nf753454,Nlpsiq@Email.Com,2025-10-05,2025-10-10,Rs,40,Online,Boleto
P4652,Tênis Masculino,437.72,251.34,186.38,Nf408392,Pupzpe@Email.Com,2026-04-18,2026-04-20,Pr,G,Online,Dinheiro
P4653,Tênis Masculino,443.81,246.71,197.1,Nf189568,Kdahrv@Email.Com,2025-02-18,2025-02-19,Sc,37,Online,Dinheiro
P4654,Calça Feminina,115.55,69.33,46.22,Nf885245,Kwhveo@Email.Com,2025-04-28,2025-05-02,Rs,36,Online,Boleto
P4655,Calça Feminina,383.44,271.98,111.46,Nf303731,Krypij@Email.Com,2025-03-31,2025-04-02,Pb,36,Online,Dinheiro
P4656,Calça Masculina,355.57,286.99,68.58,Nf374713,Ujjdjj@Email.Com,2025-02-25,2025-03-01,Rj,41,Loja,Pix
P4657,Tênis Feminino,167.26,127.79,39.47,Nf297168,Wxpacm@Email.Com,2025-08-28,2025-09-02,Pb,41,Online,Dinheiro
P4658,Tênis Masculino,325.63,259.11,66.52,Nf438070,Xncglj@Email.Com,2025-02-08,2025-02-12,Sp,G,Online,Pix
P4659,Calça Feminina,295.71,160.86,134.85,Nf164786,Yqiaky@Email.Com,2026-04-25,2026-04-26,Rs,G,Loja,Cartão
P4660,Tênis Feminino,175.4,126.28,49.12,Nf111444,Zrcwyu@Email.Com,2025-02-08,2025-02-08,Ba,38,Online,Pix
P4661,Camiseta Feminina,320.98,235.63,85.35,Nf377613,Llzptf@Email.Com,2026-02-14,2026-02-16,Pr,P,Online,Dinheiro
P4662,Calça Masculina,253.35,138.68,114.67,Nf689746,Kcsvau@Email.Com,2025-05-18,2025-05-20,Rj,40,Loja,Dinheiro
P4663,Calça Masculina,128.31,91.59,36.72,Nf674267,Zrwuzj@Email.Com,2025-11-27,2025-11-30,Pb,38,Loja,Dinheiro
P4664,Camiseta Masculina,127.18,92.4,34.78,Nf932981,Qmjvze@Email.Com,2026-04-04,2026-04-09,Pe,41,Online,Boleto
P4665,Tênis Feminino,209.26,153.74,55.52,Nf527404,Xgkxgc@Email.Com,2025-09-14,2025-09-18,Pe,36,Online,Dinheiro
P4666,Tênis Feminino,273.79,204.49,69.3,Nf778701,Cqkohh@Email.Com,2026-02-23,2026-02-24,Rj,G,Online,Boleto
P4667,Calça Feminina,288.02,175.66,112.36,Nf264231,Tqnhfz@Email.Com,2026-01-02,2026-01-07,Sp,P,Online,Pix
P4668,Camiseta Masculina,286.69,181.5,105.19,Nf226650,Plpkha@Email.Com,2025-03-03,2025-03-04,Mg,P,Loja,Cartão
P4669,Tênis Masculino,385.4,205.28,180.12,Nf986097,Msmikq@Email.Com,2025-04-20,2025-04-20,Rj,37,Loja,Boleto
P4670,Calça Masculina,174.2,97.38,76.82,Nf566513,Abcgse@Email.Com,2025-09-19,2025-09-20,Ba,G,Online,Pix
P4671,Calça Masculina,170.42,134.78,35.64,Nf953519,Tubrbe@Email.Com,2025-08-22,2025-08-22,Pr,36,Online,Pix
P4672,Camiseta Feminina,123.01,71.14,51.87,Nf219438,Uzxdfp@Email.Com,2025-04-15,2025-04-16,Sp,P,Online,Pix
P4673,Calça Feminina,396.97,220.18,176.79,Nf372692,Dyhnss@Email.Com,2025-08-04,2025-08-08,Rs,P,Loja,Dinheiro
P4674,Camiseta Masculina,97.57,61.58,35.99,Nf238441,Iwnyms@Email.Com,2025-10-13,2025-10-18,Pe,36,Loja,Cartão
P4675,Tênis Feminino,411.66,266.01,145.65,Nf915855,Jtzcpr@Email.Com,2025-03-27,2025-03-31,Ce,39,Online,Cartão
P4676,Calça Masculina,298.81,212.43,86.38,Nf770467,Jlkmig@Email.Com,2025-07-09,2025-07-09,Rj,M,Loja,Pix
P4677,Calça Feminina,197.12,128.0,69.12,Nf142067,Qvahfj@Email.Com,2025-09-25,2025-09-27,Rj,39,Online,Pix
P4678,Tênis Feminino,488.68,270.02,218.66,Nf666879,Njbbgt@Email.Com,2026-03-29,2026-03-31,Mg,42,Online,Pix
P4679,Tênis Feminino,288.87,186.99,101.88,Nf334591,Ecllbw@Email.Com,2025-02-13,2025-02-16,Pb,36,Online,Dinheiro
P4680,Camiseta Masculina,250.9,151.62,99.28,Nf706326,Pisyfj@Email.Com,2025-02-22,2025-02-22,Ba,37,Loja,Cartão
P4681,Camiseta Feminina,288.51,176.56,111.95,Nf575617,Nhtruw@Email.Com,2025-09-16,2025-09-21,Pr,M,Online,Cartão
P4682,Tênis Masculino,207.49,123.99,83.5,Nf162042,Bwijzx@Email.Com,2026-01-07,2026-01-08,Ba,G,Online,Pix
P4683,Camiseta Feminina,133.05,82.93,50.12,Nf742293,Chnaxd@Email.Com,2025-09-02,2025-09-07,Ce,37,Online,Cartão
P4684,Calça Feminina,179.45,135.18,44.27,Nf141929,Ffmguq@Email.Com,2026-04-29,2026-04-29,Pb,41,Online,Pix
P4685,Tênis Masculino,222.72,134.24,88.48,Nf203553,Ldgyvw@Email.Com,2025-01-26,2025-01-26,Pr,G,Loja,Cartão
P4686,Camiseta Feminina,362.58,218.95,143.63,Nf655779,Rcadij@Email.Com,2026-01-07,2026-01-10,Sc,P,Online,Boleto
P4687,Camiseta Feminina,327.8,178.57,149.23,Nf516109,Pokbld@Email.Com,2025-06-22,2025-06-22,Rj,37,Online,Boleto
P4688,Tênis Masculino,194.69,99.23,95.46,Nf729313,Qfbfci@Email.Com,2025-12-01,2025-12-02,Pb,42,Online,Cartão
P4689,Camiseta Masculina,143.45,92.68,50.77,Nf922272,Wixobz@Email.Com,2026-03-16,2026-03-21,Ce,42,Online,Cartão
P4690,Tênis Masculino,458.63,274.59,184.04,Nf487009,Lukwlt@Email.Com,2025-09-13,2025-09-13,Sc,39,Online,Pix
P4691,Camiseta Masculina,133.04,86.37,46.67,Nf497226,Yqhipi@Email.Com,2025-02-28,2025-03-04,Pb,42,Loja,Cartão
P4692,Tênis Masculino,379.49,282.72,96.77,Nf900172,Upnjzd@Email.Com,2025-01-19,2025-01-23,Sp,36,Loja,Cartão
P4693,Camiseta Feminina,218.29,159.65,58.64,Nf184128,Ucvuuk@Email.Com,2025-04-05,2025-04-09,Pr,42,Online,Dinheiro
P4694,Tênis Masculino,239.79,139.05,100.74,Nf728383,Qrkwsn@Email.Com,2025-04-02,2025-04-05,Sc,40,Online,Pix
P4695,Camiseta Masculina,213.69,165.5,48.19,Nf194729,Efrazh@Email.Com,2025-05-07,2025-05-09,Rj,M,Loja,Cartão
P4696,Camiseta Masculina,88.45,57.61,30.84,Nf325034,Hshyxk@Email.Com,2025-03-12,2025-03-14,Rj,P,Loja,Pix
P4697,Calça Masculina,201.39,147.93,53.46,Nf432940,Wctfil@Email.Com,2026-02-23,2026-02-28,Rs,G,Online,Cartão
P4698,Tênis Masculino,112.92,66.86,46.06,Nf515869,Kkvycj@Email.Com,2025-03-26,2025-03-26,Pe,40,Loja,Boleto
P4699,Calça Feminina,179.64,112.68,66.96,Nf449212,Dmqncx@Email.Com,2026-01-02,2026-01-04,Sp,38,Loja,Pix
P4700,Camiseta Feminina,161.72,114.42,47.3,Nf963720,Elbclp@Email.Com,2025-08-02,2025-08-02,Rs,41,Loja,Boleto
P4701,Camiseta Masculina,488.82,290.51,198.31,Nf436721,Qkudxk@Email.Com,2025-10-13,2025-10-14,Sc,40,Online,Dinheiro
P4702,Tênis Feminino,335.8,250.56,85.24,Nf105352,Roksfi@Email.Com,2026-02-17,2026-02-21,Rj,37,Online,Cartão
P4703,Tênis Feminino,187.75,117.3,70.45,Nf582250,Luijue@Email.Com,2025-06-25,2025-06-26,Sp,G,Online,Boleto
P4704,Calça Masculina,288.1,161.94,126.16,Nf112826,Moznit@Email.Com,2025-12-28,2025-12-31,Pe,38,Loja,Cartão
P4705,Calça Feminina,255.24,131.62,123.62,Nf131345,Zknwms@Email.Com,2026-04-20,2026-04-22,Ce,42,Online,Cartão
P4706,Camiseta Masculina,339.81,214.35,125.46,Nf103888,Xtziie@Email.Com,2025-05-06,2025-05-06,Sp,40,Loja,Cartão
P4707,Camiseta Masculina,245.77,197.14,48.63,Nf602773,Xthwei@Email.Com,2025-05-13,2025-05-16,Pr,G,Loja,Boleto
P4708,Calça Feminina,102.53,79.14,23.39,Nf665067,Pytude@Email.Com,2025-06-22,2025-06-27,Ce,40,Online,Dinheiro
P4709,Camiseta Masculina,282.4,230.07,52.33,Nf157262,Qqfgvn@Email.Com,2025-01-14,2025-01-14,Sc,P,Online,Cartão
P4710,Calça Masculina,376.29,279.69,96.6,Nf864784,Yvdeex@Email.Com,2025-10-24,2025-10-25,Mg,39,Loja,Boleto
P4711,Calça Masculina,75.78,62.86,12.92,Nf973035,Sfgnjl@Email.Com,2025-09-09,2025-09-11,Mg,41,Online,Boleto
P4712,Calça Feminina,472.94,249.54,223.4,Nf220862,Waphvd@Email.Com,2025-10-07,2025-10-12,Pr,G,Loja,Dinheiro
P4713,Camiseta Masculina,187.58,107.55,80.03,Nf356521,Prgage@Email.Com,2026-03-31,2026-04-05,Ce,41,Online,Boleto
P4714,Tênis Masculino,429.31,232.99,196.32,Nf775453,Ugmhmq@Email.Com,2026-04-12,2026-04-16,Ce,36,Online,Boleto
P4715,Calça Masculina,154.64,117.81,36.83,Nf977538,Lwszyl@Email.Com,2025-12-08,2025-12-08,Ba,41,Online,Dinheiro
P4716,Calça Feminina,392.47,241.13,151.34,Nf112539,Ihpnwq@Email.Com,2025-09-28,2025-09-30,Ce,37,Online,Boleto
P4717,Tênis Feminino,237.32,197.14,40.18,Nf351695,Sbterp@Email.Com,2025-06-23,2025-06-24,Pe,39,Online,Boleto
P4718,Camiseta Feminina,91.15,50.92,40.23,Nf930276,Uthnix@Email.Com,2025-10-17,2025-10-17,Mg,40,Online,Dinheiro
P4719,Tênis Feminino,162.74,86.37,76.37,Nf337260,Ldwzlr@Email.Com,2025-04-29,2025-05-02,Pb,40,Loja,Pix
P4720,Tênis Feminino,375.0,234.4,140.6,Nf511154,Udqeua@Email.Com,2025-05-22,2025-05-24,Rj,37,Loja,Pix
P4721,Tênis Feminino,291.32,149.53,141.79,Nf115145,Pakxpc@Email.Com,2025-12-24,2025-12-28,Pb,P,Online,Cartão
P4722,Calça Masculina,390.39,220.78,169.61,Nf403485,Ktyeji@Email.Com,2026-01-26,2026-01-26,Rj,36,Loja,Pix
P4723,Camiseta Masculina,424.86,271.13,153.73,Nf683165,Mjllxq@Email.Com,2025-09-06,2025-09-09,Ce,38,Loja,Boleto
P4724,Camiseta Masculina,293.43,217.98,75.45,Nf402929,Decpsg@Email.Com,2025-10-10,2025-10-13,Rs,M,Online,Pix
P4725,Camiseta Feminina,353.39,239.03,114.36,Nf411266,Tzgwrk@Email.Com,2026-04-27,2026-04-30,Ce,P,Online,Pix
P4726,Tênis Masculino,203.4,141.22,62.18,Nf876629,Ylxiyd@Email.Com,2025-07-16,2025-07-18,Ba,41,Online,Cartão
P4727,Calça Masculina,73.85,50.07,23.78,Nf213802,Bugqdh@Email.Com,2025-01-18,2025-01-23,Pr,41,Loja,Boleto
P4728,Camiseta Feminina,269.35,141.51,127.84,Nf248939,Mdnxln@Email.Com,2025-05-05,2025-05-07,Rs,G,Loja,Cartão
P4729,Camiseta Feminina,384.26,262.17,122.09,Nf503901,Etjwoy@Email.Com,2025-12-25,2025-12-28,Rj,M,Loja,Dinheiro
P4730,Tênis Feminino,334.76,238.83,95.93,Nf594566,Yotboq@Email.Com,2025-11-15,2025-11-15,Pr,37,Loja,Cartão
P4731,Camiseta Masculina,156.39,94.36,62.03,Nf550748,Amtqet@Email.Com,2026-04-24,2026-04-24,Pr,38,Loja,Dinheiro
P4732,Tênis Feminino,237.17,180.2,56.97,Nf752143,Njjsgx@Email.Com,2025-02-21,2025-02-24,Rs,39,Loja,Cartão
P4733,Calça Masculina,223.73,170.87,52.86,Nf811530,Pwwlpk@Email.Com,2025-09-16,2025-09-17,Rj,M,Loja,Cartão
P4734,Tênis Masculino,470.64,293.19,177.45,Nf718954,Dkkxae@Email.Com,2026-03-14,2026-03-18,Sp,M,Loja,Dinheiro
P4735,Tênis Masculino,307.35,166.76,140.59,Nf376172,Vfmmtp@Email.Com,2025-08-27,2025-08-28,Mg,40,Online,Dinheiro
P4736,Calça Feminina,259.39,165.25,94.14,Nf269835,Jqmhss@Email.Com,2025-11-24,2025-11-24,Ba,G,Online,Pix
P4737,Camiseta Masculina,250.93,183.83,67.1,Nf659396,Ckbfjw@Email.Com,2025-04-26,2025-05-01,Pe,M,Loja,Cartão
P4738,Calça Masculina,186.61,110.25,76.36,Nf804394,Owggrd@Email.Com,2025-03-08,2025-03-08,Ba,39,Loja,Cartão
P4739,Tênis Feminino,445.92,260.02,185.9,Nf763517,Ayblcs@Email.Com,2025-04-18,2025-04-19,Pb,42,Loja,Cartão
P4740,Tênis Masculino,474.82,272.12,202.7,Nf587958,Isujvs@Email.Com,2025-11-21,2025-11-21,Pe,37,Online,Boleto
P4741,Camiseta Feminina,278.05,169.61,108.44,Nf962489,Qywfto@Email.Com,2025-12-25,2025-12-26,Rj,G,Online,Boleto
P4742,Tênis Masculino,274.28,190.66,83.62,Nf145800,Gzkrfm@Email.Com,2025-03-08,2025-03-11,Sp,M,Loja,Pix
P4743,Calça Feminina,232.25,192.78,39.47,Nf988267,Fdwqut@Email.Com,2025-02-26,2025-02-28,Mg,P,Online,Dinheiro
P4744,Tênis Feminino,105.77,55.33,50.44,Nf830560,Ympjox@Email.Com,2026-02-12,2026-02-17,Mg,P,Online,Cartão
P4745,Tênis Masculino,444.43,293.32,151.11,Nf331101,Jicjag@Email.Com,2025-09-06,2025-09-11,Sp,40,Loja,Boleto
P4746,Tênis Masculino,286.9,206.5,80.4,Nf523918,Qgmfsy@Email.Com,2025-06-03,2025-06-06,Rj,40,Loja,Dinheiro
P4747,Tênis Masculino,394.52,276.08,118.44,Nf372889,Hlgple@Email.Com,2025-02-04,2025-02-09,Pe,39,Online,Cartão
P4748,Tênis Feminino,372.34,276.59,95.75,Nf649682,Dpfdxk@Email.Com,2025-09-03,2025-09-08,Pb,40,Loja,Cartão
P4749,Tênis Masculino,217.82,165.29,52.53,Nf812127,Qucvep@Email.Com,2026-02-12,2026-02-12,Ba,G,Online,Cartão
P4750,Tênis Feminino,199.5,134.35,65.15,Nf348471,Epyyyt@Email.Com,2025-08-01,2025-08-03,Pr,38,Loja,Pix
P4751,Calça Feminina,153.02,117.63,35.39,Nf361580,Fdaqva@Email.Com,2025-02-07,2025-02-08,Sc,M,Online,Pix
P4752,Calça Feminina,309.62,254.05,55.57,Nf828005,Xeyipc@Email.Com,2025-03-02,2025-03-04,Mg,42,Online,Cartão
P4753,Calça Feminina,478.45,277.42,201.03,Nf876504,Pedbop@Email.Com,2025-06-20,2025-06-23,Pe,41,Loja,Dinheiro
P4754,Calça Masculina,129.1,94.24,34.86,Nf212206,Sqplpm@Email.Com,2025-03-07,2025-03-12,Pe,40,Loja,Dinheiro
P4755,Camiseta Feminina,444.05,242.46,201.59,Nf681646,Rhefxs@Email.Com,2025-09-03,2025-09-03,Sp,38,Loja,Pix
P4756,Tênis Feminino,183.87,95.31,88.56,Nf375226,Fzjjxs@Email.Com,2025-07-17,2025-07-17,Sc,39,Online,Cartão
P4757,Calça Feminina,277.07,147.6,129.47,Nf731304,Tyatrj@Email.Com,2026-02-12,2026-02-12,Rj,41,Online,Pix
P4758,Tênis Masculino,383.73,282.87,100.86,Nf984552,Greobt@Email.Com,2025-09-12,2025-09-16,Ba,P,Loja,Boleto
P4759,Tênis Masculino,246.2,198.12,48.08,Nf844649,Gqcnsd@Email.Com,2025-11-17,2025-11-21,Rj,39,Loja,Pix
P4760,Camiseta Masculina,321.94,171.67,150.27,Nf881658,Epklbs@Email.Com,2025-03-11,2025-03-16,Mg,37,Loja,Dinheiro
P4761,Tênis Feminino,451.36,248.88,202.48,Nf210488,Sjbdob@Email.Com,2025-01-06,2025-01-09,Ce,39,Loja,Dinheiro
P4762,Camiseta Masculina,212.31,122.1,90.21,Nf627845,Bcpxzw@Email.Com,2025-12-10,2025-12-12,Sc,39,Loja,Boleto
P4763,Tênis Feminino,80.13,56.29,23.84,Nf929246,Isxsqn@Email.Com,2025-06-15,2025-06-20,Sc,39,Loja,Dinheiro
P4764,Camiseta Feminina,332.77,196.93,135.84,Nf772166,Kmiutw@Email.Com,2026-01-01,2026-01-06,Sc,G,Online,Dinheiro
P4765,Camiseta Feminina,263.46,139.79,123.67,Nf275820,Ewelhr@Email.Com,2025-06-03,2025-06-08,Pe,41,Online,Dinheiro
P4766,Calça Masculina,302.43,233.76,68.67,Nf761608,Slhcwe@Email.Com,2025-01-29,2025-02-01,Mg,39,Online,Boleto
P4767,Calça Feminina,392.91,236.97,155.94,Nf876021,Kmbprk@Email.Com,2026-02-11,2026-02-13,Ce,42,Loja,Pix
P4768,Tênis Masculino,320.65,178.97,141.68,Nf778431,Mzwzga@Email.Com,2025-11-06,2025-11-06,Pb,39,Loja,Pix
P4769,Camiseta Masculina,380.23,201.9,178.33,Nf501117,Xzprfo@Email.Com,2026-03-07,2026-03-11,Pe,36,Online,Pix
P4770,Calça Masculina,187.95,114.16,73.79,Nf818735,Fefdpt@Email.Com,2025-01-20,2025-01-23,Rs,37,Online,Boleto
P4771,Calça Feminina,261.12,151.86,109.26,Nf723297,Ryilcr@Email.Com,2025-05-06,2025-05-09,Pe,41,Online,Dinheiro
P4772,Tênis Masculino,459.0,283.16,175.84,Nf719739,Thlsos@Email.Com,2025-04-23,2025-04-26,Sp,39,Online,Boleto
P4773,Tênis Feminino,423.05,297.98,125.07,Nf161739,Lgvyep@Email.Com,2025-03-15,2025-03-18,Rs,39,Loja,Pix
P4774,Tênis Masculino,351.53,271.68,79.85,Nf428700,Xwfwhh@Email.Com,2025-07-10,2025-07-13,Rj,M,Loja,Cartão
P4775,Camiseta Feminina,521.6,282.67,238.93,Nf528031,Ulmowx@Email.Com,2026-04-18,2026-04-18,Ce,M,Loja,Boleto
P4776,Calça Masculina,152.84,80.1,72.74,Nf531368,Kgqutz@Email.Com,2025-09-11,2025-09-13,Rj,37,Loja,Boleto
P4777,Tênis Masculino,330.1,175.82,154.28,Nf904912,Jyxikg@Email.Com,2025-06-08,2025-06-08,Pr,P,Loja,Cartão
P4778,Tênis Masculino,97.44,69.6,27.84,Nf237796,Ovofiw@Email.Com,2025-02-18,2025-02-20,Rs,42,Online,Boleto
P4779,Calça Masculina,561.0,286.03,274.97,Nf157256,Rnisqm@Email.Com,2025-12-21,2025-12-26,Pb,42,Loja,Dinheiro
P4780,Camiseta Feminina,324.55,268.05,56.5,Nf628561,Tchsvf@Email.Com,2025-06-22,2025-06-26,Rs,P,Online,Pix
P4781,Camiseta Feminina,274.94,179.59,95.35,Nf329683,Zovqwj@Email.Com,2026-02-11,2026-02-16,Pe,40,Online,Dinheiro
P4782,Camiseta Feminina,412.2,247.47,164.73,Nf242982,Dlpxfp@Email.Com,2025-07-26,2025-07-27,Ba,41,Online,Cartão
P4783,Camiseta Masculina,367.81,215.18,152.63,Nf984521,Dvrkhs@Email.Com,2025-04-16,2025-04-18,Pb,37,Loja,Cartão
P4784,Tênis Feminino,357.51,220.8,136.71,Nf831602,Yfrzrw@Email.Com,2025-11-19,2025-11-19,Sp,P,Loja,Boleto
P4785,Camiseta Feminina,428.24,285.07,143.17,Nf463224,Kbammy@Email.Com,2026-04-19,2026-04-22,Sp,39,Loja,Cartão
P4786,Camiseta Masculina,209.47,124.27,85.2,Nf927496,Zhaugr@Email.Com,2025-02-02,2025-02-07,Pr,38,Online,Cartão
P4787,Camiseta Masculina,495.02,257.86,237.16,Nf486982,Zhqmmx@Email.Com,2025-03-10,2025-03-10,Rs,M,Online,Boleto
P4788,Tênis Masculino,77.39,63.93,13.46,Nf481914,Edsroi@Email.Com,2025-12-16,2025-12-17,Rs,40,Loja,Dinheiro
P4789,Calça Feminina,148.4,97.68,50.72,Nf488550,Ihjgmi@Email.Com,2025-12-10,2025-12-13,Ce,41,Loja,Boleto
P4790,Calça Masculina,120.28,75.3,44.98,Nf539212,Ppnqxk@Email.Com,2026-01-20,2026-01-21,Rs,38,Loja,Pix
P4791,Tênis Masculino,151.1,104.08,47.02,Nf565292,Pbjyyy@Email.Com,2025-04-11,2025-04-13,Rs,36,Loja,Boleto
P4792,Camiseta Feminina,382.33,194.91,187.42,Nf665029,Lffvia@Email.Com,2025-05-10,2025-05-14,Sp,39,Loja,Cartão
P4793,Camiseta Masculina,325.15,190.9,134.25,Nf562360,Mrhqzo@Email.Com,2026-03-05,2026-03-05,Rs,M,Loja,Dinheiro
P4794,Tênis Feminino,433.37,298.84,134.53,Nf132881,Ceattt@Email.Com,2025-06-04,2025-06-06,Pb,42,Loja,Cartão
P4795,Tênis Masculino,183.9,94.55,89.35,Nf615113,Oqgsuh@Email.Com,2026-01-22,2026-01-25,Rs,P,Loja,Boleto
P4796,Tênis Masculino,388.85,257.24,131.61,Nf239287,Ndzshc@Email.Com,2025-02-17,2025-02-19,Pr,40,Loja,Boleto
P4797,Tênis Masculino,294.29,159.67,134.62,Nf281175,Ahdwhb@Email.Com,2026-04-07,2026-04-11,Ce,36,Loja,Pix
P4798,Camiseta Masculina,197.44,147.85,49.59,Nf292876,Vujljx@Email.Com,2025-07-05,2025-07-08,Ba,41,Loja,Pix
P4799,Tênis Masculino,131.86,99.32,32.54,Nf144435,Jxgpjq@Email.Com,2025-11-20,2025-11-24,Sp,P,Online,Pix
P4800,Calça Feminina,531.69,297.84,233.85,Nf355592,Epifqe@Email.Com,2026-03-31,2026-04-05,Ce,42,Online,Dinheiro
P4801,Tênis Masculino,123.01,80.65,42.36,Nf156523,Ydumpd@Email.Com,2025-11-15,2025-11-20,Pe,M,Online,Cartão
P4802,Camiseta Feminina,327.1,164.34,162.76,Nf345648,Dfivku@Email.Com,2025-02-28,2025-03-02,Pr,G,Loja,Dinheiro
P4803,Calça Masculina,467.4,252.83,214.57,Nf430249,Aifipb@Email.Com,2025-08-14,2025-08-18,Sp,42,Online,Dinheiro
P4804,Camiseta Masculina,108.1,83.78,24.32,Nf772247,Vyglds@Email.Com,2026-02-12,2026-02-14,Sp,36,Loja,Pix
P4805,Camiseta Masculina,221.01,182.88,38.13,Nf130096,Dtdkvn@Email.Com,2025-07-10,2025-07-10,Pe,38,Loja,Dinheiro
P4806,Calça Masculina,420.83,273.33,147.5,Nf197571,Heyaas@Email.Com,2025-02-24,2025-03-01,Sp,39,Online,Pix
P4807,Tênis Masculino,329.74,187.11,142.63,Nf636974,Tdoseo@Email.Com,2026-02-07,2026-02-11,Pr,41,Loja,Cartão
P4808,Calça Masculina,111.87,90.39,21.48,Nf888892,Wckwzz@Email.Com,2025-03-20,2025-03-25,Mg,G,Loja,Cartão
P4809,Calça Masculina,272.44,158.89,113.55,Nf994297,Jwgtiy@Email.Com,2026-02-23,2026-02-26,Rs,38,Online,Dinheiro
P4810,Tênis Masculino,494.42,287.99,206.43,Nf873002,Ykblxf@Email.Com,2025-07-01,2025-07-05,Ce,40,Online,Boleto
P4811,Camiseta Masculina,139.05,83.92,55.13,Nf139275,Mvbvrn@Email.Com,2025-08-01,2025-08-05,Rj,M,Loja,Boleto
P4812,Tênis Masculino,106.42,87.67,18.75,Nf733269,Xgbvzv@Email.Com,2025-02-22,2025-02-23,Ce,M,Online,Boleto
P4813,Tênis Feminino,319.04,212.31,106.73,Nf587288,Mfcgct@Email.Com,2025-07-15,2025-07-18,Pr,37,Loja,Pix
P4814,Tênis Feminino,254.7,189.44,65.26,Nf755622,Ruhuzj@Email.Com,2025-12-08,2025-12-09,Pe,G,Online,Cartão
P4815,Calça Feminina,342.99,219.94,123.05,Nf171244,Cmjdck@Email.Com,2025-04-27,2025-05-02,Pe,39,Online,Dinheiro
P4816,Camiseta Feminina,205.67,140.62,65.05,Nf973612,Lweyjg@Email.Com,2025-02-19,2025-02-20,Mg,40,Loja,Dinheiro
P4817,Tênis Feminino,191.23,103.65,87.58,Nf384957,Hectjr@Email.Com,2025-05-29,2025-05-31,Mg,P,Loja,Cartão
P4818,Tênis Masculino,202.86,157.52,45.34,Nf892026,Qtajrs@Email.Com,2025-02-19,2025-02-19,Sc,37,Loja,Cartão
P4819,Tênis Masculino,154.45,119.02,35.43,Nf565188,Khkypf@Email.Com,2025-04-06,2025-04-08,Ce,42,Loja,Cartão
P4820,Camiseta Feminina,269.99,149.39,120.6,Nf544534,Rgvkjz@Email.Com,2025-06-16,2025-06-17,Mg,37,Loja,Boleto
P4821,Camiseta Feminina,166.01,115.91,50.1,Nf588983,Sxamsp@Email.Com,2025-08-11,2025-08-13,Sp,P,Loja,Pix
P4822,Camiseta Masculina,219.99,110.9,109.09,Nf564853,Lblzkc@Email.Com,2025-05-14,2025-05-16,Ba,37,Loja,Cartão
P4823,Tênis Feminino,383.13,275.72,107.41,Nf489255,Gzinuo@Email.Com,2026-03-14,2026-03-14,Pr,37,Loja,Cartão
P4824,Camiseta Feminina,83.82,58.2,25.62,Nf404288,Gubnjk@Email.Com,2025-11-18,2025-11-18,Ce,G,Online,Dinheiro
P4825,Camiseta Masculina,202.05,126.04,76.01,Nf664605,Cugezh@Email.Com,2025-07-20,2025-07-25,Ce,M,Loja,Pix
P4826,Tênis Feminino,223.0,149.39,73.61,Nf250680,Jcfpok@Email.Com,2025-05-28,2025-05-29,Rj,39,Loja,Pix
P4827,Calça Feminina,498.24,287.15,211.09,Nf585338,Jgskln@Email.Com,2025-07-11,2025-07-14,Rj,M,Loja,Pix
P4828,Calça Masculina,117.94,82.91,35.03,Nf427956,Ksayxg@Email.Com,2026-04-13,2026-04-15,Rj,G,Online,Pix
P4829,Camiseta Masculina,110.88,81.1,29.78,Nf661971,Snaufu@Email.Com,2025-11-22,2025-11-27,Rs,42,Loja,Cartão
P4830,Calça Feminina,390.03,284.0,106.03,Nf693984,Hbckyt@Email.Com,2026-02-21,2026-02-25,Ba,42,Online,Dinheiro
P4831,Camiseta Feminina,124.03,70.84,53.19,Nf359799,Qtcpbg@Email.Com,2025-04-25,2025-04-27,Sc,37,Loja,Boleto
P4832,Camiseta Masculina,253.95,191.49,62.46,Nf828227,Dcsofg@Email.Com,2025-11-02,2025-11-04,Ba,41,Loja,Pix
P4833,Tênis Masculino,302.89,153.69,149.2,Nf958312,Yzhykp@Email.Com,2025-11-19,2025-11-19,Ce,G,Loja,Pix
P4834,Camiseta Feminina,111.37,74.35,37.02,Nf950619,Qvuvvw@Email.Com,2026-01-05,2026-01-08,Pe,G,Loja,Cartão
P4835,Tênis Masculino,171.82,138.05,33.77,Nf822343,Tufwsk@Email.Com,2025-07-11,2025-07-16,Sc,G,Loja,Cartão
P4836,Tênis Feminino,238.62,162.33,76.29,Nf894810,Lrikoo@Email.Com,2025-05-03,2025-05-08,Ba,M,Online,Boleto
P4837,Calça Masculina,231.45,162.22,69.23,Nf336942,Nibkcd@Email.Com,2025-07-07,2025-07-12,Rj,P,Online,Cartão
P4838,Camiseta Masculina,574.78,291.6,283.18,Nf779603,Zjebda@Email.Com,2025-03-08,2025-03-13,Pb,G,Online,Boleto
P4839,Camiseta Masculina,97.52,53.57,43.95,Nf420800,Kdhwlj@Email.Com,2026-02-02,2026-02-03,Rs,36,Online,Dinheiro
P4840,Camiseta Masculina,228.54,143.73,84.81,Nf650168,Jfrxky@Email.Com,2025-11-15,2025-11-16,Sc,38,Loja,Pix
P4841,Tênis Feminino,318.32,221.31,97.01,Nf421360,Fggcno@Email.Com,2025-10-17,2025-10-21,Pe,42,Online,Dinheiro
P4842,Calça Feminina,162.64,117.47,45.17,Nf838727,Mpdqvz@Email.Com,2025-03-26,2025-03-29,Ba,42,Online,Dinheiro
P4843,Calça Feminina,157.07,84.86,72.21,Nf972394,Bqpape@Email.Com,2026-03-14,2026-03-17,Ce,41,Loja,Boleto
P4844,Camiseta Masculina,252.13,197.08,55.05,Nf664625,Uygngk@Email.Com,2026-01-28,2026-01-28,Pr,38,Loja,Pix
P4845,Tênis Masculino,99.18,71.25,27.93,Nf797463,Tsccip@Email.Com,2025-02-04,2025-02-06,Ce,P,Online,Dinheiro
P4846,Camiseta Masculina,222.54,125.49,97.05,Nf104936,Aypkso@Email.Com,2025-08-15,2025-08-15,Pr,P,Online,Dinheiro
P4847,Calça Feminina,361.65,230.45,131.2,Nf596066,Fgsuqy@Email.Com,2026-02-13,2026-02-18,Ce,40,Loja,Dinheiro
P4848,Camiseta Feminina,414.85,284.82,130.03,Nf808018,Vwckxl@Email.Com,2026-03-19,2026-03-19,Ce,G,Online,Cartão
P4849,Camiseta Feminina,134.85,109.04,25.81,Nf237046,Znqcme@Email.Com,2025-06-21,2025-06-25,Rs,P,Loja,Boleto
P4850,Tênis Feminino,433.48,224.43,209.05,Nf465107,Jsayii@Email.Com,2025-03-14,2025-03-18,Ba,39,Online,Cartão
P4851,Camiseta Masculina,220.69,116.4,104.29,Nf414508,Lxtvfw@Email.Com,2026-01-02,2026-01-05,Sp,M,Online,Pix
P4852,Camiseta Masculina,549.05,289.58,259.47,Nf307899,Ustyhn@Email.Com,2026-04-27,2026-04-29,Rs,38,Loja,Boleto
P4853,Calça Masculina,314.27,238.91,75.36,Nf112718,Ejgpzk@Email.Com,2025-02-19,2025-02-24,Sc,G,Loja,Boleto
P4854,Tênis Masculino,443.06,227.27,215.79,Nf166067,Pzfsva@Email.Com,2025-01-16,2025-01-19,Sc,40,Loja,Boleto
P4855,Tênis Feminino,289.34,228.99,60.35,Nf263491,Uuhhfv@Email.Com,2025-07-18,2025-07-23,Ce,P,Loja,Pix
P4856,Calça Masculina,289.45,207.46,81.99,Nf592154,Bfywln@Email.Com,2026-04-06,2026-04-06,Ce,39,Online,Pix
P4857,Tênis Masculino,559.5,290.87,268.63,Nf378763,Gwbyek@Email.Com,2025-03-17,2025-03-22,Ce,36,Online,Pix
P4858,Calça Feminina,315.94,242.6,73.34,Nf777365,Lbybyt@Email.Com,2025-02-06,2025-02-09,Pr,39,Loja,Pix
P4859,Camiseta Masculina,100.31,77.64,22.67,Nf850011,Rranuv@Email.Com,2026-03-28,2026-04-02,Mg,41,Online,Boleto
P4860,Camiseta Feminina,224.64,162.64,62.0,Nf995855,Kbapmz@Email.Com,2025-09-22,2025-09-26,Mg,G,Online,Dinheiro
P4861,Tênis Feminino,123.39,69.45,53.94,Nf753412,Mnvdxe@Email.Com,2026-04-07,2026-04-12,Rj,M,Online,Cartão
P4862,Camiseta Masculina,457.71,277.4,180.31,Nf998684,Jzjotj@Email.Com,2025-08-22,2025-08-27,Rj,38,Loja,Pix
P4863,Calça Feminina,324.37,259.2,65.17,Nf151954,Vsroya@Email.Com,2025-07-15,2025-07-16,Sc,42,Online,Cartão
P4864,Camiseta Masculina,477.48,298.62,178.86,Nf879113,Vzbzsq@Email.Com,2025-03-11,2025-03-11,Rs,42,Online,Cartão
P4865,Camiseta Feminina,428.91,275.16,153.75,Nf605822,Xyknsi@Email.Com,2025-05-27,2025-05-31,Sp,38,Online,Pix
P4866,Camiseta Masculina,521.57,282.6,238.97,Nf126308,Jltufi@Email.Com,2025-12-31,2026-01-01,Pr,41,Online,Pix
P4867,Tênis Feminino,382.89,298.69,84.2,Nf173714,Gvydpf@Email.Com,2026-02-07,2026-02-07,Pb,G,Online,Boleto
P4868,Calça Masculina,171.5,101.82,69.68,Nf759607,Kvvwuw@Email.Com,2025-12-26,2025-12-29,Sp,42,Loja,Dinheiro
P4869,Camiseta Feminina,95.44,73.3,22.14,Nf935675,Ulhiou@Email.Com,2025-08-07,2025-08-08,Mg,P,Loja,Dinheiro
P4870,Tênis Feminino,458.46,264.91,193.55,Nf245265,Igwepo@Email.Com,2025-12-26,2025-12-30,Pe,G,Loja,Pix
P4871,Calça Feminina,369.67,290.87,78.8,Nf580003,Defvrr@Email.Com,2025-06-18,2025-06-18,Pr,39,Loja,Pix
P4872,Tênis Masculino,246.46,132.8,113.66,Nf601449,Rbkrod@Email.Com,2026-04-30,2026-05-02,Pe,39,Loja,Pix
P4873,Tênis Masculino,200.87,141.85,59.02,Nf285353,Aajaka@Email.Com,2026-03-29,2026-03-31,Rs,37,Online,Dinheiro
P4874,Calça Masculina,331.57,209.59,121.98,Nf376302,Uyrsow@Email.Com,2025-08-29,2025-09-01,Rj,37,Online,Boleto
P4875,Camiseta Feminina,81.66,51.41,30.25,Nf294777,Vsytgm@Email.Com,2025-05-08,2025-05-13,Rs,40,Online,Cartão
P4876,Tênis Masculino,408.05,223.65,184.4,Nf711180,Bloofr@Email.Com,2025-03-01,2025-03-04,Ba,37,Loja,Pix
P4877,Camiseta Masculina,121.53,62.62,58.91,Nf891396,Nbrnit@Email.Com,2025-06-20,2025-06-25,Ba,42,Online,Boleto
P4878,Calça Masculina,272.92,225.73,47.19,Nf518907,Namlje@Email.Com,2025-01-26,2025-01-31,Rj,38,Loja,Pix
P4879,Camiseta Masculina,119.81,70.11,49.7,Nf832376,Vhyriv@Email.Com,2025-10-11,2025-10-11,Pr,P,Loja,Cartão
P4880,Camiseta Feminina,125.23,67.05,58.18,Nf333331,Pearla@Email.Com,2026-01-12,2026-01-16,Pe,P,Online,Dinheiro
P4881,Camiseta Feminina,202.04,163.15,38.89,Nf541158,Cprcpj@Email.Com,2025-07-31,2025-08-01,Sp,P,Online,Boleto
P4882,Calça Feminina,224.38,166.75,57.63,Nf666099,Tltndo@Email.Com,2025-09-06,2025-09-08,Pb,37,Online,Dinheiro
P4883,Tênis Feminino,352.24,189.14,163.1,Nf634529,Cumnyn@Email.Com,2025-11-09,2025-11-12,Pr,G,Loja,Dinheiro
P4884,Tênis Masculino,357.35,275.25,82.1,Nf653793,Qybtpy@Email.Com,2025-01-28,2025-01-29,Ba,39,Online,Dinheiro
P4885,Calça Feminina,374.59,214.37,160.22,Nf679845,Omtsjp@Email.Com,2026-03-25,2026-03-26,Pr,G,Online,Pix
P4886,Tênis Masculino,247.69,180.65,67.04,Nf126632,Ucdcqk@Email.Com,2025-06-15,2025-06-17,Mg,M,Loja,Boleto
P4887,Tênis Feminino,178.41,128.49,49.92,Nf550452,Ymdqlr@Email.Com,2025-11-07,2025-11-11,Sp,38,Loja,Pix
P4888,Tênis Masculino,111.21,73.73,37.48,Nf158977,Jenkli@Email.Com,2025-11-18,2025-11-23,Sc,M,Online,Dinheiro
P4889,Camiseta Feminina,431.29,228.96,202.33,Nf908870,Kqnddb@Email.Com,2025-07-10,2025-07-13,Pr,39,Loja,Cartão
P4890,Camiseta Masculina,178.19,109.12,69.07,Nf601930,Utpcio@Email.Com,2025-11-08,2025-11-09,Pb,40,Loja,Boleto
P4891,Camiseta Feminina,402.11,289.64,112.47,Nf690168,Ypnyje@Email.Com,2025-08-22,2025-08-26,Ce,38,Loja,Dinheiro
P4892,Tênis Feminino,252.27,205.79,46.48,Nf795890,Uceuni@Email.Com,2025-01-10,2025-01-14,Sp,36,Loja,Dinheiro
P4893,Tênis Masculino,354.84,215.82,139.02,Nf950641,Qlhacs@Email.Com,2025-10-05,2025-10-05,Mg,M,Loja,Dinheiro
P4894,Camiseta Masculina,189.17,127.8,61.37,Nf721008,Limxma@Email.Com,2025-10-29,2025-11-02,Pr,M,Online,Dinheiro
P4895,Tênis Feminino,295.58,167.86,127.72,Nf759071,Vuzrfm@Email.Com,2025-12-01,2025-12-05,Pb,38,Online,Dinheiro
P4896,Camiseta Masculina,266.37,158.85,107.52,Nf759880,Msopxk@Email.Com,2026-01-19,2026-01-22,Sp,M,Online,Boleto
P4897,Tênis Masculino,362.73,249.85,112.88,Nf136636,Iumqvd@Email.Com,2025-09-27,2025-10-01,Mg,38,Online,Dinheiro
P4898,Camiseta Masculina,429.65,256.58,173.07,Nf674039,Txiiqi@Email.Com,2026-03-31,2026-04-01,Pe,P,Online,Pix
P4899,Calça Feminina,385.09,265.61,119.48,Nf585968,Hnfllf@Email.Com,2025-04-17,2025-04-17,Sc,40,Online,Boleto
P4900,Calça Masculina,320.47,175.79,144.68,Nf438223,Wujshx@Email.Com,2025-04-01,2025-04-06,Rj,G,Online,Dinheiro
P4901,Tênis Masculino,293.89,148.72,145.17,Nf394877,Ehaflt@Email.Com,2026-04-26,2026-04-30,Pb,38,Loja,Cartão
P4902,Calça Masculina,454.26,251.85,202.41,Nf303568,Fpsagw@Email.Com,2026-04-23,2026-04-27,Pr,41,Loja,Boleto
P4903,Camiseta Feminina,404.45,228.96,175.49,Nf402228,Zmfbzm@Email.Com,2026-02-04,2026-02-06,Mg,M,Online,Dinheiro
P4904,Calça Feminina,106.25,86.32,19.93,Nf780814,Svkgww@Email.Com,2025-11-02,2025-11-06,Pr,P,Loja,Dinheiro
P4905,Tênis Feminino,159.7,96.44,63.26,Nf496423,Mhwsey@Email.Com,2025-03-31,2025-04-05,Pb,M,Online,Dinheiro
P4906,Camiseta Masculina,452.09,227.87,224.22,Nf517542,Qdrvyp@Email.Com,2025-05-19,2025-05-19,Pe,36,Loja,Pix
P4907,Camiseta Masculina,141.63,95.13,46.5,Nf723012,Hbmehr@Email.Com,2025-07-06,2025-07-08,Sp,40,Loja,Pix
P4908,Tênis Feminino,519.62,282.85,236.77,Nf827310,Mssnhe@Email.Com,2025-03-22,2025-03-27,Sc,G,Online,Dinheiro
P4909,Tênis Masculino,331.18,202.68,128.5,Nf676137,Kkztzn@Email.Com,2025-02-14,2025-02-19,Rs,42,Online,Dinheiro
P4910,Tênis Masculino,423.99,243.22,180.77,Nf999544,Siuoca@Email.Com,2026-02-18,2026-02-22,Pb,42,Online,Pix
P4911,Tênis Masculino,322.88,192.83,130.05,Nf308230,Swbppg@Email.Com,2025-02-03,2025-02-08,Sc,40,Loja,Cartão
P4912,Tênis Masculino,79.43,65.16,14.27,Nf255396,Wplwsz@Email.Com,2025-09-20,2025-09-24,Pb,41,Online,Cartão
P4913,Calça Masculina,379.55,225.87,153.68,Nf616027,Kcxven@Email.Com,2025-05-08,2025-05-10,Pb,40,Loja,Cartão
P4914,Tênis Feminino,267.67,165.85,101.82,Nf529762,Nfwmtg@Email.Com,2025-05-02,2025-05-04,Pb,P,Loja,Pix
P4915,Tênis Masculino,410.24,229.07,181.17,Nf938920,Llihni@Email.Com,2025-08-31,2025-08-31,Pb,41,Loja,Cartão
P4916,Tênis Masculino,469.17,250.85,218.32,Nf557066,Cjzalz@Email.Com,2026-03-17,2026-03-21,Pe,37,Online,Cartão
P4917,Calça Masculina,213.98,177.09,36.89,Nf226322,Flhezs@Email.Com,2025-09-23,2025-09-23,Pe,37,Online,Cartão
P4918,Tênis Masculino,533.2,285.4,247.8,Nf681231,Lhdeio@Email.Com,2025-01-05,2025-01-07,Mg,38,Online,Dinheiro
P4919,Camiseta Feminina,479.77,291.4,188.37,Nf254448,Wcmunl@Email.Com,2025-06-21,2025-06-22,Ce,42,Loja,Dinheiro
P4920,Camiseta Masculina,222.26,158.46,63.8,Nf119322,Govpvy@Email.Com,2025-11-01,2025-11-06,Sp,36,Loja,Pix
P4921,Camiseta Feminina,448.23,286.59,161.64,Nf523962,Xebxjz@Email.Com,2025-12-10,2025-12-10,Pr,M,Loja,Pix
P4922,Camiseta Masculina,163.9,122.96,40.94,Nf147664,Lvphin@Email.Com,2026-03-17,2026-03-21,Sp,40,Online,Cartão
P4923,Calça Feminina,95.76,52.03,43.73,Nf420586,Qmoiug@Email.Com,2025-08-03,2025-08-04,Pe,38,Online,Cartão
P4924,Calça Feminina,269.44,213.87,55.57,Nf737549,Hjfwdp@Email.Com,2025-10-26,2025-10-30,Sc,41,Online,Pix
P4925,Calça Masculina,218.79,124.56,94.23,Nf223372,Feuief@Email.Com,2025-03-26,2025-03-28,Rs,37,Loja,Cartão
P4926,Tênis Feminino,123.8,69.37,54.43,Nf910619,Snqyam@Email.Com,2025-08-15,2025-08-19,Mg,41,Online,Dinheiro
P4927,Camiseta Masculina,500.14,298.56,201.58,Nf791208,Otcmoz@Email.Com,2026-02-27,2026-03-02,Pr,P,Loja,Dinheiro
P4928,Tênis Feminino,130.09,104.03,26.06,Nf509073,Lddqvo@Email.Com,2025-02-15,2025-02-17,Sp,41,Loja,Dinheiro
P4929,Camiseta Masculina,99.33,59.53,39.8,Nf337705,Mnflax@Email.Com,2025-04-16,2025-04-17,Ba,38,Loja,Pix
P4930,Calça Masculina,491.17,279.58,211.59,Nf914965,Vjgepf@Email.Com,2025-11-14,2025-11-17,Pr,39,Online,Boleto
P4931,Tênis Masculino,431.97,251.36,180.61,Nf675696,Wmnuon@Email.Com,2025-04-03,2025-04-04,Pe,39,Online,Dinheiro
P4932,Tênis Masculino,462.3,265.44,196.86,Nf593582,Cchqch@Email.Com,2025-10-11,2025-10-12,Pe,41,Online,Boleto
P4933,Camiseta Feminina,149.09,94.65,54.44,Nf305220,Uaqvpf@Email.Com,2025-09-24,2025-09-29,Sp,40,Loja,Cartão
P4934,Camiseta Feminina,101.21,67.19,34.02,Nf717736,Kwwobd@Email.Com,2025-05-14,2025-05-14,Pr,38,Online,Pix
P4935,Camiseta Masculina,85.3,56.15,29.15,Nf514853,Qkvywe@Email.Com,2025-02-01,2025-02-06,Sc,G,Loja,Pix
P4936,Camiseta Masculina,280.96,201.44,79.52,Nf280197,Znzrpd@Email.Com,2026-04-20,2026-04-25,Rj,38,Loja,Boleto
P4937,Camiseta Feminina,378.58,273.22,105.36,Nf861194,Pzoyat@Email.Com,2025-01-02,2025-01-04,Sp,41,Loja,Boleto
P4938,Calça Masculina,352.67,283.75,68.92,Nf873548,Lmjyyw@Email.Com,2025-08-26,2025-08-31,Mg,37,Loja,Cartão
P4939,Tênis Masculino,351.95,207.82,144.13,Nf266927,Zvguxh@Email.Com,2026-04-26,2026-04-27,Pe,38,Loja,Dinheiro
P4940,Calça Feminina,210.09,115.41,94.68,Nf355783,Yskkso@Email.Com,2026-03-26,2026-03-29,Mg,36,Loja,Cartão
P4941,Tênis Feminino,176.17,104.87,71.3,Nf925750,Tyrbcx@Email.Com,2025-05-23,2025-05-23,Sc,41,Online,Dinheiro
P4942,Calça Feminina,488.48,256.3,232.18,Nf727290,Zygmki@Email.Com,2025-05-16,2025-05-16,Ce,38,Online,Dinheiro
P4943,Tênis Masculino,368.76,283.91,84.85,Nf607156,Bdorjw@Email.Com,2025-10-03,2025-10-07,Ba,38,Online,Pix
P4944,Tênis Feminino,262.38,150.92,111.46,Nf128569,Rubxen@Email.Com,2025-05-20,2025-05-24,Pe,P,Online,Boleto
P4945,Camiseta Masculina,210.69,146.43,64.26,Nf552065,Ajeyki@Email.Com,2025-11-28,2025-12-02,Ce,M,Online,Pix
P4946,Camiseta Feminina,338.84,203.14,135.7,Nf916852,Nxdjst@Email.Com,2026-04-29,2026-05-04,Mg,40,Loja,Boleto
P4947,Tênis Feminino,319.12,220.72,98.4,Nf728272,Rasgen@Email.Com,2025-12-19,2025-12-19,Pb,39,Loja,Dinheiro
P4948,Camiseta Masculina,366.53,225.6,140.93,Nf400111,Bjqixo@Email.Com,2025-03-26,2025-03-30,Pr,37,Online,Dinheiro
P4949,Tênis Feminino,125.86,63.73,62.13,Nf504516,Acrpzq@Email.Com,2025-07-06,2025-07-07,Sc,40,Online,Boleto
P4950,Tênis Feminino,398.35,232.94,165.41,Nf922355,Fsqxnw@Email.Com,2025-03-17,2025-03-22,Ba,36,Loja,Pix
P4951,Tênis Feminino,379.69,224.07,155.62,Nf702624,Noagnr@Email.Com,2025-12-17,2025-12-18,Rj,G,Loja,Dinheiro
P4952,Calça Masculina,99.16,61.08,38.08,Nf296818,Jngyxz@Email.Com,2025-11-22,2025-11-23,Pe,P,Online,Dinheiro
P4953,Calça Masculina,168.98,140.41,28.57,Nf584821,Nfyhms@Email.Com,2026-04-11,2026-04-16,Rs,41,Loja,Dinheiro
P4954,Calça Masculina,418.1,268.28,149.82,Nf411257,Ptjknc@Email.Com,2025-10-01,2025-10-05,Sc,41,Online,Pix
P4955,Camiseta Masculina,103.62,80.8,22.82,Nf378517,Ftgyco@Email.Com,2026-02-15,2026-02-15,Pr,39,Online,Dinheiro
P4956,Camiseta Feminina,146.35,95.27,51.08,Nf199311,Gdtifn@Email.Com,2026-01-28,2026-01-30,Rs,M,Online,Cartão
P4957,Camiseta Feminina,394.48,248.84,145.64,Nf955292,Djndnn@Email.Com,2025-08-14,2025-08-14,Sc,42,Loja,Dinheiro
P4958,Camiseta Masculina,489.41,271.95,217.46,Nf530819,Eguzfy@Email.Com,2026-03-07,2026-03-09,Sc,42,Loja,Pix
P4959,Tênis Feminino,409.6,281.1,128.5,Nf351514,Oyuqwf@Email.Com,2025-07-07,2025-07-08,Sp,38,Loja,Boleto
P4960,Tênis Masculino,227.87,125.09,102.78,Nf772954,Agvvcj@Email.Com,2025-12-20,2025-12-25,Mg,40,Loja,Cartão
P4961,Camiseta Feminina,95.92,55.43,40.49,Nf810637,Buxeou@Email.Com,2025-06-13,2025-06-13,Pr,P,Loja,Dinheiro
P4962,Tênis Masculino,264.49,176.62,87.87,Nf985427,Cxivgq@Email.Com,2025-08-22,2025-08-24,Ba,37,Online,Dinheiro
P4963,Camiseta Feminina,362.62,240.75,121.87,Nf118815,Jcajrl@Email.Com,2026-01-17,2026-01-22,Rs,36,Loja,Cartão
P4964,Calça Feminina,208.81,117.39,91.42,Nf813751,Xrxcoa@Email.Com,2025-05-09,2025-05-13,Pr,40,Loja,Pix
P4965,Calça Masculina,429.03,235.61,193.42,Nf843829,Vqnlyx@Email.Com,2025-10-01,2025-10-05,Pb,36,Online,Dinheiro
P4966,Calça Feminina,118.39,70.01,48.38,Nf454081,Ijqakt@Email.Com,2026-04-15,2026-04-17,Pr,38,Loja,Pix
P4967,Calça Masculina,201.6,148.36,53.24,Nf614390,Cysxjm@Email.Com,2025-10-17,2025-10-18,Pb,39,Loja,Dinheiro
P4968,Camiseta Feminina,505.46,287.86,217.6,Nf747792,Xnpwzx@Email.Com,2025-11-30,2025-12-05,Sc,M,Online,Boleto
P4969,Camiseta Feminina,315.74,209.58,106.16,Nf386055,Uybxja@Email.Com,2025-11-01,2025-11-02,Mg,37,Online,Boleto
P4970,Camiseta Masculina,130.84,88.67,42.17,Nf735190,Gmkguz@Email.Com,2025-12-03,2025-12-07,Sc,42,Online,Cartão
P4971,Camiseta Masculina,260.07,190.91,69.16,Nf887262,Ypabtv@Email.Com,2025-01-16,2025-01-19,Rs,M,Loja,Dinheiro
P4972,Calça Feminina,170.38,127.98,42.4,Nf116617,Wqscln@Email.Com,2025-02-09,2025-02-12,Pb,41,Loja,Boleto
P4973,Calça Masculina,302.67,180.32,122.35,Nf712615,Kuqvff@Email.Com,2025-09-02,2025-09-02,Rs,40,Online,Boleto
P4974,Calça Feminina,367.06,293.8,73.26,Nf536448,Ygpnix@Email.Com,2025-03-09,2025-03-11,Pb,G,Online,Dinheiro
P4975,Calça Feminina,337.75,249.56,88.19,Nf571399,Owvusk@Email.Com,2025-10-11,2025-10-16,Mg,40,Online,Dinheiro
P4976,Calça Masculina,363.53,289.22,74.31,Nf576994,Awkjhs@Email.Com,2025-01-11,2025-01-11,Rs,P,Loja,Pix
P4977,Tênis Feminino,349.5,214.19,135.31,Nf275320,Mbiliy@Email.Com,2026-01-06,2026-01-07,Pb,36,Online,Cartão
P4978,Tênis Feminino,192.91,114.98,77.93,Nf194287,Kezcro@Email.Com,2026-01-13,2026-01-17,Rs,37,Online,Pix
P4979,Calça Feminina,324.38,226.85,97.53,Nf189530,Ulkilf@Email.Com,2026-01-03,2026-01-05,Pr,41,Online,Pix
P4980,Tênis Masculino,123.67,94.56,29.11,Nf115613,Nllihw@Email.Com,2025-12-08,2025-12-11,Sp,40,Loja,Dinheiro
P4981,Calça Feminina,219.13,146.1,73.03,Nf489678,Obphya@Email.Com,2025-09-15,2025-09-18,Ce,37,Loja,Boleto
P4982,Camiseta Feminina,425.44,215.95,209.49,Nf105497,Niciao@Email.Com,2025-12-09,2025-12-12,Pb,38,Loja,Cartão
P4983,Calça Feminina,487.56,298.55,189.01,Nf417992,Ihdfij@Email.Com,2025-01-12,2025-01-17,Mg,40,Loja,Cartão
P4984,Calça Masculina,95.35,77.38,17.97,Nf360847,Hdqgec@Email.Com,2025-01-06,2025-01-08,Pb,P,Loja,Dinheiro
P4985,Camiseta Feminina,100.11,74.45,25.66,Nf634783,Zmnvvc@Email.Com,2025-11-24,2025-11-29,Sp,P,Loja,Boleto
P4986,Calça Feminina,486.27,270.05,216.22,Nf368405,Lvyjut@Email.Com,2025-06-17,2025-06-18,Sp,P,Loja,Boleto
P4987,Calça Masculina,146.18,117.38,28.8,Nf396974,Sqxjac@Email.Com,2026-02-12,2026-02-17,Mg,39,Online,Pix
P4988,Calça Feminina,235.55,142.2,93.35,Nf622520,Dwezep@Email.Com,2026-04-26,2026-04-28,Pe,G,Online,Dinheiro
P4989,Calça Masculina,184.56,123.43,61.13,Nf672689,Lzxfgz@Email.Com,2026-04-27,2026-04-30,Pe,37,Online,Dinheiro
P4990,Camiseta Masculina,291.26,227.22,64.04,Nf743140,Asctob@Email.Com,2025-03-10,2025-03-15,Ce,42,Online,Boleto
P4991,Camiseta Masculina,305.74,246.98,58.76,Nf387851,Yyhhzr@Email.Com,2025-05-20,2025-05-24,Pb,P,Online,Boleto
P4992,Calça Feminina,145.69,103.12,42.57,Nf410813,Dzapro@Email.Com,2025-11-20,2025-11-25,Pe,39,Loja,Cartão
P4993,Tênis Feminino,109.84,55.94,53.9,Nf247685,Pmtyts@Email.Com,2025-03-22,2025-03-25,Pb,42,Loja,Pix
P4994,Tênis Masculino,204.15,120.81,83.34,Nf467230,Gbhdib@Email.Com,2025-07-12,2025-07-14,Pb,41,Online,Boleto
P4995,Camiseta Feminina,241.32,148.37,92.95,Nf561671,Pybzcn@Email.Com,2025-02-14,2025-02-14,Rj,42,Loja,Boleto
P4996,Tênis Feminino,273.97,224.47,49.5,Nf577342,Utfbdn@Email.Com,2025-06-02,2025-06-03,Sc,37,Loja,Cartão
P4997,Camiseta Feminina,94.76,55.15,39.61,Nf339437,Qsmazk@Email.Com,2025-03-18,2025-03-18,Rs,40,Loja,Pix
P4998,Tênis Feminino,528.27,273.31,254.96,Nf876143,Gassqr@Email.Com,2026-02-04,2026-02-05,Sp,42,Loja,Boleto
P4999,Tênis Feminino,369.48,276.15,93.33,Nf157104,Ncfopt@Email.Com,2025-07-06,2025-07-11,Pb,P,Loja,Cartão
P5000,Calça Feminina,145.18,108.67,36.51,Nf636566,Kugdxc@Email.Com,2025-01-30,2025-02-04,Sc,M,Online,Boleto
P5001,Camiseta Masculina,332.2,246.96,85.24,Nf705029,Ldrcpe@Email.Com,2025-07-18,2025-07-21,Sp,P,Loja,Boleto
P5002,Camiseta Feminina,284.61,174.22,110.39,Nf498248,Bcwmpi@Email.Com,2025-04-11,2025-04-16,Rs,37,Online,Pix
P5003,Tênis Feminino,133.94,91.66,42.28,Nf258778,Gkdjym@Email.Com,2025-10-14,2025-10-14,Mg,38,Loja,Pix
P5004,Camiseta Masculina,100.69,58.6,42.09,Nf824905,Lgtskb@Email.Com,2025-07-17,2025-07-17,Pr,39,Online,Cartão
P5005,Tênis Masculino,516.22,298.48,217.74,Nf944165,Ktnucj@Email.Com,2025-04-08,2025-04-11,Pr,38,Online,Pix
P5006,Calça Feminina,167.87,113.73,54.14,Nf942597,Xgukpa@Email.Com,2025-11-05,2025-11-10,Sc,41,Online,Dinheiro
P5007,Calça Feminina,335.34,209.67,125.67,Nf503756,Awcvhi@Email.Com,2025-03-19,2025-03-20,Pr,38,Online,Boleto
P5008,Camiseta Feminina,265.21,196.78,68.43,Nf607224,Zakabg@Email.Com,2026-02-03,2026-02-05,Mg,38,Loja,Boleto
P5009,Tênis Feminino,86.74,71.92,14.82,Nf180823,Neemxd@Email.Com,2025-01-01,2025-01-05,Sc,36,Online,Cartão
P5010,Camiseta Masculina,117.25,86.23,31.02,Nf155381,Tsecbz@Email.Com,2025-01-25,2025-01-26,Ba,40,Online,Cartão
P5011,Calça Masculina,350.83,216.89,133.94,Nf339559,Kzqyrc@Email.Com,2026-04-14,2026-04-19,Pr,39,Online,Dinheiro
P5012,Camiseta Masculina,283.11,161.18,121.93,Nf687497,Iemhpm@Email.Com,2025-05-01,2025-05-03,Sc,P,Online,Cartão
P5013,Calça Feminina,396.6,243.93,152.67,Nf623744,Brmamc@Email.Com,2025-03-10,2025-03-10,Mg,42,Online,Pix
P5014,Camiseta Feminina,110.41,82.18,28.23,Nf303822,Tcgsee@Email.Com,2025-01-11,2025-01-13,Ce,M,Loja,Boleto
P5015,Calça Feminina,346.23,231.76,114.47,Nf332996,Zprcud@Email.Com,2025-09-17,2025-09-22,Sp,P,Online,Cartão
P5016,Calça Masculina,252.87,142.9,109.97,Nf234225,Tzhwqf@Email.Com,2025-05-31,2025-06-05,Pb,P,Loja,Dinheiro
P5017,Tênis Feminino,340.4,204.27,136.13,Nf693604,Hrcugf@Email.Com,2026-04-13,2026-04-17,Pb,42,Online,Boleto
P5018,Camiseta Feminina,344.4,203.08,141.32,Nf219668,Mjdmcd@Email.Com,2025-06-06,2025-06-09,Ce,41,Loja,Dinheiro
P5019,Camiseta Masculina,286.54,167.95,118.59,Nf742041,Flewdf@Email.Com,2026-03-23,2026-03-28,Pe,G,Loja,Pix
P5020,Camiseta Masculina,268.66,199.91,68.75,Nf736013,Yjyedx@Email.Com,2025-09-05,2025-09-08,Rs,37,Loja,Cartão
P5021,Calça Feminina,265.82,142.41,123.41,Nf782707,Jyuniw@Email.Com,2025-08-12,2025-08-12,Rs,39,Online,Boleto
P5022,Camiseta Feminina,457.08,237.61,219.47,Nf349657,Zdkcsg@Email.Com,2025-08-26,2025-08-31,Sc,37,Loja,Boleto
P5023,Camiseta Feminina,308.58,183.42,125.16,Nf204601,Vyupuu@Email.Com,2025-03-06,2025-03-08,Ce,38,Online,Pix
P5024,Calça Masculina,269.48,160.25,109.23,Nf328062,Vimhzc@Email.Com,2025-04-07,2025-04-09,Ba,36,Online,Boleto
P5025,Camiseta Masculina,165.92,97.09,68.83,Nf296046,Fizcxz@Email.Com,2025-11-29,2025-12-02,Sc,37,Online,Boleto
P5026,Camiseta Feminina,429.82,294.43,135.39,Nf831637,Opltux@Email.Com,2025-06-28,2025-06-29,Pe,36,Loja,Pix
P5027,Tênis Feminino,197.58,156.13,41.45,Nf190995,Lzczrd@Email.Com,2025-02-11,2025-02-14,Rj,36,Loja,Cartão
P5028,Tênis Feminino,189.52,107.79,81.73,Nf928824,Iwkgls@Email.Com,2025-05-08,2025-05-11,Mg,39,Online,Boleto
P5029,Calça Feminina,195.44,122.68,72.76,Nf791470,Sqzbnh@Email.Com,2025-09-05,2025-09-08,Pe,M,Online,Dinheiro
P5030,Calça Masculina,119.66,84.54,35.12,Nf665970,Pdyrpa@Email.Com,2025-12-13,2025-12-14,Rs,M,Online,Dinheiro
P5031,Calça Feminina,115.18,86.38,28.8,Nf422144,Zdhprm@Email.Com,2025-08-22,2025-08-22,Ba,39,Loja,Boleto
P5032,Tênis Masculino,306.28,244.43,61.85,Nf755240,Lmfwkw@Email.Com,2026-02-24,2026-02-26,Sc,42,Loja,Cartão
P5033,Camiseta Masculina,207.5,118.7,88.8,Nf337308,Vwiuqy@Email.Com,2026-02-13,2026-02-14,Sc,P,Loja,Pix
P5034,Camiseta Masculina,343.77,226.76,117.01,Nf128932,Cquhue@Email.Com,2026-04-03,2026-04-05,Pr,36,Online,Dinheiro
P5035,Tênis Feminino,501.15,276.19,224.96,Nf265878,Ceeyme@Email.Com,2025-12-10,2025-12-11,Pe,G,Online,Cartão
P5036,Tênis Masculino,125.67,79.52,46.15,Nf889730,Vwqmnz@Email.Com,2025-04-02,2025-04-03,Ba,41,Loja,Boleto
P5037,Tênis Masculino,324.94,194.34,130.6,Nf998073,Yqieuq@Email.Com,2026-02-08,2026-02-11,Ba,42,Loja,Pix
P5038,Calça Masculina,467.07,267.84,199.23,Nf431816,Muatet@Email.Com,2026-03-05,2026-03-09,Sc,P,Online,Boleto
P5039,Calça Feminina,289.42,182.24,107.18,Nf910236,Xmtkuw@Email.Com,2025-01-14,2025-01-18,Pr,M,Loja,Dinheiro
P5040,Camiseta Masculina,175.43,92.34,83.09,Nf754361,Ccwrsm@Email.Com,2025-11-11,2025-11-15,Sc,40,Online,Boleto
P5041,Calça Masculina,571.52,291.56,279.96,Nf443983,Ibotqf@Email.Com,2025-02-18,2025-02-23,Rs,M,Loja,Cartão
P5042,Camiseta Feminina,227.5,149.79,77.71,Nf293455,Ydpnmu@Email.Com,2025-04-10,2025-04-10,Pb,41,Online,Cartão
P5043,Calça Feminina,170.28,91.54,78.74,Nf844448,Ortwep@Email.Com,2025-12-01,2025-12-03,Pb,37,Online,Cartão
P5044,Camiseta Masculina,311.33,202.29,109.04,Nf845767,Mmlyvs@Email.Com,2025-04-12,2025-04-16,Pe,41,Online,Cartão
P5045,Calça Feminina,300.83,159.89,140.94,Nf428441,Bsqpxu@Email.Com,2025-03-13,2025-03-14,Ba,37,Online,Cartão
P5046,Tênis Masculino,342.66,257.47,85.19,Nf150062,Lojqgd@Email.Com,2025-10-02,2025-10-03,Rj,G,Online,Boleto
P5047,Tênis Masculino,245.35,133.68,111.67,Nf219932,Ueohyi@Email.Com,2025-09-16,2025-09-18,Mg,37,Online,Boleto
P5048,Calça Masculina,324.04,215.97,108.07,Nf501388,Pwjosh@Email.Com,2026-04-13,2026-04-17,Ce,M,Loja,Boleto
P5049,Camiseta Masculina,78.24,56.44,21.8,Nf103321,Kheppj@Email.Com,2025-07-10,2025-07-15,Ce,38,Online,Dinheiro
P5050,Calça Masculina,91.28,50.8,40.48,Nf986955,Tohtna@Email.Com,2026-03-03,2026-03-08,Pb,G,Online,Boleto
P5051,Camiseta Feminina,288.64,197.55,91.09,Nf760976,Kerrua@Email.Com,2025-11-30,2025-12-03,Ba,40,Online,Pix
P5052,Camiseta Masculina,350.17,251.33,98.84,Nf391884,Vjtcol@Email.Com,2025-02-01,2025-02-02,Mg,41,Loja,Pix
P5053,Calça Feminina,349.21,192.96,156.25,Nf386842,Xlhupp@Email.Com,2025-07-07,2025-07-07,Sc,36,Loja,Cartão
P5054,Tênis Masculino,428.71,289.0,139.71,Nf568173,Fxzwco@Email.Com,2025-11-05,2025-11-09,Rj,P,Online,Boleto
P5055,Camiseta Masculina,195.3,112.05,83.25,Nf899965,Tqziha@Email.Com,2025-10-24,2025-10-25,Sp,P,Loja,Cartão
P5056,Tênis Feminino,425.23,223.91,201.32,Nf468114,Bbimdp@Email.Com,2025-08-07,2025-08-10,Rs,42,Loja,Pix
P5057,Calça Feminina,350.84,205.29,145.55,Nf232185,Dcuxnf@Email.Com,2025-06-27,2025-07-02,Rs,39,Online,Pix
P5058,Camiseta Masculina,100.73,60.29,40.44,Nf175166,Bkhmsn@Email.Com,2025-05-01,2025-05-02,Rj,36,Online,Dinheiro
P5059,Tênis Feminino,390.47,297.4,93.07,Nf231860,Auitxc@Email.Com,2025-11-28,2025-12-02,Ba,40,Online,Pix
P5060,Calça Masculina,243.51,183.85,59.66,Nf196228,Oedlat@Email.Com,2025-03-25,2025-03-28,Ba,M,Loja,Cartão
P5061,Camiseta Masculina,247.38,154.35,93.03,Nf670008,Amzrgh@Email.Com,2026-04-23,2026-04-28,Sc,M,Loja,Pix
P5062,Tênis Masculino,490.94,270.32,220.62,Nf594201,Nnliam@Email.Com,2025-12-26,2025-12-31,Ce,39,Loja,Pix
P5063,Tênis Masculino,331.72,243.82,87.9,Nf695868,Aupdsn@Email.Com,2026-04-30,2026-05-02,Pe,P,Loja,Dinheiro
P5064,Calça Masculina,81.66,65.13,16.53,Nf258521,Qxchfs@Email.Com,2025-05-06,2025-05-11,Pe,36,Loja,Dinheiro
P5065,Calça Feminina,354.86,201.62,153.24,Nf712523,Vaahkb@Email.Com,2025-08-18,2025-08-21,Rs,36,Online,Cartão
P5066,Camiseta Feminina,293.66,181.77,111.89,Nf926819,Jncuft@Email.Com,2025-03-31,2025-04-03,Pe,G,Online,Pix
P5067,Camiseta Masculina,355.25,224.65,130.6,Nf703997,Nzbwkd@Email.Com,2025-01-12,2025-01-12,Rs,42,Online,Boleto
P5068,Calça Masculina,451.08,274.73,176.35,Nf404921,Usiavx@Email.Com,2025-01-18,2025-01-23,Rj,42,Loja,Boleto
P5069,Tênis Feminino,171.54,106.13,65.41,Nf935213,Mtgscr@Email.Com,2025-10-22,2025-10-25,Sp,38,Online,Cartão
P5070,Calça Feminina,278.04,158.3,119.74,Nf782947,Ctdfda@Email.Com,2026-03-26,2026-03-30,Sc,37,Online,Cartão
P5071,Tênis Masculino,271.33,146.53,124.8,Nf151206,Tjdiui@Email.Com,2025-08-17,2025-08-18,Ba,38,Loja,Dinheiro
P5072,Calça Masculina,199.49,158.19,41.3,Nf916499,Hmluvi@Email.Com,2025-08-16,2025-08-20,Ce,41,Online,Boleto
P5073,Calça Feminina,271.83,139.58,132.25,Nf947126,Evcqip@Email.Com,2025-11-30,2025-12-02,Ba,G,Online,Cartão
P5074,Calça Masculina,179.5,95.96,83.54,Nf696546,Lxiihp@Email.Com,2026-01-22,2026-01-22,Ce,41,Online,Dinheiro
P5075,Calça Masculina,557.84,286.62,271.22,Nf453513,Zogbmh@Email.Com,2025-05-25,2025-05-29,Pe,41,Online,Boleto
P5076,Tênis Masculino,354.06,217.09,136.97,Nf452904,Orlfql@Email.Com,2025-12-21,2025-12-24,Rs,40,Loja,Dinheiro
P5077,Tênis Feminino,486.76,261.41,225.35,Nf764626,Wvytqq@Email.Com,2025-05-29,2025-05-30,Rj,P,Online,Pix
P5078,Camiseta Feminina,453.56,230.69,222.87,Nf131150,Pdgybb@Email.Com,2025-11-09,2025-11-14,Pe,40,Online,Pix
P5079,Camiseta Masculina,308.39,180.08,128.31,Nf168927,Gteceo@Email.Com,2025-02-02,2025-02-05,Rj,40,Online,Cartão
P5080,Calça Masculina,293.86,159.23,134.63,Nf555654,Yfcdas@Email.Com,2026-01-06,2026-01-08,Pb,40,Online,Pix
P5081,Tênis Feminino,399.34,234.7,164.64,Nf324426,Hgocqx@Email.Com,2025-11-09,2025-11-13,Pr,41,Loja,Dinheiro
P5082,Calça Feminina,497.28,265.43,231.85,Nf531743,Zsuloo@Email.Com,2025-10-31,2025-11-02,Mg,36,Online,Boleto
P5083,Tênis Masculino,358.43,208.05,150.38,Nf642900,Drglnv@Email.Com,2025-07-20,2025-07-25,Rs,39,Online,Cartão
P5084,Tênis Feminino,223.76,123.06,100.7,Nf880818,Dcouob@Email.Com,2025-05-04,2025-05-05,Pr,40,Online,Pix
P5085,Tênis Feminino,431.84,261.82,170.02,Nf461896,Lqddmt@Email.Com,2025-11-02,2025-11-03,Pr,40,Online,Pix
P5086,Camiseta Masculina,231.34,174.17,57.17,Nf976246,Yuvlkf@Email.Com,2025-10-21,2025-10-24,Mg,42,Loja,Pix
P5087,Calça Masculina,361.47,193.75,167.72,Nf354941,Jtryut@Email.Com,2025-07-03,2025-07-04,Rs,41,Loja,Boleto
P5088,Tênis Masculino,112.85,69.3,43.55,Nf210551,Sdydlz@Email.Com,2026-03-05,2026-03-10,Pr,36,Loja,Pix
P5089,Tênis Masculino,138.69,93.13,45.56,Nf558343,Qzwgjl@Email.Com,2025-10-20,2025-10-24,Rj,41,Online,Cartão
P5090,Camiseta Feminina,256.31,158.0,98.31,Nf890896,Yxkwwz@Email.Com,2025-12-05,2025-12-09,Ce,40,Loja,Pix
P5091,Tênis Masculino,414.1,236.45,177.65,Nf102101,Kgqssl@Email.Com,2025-04-17,2025-04-20,Pb,36,Loja,Cartão
P5092,Tênis Masculino,464.4,251.62,212.78,Nf218329,Yccjkr@Email.Com,2026-01-10,2026-01-15,Ba,40,Loja,Dinheiro
P5093,Camiseta Masculina,309.28,230.17,79.11,Nf390169,Xgitdp@Email.Com,2026-04-16,2026-04-16,Sp,38,Online,Cartão
P5094,Tênis Masculino,131.55,101.94,29.61,Nf845297,Vvvlah@Email.Com,2026-02-03,2026-02-06,Ce,41,Loja,Dinheiro
P5095,Camiseta Masculina,520.48,268.79,251.69,Nf880297,Nytfdc@Email.Com,2025-11-21,2025-11-25,Pe,M,Online,Dinheiro
P5096,Camiseta Feminina,219.06,146.14,72.92,Nf738099,Ajkqgy@Email.Com,2026-02-12,2026-02-15,Sc,42,Loja,Cartão
P5097,Tênis Masculino,180.38,146.87,33.51,Nf266152,Jfpjqm@Email.Com,2026-03-13,2026-03-16,Pe,38,Online,Cartão
P5098,Camiseta Masculina,149.08,107.62,41.46,Nf346850,Agkulh@Email.Com,2025-04-11,2025-04-16,Sc,P,Online,Boleto
P5099,Tênis Feminino,295.65,199.1,96.55,Nf703852,Jndirr@Email.Com,2025-09-25,2025-09-29,Ba,40,Loja,Pix
P5100,Calça Feminina,407.68,248.01,159.67,Nf332492,Akjqbx@Email.Com,2026-04-02,2026-04-02,Ce,P,Loja,Cartão
P5101,Camiseta Feminina,182.67,117.94,64.73,Nf193860,Akalhn@Email.Com,2025-10-11,2025-10-16,Sc,P,Loja,Boleto
P5102,Tênis Masculino,393.25,246.03,147.22,Nf687883,Scjvcy@Email.Com,2026-03-23,2026-03-27,Sp,39,Loja,Pix
P5103,Calça Feminina,349.23,180.03,169.2,Nf296166,Mfkspc@Email.Com,2025-05-22,2025-05-25,Mg,G,Loja,Pix
P5104,Tênis Feminino,274.56,151.99,122.57,Nf158261,Miyedw@Email.Com,2025-06-06,2025-06-10,Pr,38,Loja,Cartão
P5105,Camiseta Masculina,266.89,142.61,124.28,Nf812869,Ztqqrw@Email.Com,2025-02-02,2025-02-06,Ce,P,Online,Cartão
P5106,Tênis Masculino,142.96,102.27,40.69,Nf222273,Jiosps@Email.Com,2026-04-02,2026-04-03,Pe,38,Online,Cartão
P5107,Tênis Masculino,161.97,98.2,63.77,Nf692840,Dpeshr@Email.Com,2025-11-29,2025-12-02,Sc,39,Loja,Cartão
P5108,Calça Feminina,209.47,106.88,102.59,Nf793633,Vvhmrg@Email.Com,2025-03-05,2025-03-10,Sp,P,Online,Cartão
P5109,Camiseta Masculina,116.52,80.23,36.29,Nf166614,Ccxiym@Email.Com,2025-06-17,2025-06-21,Rj,P,Online,Dinheiro
P5110,Tênis Masculino,123.09,100.04,23.05,Nf677665,Emccko@Email.Com,2025-05-21,2025-05-24,Pe,40,Loja,Boleto
P5111,Tênis Feminino,392.62,257.3,135.32,Nf146131,Jofiyj@Email.Com,2025-07-04,2025-07-08,Ce,36,Online,Cartão
P5112,Calça Masculina,215.7,158.61,57.09,Nf551514,Ggootk@Email.Com,2025-06-19,2025-06-22,Pe,38,Loja,Cartão
P5113,Calça Feminina,371.6,190.04,181.56,Nf366458,Rgvgtp@Email.Com,2025-08-01,2025-08-06,Pb,37,Loja,Pix
P5114,Camiseta Masculina,359.52,276.4,83.12,Nf196275,Axnqff@Email.Com,2025-08-30,2025-09-03,Sp,41,Loja,Pix
P5115,Calça Masculina,433.65,256.33,177.32,Nf103446,Kkyejv@Email.Com,2025-10-20,2025-10-23,Mg,42,Online,Pix
P5116,Calça Masculina,319.79,251.4,68.39,Nf244695,Dqoccq@Email.Com,2026-04-22,2026-04-24,Pr,M,Loja,Pix
P5117,Camiseta Feminina,454.14,254.84,199.3,Nf838203,Dfrvah@Email.Com,2026-02-06,2026-02-10,Mg,G,Online,Cartão
P5118,Tênis Feminino,294.05,200.97,93.08,Nf389148,Wqdpbl@Email.Com,2025-05-24,2025-05-29,Ba,M,Loja,Boleto
P5119,Camiseta Feminina,158.45,109.6,48.85,Nf764234,Ykmxoq@Email.Com,2025-08-20,2025-08-20,Ce,39,Loja,Pix
P5120,Tênis Feminino,109.22,90.73,18.49,Nf482998,Oyxhsw@Email.Com,2025-01-07,2025-01-11,Rs,36,Online,Dinheiro
P5121,Camiseta Masculina,163.31,85.52,77.79,Nf522694,Qyxfuw@Email.Com,2025-03-26,2025-03-29,Rj,P,Loja,Pix
P5122,Camiseta Masculina,249.77,190.73,59.04,Nf871714,Lfeeaq@Email.Com,2025-11-13,2025-11-17,Rs,41,Online,Cartão
P5123,Calça Masculina,247.17,196.24,50.93,Nf730011,Paqtek@Email.Com,2025-11-09,2025-11-10,Sp,38,Online,Boleto
P5124,Tênis Feminino,335.49,259.01,76.48,Nf320115,Vlpmdg@Email.Com,2025-08-04,2025-08-05,Rj,36,Loja,Boleto
P5125,Camiseta Masculina,244.01,139.35,104.66,Nf901718,Vqehla@Email.Com,2026-04-04,2026-04-07,Mg,39,Loja,Dinheiro
P5126,Calça Feminina,239.13,119.89,119.24,Nf529816,Jrvbuf@Email.Com,2026-04-25,2026-04-29,Sc,G,Loja,Pix
P5127,Camiseta Feminina,171.98,109.87,62.11,Nf518820,Gdnpyy@Email.Com,2025-08-23,2025-08-24,Rs,M,Loja,Dinheiro
P5128,Calça Feminina,185.63,112.47,73.16,Nf170993,Ilvniw@Email.Com,2025-07-23,2025-07-28,Rs,39,Online,Dinheiro
P5129,Calça Feminina,112.32,90.84,21.48,Nf800736,Xxwhyn@Email.Com,2025-03-31,2025-04-01,Pe,P,Loja,Dinheiro
P5130,Camiseta Masculina,94.74,70.95,23.79,Nf372763,Zivnde@Email.Com,2026-01-11,2026-01-14,Ba,36,Loja,Pix
P5131,Camiseta Masculina,216.99,152.77,64.22,Nf361472,Dnpibi@Email.Com,2025-03-30,2025-03-31,Ba,37,Loja,Cartão
P5132,Tênis Feminino,321.38,190.95,130.43,Nf926875,Bfaamx@Email.Com,2025-06-28,2025-06-30,Sc,P,Loja,Boleto
P5133,Camiseta Masculina,446.5,245.53,200.97,Nf246128,Oxzeft@Email.Com,2026-04-24,2026-04-25,Rj,P,Online,Cartão
P5134,Camiseta Feminina,137.85,97.13,40.72,Nf153420,Ptvtrm@Email.Com,2026-04-06,2026-04-11,Sc,P,Loja,Boleto
P5135,Camiseta Feminina,537.01,271.85,265.16,Nf115411,Irwbmu@Email.Com,2025-07-10,2025-07-11,Rj,39,Loja,Boleto
P5136,Calça Feminina,184.85,131.93,52.92,Nf922650,Jjdiuq@Email.Com,2026-03-12,2026-03-14,Sc,37,Online,Boleto
P5137,Camiseta Masculina,459.99,273.27,186.72,Nf467911,Amcaha@Email.Com,2026-01-09,2026-01-14,Ce,39,Online,Dinheiro
P5138,Camiseta Feminina,307.07,248.46,58.61,Nf630547,Rifwbw@Email.Com,2025-05-01,2025-05-03,Pr,36,Loja,Pix
P5139,Camiseta Masculina,414.62,292.86,121.76,Nf379032,Qkxwow@Email.Com,2025-04-29,2025-04-30,Pb,36,Online,Boleto
P5140,Tênis Masculino,423.47,286.14,137.33,Nf440903,Glrrsx@Email.Com,2025-05-16,2025-05-21,Pr,36,Loja,Dinheiro
P5141,Camiseta Masculina,271.31,187.4,83.91,Nf296816,Jyoawc@Email.Com,2025-06-05,2025-06-06,Sp,38,Online,Dinheiro
P5142,Calça Masculina,202.18,157.3,44.88,Nf560565,Xjbilc@Email.Com,2025-03-24,2025-03-25,Ce,37,Online,Dinheiro
P5143,Tênis Feminino,262.57,147.46,115.11,Nf543237,Mpfkhn@Email.Com,2025-03-12,2025-03-16,Pb,G,Loja,Dinheiro
P5144,Camiseta Masculina,103.7,76.04,27.66,Nf521863,Qthqza@Email.Com,2026-01-20,2026-01-24,Rs,39,Online,Pix
P5145,Tênis Feminino,135.07,85.28,49.79,Nf896998,Laqqoz@Email.Com,2025-10-22,2025-10-23,Pe,38,Online,Cartão
P5146,Calça Feminina,227.07,182.57,44.5,Nf887369,Thoqok@Email.Com,2025-02-07,2025-02-11,Rj,P,Loja,Cartão
P5147,Calça Masculina,132.21,92.65,39.56,Nf582846,Aqlywe@Email.Com,2026-03-06,2026-03-07,Sc,36,Loja,Pix
P5148,Tênis Masculino,86.01,59.13,26.88,Nf396105,Msymda@Email.Com,2025-03-11,2025-03-11,Sc,39,Loja,Boleto
P5149,Camiseta Masculina,377.28,246.54,130.74,Nf605543,Qfwsoj@Email.Com,2025-01-22,2025-01-27,Mg,41,Loja,Dinheiro
P5150,Tênis Feminino,246.45,167.0,79.45,Nf130257,Hztrnn@Email.Com,2026-04-28,2026-04-30,Rj,42,Online,Cartão
P5151,Calça Feminina,420.85,247.37,173.48,Nf812953,Zcdihc@Email.Com,2025-03-23,2025-03-23,Rs,P,Online,Boleto
P5152,Camiseta Feminina,246.98,144.84,102.14,Nf230335,Ebmmgv@Email.Com,2025-12-03,2025-12-03,Ce,42,Online,Cartão
P5153,Calça Feminina,385.57,258.99,126.58,Nf567696,Uwjpmc@Email.Com,2025-03-14,2025-03-19,Pb,36,Loja,Pix
P5154,Calça Masculina,357.89,243.66,114.23,Nf214982,Mbpgky@Email.Com,2026-03-28,2026-03-31,Mg,42,Online,Boleto
P5155,Calça Masculina,170.15,91.78,78.37,Nf824875,Xnbxbu@Email.Com,2025-09-17,2025-09-18,Rs,42,Online,Boleto
P5156,Tênis Feminino,286.18,229.87,56.31,Nf550438,Sgzrkb@Email.Com,2025-01-22,2025-01-23,Ba,42,Loja,Pix
P5157,Calça Masculina,333.07,231.74,101.33,Nf291893,Nlicst@Email.Com,2025-02-09,2025-02-09,Pr,37,Loja,Dinheiro
P5158,Tênis Masculino,63.85,51.1,12.75,Nf233169,Tteage@Email.Com,2025-11-11,2025-11-13,Sp,36,Loja,Dinheiro
P5159,Camiseta Masculina,121.09,66.17,54.92,Nf716579,Aossku@Email.Com,2025-01-29,2025-01-31,Pr,40,Loja,Cartão
P5160,Tênis Feminino,256.35,207.02,49.33,Nf801643,Iqjltf@Email.Com,2025-03-08,2025-03-11,Sp,37,Online,Dinheiro
P5161,Camiseta Masculina,279.67,175.01,104.66,Nf694164,Atnaqw@Email.Com,2025-09-19,2025-09-22,Rj,42,Loja,Dinheiro
P5162,Camiseta Masculina,356.93,257.09,99.84,Nf883977,Stcacy@Email.Com,2025-06-01,2025-06-03,Pb,M,Loja,Cartão
P5163,Calça Masculina,322.14,173.06,149.08,Nf632650,Ohfcio@Email.Com,2026-01-16,2026-01-20,Pb,P,Online,Cartão
P5164,Camiseta Feminina,147.5,89.85,57.65,Nf587621,Dqrjkb@Email.Com,2025-05-07,2025-05-08,Pb,42,Online,Dinheiro
P5165,Tênis Masculino,435.71,264.01,171.7,Nf887164,Afpqym@Email.Com,2025-04-01,2025-04-01,Sp,40,Online,Boleto
P5166,Camiseta Feminina,87.42,53.58,33.84,Nf505425,Ucazrn@Email.Com,2025-07-02,2025-07-02,Sc,38,Loja,Dinheiro
P5167,Camiseta Masculina,209.84,108.55,101.29,Nf235069,Vuvdnq@Email.Com,2025-10-10,2025-10-13,Pr,38,Loja,Pix
P5168,Calça Feminina,218.33,117.23,101.1,Nf864364,Xjmdje@Email.Com,2025-03-08,2025-03-10,Pr,36,Online,Pix
P5169,Tênis Masculino,118.26,71.31,46.95,Nf167161,Vbnuir@Email.Com,2025-01-01,2025-01-02,Pr,40,Loja,Pix
P5170,Camiseta Masculina,285.37,156.56,128.81,Nf307248,Xmiqba@Email.Com,2026-02-03,2026-02-06,Ba,36,Online,Cartão
P5171,Camiseta Masculina,75.72,53.51,22.21,Nf596518,Qwpsfy@Email.Com,2025-05-14,2025-05-17,Rj,G,Loja,Dinheiro
P5172,Calça Masculina,470.23,290.74,179.49,Nf789136,Pfzrmd@Email.Com,2025-05-18,2025-05-21,Mg,G,Online,Cartão
P5173,Camiseta Masculina,184.06,119.55,64.51,Nf195492,Btixak@Email.Com,2025-09-02,2025-09-03,Sp,42,Loja,Boleto
P5174,Camiseta Feminina,153.93,103.92,50.01,Nf892512,Yrhwmn@Email.Com,2025-01-31,2025-02-01,Pb,39,Loja,Boleto
P5175,Camiseta Feminina,169.54,139.73,29.81,Nf607677,Qbytqf@Email.Com,2026-03-12,2026-03-17,Ba,P,Loja,Pix
P5176,Calça Masculina,144.53,110.41,34.12,Nf475905,Ajghta@Email.Com,2026-02-03,2026-02-08,Pb,36,Loja,Dinheiro
P5177,Calça Masculina,95.64,62.87,32.77,Nf378315,Dmahgu@Email.Com,2025-01-31,2025-02-04,Pb,37,Online,Dinheiro
P5178,Camiseta Masculina,285.58,192.47,93.11,Nf705532,Pwlrmr@Email.Com,2026-03-18,2026-03-20,Rs,37,Loja,Boleto
P5179,Camiseta Masculina,445.29,272.44,172.85,Nf763647,Bfhprd@Email.Com,2025-02-22,2025-02-25,Sc,P,Online,Pix
P5180,Tênis Masculino,550.06,298.93,251.13,Nf737092,Waimlr@Email.Com,2025-05-21,2025-05-25,Pr,G,Loja,Dinheiro
P5181,Camiseta Feminina,188.56,126.84,61.72,Nf597696,Uhyycz@Email.Com,2025-01-31,2025-02-03,Sp,41,Loja,Dinheiro
P5182,Calça Feminina,284.73,177.25,107.48,Nf262012,Dzxazs@Email.Com,2025-04-21,2025-04-26,Mg,P,Online,Cartão
P5183,Tênis Masculino,370.43,258.0,112.43,Nf528435,Qkroae@Email.Com,2025-04-07,2025-04-07,Rj,G,Loja,Pix
P5184,Tênis Masculino,373.81,298.36,75.45,Nf132325,Nznlhr@Email.Com,2025-08-18,2025-08-19,Pe,37,Online,Cartão
P5185,Tênis Masculino,321.16,211.68,109.48,Nf164260,Knbkpx@Email.Com,2025-04-13,2025-04-15,Rs,37,Loja,Boleto
P5186,Calça Feminina,416.07,229.39,186.68,Nf552904,Cehsea@Email.Com,2025-10-22,2025-10-22,Sc,37,Online,Pix
P5187,Calça Masculina,258.45,172.77,85.68,Nf828485,Vvurhx@Email.Com,2025-02-18,2025-02-18,Rj,P,Loja,Pix
P5188,Tênis Masculino,199.74,145.19,54.55,Nf774404,Tznmpm@Email.Com,2025-04-22,2025-04-26,Rj,41,Online,Cartão
P5189,Tênis Masculino,192.82,99.11,93.71,Nf449504,Zpchfj@Email.Com,2025-08-06,2025-08-11,Pb,37,Online,Boleto
P5190,Tênis Feminino,217.54,157.1,60.44,Nf211748,Ilahar@Email.Com,2025-06-01,2025-06-02,Rj,41,Loja,Boleto
P5191,Camiseta Feminina,320.69,260.76,59.93,Nf762544,Yesruk@Email.Com,2025-07-18,2025-07-20,Sc,40,Loja,Pix
P5192,Calça Feminina,155.58,94.39,61.19,Nf694562,Pbxpoc@Email.Com,2025-08-27,2025-08-27,Rs,P,Loja,Cartão
P5193,Calça Feminina,113.93,73.32,40.61,Nf770541,Ztjana@Email.Com,2025-09-14,2025-09-17,Pb,40,Online,Boleto
P5194,Tênis Masculino,375.75,233.06,142.69,Nf409355,Oufubq@Email.Com,2025-11-19,2025-11-19,Pe,38,Loja,Cartão
P5195,Calça Feminina,177.69,92.27,85.42,Nf710311,Ybbzmx@Email.Com,2026-04-27,2026-05-01,Ba,42,Loja,Boleto
P5196,Tênis Masculino,200.7,142.03,58.67,Nf214493,Xhpjmg@Email.Com,2025-04-17,2025-04-18,Sp,37,Loja,Pix
P5197,Tênis Feminino,276.25,212.94,63.31,Nf368531,Uytxhb@Email.Com,2025-12-11,2025-12-15,Rs,37,Online,Boleto
P5198,Calça Feminina,276.64,166.17,110.47,Nf847087,Iqyqtv@Email.Com,2025-04-03,2025-04-05,Rj,37,Online,Dinheiro
P5199,Tênis Feminino,443.11,278.73,164.38,Nf522399,Znnczh@Email.Com,2026-03-19,2026-03-23,Mg,42,Loja,Boleto
P5200,Camiseta Feminina,395.8,208.31,187.49,Nf894357,Keqcpq@Email.Com,2025-01-28,2025-02-01,Mg,39,Loja,Cartão
P5201,Tênis Masculino,434.75,265.7,169.05,Nf667134,Lfmduy@Email.Com,2025-05-24,2025-05-24,Rs,37,Online,Pix
P5202,Camiseta Feminina,93.92,50.66,43.26,Nf823239,Mrxqsj@Email.Com,2025-10-22,2025-10-25,Pr,40,Loja,Cartão
P5203,Tênis Masculino,522.62,287.33,235.29,Nf728906,Rufmve@Email.Com,2025-12-22,2025-12-25,Mg,M,Loja,Pix
P5204,Camiseta Feminina,142.4,84.06,58.34,Nf261724,Pahkkg@Email.Com,2025-02-01,2025-02-03,Rs,M,Loja,Pix
P5205,Tênis Feminino,185.25,108.39,76.86,Nf587900,Fozycy@Email.Com,2025-08-25,2025-08-27,Sc,37,Online,Cartão
P5206,Camiseta Masculina,106.79,69.86,36.93,Nf774682,Mqdflr@Email.Com,2026-01-05,2026-01-08,Mg,38,Loja,Dinheiro
P5207,Calça Feminina,447.98,238.55,209.43,Nf342003,Jypabb@Email.Com,2025-04-23,2025-04-23,Rs,38,Loja,Boleto
P5208,Calça Feminina,135.27,91.64,43.63,Nf597044,Dyipqd@Email.Com,2025-06-27,2025-06-27,Ce,40,Online,Pix
P5209,Calça Masculina,224.14,164.59,59.55,Nf391185,Geixbe@Email.Com,2025-10-12,2025-10-17,Ce,40,Loja,Dinheiro
P5210,Calça Feminina,258.5,198.53,59.97,Nf530024,Otaoth@Email.Com,2025-07-05,2025-07-09,Pb,40,Loja,Pix
P5211,Camiseta Masculina,182.08,115.18,66.9,Nf995142,Vismhf@Email.Com,2025-03-01,2025-03-01,Pb,36,Online,Boleto
P5212,Camiseta Masculina,327.14,170.05,157.09,Nf999098,Okmlmy@Email.Com,2026-03-31,2026-03-31,Pb,P,Online,Boleto
P5213,Calça Feminina,177.09,115.39,61.7,Nf297031,Jymqnf@Email.Com,2025-03-09,2025-03-11,Mg,38,Online,Pix
P5214,Tênis Masculino,382.16,223.48,158.68,Nf705657,Flenaj@Email.Com,2025-06-03,2025-06-04,Mg,42,Online,Pix
P5215,Camiseta Masculina,450.22,245.64,204.58,Nf886706,Lsekuq@Email.Com,2026-03-24,2026-03-29,Mg,42,Online,Cartão
P5216,Calça Masculina,321.58,175.82,145.76,Nf772725,Fvphjx@Email.Com,2026-03-18,2026-03-22,Pe,G,Loja,Boleto
P5217,Calça Masculina,416.89,233.42,183.47,Nf115259,Arcjoi@Email.Com,2025-09-19,2025-09-22,Mg,39,Loja,Pix
P5218,Calça Feminina,531.07,269.88,261.19,Nf277745,Grrouz@Email.Com,2025-08-08,2025-08-10,Pr,36,Online,Pix
P5219,Calça Feminina,273.04,199.97,73.07,Nf155329,Azoowr@Email.Com,2025-07-20,2025-07-20,Pr,38,Loja,Pix
P5220,Camiseta Masculina,362.58,287.15,75.43,Nf262608,Fknfmz@Email.Com,2025-11-11,2025-11-11,Pr,36,Loja,Boleto
P5221,Tênis Masculino,144.0,106.14,37.86,Nf538028,Duqpbg@Email.Com,2025-02-02,2025-02-03,Ce,39,Loja,Cartão
P5222,Camiseta Feminina,86.71,70.45,16.26,Nf507336,Nskcov@Email.Com,2026-04-25,2026-04-25,Rj,P,Loja,Cartão
P5223,Camiseta Masculina,180.61,107.53,73.08,Nf956626,Ulgeis@Email.Com,2026-04-29,2026-04-29,Rj,M,Loja,Pix
P5224,Calça Feminina,216.54,159.6,56.94,Nf283531,Fnizcd@Email.Com,2025-06-25,2025-06-28,Pr,39,Online,Pix
P5225,Camiseta Feminina,181.04,104.49,76.55,Nf627593,Vszdro@Email.Com,2025-08-18,2025-08-22,Rj,39,Online,Dinheiro
P5226,Camiseta Masculina,95.67,53.52,42.15,Nf416621,Ptpjwv@Email.Com,2025-07-24,2025-07-24,Pb,42,Online,Boleto
P5227,Tênis Masculino,159.03,101.51,57.52,Nf201004,Cqstxy@Email.Com,2025-09-17,2025-09-19,Pe,40,Loja,Pix
P5228,Tênis Masculino,198.48,145.55,52.93,Nf432077,Lmvstu@Email.Com,2025-06-09,2025-06-13,Ce,40,Loja,Dinheiro
P5229,Calça Feminina,149.33,77.57,71.76,Nf500761,Huelbt@Email.Com,2025-07-17,2025-07-22,Sc,37,Online,Pix
P5230,Calça Masculina,312.53,171.71,140.82,Nf680768,Zmcaiq@Email.Com,2025-05-13,2025-05-18,Pb,37,Online,Boleto
P5231,Camiseta Masculina,152.93,88.44,64.49,Nf115629,Niqxgm@Email.Com,2025-02-28,2025-03-03,Sc,P,Online,Boleto
P5232,Camiseta Feminina,152.11,125.43,26.68,Nf744846,Pwspix@Email.Com,2026-02-24,2026-03-01,Sc,37,Loja,Boleto
P5233,Tênis Masculino,180.74,137.29,43.45,Nf394495,Sopads@Email.Com,2025-05-11,2025-05-14,Pe,P,Loja,Boleto
P5234,Calça Feminina,204.47,152.48,51.99,Nf730078,Jkewli@Email.Com,2025-11-03,2025-11-08,Sp,M,Loja,Cartão
P5235,Calça Feminina,190.13,139.37,50.76,Nf807839,Patple@Email.Com,2025-06-22,2025-06-26,Ce,42,Online,Boleto
P5236,Tênis Masculino,267.32,136.25,131.07,Nf186564,Nojujw@Email.Com,2026-01-11,2026-01-14,Rj,M,Loja,Pix
P5237,Tênis Masculino,135.14,107.56,27.58,Nf829767,Iggoxy@Email.Com,2026-03-04,2026-03-06,Sc,41,Online,Boleto
P5238,Tênis Feminino,287.78,186.71,101.07,Nf590618,Aoteql@Email.Com,2025-09-27,2025-09-28,Rs,38,Loja,Cartão
P5239,Camiseta Feminina,158.06,106.06,52.0,Nf980141,Wfncmt@Email.Com,2025-01-15,2025-01-16,Pb,G,Loja,Pix
P5240,Calça Masculina,436.6,294.63,141.97,Nf747906,Dmnvus@Email.Com,2025-02-25,2025-03-01,Rs,42,Loja,Cartão
P5241,Camiseta Feminina,402.77,276.9,125.87,Nf903837,Rkiqsb@Email.Com,2026-04-24,2026-04-29,Ba,39,Online,Cartão
P5242,Camiseta Masculina,159.31,131.33,27.98,Nf717774,Sbtapi@Email.Com,2025-11-24,2025-11-29,Rj,36,Online,Dinheiro
P5243,Calça Masculina,276.07,210.47,65.6,Nf385932,Dtagvu@Email.Com,2026-01-23,2026-01-23,Rj,41,Online,Pix
P5244,Tênis Feminino,128.08,83.03,45.05,Nf887990,Rzgkti@Email.Com,2025-05-27,2025-05-27,Sp,M,Online,Boleto
P5245,Camiseta Masculina,369.22,201.51,167.71,Nf616999,Ffnzxx@Email.Com,2025-10-25,2025-10-25,Pr,36,Loja,Boleto
P5246,Calça Masculina,434.55,233.75,200.8,Nf310766,Ovgxgi@Email.Com,2026-04-18,2026-04-22,Sp,M,Loja,Dinheiro
P5247,Camiseta Feminina,214.61,155.07,59.54,Nf922888,Vgaprg@Email.Com,2025-01-05,2025-01-09,Rs,39,Online,Boleto
P5248,Calça Masculina,269.15,155.52,113.63,Nf545905,Gxszcy@Email.Com,2025-10-26,2025-10-30,Ba,38,Loja,Pix
P5249,Tênis Feminino,154.55,83.24,71.31,Nf411408,Ohdgbi@Email.Com,2025-03-04,2025-03-07,Pr,37,Loja,Cartão
P5250,Tênis Feminino,237.75,173.6,64.15,Nf118585,Dournr@Email.Com,2025-04-17,2025-04-21,Ba,37,Loja,Boleto
P5251,Tênis Feminino,81.33,62.65,18.68,Nf678273,Dovati@Email.Com,2025-03-15,2025-03-19,Ba,G,Online,Boleto
P5252,Tênis Masculino,278.6,163.35,115.25,Nf440565,Zdltlc@Email.Com,2025-08-04,2025-08-05,Pb,37,Online,Cartão
P5253,Calça Feminina,67.59,50.87,16.72,Nf160078,Sfjgpj@Email.Com,2025-09-28,2025-10-02,Pb,G,Online,Dinheiro
P5254,Tênis Feminino,194.09,155.23,38.86,Nf544538,Sappgg@Email.Com,2025-01-22,2025-01-27,Sp,36,Loja,Cartão
P5255,Calça Masculina,348.01,187.11,160.9,Nf626502,Vngxyp@Email.Com,2025-03-16,2025-03-21,Sp,P,Loja,Boleto
P5256,Camiseta Feminina,217.04,156.26,60.78,Nf451208,Wbeibr@Email.Com,2026-01-21,2026-01-22,Rs,40,Loja,Cartão
P5257,Tênis Masculino,162.69,129.8,32.89,Nf732002,Tdkomm@Email.Com,2025-09-24,2025-09-28,Ba,41,Loja,Dinheiro
P5258,Camiseta Feminina,402.17,279.59,122.58,Nf773678,Dpdvdq@Email.Com,2025-04-20,2025-04-20,Rs,P,Loja,Pix
P5259,Calça Masculina,85.35,59.8,25.55,Nf790820,Mxbqnq@Email.Com,2026-03-12,2026-03-17,Pe,P,Online,Cartão
P5260,Calça Feminina,213.13,149.91,63.22,Nf681316,Ooodxg@Email.Com,2026-04-11,2026-04-11,Pe,M,Online,Boleto
P5261,Tênis Masculino,282.37,191.67,90.7,Nf617290,Eqpkkx@Email.Com,2025-06-21,2025-06-23,Rs,36,Loja,Dinheiro
P5262,Camiseta Feminina,358.31,249.71,108.6,Nf623519,Lgxvfo@Email.Com,2025-02-15,2025-02-19,Sc,G,Loja,Pix
P5263,Calça Masculina,354.8,277.9,76.9,Nf291965,Hoheci@Email.Com,2025-07-14,2025-07-17,Sp,G,Loja,Pix
P5264,Tênis Feminino,110.27,87.76,22.51,Nf447544,Uhhuvs@Email.Com,2026-04-12,2026-04-16,Mg,40,Loja,Cartão
P5265,Tênis Feminino,221.21,182.4,38.81,Nf455720,Ckizbk@Email.Com,2025-12-09,2025-12-12,Pe,39,Online,Dinheiro
P5266,Camiseta Masculina,321.27,222.66,98.61,Nf683169,Jplzsb@Email.Com,2025-04-19,2025-04-21,Pb,42,Loja,Dinheiro
P5267,Calça Feminina,184.77,119.54,65.23,Nf451713,Rvihsp@Email.Com,2025-04-13,2025-04-15,Pb,39,Loja,Dinheiro
P5268,Calça Feminina,190.09,98.31,91.78,Nf180484,Kzinmx@Email.Com,2025-02-24,2025-02-28,Rj,42,Loja,Dinheiro
P5269,Camiseta Masculina,455.89,260.57,195.32,Nf113758,Jqfcwg@Email.Com,2025-06-01,2025-06-03,Rs,37,Loja,Cartão
P5270,Calça Feminina,161.42,91.99,69.43,Nf136985,Puauft@Email.Com,2025-11-09,2025-11-14,Rj,39,Online,Cartão
P5271,Tênis Feminino,253.46,163.78,89.68,Nf268037,Uiuukh@Email.Com,2025-06-01,2025-06-06,Pr,39,Loja,Pix
P5272,Calça Feminina,98.15,53.33,44.82,Nf917301,Wlmibm@Email.Com,2026-01-22,2026-01-25,Ce,42,Loja,Pix
P5273,Camiseta Masculina,261.18,159.16,102.02,Nf781312,Tinuxq@Email.Com,2026-04-14,2026-04-18,Rs,38,Online,Cartão
P5274,Tênis Masculino,514.37,258.06,256.31,Nf908794,Dyoaee@Email.Com,2025-09-17,2025-09-18,Ce,38,Online,Pix
P5275,Tênis Feminino,335.78,262.77,73.01,Nf626285,Vxmjvf@Email.Com,2025-10-27,2025-10-31,Sp,40,Loja,Pix
P5276,Tênis Feminino,201.02,119.96,81.06,Nf479716,Esefac@Email.Com,2026-04-06,2026-04-09,Sp,36,Loja,Dinheiro
P5277,Tênis Feminino,325.12,168.55,156.57,Nf648081,Zhevqg@Email.Com,2025-12-05,2025-12-05,Pb,42,Online,Pix
P5278,Calça Feminina,286.41,162.21,124.2,Nf957209,Lstjhe@Email.Com,2025-10-30,2025-10-31,Rj,M,Online,Pix
P5279,Camiseta Masculina,288.28,202.39,85.89,Nf190839,Oeiude@Email.Com,2025-03-27,2025-03-31,Rj,36,Loja,Cartão
P5280,Calça Feminina,226.75,188.52,38.23,Nf712500,Ohhmyb@Email.Com,2025-11-08,2025-11-12,Ce,M,Loja,Dinheiro
P5281,Tênis Feminino,103.42,69.04,34.38,Nf672486,Mpipkv@Email.Com,2025-08-21,2025-08-24,Ba,P,Online,Cartão
P5282,Tênis Masculino,185.15,149.26,35.89,Nf568497,Ezjkcv@Email.Com,2025-09-18,2025-09-20,Mg,G,Loja,Dinheiro
P5283,Tênis Feminino,139.94,80.3,59.64,Nf614916,Irpcgi@Email.Com,2025-10-21,2025-10-22,Pb,40,Online,Boleto
P5284,Calça Masculina,219.01,163.03,55.98,Nf226933,Uyqzls@Email.Com,2025-07-20,2025-07-22,Pe,P,Loja,Dinheiro
P5285,Tênis Feminino,318.35,178.66,139.69,Nf733356,Ijxrhe@Email.Com,2025-07-26,2025-07-29,Rs,42,Online,Cartão
P5286,Calça Feminina,151.7,126.23,25.47,Nf167080,Jaudwc@Email.Com,2025-01-11,2025-01-14,Sp,42,Online,Pix
P5287,Tênis Feminino,122.69,97.34,25.35,Nf658516,Nqxywr@Email.Com,2025-09-24,2025-09-24,Sc,37,Loja,Dinheiro
P5288,Camiseta Feminina,192.55,141.0,51.55,Nf588579,Dwietu@Email.Com,2025-09-18,2025-09-23,Sc,36,Loja,Boleto
P5289,Tênis Masculino,154.81,117.75,37.06,Nf490621,Uqljhx@Email.Com,2026-03-15,2026-03-20,Pe,40,Online,Boleto
P5290,Camiseta Masculina,260.15,193.21,66.94,Nf495870,Ggogwv@Email.Com,2025-10-03,2025-10-07,Sp,42,Online,Cartão
P5291,Tênis Masculino,506.7,296.04,210.66,Nf421414,Uftrcw@Email.Com,2025-03-07,2025-03-08,Sp,39,Online,Pix
P5292,Calça Feminina,249.99,175.02,74.97,Nf746801,Emacyb@Email.Com,2025-10-14,2025-10-18,Mg,G,Loja,Pix
P5293,Camiseta Masculina,257.71,129.76,127.95,Nf463560,Vsdqxs@Email.Com,2025-09-28,2025-10-03,Rs,39,Loja,Cartão
P5294,Camiseta Masculina,249.74,153.12,96.62,Nf467803,Mqugrm@Email.Com,2026-01-03,2026-01-07,Ce,G,Loja,Dinheiro
P5295,Camiseta Feminina,207.16,114.45,92.71,Nf846027,Oledzo@Email.Com,2025-09-23,2025-09-28,Pe,M,Online,Boleto
P5296,Calça Masculina,271.59,220.43,51.16,Nf791934,Kcteeg@Email.Com,2025-09-25,2025-09-27,Pe,37,Loja,Pix
P5297,Calça Masculina,115.8,93.31,22.49,Nf393802,Bshhjm@Email.Com,2025-03-15,2025-03-15,Ce,M,Loja,Pix
P5298,Calça Masculina,272.89,174.75,98.14,Nf935776,Ircsov@Email.Com,2026-01-25,2026-01-26,Pr,G,Loja,Dinheiro
P5299,Calça Feminina,438.14,282.94,155.2,Nf313246,Dzcyke@Email.Com,2025-01-10,2025-01-10,Sc,37,Online,Cartão
P5300,Calça Feminina,233.98,151.85,82.13,Nf824830,Gqcgvb@Email.Com,2025-01-07,2025-01-08,Rj,39,Loja,Dinheiro
P5301,Tênis Feminino,163.03,91.8,71.23,Nf712224,Qhimsp@Email.Com,2025-09-15,2025-09-19,Mg,42,Online,Dinheiro
P5302,Tênis Feminino,309.24,163.71,145.53,Nf703715,Xpmkww@Email.Com,2025-10-23,2025-10-27,Rj,36,Loja,Pix
P5303,Calça Feminina,90.22,69.25,20.97,Nf679421,Bfcptu@Email.Com,2025-05-21,2025-05-21,Pe,36,Online,Pix
P5304,Calça Masculina,196.52,141.28,55.24,Nf625861,Gglivt@Email.Com,2025-12-28,2025-12-28,Pr,38,Online,Dinheiro
P5305,Calça Masculina,404.33,209.89,194.44,Nf640413,Qmmgdw@Email.Com,2026-02-26,2026-02-26,Ba,39,Loja,Boleto
P5306,Calça Masculina,435.08,279.75,155.33,Nf413619,Pgadqm@Email.Com,2025-02-06,2025-02-11,Rs,M,Online,Dinheiro
P5307,Camiseta Feminina,352.57,278.07,74.5,Nf941697,Kbsruw@Email.Com,2026-01-22,2026-01-27,Ce,40,Loja,Dinheiro
P5308,Camiseta Masculina,502.67,255.64,247.03,Nf940948,Acmkuv@Email.Com,2025-06-28,2025-07-03,Ba,37,Online,Cartão
P5309,Camiseta Masculina,190.15,97.4,92.75,Nf251852,Pzdjcq@Email.Com,2025-07-25,2025-07-26,Rj,36,Online,Boleto
P5310,Tênis Masculino,198.46,112.74,85.72,Nf575486,Emvosk@Email.Com,2025-06-27,2025-07-01,Pe,36,Loja,Dinheiro
P5311,Calça Feminina,355.21,292.56,62.65,Nf768991,Mlmvgo@Email.Com,2025-09-06,2025-09-08,Mg,36,Loja,Pix
P5312,Camiseta Feminina,237.88,167.7,70.18,Nf366337,Rcuwqf@Email.Com,2025-04-29,2025-05-02,Ce,G,Online,Pix
P5313,Tênis Masculino,206.16,122.1,84.06,Nf848081,Dpabde@Email.Com,2025-09-14,2025-09-15,Pr,37,Loja,Cartão
P5314,Camiseta Feminina,222.37,166.2,56.17,Nf992269,Nbkxhe@Email.Com,2025-03-04,2025-03-07,Rs,39,Online,Cartão
P5315,Calça Masculina,142.48,95.02,47.46,Nf527299,Pvrypz@Email.Com,2026-04-24,2026-04-26,Ce,40,Loja,Pix
P5316,Camiseta Masculina,218.07,162.21,55.86,Nf523428,Nevsoj@Email.Com,2026-03-18,2026-03-22,Rs,M,Loja,Cartão
P5317,Calça Feminina,500.56,254.48,246.08,Nf852725,Xdjdgt@Email.Com,2025-09-25,2025-09-30,Sp,37,Loja,Cartão
P5318,Tênis Feminino,152.82,83.38,69.44,Nf143328,Jkrqkw@Email.Com,2025-07-15,2025-07-17,Ce,37,Online,Cartão
P5319,Camiseta Feminina,429.21,275.36,153.85,Nf952217,Pnrpmy@Email.Com,2025-10-23,2025-10-23,Ba,P,Online,Pix
P5320,Camiseta Masculina,156.86,101.31,55.55,Nf452326,Wtykcq@Email.Com,2026-04-03,2026-04-03,Ce,M,Loja,Boleto
P5321,Calça Masculina,247.55,183.25,64.3,Nf370770,Bfktie@Email.Com,2025-12-17,2025-12-20,Pr,39,Online,Pix
P5322,Camiseta Feminina,87.26,70.99,16.27,Nf532189,Acveyd@Email.Com,2025-07-13,2025-07-17,Ce,37,Loja,Boleto
P5323,Camiseta Feminina,369.1,211.04,158.06,Nf700697,Sdratq@Email.Com,2025-10-16,2025-10-17,Sc,39,Loja,Pix
P5324,Camiseta Feminina,109.63,68.57,41.06,Nf598957,Wogrkv@Email.Com,2026-02-01,2026-02-03,Sp,39,Online,Pix
P5325,Camiseta Masculina,332.7,252.02,80.68,Nf869253,Fltsrz@Email.Com,2026-01-02,2026-01-03,Ba,42,Loja,Dinheiro
P5326,Camiseta Masculina,355.85,217.38,138.47,Nf811464,Omoqzy@Email.Com,2025-11-18,2025-11-18,Sp,38,Online,Cartão
P5327,Calça Masculina,289.91,182.72,107.19,Nf636301,Otokkt@Email.Com,2026-01-08,2026-01-10,Rj,41,Loja,Boleto
P5328,Camiseta Masculina,349.26,196.14,153.12,Nf983323,Qonqyd@Email.Com,2025-10-17,2025-10-22,Mg,P,Online,Boleto
P5329,Tênis Feminino,423.75,216.0,207.75,Nf273462,Fmbtgf@Email.Com,2026-03-11,2026-03-11,Pe,42,Online,Cartão
P5330,Tênis Feminino,168.95,89.79,79.16,Nf852726,Gtrspr@Email.Com,2025-11-30,2025-12-05,Pb,G,Loja,Dinheiro
P5331,Calça Masculina,475.38,268.47,206.91,Nf581879,Vvbhrk@Email.Com,2025-02-19,2025-02-22,Rj,P,Loja,Pix
P5332,Tênis Masculino,422.14,256.66,165.48,Nf386835,Wzurer@Email.Com,2026-04-30,2026-05-05,Rs,36,Loja,Pix
P5333,Calça Masculina,332.96,226.62,106.34,Nf988279,Voruxk@Email.Com,2026-03-03,2026-03-08,Sc,P,Online,Cartão
P5334,Tênis Feminino,134.91,84.84,50.07,Nf674672,Aywzft@Email.Com,2025-07-09,2025-07-11,Pb,36,Loja,Cartão
P5335,Tênis Feminino,273.11,177.44,95.67,Nf322922,Jgdpls@Email.Com,2026-04-18,2026-04-21,Ce,42,Online,Boleto
P5336,Camiseta Feminina,254.52,158.03,96.49,Nf877937,Zjuuci@Email.Com,2026-03-29,2026-04-03,Ba,36,Online,Pix
P5337,Calça Masculina,84.96,55.73,29.23,Nf435760,Dedvpr@Email.Com,2025-07-30,2025-08-03,Rj,G,Loja,Pix
P5338,Tênis Masculino,199.61,138.55,61.06,Nf373831,Rvumfx@Email.Com,2026-03-22,2026-03-27,Ba,M,Loja,Cartão
P5339,Calça Feminina,128.54,71.38,57.16,Nf112655,Cmesxl@Email.Com,2025-03-17,2025-03-18,Sc,41,Online,Cartão
P5340,Calça Feminina,200.44,113.29,87.15,Nf971916,Otiiaj@Email.Com,2025-04-23,2025-04-23,Sp,40,Online,Cartão
P5341,Camiseta Feminina,487.38,290.39,196.99,Nf821044,Nlskoj@Email.Com,2025-03-24,2025-03-25,Mg,37,Loja,Boleto
P5342,Calça Feminina,107.65,81.24,26.41,Nf832864,Jveogq@Email.Com,2026-04-20,2026-04-24,Pb,36,Online,Boleto
P5343,Tênis Feminino,376.2,267.5,108.7,Nf424433,Ewbcaa@Email.Com,2025-12-13,2025-12-13,Mg,37,Online,Boleto
P5344,Calça Masculina,526.8,281.28,245.52,Nf458217,Uqmanl@Email.Com,2026-03-21,2026-03-22,Rs,37,Online,Boleto
P5345,Calça Masculina,382.79,198.3,184.49,Nf852741,Xkotch@Email.Com,2026-03-31,2026-03-31,Rs,37,Online,Cartão
P5346,Tênis Feminino,370.61,206.29,164.32,Nf198869,Vmgwhk@Email.Com,2026-01-02,2026-01-03,Pb,40,Online,Pix
P5347,Camiseta Masculina,405.48,229.34,176.14,Nf659895,Jekgon@Email.Com,2025-07-09,2025-07-09,Pr,37,Loja,Pix
P5348,Camiseta Feminina,294.88,239.51,55.37,Nf358311,Ffuxpe@Email.Com,2026-03-18,2026-03-21,Ba,G,Online,Boleto
P5349,Tênis Masculino,208.14,135.65,72.49,Nf212797,Xggqep@Email.Com,2025-01-03,2025-01-03,Ce,38,Loja,Boleto
P5350,Tênis Masculino,125.88,70.92,54.96,Nf976805,Klfudo@Email.Com,2026-01-23,2026-01-28,Sp,P,Online,Boleto
P5351,Tênis Feminino,369.42,193.46,175.96,Nf987806,Cbtqks@Email.Com,2026-03-13,2026-03-13,Sp,G,Loja,Boleto
P5352,Camiseta Feminina,180.06,116.33,63.73,Nf451851,Lhejwn@Email.Com,2025-09-22,2025-09-24,Rj,38,Loja,Cartão
P5353,Tênis Feminino,325.16,215.07,110.09,Nf771240,Bqixaa@Email.Com,2025-09-26,2025-09-29,Ba,40,Online,Pix
P5354,Camiseta Masculina,288.75,206.51,82.24,Nf413262,Cahfnn@Email.Com,2025-09-18,2025-09-23,Ce,G,Loja,Dinheiro
P5355,Camiseta Feminina,490.0,299.13,190.87,Nf976952,Jugyiw@Email.Com,2026-02-02,2026-02-05,Ba,P,Online,Dinheiro
P5356,Tênis Feminino,79.76,55.3,24.46,Nf801785,Szhcbb@Email.Com,2025-08-15,2025-08-15,Sc,P,Loja,Cartão
P5357,Tênis Feminino,178.53,105.21,73.32,Nf697487,Hpqrht@Email.Com,2026-03-06,2026-03-09,Rs,42,Online,Dinheiro
P5358,Calça Feminina,346.89,182.19,164.7,Nf640499,Wafelk@Email.Com,2026-02-02,2026-02-04,Pe,37,Online,Dinheiro
P5359,Calça Masculina,276.63,205.92,70.71,Nf937751,Lcceqv@Email.Com,2025-01-11,2025-01-13,Rs,41,Loja,Dinheiro
P5360,Tênis Masculino,76.83,57.71,19.12,Nf937078,Vpszsj@Email.Com,2025-07-19,2025-07-24,Sc,M,Online,Cartão
P5361,Calça Masculina,284.33,179.77,104.56,Nf336638,Oryfbv@Email.Com,2025-09-24,2025-09-28,Pb,M,Loja,Dinheiro
P5362,Calça Masculina,335.07,175.37,159.7,Nf699849,Ficqnp@Email.Com,2025-11-20,2025-11-22,Mg,M,Loja,Pix
P5363,Tênis Masculino,309.06,161.87,147.19,Nf645425,Vylris@Email.Com,2025-10-31,2025-10-31,Pr,M,Online,Pix
P5364,Camiseta Feminina,506.34,290.77,215.57,Nf716632,Dfxlky@Email.Com,2025-11-08,2025-11-09,Rj,G,Loja,Pix
P5365,Tênis Masculino,410.72,211.83,198.89,Nf982016,Pzkskp@Email.Com,2025-05-06,2025-05-10,Mg,37,Loja,Dinheiro
P5366,Camiseta Masculina,368.53,199.17,169.36,Nf139620,Oczmxj@Email.Com,2025-08-27,2025-09-01,Pb,37,Loja,Cartão
P5367,Camiseta Feminina,293.85,160.86,132.99,Nf977683,Uaapbp@Email.Com,2025-05-25,2025-05-29,Pb,P,Loja,Cartão
P5368,Calça Masculina,528.08,269.5,258.58,Nf659697,Pkgfin@Email.Com,2025-02-25,2025-02-28,Rs,37,Online,Pix
P5369,Tênis Masculino,352.68,285.77,66.91,Nf701816,Krkiyo@Email.Com,2025-10-20,2025-10-24,Rs,36,Online,Dinheiro
P5370,Calça Feminina,272.45,165.16,107.29,Nf452539,Bcqrxg@Email.Com,2025-07-12,2025-07-17,Sp,39,Loja,Pix
P5371,Calça Feminina,275.77,186.47,89.3,Nf525102,Oiexvp@Email.Com,2025-11-03,2025-11-08,Pe,36,Online,Dinheiro
P5372,Calça Masculina,328.09,241.7,86.39,Nf134505,Sahgbz@Email.Com,2025-01-31,2025-02-01,Pb,42,Loja,Pix
P5373,Camiseta Feminina,282.0,151.05,130.95,Nf260038,Kmiqdp@Email.Com,2026-01-28,2026-02-02,Pr,42,Loja,Pix
P5374,Calça Feminina,366.99,196.03,170.96,Nf828794,Pvfydh@Email.Com,2025-06-17,2025-06-17,Ce,M,Online,Pix
P5375,Tênis Feminino,339.31,172.82,166.49,Nf547524,Sckmns@Email.Com,2025-02-10,2025-02-13,Pb,G,Loja,Cartão
P5376,Tênis Masculino,142.53,97.11,45.42,Nf650665,Qaedpu@Email.Com,2026-01-16,2026-01-20,Pe,P,Online,Boleto
P5377,Camiseta Feminina,122.88,78.53,44.35,Nf161899,Lmtcht@Email.Com,2026-03-31,2026-04-05,Pr,41,Loja,Pix
P5378,Camiseta Feminina,504.88,284.4,220.48,Nf501819,Znqlwp@Email.Com,2025-04-11,2025-04-11,Ce,42,Loja,Boleto
P5379,Camiseta Feminina,153.85,96.13,57.72,Nf735665,Vscxee@Email.Com,2025-07-09,2025-07-09,Sp,G,Online,Boleto
P5380,Tênis Masculino,467.18,279.94,187.24,Nf240503,Bksvtg@Email.Com,2025-10-31,2025-11-01,Pr,38,Loja,Dinheiro
P5381,Camiseta Masculina,226.87,133.24,93.63,Nf618955,Mdvbza@Email.Com,2026-02-06,2026-02-07,Sp,41,Loja,Boleto
P5382,Camiseta Masculina,181.29,97.43,83.86,Nf619632,Wuczwe@Email.Com,2025-12-20,2025-12-22,Sp,42,Loja,Cartão
P5383,Camiseta Feminina,303.17,201.55,101.62,Nf980700,Olwwkr@Email.Com,2025-01-18,2025-01-20,Ce,M,Online,Dinheiro
P5384,Calça Feminina,262.14,192.86,69.28,Nf514646,Wctiui@Email.Com,2025-10-14,2025-10-14,Pe,M,Online,Boleto
P5385,Calça Masculina,81.76,53.38,28.38,Nf995225,Hpfhvh@Email.Com,2025-11-07,2025-11-10,Pb,42,Loja,Pix
P5386,Calça Masculina,434.22,218.54,215.68,Nf290757,Xhbogq@Email.Com,2025-02-01,2025-02-04,Pb,42,Online,Dinheiro
P5387,Calça Feminina,314.12,179.25,134.87,Nf505526,Jgktwt@Email.Com,2025-08-29,2025-08-29,Sp,37,Online,Pix
P5388,Calça Feminina,328.93,190.04,138.89,Nf549259,Ymkokj@Email.Com,2025-03-15,2025-03-18,Pe,36,Loja,Cartão
P5389,Tênis Masculino,274.93,144.42,130.51,Nf237471,Epshbt@Email.Com,2026-04-17,2026-04-22,Mg,G,Online,Pix
P5390,Camiseta Feminina,152.25,89.4,62.85,Nf766438,Qhmqrp@Email.Com,2026-02-01,2026-02-01,Pe,P,Online,Boleto
P5391,Tênis Masculino,430.11,275.23,154.88,Nf203365,Qtjpws@Email.Com,2025-03-27,2025-03-30,Sp,39,Online,Dinheiro
P5392,Tênis Masculino,173.56,139.01,34.55,Nf716670,Daeprh@Email.Com,2025-06-13,2025-06-16,Rs,41,Loja,Cartão
P5393,Camiseta Masculina,112.92,68.92,44.0,Nf132679,Ujftgu@Email.Com,2026-03-21,2026-03-26,Ce,41,Loja,Cartão
P5394,Calça Masculina,384.04,215.1,168.94,Nf697986,Faexvy@Email.Com,2026-01-18,2026-01-21,Pr,40,Loja,Cartão
P5395,Calça Feminina,414.81,219.91,194.9,Nf642341,Jglfrh@Email.Com,2025-12-09,2025-12-14,Ba,M,Loja,Boleto
P5396,Calça Feminina,171.32,95.39,75.93,Nf161527,Ocywja@Email.Com,2026-03-06,2026-03-08,Ce,M,Loja,Pix
P5397,Camiseta Feminina,128.35,76.27,52.08,Nf104892,Ftxuzs@Email.Com,2025-03-09,2025-03-10,Sc,36,Loja,Boleto
P5398,Camiseta Feminina,91.57,60.18,31.39,Nf213064,Gtiqcc@Email.Com,2025-02-11,2025-02-14,Pr,37,Online,Pix
P5399,Camiseta Masculina,247.15,171.75,75.4,Nf248619,Nxgevl@Email.Com,2025-05-01,2025-05-02,Ce,P,Online,Dinheiro
P5400,Calça Masculina,295.67,158.36,137.31,Nf640713,Xiduab@Email.Com,2025-10-15,2025-10-20,Ce,36,Loja,Pix
P5401,Calça Masculina,160.12,116.18,43.94,Nf825427,Gfhnqj@Email.Com,2025-11-12,2025-11-13,Ba,G,Loja,Pix
P5402,Calça Masculina,469.53,257.62,211.91,Nf536961,Pjdcyh@Email.Com,2025-04-29,2025-05-01,Mg,36,Online,Dinheiro
P5403,Calça Masculina,210.89,127.95,82.94,Nf118459,Fzmxel@Email.Com,2025-01-21,2025-01-26,Mg,42,Online,Cartão
P5404,Camiseta Masculina,346.5,243.12,103.38,Nf557644,Pralbb@Email.Com,2025-04-11,2025-04-11,Rj,42,Online,Pix
P5405,Camiseta Feminina,245.62,147.04,98.58,Nf307855,Exxzna@Email.Com,2025-12-06,2025-12-06,Ce,42,Loja,Boleto
P5406,Camiseta Feminina,107.96,69.78,38.18,Nf260586,Yrucks@Email.Com,2025-02-28,2025-03-02,Rs,38,Online,Boleto
P5407,Camiseta Masculina,96.02,58.4,37.62,Nf207549,Zphtvk@Email.Com,2025-09-08,2025-09-09,Rs,M,Loja,Boleto
P5408,Calça Masculina,204.69,109.78,94.91,Nf720404,Yvrkvi@Email.Com,2026-03-16,2026-03-21,Ce,M,Loja,Dinheiro
P5409,Calça Masculina,294.55,238.55,56.0,Nf155571,Qtqkec@Email.Com,2025-10-09,2025-10-11,Ce,39,Online,Cartão
P5410,Camiseta Feminina,269.85,175.32,94.53,Nf478890,Bwgtmb@Email.Com,2025-12-28,2025-12-30,Mg,42,Online,Dinheiro
P5411,Tênis Feminino,314.13,215.11,99.02,Nf196956,Ugtkpo@Email.Com,2025-12-06,2025-12-06,Pr,36,Loja,Cartão
P5412,Tênis Masculino,359.54,223.06,136.48,Nf794118,Imatth@Email.Com,2026-04-11,2026-04-11,Pr,38,Loja,Dinheiro
P5413,Tênis Feminino,131.6,102.2,29.4,Nf752568,Qmfasb@Email.Com,2025-09-14,2025-09-17,Rs,38,Loja,Dinheiro
P5414,Tênis Masculino,130.51,88.05,42.46,Nf328101,Ulzqtz@Email.Com,2026-03-11,2026-03-16,Mg,37,Loja,Dinheiro
P5415,Camiseta Masculina,85.52,51.84,33.68,Nf988529,Jfpwkc@Email.Com,2026-01-17,2026-01-20,Rs,41,Online,Cartão
P5416,Camiseta Masculina,306.72,253.34,53.38,Nf458384,Wuwpnv@Email.Com,2025-11-06,2025-11-08,Pe,38,Loja,Boleto
P5417,Calça Feminina,404.47,217.68,186.79,Nf954899,Wmqvoe@Email.Com,2025-04-22,2025-04-22,Sc,38,Loja,Dinheiro
P5418,Calça Feminina,308.5,221.27,87.23,Nf557564,Pemoyv@Email.Com,2025-05-25,2025-05-29,Sc,41,Loja,Pix
P5419,Tênis Feminino,237.58,126.75,110.83,Nf521132,Jpnpvx@Email.Com,2026-02-26,2026-02-28,Rj,42,Online,Cartão
P5420,Calça Feminina,88.06,56.73,31.33,Nf155138,Bwszhu@Email.Com,2025-03-31,2025-03-31,Rs,37,Loja,Pix
P5421,Tênis Masculino,450.77,280.76,170.01,Nf953409,Kggfek@Email.Com,2025-06-20,2025-06-20,Pb,39,Loja,Dinheiro
P5422,Tênis Masculino,69.59,56.61,12.98,Nf561223,Uyxnbr@Email.Com,2026-03-14,2026-03-18,Mg,41,Loja,Pix
P5423,Camiseta Masculina,142.7,83.2,59.5,Nf269148,Hrmwbs@Email.Com,2025-07-24,2025-07-24,Pb,37,Online,Cartão
P5424,Tênis Feminino,433.74,232.26,201.48,Nf552448,Bjpybs@Email.Com,2026-01-07,2026-01-11,Pe,G,Online,Cartão
P5425,Calça Masculina,327.87,178.39,149.48,Nf742801,Kqwfne@Email.Com,2025-11-03,2025-11-07,Rs,37,Online,Pix
P5426,Tênis Feminino,97.93,73.51,24.42,Nf272152,Zmgzbv@Email.Com,2025-08-01,2025-08-04,Ce,37,Online,Dinheiro
P5427,Tênis Feminino,230.01,146.27,83.74,Nf552799,Dctgil@Email.Com,2025-12-28,2025-12-30,Rj,38,Loja,Cartão
P5428,Camiseta Masculina,174.77,127.79,46.98,Nf452577,Ktunwi@Email.Com,2025-07-26,2025-07-26,Sc,39,Loja,Dinheiro
P5429,Tênis Masculino,234.41,160.81,73.6,Nf345989,Rrhfvm@Email.Com,2025-10-06,2025-10-06,Sp,39,Online,Pix
P5430,Tênis Feminino,390.43,269.53,120.9,Nf559742,Qyqrkm@Email.Com,2025-08-22,2025-08-25,Ce,M,Online,Dinheiro
P5431,Camiseta Feminina,304.18,159.67,144.51,Nf293840,Yqhaol@Email.Com,2025-03-29,2025-03-30,Sc,G,Loja,Boleto
P5432,Tênis Feminino,298.56,157.26,141.3,Nf136276,Soprgy@Email.Com,2025-07-21,2025-07-23,Rj,38,Online,Dinheiro
P5433,Tênis Feminino,472.13,240.52,231.61,Nf698047,Fbqxvm@Email.Com,2026-01-27,2026-01-28,Rs,G,Loja,Cartão
P5434,Camiseta Masculina,128.73,77.16,51.57,Nf317676,Pjycfe@Email.Com,2025-02-16,2025-02-20,Pb,39,Online,Pix
P5435,Tênis Feminino,581.24,292.49,288.75,Nf612214,Mgchnc@Email.Com,2025-04-19,2025-04-21,Pr,41,Online,Pix
P5436,Tênis Masculino,280.2,157.52,122.68,Nf601012,Wzpisw@Email.Com,2025-04-07,2025-04-12,Rj,M,Online,Dinheiro
P5437,Tênis Masculino,328.93,172.28,156.65,Nf103280,Jqrnem@Email.Com,2025-08-22,2025-08-23,Pr,P,Online,Boleto
P5438,Camiseta Masculina,294.54,160.39,134.15,Nf320779,Aovfcs@Email.Com,2025-05-24,2025-05-27,Rs,P,Loja,Cartão
P5439,Camiseta Feminina,208.71,137.9,70.81,Nf492960,Iegkmb@Email.Com,2025-03-28,2025-04-01,Pe,P,Online,Dinheiro
P5440,Camiseta Masculina,391.41,239.03,152.38,Nf261777,Gjwkfv@Email.Com,2025-02-26,2025-03-02,Rs,37,Loja,Dinheiro
P5441,Calça Feminina,228.74,135.57,93.17,Nf979969,Jimfpp@Email.Com,2025-01-13,2025-01-17,Ce,42,Loja,Boleto
P5442,Tênis Masculino,307.78,158.01,149.77,Nf828019,Cpraul@Email.Com,2025-06-11,2025-06-15,Mg,40,Online,Boleto
P5443,Calça Masculina,138.24,105.98,32.26,Nf891783,Jlkwdn@Email.Com,2025-03-04,2025-03-08,Pr,P,Loja,Pix
P5444,Tênis Feminino,108.38,72.11,36.27,Nf975083,Lodwic@Email.Com,2025-05-19,2025-05-20,Pb,37,Loja,Cartão
P5445,Tênis Masculino,94.49,65.79,28.7,Nf214150,Prrhix@Email.Com,2026-03-16,2026-03-18,Sc,37,Online,Dinheiro
P5446,Tênis Masculino,421.78,245.02,176.76,Nf989845,Qglfye@Email.Com,2025-04-10,2025-04-11,Rj,36,Loja,Boleto
P5447,Tênis Feminino,90.38,58.68,31.7,Nf536420,Dembyp@Email.Com,2025-04-02,2025-04-06,Sc,M,Loja,Pix
P5448,Tênis Masculino,142.15,76.66,65.49,Nf534677,Bccbbk@Email.Com,2025-05-26,2025-05-27,Pr,42,Loja,Boleto
P5449,Calça Feminina,173.88,144.82,29.06,Nf197842,Hyxbbw@Email.Com,2026-04-04,2026-04-06,Ba,38,Loja,Pix
P5450,Camiseta Feminina,259.03,129.83,129.2,Nf742121,Wosevt@Email.Com,2025-06-15,2025-06-19,Ce,M,Loja,Cartão
P5451,Calça Masculina,520.05,282.73,237.32,Nf983971,Hcicnw@Email.Com,2025-10-03,2025-10-03,Pr,P,Loja,Pix
P5452,Tênis Masculino,445.2,249.68,195.52,Nf706346,Orqdwu@Email.Com,2025-04-21,2025-04-26,Pr,M,Online,Boleto
P5453,Calça Masculina,212.73,158.8,53.93,Nf274943,Rjfenk@Email.Com,2026-03-22,2026-03-27,Rs,40,Online,Dinheiro
P5454,Tênis Feminino,361.12,259.32,101.8,Nf858931,Snnunn@Email.Com,2026-03-19,2026-03-19,Pr,40,Loja,Boleto
P5455,Camiseta Masculina,328.39,258.28,70.11,Nf644269,Lumuma@Email.Com,2025-08-19,2025-08-19,Ce,G,Loja,Dinheiro
P5456,Tênis Feminino,328.34,195.54,132.8,Nf624384,Zkzemz@Email.Com,2025-03-15,2025-03-15,Pr,G,Loja,Boleto
P5457,Camiseta Feminina,149.21,105.93,43.28,Nf581936,Foneox@Email.Com,2025-06-13,2025-06-18,Pr,41,Loja,Dinheiro
P5458,Tênis Masculino,189.44,127.37,62.07,Nf444192,Tdhlbk@Email.Com,2025-10-14,2025-10-14,Rs,M,Loja,Pix
P5459,Camiseta Feminina,216.95,171.68,45.27,Nf304566,Bhigbz@Email.Com,2025-06-11,2025-06-15,Mg,42,Loja,Cartão
P5460,Tênis Feminino,109.3,63.65,45.65,Nf457038,Ugsckt@Email.Com,2025-02-18,2025-02-23,Sp,P,Loja,Dinheiro
P5461,Tênis Feminino,117.47,91.26,26.21,Nf306588,Zkeoje@Email.Com,2025-02-18,2025-02-18,Sc,40,Online,Cartão
P5462,Calça Masculina,164.21,104.5,59.71,Nf264938,Ewfvkg@Email.Com,2026-04-24,2026-04-29,Pb,36,Online,Cartão
P5463,Tênis Feminino,328.93,231.76,97.17,Nf730182,Svrrts@Email.Com,2025-06-19,2025-06-23,Rj,39,Loja,Cartão
P5464,Tênis Feminino,503.04,274.46,228.58,Nf652497,Bgfaye@Email.Com,2025-07-04,2025-07-08,Mg,41,Loja,Dinheiro
P5465,Tênis Feminino,503.13,281.64,221.49,Nf892684,Rhryop@Email.Com,2026-03-29,2026-04-01,Ce,41,Online,Cartão
P5466,Tênis Masculino,161.76,132.06,29.7,Nf418272,Pdbgmm@Email.Com,2025-09-02,2025-09-05,Rj,41,Online,Pix
P5467,Camiseta Feminina,115.63,82.74,32.89,Nf802140,Moyftl@Email.Com,2025-09-03,2025-09-07,Rj,38,Online,Dinheiro
P5468,Calça Feminina,451.85,293.46,158.39,Nf344492,Jkymkd@Email.Com,2026-01-23,2026-01-26,Pe,M,Loja,Pix
P5469,Calça Masculina,257.27,154.03,103.24,Nf400563,Mmtrix@Email.Com,2026-04-23,2026-04-23,Rj,37,Online,Boleto
P5470,Calça Feminina,335.31,169.25,166.06,Nf635294,Aaksvp@Email.Com,2025-07-04,2025-07-08,Pb,G,Online,Dinheiro
P5471,Calça Masculina,367.46,279.08,88.38,Nf842755,Ralric@Email.Com,2026-02-24,2026-02-26,Pr,39,Online,Cartão
P5472,Tênis Masculino,165.52,94.69,70.83,Nf594349,Clrsna@Email.Com,2025-07-14,2025-07-16,Pr,38,Online,Dinheiro
P5473,Tênis Masculino,300.44,222.3,78.14,Nf122564,Emeibe@Email.Com,2026-04-24,2026-04-28,Ce,40,Online,Dinheiro
P5474,Tênis Feminino,143.19,72.52,70.67,Nf880305,Ftynte@Email.Com,2025-07-13,2025-07-14,Rj,P,Online,Cartão
P5475,Calça Masculina,448.55,298.62,149.93,Nf380250,Tcgkag@Email.Com,2026-03-09,2026-03-12,Ba,P,Loja,Dinheiro
P5476,Camiseta Masculina,143.19,101.3,41.89,Nf976206,Wvrmes@Email.Com,2026-03-21,2026-03-24,Sp,36,Online,Pix
P5477,Camiseta Feminina,164.55,118.28,46.27,Nf148803,Eftrcn@Email.Com,2025-07-17,2025-07-22,Ba,39,Online,Cartão
P5478,Tênis Feminino,278.94,194.42,84.52,Nf298117,Edssqo@Email.Com,2026-02-01,2026-02-01,Sp,38,Loja,Pix
P5479,Tênis Feminino,185.57,126.73,58.84,Nf498350,Skdxcr@Email.Com,2025-11-18,2025-11-18,Sp,39,Online,Boleto
P5480,Camiseta Masculina,287.37,214.44,72.93,Nf878367,Weonio@Email.Com,2025-09-24,2025-09-24,Pb,36,Loja,Pix
P5481,Camiseta Masculina,146.06,86.99,59.07,Nf942510,Glosdg@Email.Com,2025-11-28,2025-11-29,Rj,42,Online,Cartão
P5482,Camiseta Feminina,293.58,186.25,107.33,Nf663329,Inszfp@Email.Com,2025-06-22,2025-06-27,Pb,42,Online,Cartão
P5483,Calça Feminina,224.49,148.14,76.35,Nf455555,Jwjsgv@Email.Com,2025-05-08,2025-05-13,Sc,36,Online,Boleto
P5484,Calça Feminina,198.11,144.58,53.53,Nf924587,Fizgxh@Email.Com,2025-10-16,2025-10-18,Pb,37,Loja,Cartão
P5485,Tênis Masculino,545.06,278.69,266.37,Nf216516,Iwxucf@Email.Com,2025-09-23,2025-09-24,Mg,39,Loja,Boleto
P5486,Camiseta Masculina,77.93,50.72,27.21,Nf795465,Tkkuag@Email.Com,2025-02-23,2025-02-28,Pb,M,Loja,Cartão
P5487,Tênis Masculino,372.8,272.17,100.63,Nf540954,Xrseql@Email.Com,2026-01-06,2026-01-08,Pb,42,Loja,Pix
P5488,Calça Masculina,311.74,186.05,125.69,Nf650397,Kprhcv@Email.Com,2026-04-27,2026-05-02,Sp,42,Online,Boleto
P5489,Calça Masculina,244.12,181.09,63.03,Nf886258,Eunkbs@Email.Com,2025-09-23,2025-09-23,Pe,36,Loja,Boleto
P5490,Calça Masculina,409.11,259.25,149.86,Nf383035,Lrwodk@Email.Com,2026-01-18,2026-01-21,Ba,38,Loja,Cartão
P5491,Calça Feminina,402.88,210.82,192.06,Nf591742,Khswsw@Email.Com,2025-09-22,2025-09-25,Sp,40,Loja,Boleto
P5492,Calça Feminina,200.89,141.09,59.8,Nf448208,Ytqswm@Email.Com,2025-08-16,2025-08-19,Pe,P,Online,Boleto
P5493,Tênis Masculino,384.92,295.78,89.14,Nf911710,Kphxxw@Email.Com,2026-01-18,2026-01-19,Rj,G,Online,Boleto
P5494,Camiseta Feminina,143.21,91.26,51.95,Nf871588,Oqdiar@Email.Com,2026-01-09,2026-01-13,Rs,42,Loja,Cartão
P5495,Calça Feminina,134.42,78.3,56.12,Nf563214,Zllyxc@Email.Com,2025-08-23,2025-08-27,Rs,M,Online,Pix
P5496,Camiseta Masculina,198.8,152.75,46.05,Nf811089,Asjpkz@Email.Com,2025-12-28,2025-12-30,Sc,36,Loja,Boleto
P5497,Tênis Masculino,352.25,220.97,131.28,Nf163819,Dzzjyy@Email.Com,2026-04-20,2026-04-24,Pe,G,Loja,Pix
P5498,Tênis Masculino,168.69,96.77,71.92,Nf339011,Jcyqjc@Email.Com,2025-03-12,2025-03-13,Pb,P,Online,Cartão
P5499,Tênis Feminino,113.26,79.62,33.64,Nf114158,Wdrwwm@Email.Com,2026-02-23,2026-02-23,Rj,M,Online,Boleto
P5500,Calça Masculina,504.64,267.37,237.27,Nf533663,Ehuhzd@Email.Com,2025-12-07,2025-12-08,Sp,36,Loja,Boleto
P5501,Calça Masculina,403.47,203.68,199.79,Nf207607,Krmjyu@Email.Com,2025-08-25,2025-08-28,Mg,42,Loja,Boleto
P5502,Camiseta Masculina,357.77,207.61,150.16,Nf914060,Slbwia@Email.Com,2025-07-18,2025-07-22,Sp,40,Loja,Dinheiro
P5503,Calça Masculina,416.81,234.88,181.93,Nf583553,Gbqnmw@Email.Com,2025-05-13,2025-05-13,Sp,36,Loja,Pix
P5504,Tênis Feminino,276.72,140.29,136.43,Nf624935,Vhypqo@Email.Com,2026-04-08,2026-04-12,Sc,39,Online,Pix
P5505,Tênis Masculino,159.37,109.35,50.02,Nf505878,Voprva@Email.Com,2025-07-30,2025-08-04,Sc,40,Loja,Dinheiro
P5506,Calça Feminina,104.11,57.35,46.76,Nf426758,Pcdptz@Email.Com,2026-01-11,2026-01-12,Pb,42,Online,Cartão
P5507,Calça Masculina,119.92,86.59,33.33,Nf771302,Wdnkpc@Email.Com,2025-07-24,2025-07-28,Pr,37,Online,Cartão
P5508,Calça Masculina,306.4,189.55,116.85,Nf889345,Hkmwpr@Email.Com,2025-01-12,2025-01-17,Sc,37,Loja,Pix
P5509,Calça Masculina,411.48,213.66,197.82,Nf205663,Tqyaoq@Email.Com,2026-01-13,2026-01-14,Rj,40,Online,Cartão
P5510,Tênis Masculino,258.55,135.58,122.97,Nf813739,Bqbutv@Email.Com,2026-03-12,2026-03-15,Pe,M,Online,Pix
P5511,Calça Masculina,288.1,176.5,111.6,Nf672475,Nikcgh@Email.Com,2025-07-08,2025-07-08,Rs,42,Online,Cartão
P5512,Camiseta Masculina,140.56,105.47,35.09,Nf206396,Squujt@Email.Com,2025-06-13,2025-06-17,Sp,42,Online,Pix
P5513,Tênis Masculino,469.64,282.64,187.0,Nf500382,Nndkig@Email.Com,2025-09-11,2025-09-16,Sc,38,Online,Boleto
P5514,Calça Feminina,430.49,264.49,166.0,Nf437807,Zbwkcp@Email.Com,2025-11-07,2025-11-11,Rj,G,Online,Cartão
P5515,Camiseta Masculina,162.95,119.62,43.33,Nf971806,Zqfevj@Email.Com,2026-02-13,2026-02-17,Ba,39,Online,Dinheiro
P5516,Camiseta Masculina,267.82,173.86,93.96,Nf222423,Isedzf@Email.Com,2025-08-03,2025-08-04,Pe,37,Online,Dinheiro
P5517,Tênis Feminino,539.97,294.48,245.49,Nf425746,Sajqes@Email.Com,2025-11-25,2025-11-25,Mg,42,Loja,Cartão
P5518,Calça Masculina,398.47,253.01,145.46,Nf420436,Pqgayr@Email.Com,2025-07-13,2025-07-14,Rs,G,Loja,Dinheiro
P5519,Tênis Feminino,367.54,213.13,154.41,Nf713177,Amogcu@Email.Com,2025-07-23,2025-07-28,Sc,38,Online,Dinheiro
P5520,Tênis Feminino,136.89,101.39,35.5,Nf633969,Zktlnh@Email.Com,2025-06-20,2025-06-21,Rj,P,Loja,Pix
P5521,Calça Feminina,244.1,147.09,97.01,Nf495431,Ibrufn@Email.Com,2025-07-14,2025-07-14,Pe,M,Loja,Dinheiro
P5522,Tênis Feminino,176.2,113.77,62.43,Nf111200,Kkxifm@Email.Com,2025-09-24,2025-09-25,Ba,37,Loja,Pix
P5523,Calça Feminina,157.32,103.72,53.6,Nf287576,Ruqejx@Email.Com,2025-10-19,2025-10-20,Pr,42,Online,Cartão
P5524,Calça Feminina,449.87,287.22,162.65,Nf217765,Abakpp@Email.Com,2025-05-12,2025-05-17,Rj,42,Online,Dinheiro
P5525,Tênis Feminino,335.53,179.4,156.13,Nf514181,Ikalux@Email.Com,2025-09-24,2025-09-29,Mg,42,Loja,Dinheiro
P5526,Calça Masculina,197.96,101.31,96.65,Nf884098,Eoyvfd@Email.Com,2025-08-05,2025-08-10,Ba,G,Loja,Boleto
P5527,Tênis Feminino,149.53,115.89,33.64,Nf723449,Rovvov@Email.Com,2025-09-04,2025-09-05,Rs,38,Online,Pix
P5528,Calça Masculina,138.91,102.61,36.3,Nf494649,Whnmcb@Email.Com,2025-12-05,2025-12-08,Sp,36,Online,Dinheiro
P5529,Tênis Masculino,248.11,178.8,69.31,Nf902245,Dsundj@Email.Com,2025-04-24,2025-04-28,Rs,39,Online,Dinheiro
P5530,Camiseta Masculina,334.03,209.9,124.13,Nf847754,Upxcih@Email.Com,2025-10-18,2025-10-23,Sp,37,Online,Dinheiro
P5531,Calça Masculina,129.42,105.16,24.26,Nf517124,Kbzfny@Email.Com,2026-01-23,2026-01-26,Pe,37,Loja,Cartão
P5532,Camiseta Masculina,178.43,108.97,69.46,Nf828523,Tgjnvj@Email.Com,2026-03-30,2026-04-04,Ce,P,Online,Pix
P5533,Calça Feminina,237.06,140.37,96.69,Nf587737,Bgvefi@Email.Com,2025-03-08,2025-03-09,Sp,39,Loja,Cartão
P5534,Tênis Feminino,207.05,106.18,100.87,Nf365589,Mqpdcl@Email.Com,2025-07-26,2025-07-31,Rj,38,Online,Dinheiro
P5535,Calça Feminina,317.89,189.41,128.48,Nf774826,Svrzrq@Email.Com,2026-02-16,2026-02-17,Rs,41,Online,Dinheiro
P5536,Tênis Feminino,518.54,283.04,235.5,Nf487749,Usjumb@Email.Com,2025-06-11,2025-06-16,Mg,G,Online,Dinheiro
P5537,Calça Feminina,155.62,128.74,26.88,Nf478576,Arnqvs@Email.Com,2025-12-06,2025-12-07,Pe,P,Online,Pix
P5538,Camiseta Masculina,220.77,176.21,44.56,Nf768088,Ghiafk@Email.Com,2025-08-04,2025-08-07,Pe,G,Loja,Cartão
P5539,Camiseta Feminina,148.06,117.82,30.24,Nf292263,Zkbrzy@Email.Com,2025-08-11,2025-08-16,Pe,42,Loja,Cartão
P5540,Calça Feminina,95.13,59.58,35.55,Nf611157,Thwmqb@Email.Com,2025-09-06,2025-09-06,Sp,P,Online,Dinheiro
P5541,Calça Feminina,439.36,236.68,202.68,Nf161525,Pqeytr@Email.Com,2026-03-10,2026-03-15,Pb,42,Online,Cartão
P5542,Camiseta Masculina,187.89,94.85,93.04,Nf130319,Qxekng@Email.Com,2025-07-24,2025-07-27,Rj,37,Online,Dinheiro
P5543,Calça Feminina,437.58,228.77,208.81,Nf750520,Jqiztb@Email.Com,2025-11-24,2025-11-24,Rs,39,Online,Pix
P5544,Tênis Masculino,70.15,50.19,19.96,Nf789016,Kvfbux@Email.Com,2025-06-18,2025-06-21,Ba,41,Loja,Pix
P5545,Calça Masculina,358.94,202.15,156.79,Nf534640,Zbrxam@Email.Com,2025-07-06,2025-07-11,Pb,40,Loja,Boleto
P5546,Camiseta Feminina,248.95,196.09,52.86,Nf718456,Ejnyva@Email.Com,2025-07-04,2025-07-05,Pe,P,Online,Cartão
P5547,Calça Feminina,503.2,274.06,229.14,Nf352796,Vmibep@Email.Com,2025-10-11,2025-10-12,Sp,37,Online,Pix
P5548,Tênis Feminino,258.8,180.3,78.5,Nf856461,Cttoli@Email.Com,2025-04-16,2025-04-19,Pe,M,Loja,Cartão
P5549,Tênis Feminino,303.18,200.89,102.29,Nf857057,Emphkn@Email.Com,2025-04-12,2025-04-15,Rj,40,Loja,Boleto
P5550,Calça Feminina,271.79,164.82,106.97,Nf115340,Rqopqe@Email.Com,2025-02-26,2025-02-27,Rs,40,Loja,Boleto
P5551,Camiseta Masculina,224.29,153.13,71.16,Nf220790,Bkovqt@Email.Com,2026-04-26,2026-04-27,Rj,37,Online,Cartão
P5552,Tênis Feminino,80.39,56.69,23.7,Nf333210,Irdvls@Email.Com,2025-04-03,2025-04-05,Sc,41,Online,Pix
P5553,Tênis Feminino,102.73,52.56,50.17,Nf868405,Xlzhxt@Email.Com,2025-06-17,2025-06-22,Pr,41,Online,Pix
P5554,Camiseta Feminina,361.27,186.15,175.12,Nf856862,Hyttxr@Email.Com,2025-07-05,2025-07-09,Pe,40,Loja,Boleto
P5555,Camiseta Masculina,343.86,229.99,113.87,Nf744921,Imkojk@Email.Com,2026-02-17,2026-02-17,Ba,40,Online,Dinheiro
P5556,Tênis Masculino,222.86,139.09,83.77,Nf946708,Lpfuhg@Email.Com,2025-02-06,2025-02-08,Sc,P,Loja,Cartão
P5557,Tênis Feminino,214.32,108.5,105.82,Nf262331,Jbpijo@Email.Com,2025-12-29,2026-01-03,Mg,42,Loja,Cartão
P5558,Calça Feminina,500.21,266.97,233.24,Nf719721,Ywiqvi@Email.Com,2026-01-10,2026-01-14,Pe,38,Loja,Cartão
P5559,Camiseta Feminina,328.04,193.98,134.06,Nf161152,Hnucdh@Email.Com,2026-03-03,2026-03-08,Pr,M,Online,Cartão
P5560,Tênis Feminino,79.18,60.62,18.56,Nf684989,Fwapjy@Email.Com,2025-02-17,2025-02-21,Ce,P,Loja,Boleto
P5561,Calça Masculina,389.51,237.44,152.07,Nf741587,Nvmbxv@Email.Com,2025-04-04,2025-04-09,Pb,40,Loja,Pix
P5562,Tênis Feminino,235.83,163.71,72.12,Nf606455,Blwsce@Email.Com,2025-03-28,2025-04-01,Sp,39,Online,Dinheiro
P5563,Camiseta Masculina,72.46,58.09,14.37,Nf319427,Nnsynn@Email.Com,2025-11-29,2025-12-01,Pe,37,Loja,Boleto
P5564,Tênis Masculino,539.83,284.65,255.18,Nf297009,Sxuxps@Email.Com,2025-06-29,2025-06-29,Pb,37,Loja,Cartão
P5565,Calça Masculina,90.11,55.04,35.07,Nf836511,Lvfuex@Email.Com,2025-03-05,2025-03-05,Mg,G,Online,Dinheiro
P5566,Tênis Masculino,359.45,247.04,112.41,Nf566685,Iwjibo@Email.Com,2025-01-09,2025-01-12,Pe,P,Loja,Dinheiro
P5567,Camiseta Feminina,88.11,63.73,24.38,Nf474874,Besete@Email.Com,2025-08-28,2025-09-02,Sc,39,Online,Pix
P5568,Camiseta Feminina,187.48,116.15,71.33,Nf981048,Xcjqpn@Email.Com,2025-12-13,2025-12-16,Rj,42,Loja,Cartão
P5569,Calça Masculina,258.28,166.18,92.1,Nf838118,Wzfkgb@Email.Com,2025-11-02,2025-11-02,Pb,41,Loja,Pix
P5570,Camiseta Feminina,473.32,247.16,226.16,Nf852202,Rtpimv@Email.Com,2025-04-11,2025-04-13,Rs,37,Online,Boleto
P5571,Camiseta Masculina,517.65,262.43,255.22,Nf204195,Vupfqj@Email.Com,2025-03-02,2025-03-02,Sp,36,Loja,Cartão
P5572,Tênis Masculino,416.43,288.6,127.83,Nf233910,Fjqccc@Email.Com,2025-09-26,2025-09-28,Mg,G,Online,Boleto
P5573,Tênis Feminino,143.35,96.27,47.08,Nf450117,Kwlzuq@Email.Com,2025-05-09,2025-05-10,Rs,39,Loja,Pix
P5574,Tênis Feminino,413.23,212.23,201.0,Nf962418,Yitmla@Email.Com,2025-11-17,2025-11-21,Rs,39,Loja,Dinheiro
P5575,Camiseta Feminina,252.56,132.58,119.98,Nf976748,Akxnqn@Email.Com,2025-01-26,2025-01-27,Sp,39,Online,Pix
P5576,Camiseta Feminina,422.09,288.21,133.88,Nf471321,Xrmwdt@Email.Com,2025-03-09,2025-03-10,Sc,M,Online,Cartão
P5577,Camiseta Masculina,383.11,220.12,162.99,Nf298746,Qdmfsr@Email.Com,2025-11-11,2025-11-13,Pr,38,Online,Cartão
P5578,Calça Masculina,295.27,238.52,56.75,Nf533193,Wnhrjs@Email.Com,2025-11-03,2025-11-06,Pb,P,Online,Cartão
P5579,Tênis Masculino,237.51,134.42,103.09,Nf597087,Apmvgg@Email.Com,2025-04-09,2025-04-13,Ba,40,Online,Pix
P5580,Camiseta Masculina,501.55,252.55,249.0,Nf612246,Fqmudq@Email.Com,2025-07-25,2025-07-30,Pr,G,Loja,Cartão
P5581,Calça Feminina,241.94,143.82,98.12,Nf983532,Pdjotz@Email.Com,2025-10-31,2025-11-04,Rs,M,Online,Dinheiro
P5582,Camiseta Masculina,302.37,233.91,68.46,Nf944889,Bbkcyd@Email.Com,2025-04-29,2025-05-02,Pr,P,Loja,Cartão
P5583,Tênis Feminino,153.39,125.29,28.1,Nf288848,Yrlzta@Email.Com,2025-02-21,2025-02-23,Pr,40,Online,Dinheiro
P5584,Calça Masculina,146.32,103.24,43.08,Nf158336,Acbeww@Email.Com,2025-07-25,2025-07-29,Pr,42,Loja,Cartão
P5585,Calça Masculina,269.71,135.78,133.93,Nf192509,Upatpo@Email.Com,2025-11-24,2025-11-27,Sp,P,Online,Cartão
P5586,Tênis Feminino,174.79,135.3,39.49,Nf387701,Jzgsgf@Email.Com,2025-01-22,2025-01-25,Pb,41,Online,Boleto
P5587,Tênis Feminino,351.89,283.21,68.68,Nf181972,Ndjglo@Email.Com,2025-12-12,2025-12-12,Pb,P,Online,Dinheiro
P5588,Calça Masculina,386.07,274.52,111.55,Nf816626,Dgzwgj@Email.Com,2025-04-28,2025-04-30,Pb,36,Online,Dinheiro
P5589,Tênis Feminino,182.69,113.04,69.65,Nf633635,Vdzccq@Email.Com,2026-04-26,2026-04-28,Sp,39,Online,Dinheiro
P5590,Camiseta Masculina,238.16,154.78,83.38,Nf101357,Hedagc@Email.Com,2025-12-16,2025-12-21,Rj,G,Loja,Dinheiro
P5591,Camiseta Feminina,156.41,121.8,34.61,Nf316276,Cztvfz@Email.Com,2025-12-22,2025-12-22,Mg,37,Online,Cartão
P5592,Tênis Masculino,398.76,264.35,134.41,Nf802405,Yridpu@Email.Com,2026-01-11,2026-01-15,Rj,38,Online,Pix
P5593,Camiseta Masculina,76.36,52.74,23.62,Nf802175,Uyrzts@Email.Com,2025-11-12,2025-11-12,Pr,36,Loja,Pix
P5594,Camiseta Feminina,278.83,143.94,134.89,Nf710444,Qojkht@Email.Com,2025-12-12,2025-12-14,Pr,G,Online,Dinheiro
P5595,Camiseta Feminina,345.88,197.71,148.17,Nf658759,Zxnfpe@Email.Com,2025-07-02,2025-07-05,Pr,38,Loja,Boleto
P5596,Calça Feminina,367.19,248.72,118.47,Nf506378,Ywjzdg@Email.Com,2025-02-18,2025-02-18,Pb,36,Loja,Dinheiro
P5597,Tênis Feminino,455.9,263.91,191.99,Nf309950,Rrcahp@Email.Com,2025-12-28,2025-12-31,Pb,37,Loja,Pix
P5598,Camiseta Masculina,330.41,258.79,71.62,Nf248459,Egwncv@Email.Com,2025-08-09,2025-08-13,Pr,G,Loja,Pix
P5599,Calça Masculina,272.37,147.36,125.01,Nf431447,Rvswsg@Email.Com,2025-11-02,2025-11-05,Sc,37,Online,Pix
P5600,Tênis Masculino,159.23,131.82,27.41,Nf311603,Pcnxvb@Email.Com,2025-07-09,2025-07-14,Pr,36,Loja,Pix
P5601,Tênis Feminino,125.33,82.93,42.4,Nf699601,Eegbwo@Email.Com,2025-01-27,2025-01-28,Pe,39,Online,Boleto
P5602,Tênis Masculino,423.51,244.48,179.03,Nf799590,Estdzh@Email.Com,2025-10-06,2025-10-08,Mg,36,Loja,Cartão
P5603,Calça Masculina,220.98,177.15,43.83,Nf498903,Crbjot@Email.Com,2025-10-15,2025-10-16,Ce,39,Online,Boleto
P5604,Calça Feminina,116.25,71.62,44.63,Nf873269,Sabcsd@Email.Com,2025-02-26,2025-03-03,Mg,37,Loja,Dinheiro
P5605,Tênis Masculino,505.17,287.32,217.85,Nf651842,Ftqjjx@Email.Com,2025-07-19,2025-07-23,Rs,P,Loja,Boleto
P5606,Camiseta Masculina,230.81,145.29,85.52,Nf900670,Bbhcfz@Email.Com,2025-04-05,2025-04-09,Rs,M,Online,Pix
P5607,Tênis Masculino,102.1,84.51,17.59,Nf905549,Uxfelt@Email.Com,2026-03-20,2026-03-23,Pb,P,Online,Pix
P5608,Tênis Masculino,232.59,147.66,84.93,Nf140662,Nncoqy@Email.Com,2025-12-10,2025-12-10,Ba,38,Online,Dinheiro
P5609,Calça Masculina,256.83,167.27,89.56,Nf980708,Xnoyfl@Email.Com,2025-05-11,2025-05-15,Ce,36,Online,Pix
P5610,Camiseta Masculina,453.24,244.24,209.0,Nf766350,Ecizwt@Email.Com,2025-06-25,2025-06-27,Pr,36,Loja,Boleto
P5611,Tênis Masculino,352.4,288.54,63.86,Nf298178,Ulimix@Email.Com,2025-05-27,2025-05-31,Rj,39,Online,Dinheiro
P5612,Camiseta Feminina,364.68,277.98,86.7,Nf123833,Kmypbb@Email.Com,2025-12-08,2025-12-11,Sc,42,Loja,Boleto
P5613,Camiseta Masculina,249.42,146.7,102.72,Nf695232,Iyueqq@Email.Com,2025-06-14,2025-06-18,Pr,42,Loja,Pix
P5614,Camiseta Masculina,390.73,206.73,184.0,Nf125027,Mhnabc@Email.Com,2025-03-10,2025-03-15,Pr,42,Loja,Dinheiro
P5615,Tênis Feminino,298.55,166.05,132.5,Nf852073,Cwsdge@Email.Com,2025-03-22,2025-03-24,Pb,G,Loja,Pix
P5616,Camiseta Masculina,102.32,54.58,47.74,Nf670858,Ielqrs@Email.Com,2025-02-10,2025-02-14,Sc,38,Loja,Boleto
P5617,Calça Feminina,563.48,294.69,268.79,Nf151227,Gsblkz@Email.Com,2026-01-20,2026-01-22,Pe,M,Online,Pix
P5618,Camiseta Feminina,259.63,180.32,79.31,Nf374792,Wvcedv@Email.Com,2025-01-29,2025-01-30,Ba,41,Online,Pix
P5619,Tênis Masculino,88.61,67.27,21.34,Nf273415,Rqzbbp@Email.Com,2025-05-30,2025-05-31,Sp,38,Online,Boleto
P5620,Calça Feminina,122.31,93.99,28.32,Nf934573,Kztypa@Email.Com,2026-01-11,2026-01-14,Sp,37,Loja,Pix
P5621,Calça Feminina,316.55,233.29,83.26,Nf532237,Eqhblx@Email.Com,2026-04-29,2026-05-01,Ba,37,Loja,Cartão
P5622,Tênis Feminino,316.79,166.82,149.97,Nf677829,Qndjsq@Email.Com,2025-07-11,2025-07-12,Pr,42,Loja,Boleto
P5623,Calça Masculina,462.08,238.78,223.3,Nf493954,Whkglo@Email.Com,2025-04-07,2025-04-11,Rs,G,Online,Boleto
P5624,Camiseta Masculina,411.79,273.16,138.63,Nf403853,Otqhvl@Email.Com,2025-09-10,2025-09-11,Pb,38,Online,Dinheiro
P5625,Tênis Feminino,446.24,266.59,179.65,Nf695462,Eoykgj@Email.Com,2025-09-29,2025-09-29,Ba,38,Online,Cartão
P5626,Tênis Masculino,471.74,256.16,215.58,Nf577695,Zofrzw@Email.Com,2025-05-02,2025-05-03,Mg,42,Online,Pix
P5627,Camiseta Masculina,350.17,246.52,103.65,Nf603858,Ylzjwk@Email.Com,2025-04-07,2025-04-08,Pb,42,Online,Boleto
P5628,Calça Masculina,337.61,171.5,166.11,Nf853771,Tsmnsx@Email.Com,2025-08-29,2025-09-03,Mg,37,Online,Cartão
P5629,Camiseta Feminina,122.95,61.72,61.23,Nf901853,Vtbuqw@Email.Com,2025-01-23,2025-01-25,Pb,37,Online,Cartão
P5630,Camiseta Masculina,119.74,81.12,38.62,Nf229546,Okuvom@Email.Com,2025-01-05,2025-01-09,Ce,P,Online,Pix
P5631,Tênis Masculino,199.87,103.29,96.58,Nf493774,Qtpuyb@Email.Com,2025-02-24,2025-02-27,Pe,P,Online,Cartão
P5632,Camiseta Masculina,303.31,245.09,58.22,Nf214808,Hzjxif@Email.Com,2026-03-30,2026-04-03,Sp,40,Loja,Pix
P5633,Camiseta Masculina,157.87,107.24,50.63,Nf600100,Hwsjha@Email.Com,2025-04-09,2025-04-13,Rs,P,Loja,Boleto
P5634,Tênis Masculino,144.6,109.52,35.08,Nf165703,Tibxfc@Email.Com,2025-08-17,2025-08-17,Ce,M,Online,Boleto
P5635,Calça Masculina,465.97,261.13,204.84,Nf447976,Rqqkve@Email.Com,2025-06-25,2025-06-27,Ce,42,Online,Dinheiro
P5636,Tênis Masculino,504.92,276.28,228.64,Nf397324,Rdfdxt@Email.Com,2025-03-06,2025-03-06,Pe,38,Online,Cartão
P5637,Tênis Masculino,128.12,68.93,59.19,Nf885017,Otgykd@Email.Com,2025-12-10,2025-12-10,Rj,P,Loja,Pix
P5638,Calça Masculina,204.54,128.87,75.67,Nf968492,Dzrdcw@Email.Com,2025-12-08,2025-12-10,Ce,36,Online,Boleto
P5639,Calça Masculina,367.21,234.53,132.68,Nf126229,Hyqese@Email.Com,2025-01-07,2025-01-12,Sc,38,Loja,Pix
P5640,Calça Masculina,173.58,96.2,77.38,Nf495000,Ivwmun@Email.Com,2025-04-14,2025-04-17,Ce,36,Loja,Dinheiro
P5641,Tênis Feminino,422.88,293.31,129.57,Nf474613,Afkowi@Email.Com,2025-12-17,2025-12-17,Pr,36,Loja,Boleto
P5642,Calça Masculina,398.64,271.39,127.25,Nf120186,Glaigr@Email.Com,2025-04-26,2025-04-27,Rj,P,Online,Boleto
P5643,Tênis Feminino,134.17,111.67,22.5,Nf653960,Kkidyq@Email.Com,2025-01-25,2025-01-29,Rj,40,Online,Pix
P5644,Calça Feminina,243.26,137.72,105.54,Nf466301,Daapix@Email.Com,2026-04-17,2026-04-17,Rs,42,Loja,Pix
P5645,Camiseta Feminina,392.81,263.6,129.21,Nf979728,Lfjqxd@Email.Com,2026-01-11,2026-01-16,Sp,39,Online,Dinheiro
P5646,Tênis Feminino,107.85,70.81,37.04,Nf572304,Xptorl@Email.Com,2025-02-27,2025-03-03,Sp,P,Loja,Boleto
P5647,Calça Feminina,341.73,210.12,131.61,Nf514394,Zsrlqr@Email.Com,2025-04-30,2025-05-05,Pb,36,Online,Boleto
P5648,Calça Masculina,142.94,76.83,66.11,Nf607800,Sgismn@Email.Com,2025-12-05,2025-12-10,Rs,G,Online,Dinheiro
P5649,Calça Feminina,83.81,61.44,22.37,Nf114738,Sprmbv@Email.Com,2025-04-09,2025-04-12,Rj,40,Loja,Pix
P5650,Calça Masculina,330.01,189.93,140.08,Nf979904,Lxgpst@Email.Com,2025-10-23,2025-10-26,Ce,39,Loja,Cartão
P5651,Camiseta Masculina,309.6,200.91,108.69,Nf898327,Cxocuc@Email.Com,2025-11-26,2025-11-26,Sc,42,Loja,Boleto
P5652,Camiseta Feminina,431.03,261.78,169.25,Nf607581,Barcng@Email.Com,2025-03-07,2025-03-07,Ce,42,Loja,Cartão
P5653,Tênis Feminino,90.61,68.35,22.26,Nf968393,Vimrvh@Email.Com,2026-04-26,2026-04-28,Sp,37,Online,Pix
P5654,Tênis Feminino,366.41,189.27,177.14,Nf386345,Yfvwok@Email.Com,2025-03-27,2025-04-01,Ce,41,Online,Dinheiro
P5655,Calça Feminina,300.41,224.54,75.87,Nf747682,Bcowyr@Email.Com,2025-08-21,2025-08-21,Pr,42,Online,Cartão
P5656,Tênis Feminino,335.08,206.52,128.56,Nf456333,Bwivai@Email.Com,2025-07-25,2025-07-27,Rs,M,Online,Dinheiro
P5657,Tênis Masculino,468.04,246.65,221.39,Nf339880,Npyvtd@Email.Com,2025-01-06,2025-01-11,Sc,41,Loja,Dinheiro
P5658,Tênis Masculino,322.33,235.48,86.85,Nf741634,Znkgcb@Email.Com,2025-10-05,2025-10-09,Pb,G,Loja,Boleto
P5659,Calça Feminina,339.31,205.08,134.23,Nf247407,Dyhtdq@Email.Com,2025-05-22,2025-05-24,Sp,41,Loja,Pix
P5660,Tênis Feminino,464.94,260.84,204.1,Nf851194,Uepyix@Email.Com,2025-06-11,2025-06-14,Ce,39,Online,Boleto
P5661,Tênis Masculino,91.2,57.66,33.54,Nf549475,Rcgmft@Email.Com,2026-03-07,2026-03-08,Pr,M,Loja,Cartão
P5662,Calça Feminina,366.48,292.23,74.25,Nf849728,Afughf@Email.Com,2025-04-17,2025-04-17,Rj,36,Online,Dinheiro
P5663,Calça Masculina,525.63,273.36,252.27,Nf618183,Jxnkzd@Email.Com,2025-05-05,2025-05-08,Sp,38,Loja,Cartão
P5664,Camiseta Masculina,409.0,276.0,133.0,Nf886716,Eieshj@Email.Com,2026-02-05,2026-02-05,Sc,40,Online,Pix
P5665,Calça Masculina,170.53,130.88,39.65,Nf887933,Iekdir@Email.Com,2025-01-07,2025-01-08,Ba,P,Loja,Dinheiro
P5666,Camiseta Masculina,151.91,120.25,31.66,Nf758518,Ixgfzq@Email.Com,2025-06-19,2025-06-20,Pe,G,Online,Dinheiro
P5667,Calça Feminina,250.42,163.1,87.32,Nf371562,Lzifar@Email.Com,2025-01-06,2025-01-06,Pb,37,Loja,Pix
P5668,Camiseta Feminina,241.71,150.13,91.58,Nf110348,Cnsgui@Email.Com,2025-07-29,2025-08-01,Pe,36,Loja,Cartão
P5669,Calça Masculina,493.95,264.17,229.78,Nf596177,Ikjryw@Email.Com,2026-03-18,2026-03-19,Sp,39,Loja,Pix
P5670,Tênis Feminino,438.19,293.08,145.11,Nf554105,Piaimc@Email.Com,2025-09-25,2025-09-26,Mg,42,Loja,Boleto
P5671,Calça Masculina,109.54,65.91,43.63,Nf475088,Ajhlxg@Email.Com,2025-01-02,2025-01-05,Pb,40,Online,Cartão
P5672,Camiseta Masculina,302.27,236.09,66.18,Nf162813,Ziaqhi@Email.Com,2025-02-12,2025-02-14,Rj,38,Online,Boleto
P5673,Camiseta Feminina,383.0,248.05,134.95,Nf465145,Cfplod@Email.Com,2025-05-28,2025-05-29,Mg,G,Loja,Pix
P5674,Tênis Masculino,231.88,132.42,99.46,Nf382381,Jpspla@Email.Com,2025-12-19,2025-12-19,Ce,39,Loja,Boleto
P5675,Tênis Feminino,321.09,253.56,67.53,Nf474081,Wxvvwu@Email.Com,2025-01-09,2025-01-12,Sp,G,Online,Pix
P5676,Calça Masculina,106.9,57.95,48.95,Nf612828,Eyepod@Email.Com,2025-05-13,2025-05-14,Pb,37,Loja,Cartão
P5677,Tênis Feminino,85.82,55.98,29.84,Nf276369,Mywsxo@Email.Com,2026-01-15,2026-01-16,Rj,M,Online,Boleto
P5678,Calça Masculina,127.42,83.2,44.22,Nf755406,Vggnhk@Email.Com,2026-03-07,2026-03-10,Sp,P,Online,Pix
P5679,Camiseta Masculina,291.09,149.32,141.77,Nf152032,Lcmtsl@Email.Com,2026-03-29,2026-04-03,Pb,36,Online,Dinheiro
P5680,Camiseta Masculina,299.24,238.0,61.24,Nf491714,Jamzwm@Email.Com,2025-05-10,2025-05-13,Rs,M,Online,Pix
P5681,Calça Feminina,361.39,268.68,92.71,Nf799426,Yzvmer@Email.Com,2025-07-16,2025-07-20,Ba,40,Loja,Pix
P5682,Camiseta Feminina,363.14,215.41,147.73,Nf158344,Hvxqac@Email.Com,2025-01-15,2025-01-19,Pr,39,Online,Boleto
P5683,Camiseta Masculina,319.96,167.83,152.13,Nf308377,Lfsthm@Email.Com,2025-11-28,2025-11-28,Ba,42,Loja,Boleto
P5684,Tênis Masculino,390.9,218.23,172.67,Nf195201,Peawcg@Email.Com,2025-09-03,2025-09-04,Ba,41,Online,Cartão
P5685,Tênis Masculino,317.38,181.36,136.02,Nf866627,Yokfxz@Email.Com,2025-05-26,2025-05-26,Rj,41,Online,Boleto
P5686,Camiseta Feminina,312.34,187.69,124.65,Nf965287,Jiymlm@Email.Com,2026-02-22,2026-02-27,Rs,42,Loja,Cartão
P5687,Calça Masculina,286.51,170.73,115.78,Nf885654,Ersgbt@Email.Com,2025-04-28,2025-05-01,Sc,G,Online,Boleto
P5688,Calça Masculina,447.67,294.59,153.08,Nf755445,Rlwabw@Email.Com,2025-08-23,2025-08-28,Sc,36,Online,Dinheiro
P5689,Tênis Feminino,283.59,234.0,49.59,Nf365330,Wtxney@Email.Com,2026-03-31,2026-03-31,Pb,42,Loja,Cartão
P5690,Camiseta Masculina,173.87,128.62,45.25,Nf785091,Lvopvy@Email.Com,2026-03-08,2026-03-13,Ba,40,Online,Boleto
P5691,Tênis Masculino,83.91,55.57,28.34,Nf940892,Ebhslb@Email.Com,2025-10-28,2025-11-02,Rj,41,Loja,Pix
P5692,Camiseta Feminina,429.77,297.03,132.74,Nf748546,Vvcfnr@Email.Com,2025-12-22,2025-12-23,Rj,37,Loja,Cartão
P5693,Camiseta Masculina,487.13,298.07,189.06,Nf461870,Bzrijt@Email.Com,2026-04-05,2026-04-09,Ce,41,Loja,Boleto
P5694,Tênis Feminino,342.34,273.42,68.92,Nf742657,Wdlnip@Email.Com,2025-02-12,2025-02-13,Rj,40,Online,Cartão
P5695,Calça Feminina,445.12,237.31,207.81,Nf602748,Bmcpit@Email.Com,2025-12-24,2025-12-28,Pr,P,Loja,Boleto
P5696,Calça Masculina,376.71,203.35,173.36,Nf515461,Pwhbbm@Email.Com,2025-08-31,2025-08-31,Pb,39,Online,Dinheiro
P5697,Tênis Masculino,510.51,258.26,252.25,Nf102204,Mqxumq@Email.Com,2025-04-04,2025-04-08,Sp,M,Online,Dinheiro
P5698,Camiseta Feminina,140.48,100.87,39.61,Nf738088,Kkchpb@Email.Com,2025-07-20,2025-07-24,Mg,M,Loja,Pix
P5699,Camiseta Masculina,252.49,151.2,101.29,Nf938697,Fvingz@Email.Com,2026-04-01,2026-04-02,Rj,40,Online,Pix
P5700,Calça Feminina,297.94,151.28,146.66,Nf214966,Kciljo@Email.Com,2025-10-04,2025-10-08,Pr,36,Loja,Dinheiro
P5701,Camiseta Feminina,316.52,180.7,135.82,Nf986015,Eucqyg@Email.Com,2026-02-17,2026-02-20,Pr,38,Online,Pix
P5702,Tênis Feminino,219.4,135.01,84.39,Nf387792,Rfmvsz@Email.Com,2025-11-05,2025-11-10,Sp,P,Online,Dinheiro
P5703,Tênis Feminino,279.47,217.7,61.77,Nf480454,Xzweol@Email.Com,2026-01-24,2026-01-25,Pr,40,Online,Dinheiro
P5704,Calça Masculina,394.61,263.29,131.32,Nf713056,Colmts@Email.Com,2025-02-04,2025-02-07,Mg,M,Loja,Cartão
P5705,Camiseta Feminina,305.9,169.47,136.43,Nf427674,Sefguw@Email.Com,2026-04-01,2026-04-06,Sc,38,Loja,Pix
P5706,Tênis Feminino,200.51,112.34,88.17,Nf887413,Jvpxjj@Email.Com,2025-09-23,2025-09-27,Rs,36,Online,Dinheiro
P5707,Tênis Masculino,82.79,66.92,15.87,Nf148892,Iapjtk@Email.Com,2026-02-12,2026-02-13,Pb,M,Online,Cartão
P5708,Calça Feminina,195.35,98.35,97.0,Nf802310,Akdoqf@Email.Com,2025-03-17,2025-03-21,Rs,37,Loja,Pix
P5709,Calça Feminina,172.85,92.81,80.04,Nf784686,Gqcrov@Email.Com,2026-04-08,2026-04-10,Sp,38,Loja,Dinheiro
P5710,Calça Feminina,226.23,167.08,59.15,Nf532154,Trlpnl@Email.Com,2026-03-28,2026-04-02,Pe,41,Loja,Boleto
P5711,Camiseta Masculina,152.36,97.79,54.57,Nf603780,Njkqmk@Email.Com,2025-08-08,2025-08-10,Ba,42,Online,Pix
P5712,Tênis Masculino,196.46,113.46,83.0,Nf146269,Zxpkoj@Email.Com,2026-01-07,2026-01-07,Sp,41,Online,Boleto
P5713,Tênis Masculino,242.1,141.55,100.55,Nf489079,Ppqfgd@Email.Com,2025-11-05,2025-11-10,Rs,42,Loja,Dinheiro
P5714,Tênis Masculino,266.93,185.32,81.61,Nf989805,Ztzpcb@Email.Com,2025-02-28,2025-03-03,Pe,40,Online,Dinheiro
P5715,Camiseta Feminina,223.81,178.95,44.86,Nf893952,Wuslao@Email.Com,2026-03-03,2026-03-06,Ce,P,Online,Cartão
P5716,Tênis Masculino,350.2,251.06,99.14,Nf111191,Fdnnkw@Email.Com,2026-03-12,2026-03-15,Rj,41,Loja,Pix
P5717,Tênis Feminino,259.86,192.03,67.83,Nf172225,Lwtqru@Email.Com,2025-06-28,2025-06-28,Sc,M,Loja,Pix
P5718,Camiseta Masculina,325.17,180.32,144.85,Nf762223,Loouxu@Email.Com,2026-02-08,2026-02-10,Ba,39,Loja,Cartão
P5719,Calça Feminina,124.55,83.49,41.06,Nf257966,Qnyklg@Email.Com,2026-01-22,2026-01-27,Ba,P,Online,Cartão
P5720,Calça Feminina,131.6,81.58,50.02,Nf554973,Voafdd@Email.Com,2025-06-07,2025-06-07,Sc,42,Online,Dinheiro
P5721,Tênis Masculino,361.62,270.74,90.88,Nf303781,Awluxz@Email.Com,2025-07-03,2025-07-05,Rs,41,Online,Dinheiro
P5722,Camiseta Masculina,168.33,108.48,59.85,Nf829104,Quuhpg@Email.Com,2025-07-04,2025-07-06,Rj,40,Online,Boleto
P5723,Tênis Masculino,279.11,144.08,135.03,Nf751388,Ssmcui@Email.Com,2025-02-05,2025-02-08,Sc,38,Online,Cartão
P5724,Tênis Masculino,208.79,160.03,48.76,Nf176025,Qqxkxi@Email.Com,2025-03-22,2025-03-23,Rs,37,Online,Boleto
P5725,Camiseta Masculina,208.6,158.31,50.29,Nf355555,Bsemde@Email.Com,2025-09-21,2025-09-21,Pe,M,Loja,Boleto
P5726,Tênis Feminino,74.28,61.07,13.21,Nf852335,Owvcbg@Email.Com,2025-07-11,2025-07-15,Ce,40,Online,Boleto
P5727,Tênis Masculino,83.58,56.22,27.36,Nf599249,Rsbbpu@Email.Com,2026-04-15,2026-04-20,Rj,P,Online,Boleto
P5728,Calça Feminina,434.59,252.41,182.18,Nf271258,Imfcjt@Email.Com,2026-03-19,2026-03-19,Mg,P,Loja,Boleto
P5729,Calça Feminina,413.42,248.61,164.81,Nf629946,Jzpizg@Email.Com,2025-12-04,2025-12-08,Sc,40,Loja,Dinheiro
P5730,Camiseta Masculina,184.44,135.5,48.94,Nf426687,Forfxo@Email.Com,2026-01-02,2026-01-06,Ce,41,Loja,Pix
P5731,Tênis Masculino,101.06,51.31,49.75,Nf695606,Jjrqdz@Email.Com,2025-05-09,2025-05-12,Sc,41,Loja,Pix
P5732,Tênis Masculino,207.94,110.66,97.28,Nf191094,Aicvef@Email.Com,2025-09-11,2025-09-16,Sp,40,Loja,Pix
P5733,Calça Feminina,427.23,278.56,148.67,Nf118957,Hbvvlj@Email.Com,2025-10-15,2025-10-15,Pe,38,Online,Dinheiro
P5734,Calça Feminina,307.32,207.16,100.16,Nf556642,Kkxrrn@Email.Com,2025-04-17,2025-04-18,Rs,M,Loja,Cartão
P5735,Tênis Feminino,118.08,70.21,47.87,Nf809601,Onvwtw@Email.Com,2025-08-31,2025-09-01,Ce,38,Loja,Boleto
P5736,Camiseta Masculina,395.32,197.72,197.6,Nf914373,Cbcpvt@Email.Com,2025-06-16,2025-06-20,Sp,37,Online,Cartão
P5737,Camiseta Feminina,253.2,129.67,123.53,Nf475653,Bsorpv@Email.Com,2025-08-21,2025-08-25,Sc,P,Loja,Boleto
P5738,Camiseta Feminina,410.74,279.82,130.92,Nf564024,Mwmady@Email.Com,2025-12-07,2025-12-11,Pb,36,Loja,Pix
P5739,Tênis Feminino,323.17,227.14,96.03,Nf787808,Vdeigf@Email.Com,2025-01-12,2025-01-15,Ce,G,Loja,Cartão
P5740,Calça Masculina,255.04,140.14,114.9,Nf949880,Usjqbs@Email.Com,2026-04-13,2026-04-17,Pb,P,Loja,Dinheiro
P5741,Camiseta Feminina,372.34,263.52,108.82,Nf697494,Irspro@Email.Com,2026-04-07,2026-04-10,Sp,37,Loja,Dinheiro
P5742,Calça Feminina,569.31,284.67,284.64,Nf733376,Ogvaks@Email.Com,2025-07-22,2025-07-23,Sp,40,Loja,Cartão
P5743,Calça Masculina,486.62,274.41,212.21,Nf154007,Sjzibe@Email.Com,2025-07-25,2025-07-29,Ba,36,Loja,Cartão
P5744,Camiseta Feminina,283.09,206.18,76.91,Nf326595,Qjdxoe@Email.Com,2026-04-22,2026-04-22,Pe,36,Loja,Boleto
P5745,Tênis Feminino,205.61,165.17,40.44,Nf170245,Rcgoqi@Email.Com,2025-11-04,2025-11-07,Pb,37,Online,Dinheiro
P5746,Camiseta Feminina,366.34,223.66,142.68,Nf826001,Ynqzwn@Email.Com,2025-03-04,2025-03-05,Pr,36,Loja,Pix
P5747,Calça Feminina,171.2,97.77,73.43,Nf374743,Ftdewl@Email.Com,2025-04-26,2025-04-29,Rs,38,Online,Boleto
P5748,Camiseta Feminina,425.05,291.26,133.79,Nf185477,Derhyp@Email.Com,2025-04-27,2025-04-28,Ba,41,Online,Dinheiro
P5749,Tênis Masculino,433.09,274.35,158.74,Nf439425,Xvjmxi@Email.Com,2025-10-22,2025-10-23,Ce,42,Loja,Cartão
P5750,Camiseta Feminina,350.57,250.1,100.47,Nf250501,Ywcdof@Email.Com,2026-02-22,2026-02-23,Pr,36,Loja,Boleto
P5751,Camiseta Masculina,383.33,204.5,178.83,Nf346580,Hqkybk@Email.Com,2025-12-11,2025-12-14,Ce,G,Loja,Pix
P5752,Camiseta Feminina,205.88,125.71,80.17,Nf219277,Dceehz@Email.Com,2025-11-09,2025-11-10,Pr,41,Online,Cartão
P5753,Calça Feminina,384.99,229.77,155.22,Nf255160,Luhjlr@Email.Com,2025-12-07,2025-12-07,Ce,41,Loja,Pix
P5754,Tênis Feminino,109.63,87.27,22.36,Nf374291,Wtyjlh@Email.Com,2025-05-01,2025-05-05,Pb,P,Online,Pix
P5755,Calça Masculina,383.11,201.4,181.71,Nf812861,Yucfbh@Email.Com,2025-03-30,2025-03-30,Mg,37,Online,Dinheiro
P5756,Camiseta Feminina,284.67,235.84,48.83,Nf472221,Fuxppt@Email.Com,2025-05-02,2025-05-03,Rs,42,Online,Pix
P5757,Tênis Masculino,210.34,154.21,56.13,Nf403467,Tydrsv@Email.Com,2025-01-18,2025-01-20,Pb,G,Online,Cartão
P5758,Camiseta Masculina,174.33,117.92,56.41,Nf357810,Kqwtow@Email.Com,2026-03-20,2026-03-21,Sp,P,Online,Boleto
P5759,Calça Feminina,117.0,89.46,27.54,Nf929322,Jiclvz@Email.Com,2026-02-03,2026-02-04,Mg,40,Online,Pix
P5760,Camiseta Feminina,257.3,184.34,72.96,Nf213224,Xbczbm@Email.Com,2025-04-06,2025-04-10,Pe,P,Online,Pix
P5761,Calça Feminina,163.31,131.01,32.3,Nf812814,Ojauvj@Email.Com,2026-01-06,2026-01-10,Sp,37,Online,Boleto
P5762,Camiseta Masculina,357.51,272.61,84.9,Nf151895,Vnhtmq@Email.Com,2025-08-17,2025-08-19,Mg,38,Online,Pix
P5763,Camiseta Feminina,207.93,128.36,79.57,Nf144759,Fjqgks@Email.Com,2025-01-09,2025-01-13,Mg,40,Online,Pix
P5764,Calça Masculina,221.24,115.91,105.33,Nf262138,Bsnamu@Email.Com,2026-01-12,2026-01-16,Pr,G,Loja,Pix
P5765,Camiseta Masculina,222.4,119.55,102.85,Nf505819,Sghulr@Email.Com,2025-05-22,2025-05-26,Rs,39,Loja,Cartão
P5766,Calça Feminina,195.29,125.13,70.16,Nf602270,Easgwu@Email.Com,2026-02-05,2026-02-06,Ba,M,Loja,Boleto
P5767,Camiseta Feminina,446.96,272.34,174.62,Nf651667,Rktiul@Email.Com,2025-03-23,2025-03-24,Pe,G,Online,Cartão
P5768,Calça Masculina,237.79,133.34,104.45,Nf779063,Tshohc@Email.Com,2025-09-22,2025-09-22,Sc,41,Online,Cartão
P5769,Calça Feminina,108.28,88.51,19.77,Nf627526,Acziqt@Email.Com,2025-08-04,2025-08-06,Rs,42,Loja,Pix
P5770,Camiseta Masculina,329.8,181.79,148.01,Nf164910,Jrbckg@Email.Com,2025-10-28,2025-11-02,Rs,42,Loja,Cartão
P5771,Camiseta Masculina,219.6,121.81,97.79,Nf788472,Knfcun@Email.Com,2025-04-26,2025-04-29,Rs,M,Loja,Boleto
P5772,Tênis Feminino,117.62,62.9,54.72,Nf723144,Cqnxbb@Email.Com,2025-04-25,2025-04-27,Ce,40,Loja,Pix
P5773,Calça Masculina,177.73,131.14,46.59,Nf244251,Weftuu@Email.Com,2025-07-23,2025-07-24,Pb,37,Online,Boleto
P5774,Tênis Masculino,126.89,103.54,23.35,Nf120129,Nmgddg@Email.Com,2025-10-25,2025-10-29,Pb,G,Online,Boleto
P5775,Tênis Masculino,552.58,276.86,275.72,Nf554685,Qmblyi@Email.Com,2025-10-13,2025-10-18,Pe,42,Online,Pix
P5776,Camiseta Masculina,347.58,270.1,77.48,Nf966085,Orjraa@Email.Com,2025-04-26,2025-04-30,Pe,39,Loja,Pix
P5777,Camiseta Feminina,108.14,60.19,47.95,Nf254258,Wepleu@Email.Com,2026-02-10,2026-02-12,Pe,M,Loja,Dinheiro
P5778,Calça Masculina,263.92,169.87,94.05,Nf503547,Dpbtii@Email.Com,2026-03-31,2026-04-02,Ba,42,Online,Cartão
P5779,Camiseta Masculina,237.45,169.11,68.34,Nf857035,Rtqajn@Email.Com,2025-12-25,2025-12-25,Ba,40,Online,Pix
P5780,Calça Feminina,433.09,270.86,162.23,Nf170541,Wwqltq@Email.Com,2025-06-22,2025-06-26,Rj,M,Loja,Dinheiro
P5781,Calça Feminina,176.16,105.13,71.03,Nf861198,Ohqvst@Email.Com,2026-03-29,2026-04-03,Mg,36,Loja,Cartão
P5782,Calça Masculina,220.89,164.36,56.53,Nf950262,Yfizkg@Email.Com,2026-02-22,2026-02-26,Pe,42,Online,Boleto
P5783,Camiseta Masculina,307.22,178.0,129.22,Nf368929,Fldhus@Email.Com,2025-04-03,2025-04-04,Rs,P,Loja,Boleto
P5784,Camiseta Masculina,233.11,120.95,112.16,Nf216809,Kxinbq@Email.Com,2025-12-07,2025-12-11,Pr,M,Online,Cartão
P5785,Calça Masculina,89.35,52.58,36.77,Nf604212,Knvzzn@Email.Com,2025-06-03,2025-06-04,Pe,G,Loja,Boleto
P5786,Tênis Feminino,213.57,166.11,47.46,Nf537006,Dwigtz@Email.Com,2026-04-11,2026-04-14,Rj,P,Online,Pix
P5787,Calça Masculina,281.76,183.21,98.55,Nf901803,Eyvkis@Email.Com,2025-07-13,2025-07-13,Ba,41,Online,Pix
P5788,Camiseta Masculina,285.74,147.9,137.84,Nf403343,Ihzcbe@Email.Com,2025-08-05,2025-08-10,Ce,37,Loja,Pix
P5789,Camiseta Masculina,326.65,198.99,127.66,Nf757909,Bvpcir@Email.Com,2026-01-07,2026-01-10,Rj,40,Loja,Pix
P5790,Calça Masculina,430.5,296.93,133.57,Nf843004,Khavyl@Email.Com,2025-09-05,2025-09-08,Rj,38,Loja,Cartão
P5791,Tênis Masculino,136.4,105.16,31.24,Nf236868,Hmbvsd@Email.Com,2025-12-27,2026-01-01,Ce,G,Online,Pix
P5792,Camiseta Masculina,566.64,295.42,271.22,Nf669377,Rnaske@Email.Com,2025-03-21,2025-03-24,Sc,40,Online,Cartão
P5793,Calça Masculina,191.6,117.64,73.96,Nf784867,Evyvxj@Email.Com,2025-05-18,2025-05-20,Rs,P,Online,Boleto
P5794,Tênis Masculino,448.72,280.79,167.93,Nf327135,Opmnai@Email.Com,2025-03-12,2025-03-13,Sc,39,Loja,Cartão
P5795,Calça Feminina,120.89,97.16,23.73,Nf547711,Vtzijx@Email.Com,2025-11-13,2025-11-18,Pb,G,Loja,Boleto
P5796,Calça Masculina,259.35,146.38,112.97,Nf149451,Jywinl@Email.Com,2025-10-09,2025-10-12,Sp,36,Online,Dinheiro
P5797,Tênis Feminino,162.37,88.98,73.39,Nf295148,Qxinbq@Email.Com,2025-12-17,2025-12-20,Sc,42,Online,Pix
P5798,Camiseta Masculina,352.06,231.41,120.65,Nf556408,Axvtks@Email.Com,2026-02-13,2026-02-18,Rj,41,Loja,Pix
P5799,Calça Masculina,248.7,124.66,124.04,Nf784216,Mexnuo@Email.Com,2025-09-03,2025-09-08,Rj,40,Loja,Dinheiro
P5800,Tênis Feminino,115.82,95.53,20.29,Nf860925,Xhtrao@Email.Com,2026-04-04,2026-04-06,Mg,41,Loja,Pix
P5801,Tênis Feminino,266.54,185.8,80.74,Nf980688,Tkkepz@Email.Com,2025-05-09,2025-05-13,Pe,P,Online,Boleto
P5802,Camiseta Feminina,90.22,69.82,20.4,Nf766881,Iitfut@Email.Com,2026-04-02,2026-04-07,Pe,M,Online,Dinheiro
P5803,Calça Feminina,99.7,73.53,26.17,Nf135778,Kfmzdw@Email.Com,2025-02-16,2025-02-19,Pr,36,Online,Boleto
P5804,Camiseta Masculina,309.84,163.46,146.38,Nf988789,Zhkmlt@Email.Com,2026-02-24,2026-03-01,Mg,42,Online,Pix
P5805,Camiseta Masculina,198.15,124.86,73.29,Nf386545,Ovppqq@Email.Com,2025-09-25,2025-09-28,Pe,36,Online,Boleto
P5806,Calça Masculina,112.07,62.14,49.93,Nf996317,Onhdkj@Email.Com,2025-08-24,2025-08-29,Sp,38,Online,Pix
P5807,Calça Feminina,192.04,126.66,65.38,Nf479358,Azhqtf@Email.Com,2025-02-13,2025-02-17,Pb,42,Loja,Pix
P5808,Camiseta Masculina,247.63,195.15,52.48,Nf883334,Lwkyun@Email.Com,2025-04-15,2025-04-18,Pr,41,Online,Cartão
P5809,Camiseta Masculina,291.73,193.04,98.69,Nf344641,Yvmqfd@Email.Com,2025-02-23,2025-02-27,Sc,42,Loja,Pix
P5810,Tênis Masculino,304.78,164.82,139.96,Nf707903,Tumqkv@Email.Com,2026-04-20,2026-04-23,Rs,M,Online,Boleto
P5811,Calça Masculina,580.15,298.88,281.27,Nf989950,Xwpovk@Email.Com,2026-02-19,2026-02-24,Rj,39,Loja,Boleto
P5812,Camiseta Feminina,165.52,86.96,78.56,Nf280157,Rmeuki@Email.Com,2025-01-05,2025-01-08,Ba,40,Loja,Cartão
P5813,Calça Masculina,384.92,194.66,190.26,Nf636444,Vwyvll@Email.Com,2025-02-01,2025-02-02,Ba,36,Loja,Dinheiro
P5814,Calça Masculina,342.96,219.24,123.72,Nf375870,Dknrgi@Email.Com,2025-03-06,2025-03-09,Rj,P,Online,Dinheiro
P5815,Camiseta Masculina,390.32,231.94,158.38,Nf514462,Ufhrjr@Email.Com,2026-03-04,2026-03-07,Sp,36,Loja,Dinheiro
P5816,Calça Masculina,111.98,80.37,31.61,Nf427801,Fuzwit@Email.Com,2025-03-02,2025-03-04,Pr,42,Loja,Pix
P5817,Calça Masculina,281.58,186.51,95.07,Nf239207,Zuleng@Email.Com,2025-11-03,2025-11-03,Ce,42,Online,Boleto
P5818,Calça Feminina,310.91,184.55,126.36,Nf828610,Kqafsq@Email.Com,2025-03-11,2025-03-15,Pr,42,Loja,Dinheiro
P5819,Camiseta Feminina,425.48,264.56,160.92,Nf101612,Yheqsp@Email.Com,2025-06-11,2025-06-15,Ba,40,Loja,Dinheiro
P5820,Tênis Masculino,535.02,275.62,259.4,Nf528089,Ksfgrq@Email.Com,2026-01-21,2026-01-21,Rj,38,Online,Pix
P5821,Calça Masculina,460.27,232.45,227.82,Nf538116,Sfxhhf@Email.Com,2025-08-11,2025-08-14,Sc,P,Online,Boleto
P5822,Camiseta Masculina,235.09,145.14,89.95,Nf565263,Urjyjt@Email.Com,2025-08-25,2025-08-28,Sp,41,Online,Boleto
P5823,Tênis Masculino,547.53,297.28,250.25,Nf210138,Kaxghk@Email.Com,2025-12-25,2025-12-27,Ce,M,Online,Boleto
P5824,Tênis Masculino,265.47,200.69,64.78,Nf605139,Denrgs@Email.Com,2026-01-05,2026-01-07,Pr,37,Online,Boleto
P5825,Camiseta Feminina,105.52,70.67,34.85,Nf444659,Rmzgwa@Email.Com,2026-03-28,2026-03-30,Sc,G,Loja,Pix
P5826,Tênis Masculino,255.49,167.01,88.48,Nf979127,Ngarul@Email.Com,2025-04-06,2025-04-10,Ba,37,Loja,Boleto
P5827,Camiseta Masculina,131.64,106.36,25.28,Nf374617,Kostme@Email.Com,2025-08-09,2025-08-09,Pb,38,Online,Boleto
P5828,Camiseta Feminina,156.51,110.88,45.63,Nf649294,Cmhuxh@Email.Com,2025-05-30,2025-06-03,Pb,38,Loja,Pix
P5829,Calça Masculina,136.68,108.43,28.25,Nf828681,Ybnbwb@Email.Com,2025-03-19,2025-03-22,Sp,38,Online,Cartão
P5830,Calça Masculina,428.31,292.66,135.65,Nf839508,Skukib@Email.Com,2025-07-26,2025-07-29,Sp,41,Online,Cartão
P5831,Tênis Feminino,362.61,276.33,86.28,Nf427416,Alxild@Email.Com,2025-08-01,2025-08-02,Mg,P,Loja,Dinheiro
P5832,Tênis Feminino,159.4,117.94,41.46,Nf274804,Pbrgdx@Email.Com,2026-04-02,2026-04-03,Pb,41,Loja,Pix
P5833,Calça Feminina,108.73,76.97,31.76,Nf725793,Avavld@Email.Com,2025-11-02,2025-11-06,Pr,42,Online,Pix
P5834,Camiseta Feminina,372.48,285.61,86.87,Nf654925,Mxdovg@Email.Com,2025-05-10,2025-05-15,Sp,40,Loja,Pix
P5835,Calça Feminina,505.43,256.56,248.87,Nf309729,Ecsmny@Email.Com,2025-12-31,2026-01-05,Rj,G,Online,Pix
P5836,Camiseta Masculina,135.99,79.63,56.36,Nf891066,Rjeclu@Email.Com,2025-09-21,2025-09-26,Pe,M,Online,Dinheiro
P5837,Tênis Masculino,253.0,152.08,100.92,Nf809373,Ivqfip@Email.Com,2025-05-11,2025-05-15,Mg,39,Online,Dinheiro
P5838,Camiseta Feminina,211.36,165.89,45.47,Nf352143,Ednjmr@Email.Com,2025-11-29,2025-11-30,Rs,37,Online,Dinheiro
P5839,Calça Masculina,327.68,244.98,82.7,Nf692396,Lbgpiw@Email.Com,2026-01-08,2026-01-11,Pe,39,Online,Boleto
P5840,Calça Feminina,168.38,115.64,52.74,Nf484827,Ynocog@Email.Com,2025-10-22,2025-10-24,Pe,P,Loja,Dinheiro
P5841,Tênis Feminino,273.52,194.35,79.17,Nf654677,Jcdexi@Email.Com,2025-01-04,2025-01-09,Rj,42,Online,Cartão
P5842,Camiseta Feminina,88.56,51.14,37.42,Nf737841,Ftmyib@Email.Com,2025-07-27,2025-07-27,Rs,39,Loja,Dinheiro
P5843,Camiseta Masculina,368.75,200.82,167.93,Nf586568,Vjctir@Email.Com,2025-06-09,2025-06-09,Pe,38,Online,Boleto
P5844,Calça Masculina,359.74,298.05,61.69,Nf530366,Eexxss@Email.Com,2026-02-02,2026-02-06,Pb,G,Loja,Cartão
P5845,Camiseta Feminina,187.85,94.52,93.33,Nf957205,Sljdxn@Email.Com,2025-12-18,2025-12-20,Pe,P,Loja,Dinheiro
P5846,Tênis Feminino,155.84,109.17,46.67,Nf794225,Viebhj@Email.Com,2025-12-12,2025-12-14,Pb,P,Online,Boleto
P5847,Camiseta Feminina,125.51,95.2,30.31,Nf352093,Ubtlsy@Email.Com,2025-03-27,2025-03-31,Pe,38,Loja,Pix
P5848,Calça Masculina,315.38,192.99,122.39,Nf934230,Dpvyki@Email.Com,2025-01-26,2025-01-26,Sc,41,Online,Boleto
P5849,Tênis Masculino,83.08,63.43,19.65,Nf352245,Otpusr@Email.Com,2026-01-12,2026-01-12,Sc,41,Online,Boleto
P5850,Calça Masculina,331.27,260.78,70.49,Nf269438,Elzrbo@Email.Com,2025-02-25,2025-02-28,Sp,39,Loja,Pix
P5851,Calça Feminina,396.63,283.91,112.72,Nf943566,Zfkury@Email.Com,2025-06-24,2025-06-27,Rs,P,Loja,Boleto
P5852,Tênis Feminino,216.13,118.04,98.09,Nf524314,Krjgzc@Email.Com,2026-03-30,2026-03-31,Sp,36,Loja,Pix
P5853,Camiseta Feminina,198.36,127.84,70.52,Nf506384,Kdiikb@Email.Com,2025-07-23,2025-07-26,Rj,36,Loja,Pix
P5854,Calça Feminina,221.4,175.47,45.93,Nf494864,Menhtx@Email.Com,2025-09-30,2025-10-04,Rs,37,Loja,Cartão
P5855,Camiseta Masculina,417.24,265.16,152.08,Nf793129,Eqfvik@Email.Com,2025-04-17,2025-04-21,Rs,39,Online,Pix
P5856,Calça Feminina,283.4,165.58,117.82,Nf874656,Vxdphv@Email.Com,2025-12-03,2025-12-08,Sp,G,Loja,Cartão
P5857,Tênis Feminino,322.23,263.1,59.13,Nf375930,Xlkvze@Email.Com,2025-05-19,2025-05-19,Pe,G,Loja,Dinheiro
P5858,Calça Feminina,105.11,66.62,38.49,Nf274224,Ggnmss@Email.Com,2026-03-31,2026-04-05,Sc,42,Online,Dinheiro
P5859,Camiseta Feminina,378.24,248.17,130.07,Nf868476,Marbpp@Email.Com,2026-02-01,2026-02-02,Ce,41,Loja,Pix
P5860,Camiseta Masculina,238.3,164.4,73.9,Nf102467,Qxibhl@Email.Com,2025-04-11,2025-04-14,Pe,37,Loja,Boleto
P5861,Tênis Masculino,376.69,204.18,172.51,Nf837309,Aedgkl@Email.Com,2025-03-06,2025-03-06,Sp,41,Online,Boleto
P5862,Camiseta Feminina,318.18,171.12,147.06,Nf264017,Zomewv@Email.Com,2025-07-27,2025-07-27,Pe,41,Online,Boleto
P5863,Tênis Masculino,279.93,175.92,104.01,Nf312827,Urtyzr@Email.Com,2025-07-21,2025-07-24,Ce,37,Loja,Pix
P5864,Camiseta Masculina,393.15,290.13,103.02,Nf378943,Mpfest@Email.Com,2026-04-22,2026-04-25,Ce,37,Online,Cartão
P5865,Tênis Masculino,292.83,195.04,97.79,Nf375718,Juudsu@Email.Com,2026-04-18,2026-04-18,Sp,40,Loja,Pix
P5866,Camiseta Feminina,209.98,174.96,35.02,Nf202163,Hkxsic@Email.Com,2025-01-01,2025-01-04,Pr,37,Loja,Cartão
P5867,Camiseta Masculina,312.5,252.27,60.23,Nf353825,Bdawrt@Email.Com,2025-03-08,2025-03-12,Ba,39,Online,Dinheiro
P5868,Calça Masculina,242.35,162.89,79.46,Nf117921,Ctttsd@Email.Com,2026-01-20,2026-01-21,Rs,39,Loja,Pix
P5869,Calça Feminina,130.51,101.35,29.16,Nf171456,Bnforu@Email.Com,2025-05-23,2025-05-23,Ba,M,Loja,Boleto
P5870,Calça Masculina,478.05,299.6,178.45,Nf973132,Zfyoaf@Email.Com,2026-02-24,2026-03-01,Mg,G,Online,Boleto
P5871,Calça Masculina,82.65,62.31,20.34,Nf970108,Cpdaho@Email.Com,2025-01-08,2025-01-10,Sp,39,Loja,Boleto
P5872,Camiseta Feminina,368.14,283.9,84.24,Nf530174,Ybqgzy@Email.Com,2025-07-19,2025-07-24,Ba,M,Online,Pix
P5873,Tênis Masculino,344.49,173.73,170.76,Nf530881,Tvkbmu@Email.Com,2025-08-02,2025-08-04,Rj,P,Loja,Dinheiro
P5874,Tênis Masculino,92.33,61.47,30.86,Nf832415,Djimhy@Email.Com,2025-08-16,2025-08-20,Pb,40,Loja,Cartão
P5875,Tênis Masculino,165.89,110.3,55.59,Nf673574,Tlgowh@Email.Com,2025-04-13,2025-04-13,Ce,42,Loja,Cartão
P5876,Calça Feminina,479.91,242.62,237.29,Nf108429,Urouvx@Email.Com,2025-06-07,2025-06-09,Sp,G,Online,Pix
P5877,Tênis Masculino,159.27,88.99,70.28,Nf639339,Xjrahr@Email.Com,2025-12-18,2025-12-22,Pr,37,Loja,Cartão
P5878,Camiseta Masculina,304.51,229.06,75.45,Nf522835,Mpcvjy@Email.Com,2026-03-05,2026-03-05,Pe,38,Loja,Cartão
P5879,Calça Feminina,332.16,214.22,117.94,Nf837321,Uzguio@Email.Com,2025-05-01,2025-05-03,Sc,M,Loja,Boleto
P5880,Calça Feminina,455.65,270.94,184.71,Nf786894,Zlitcu@Email.Com,2025-06-26,2025-06-30,Rj,38,Loja,Pix
P5881,Tênis Masculino,200.34,105.35,94.99,Nf240820,Qrozrl@Email.Com,2025-08-11,2025-08-15,Pe,37,Online,Boleto
P5882,Calça Feminina,319.89,221.92,97.97,Nf952027,Fdlhub@Email.Com,2026-03-22,2026-03-27,Rs,42,Online,Boleto
P5883,Tênis Masculino,204.69,155.75,48.94,Nf984638,Dncrpb@Email.Com,2025-11-21,2025-11-25,Pb,41,Loja,Pix
P5884,Camiseta Feminina,131.19,71.5,59.69,Nf444304,Hhbvmc@Email.Com,2025-08-18,2025-08-19,Sc,36,Loja,Pix
P5885,Camiseta Masculina,187.45,146.5,40.95,Nf492170,Fbdoyd@Email.Com,2025-04-29,2025-05-01,Pr,37,Online,Pix
P5886,Tênis Feminino,267.44,219.51,47.93,Nf587482,Nvnini@Email.Com,2025-09-15,2025-09-17,Pb,G,Loja,Pix
P5887,Tênis Masculino,522.12,285.01,237.11,Nf553566,Wuarpr@Email.Com,2025-05-05,2025-05-06,Rj,G,Online,Cartão
P5888,Calça Masculina,435.95,229.33,206.62,Nf380813,Pettfq@Email.Com,2025-07-02,2025-07-05,Ba,41,Loja,Pix
P5889,Tênis Feminino,474.99,283.35,191.64,Nf842438,Rpiwxf@Email.Com,2026-02-02,2026-02-06,Pb,G,Loja,Dinheiro
P5890,Camiseta Masculina,374.66,299.01,75.65,Nf719801,Hcbrot@Email.Com,2025-01-04,2025-01-09,Ce,40,Loja,Boleto
P5891,Tênis Feminino,78.62,57.3,21.32,Nf463524,Hcxzrd@Email.Com,2026-03-16,2026-03-20,Pb,37,Loja,Pix
P5892,Camiseta Masculina,280.47,142.18,138.29,Nf915148,Yfymgs@Email.Com,2025-12-21,2025-12-25,Sp,40,Online,Dinheiro
P5893,Tênis Feminino,292.7,218.27,74.43,Nf486316,Unbfqz@Email.Com,2026-02-17,2026-02-21,Mg,39,Loja,Cartão
P5894,Tênis Masculino,247.76,199.1,48.66,Nf715298,Apyyko@Email.Com,2025-02-08,2025-02-08,Sc,38,Online,Pix
P5895,Camiseta Feminina,504.25,279.76,224.49,Nf430245,Cuceyf@Email.Com,2025-12-11,2025-12-15,Sp,G,Loja,Pix
P5896,Tênis Feminino,200.66,112.91,87.75,Nf133420,Umuboe@Email.Com,2025-08-02,2025-08-04,Ba,38,Online,Boleto
P5897,Camiseta Masculina,109.41,57.77,51.64,Nf285664,Mpbvqy@Email.Com,2026-01-19,2026-01-20,Pb,40,Online,Boleto
P5898,Tênis Feminino,259.84,144.28,115.56,Nf592675,Sdogxj@Email.Com,2025-04-09,2025-04-14,Ce,37,Loja,Boleto
P5899,Camiseta Feminina,483.52,254.55,228.97,Nf646029,Ubjzbp@Email.Com,2025-06-08,2025-06-08,Pr,41,Loja,Boleto
P5900,Camiseta Masculina,101.13,54.47,46.66,Nf984307,Mmkfwg@Email.Com,2026-01-07,2026-01-09,Rs,39,Loja,Boleto
P5901,Calça Feminina,307.39,188.25,119.14,Nf364573,Iovtrb@Email.Com,2025-12-21,2025-12-25,Ce,P,Online,Dinheiro
P5902,Camiseta Feminina,227.15,163.65,63.5,Nf749218,Wrhrnf@Email.Com,2025-03-14,2025-03-15,Rj,36,Online,Boleto
P5903,Calça Masculina,233.39,167.34,66.05,Nf345809,Igwtxf@Email.Com,2025-06-15,2025-06-15,Mg,38,Loja,Boleto
P5904,Calça Masculina,323.16,252.38,70.78,Nf417818,Qoctmx@Email.Com,2025-02-05,2025-02-05,Ce,M,Online,Boleto
P5905,Tênis Feminino,332.58,208.14,124.44,Nf841862,Vtncnd@Email.Com,2025-04-08,2025-04-12,Mg,G,Online,Pix
P5906,Camiseta Masculina,357.5,246.75,110.75,Nf599995,Dxqcoi@Email.Com,2026-02-14,2026-02-14,Ce,40,Online,Dinheiro
P5907,Tênis Masculino,185.4,104.14,81.26,Nf210537,Jcjkra@Email.Com,2026-01-02,2026-01-05,Sp,41,Loja,Cartão
P5908,Camiseta Masculina,256.75,168.51,88.24,Nf966614,Nidjsq@Email.Com,2025-11-07,2025-11-10,Ba,G,Online,Dinheiro
P5909,Calça Masculina,134.29,73.93,60.36,Nf305214,Pcxgvs@Email.Com,2025-11-11,2025-11-16,Rs,G,Online,Cartão
P5910,Camiseta Masculina,161.02,129.09,31.93,Nf935358,Tlabji@Email.Com,2025-01-10,2025-01-14,Pr,38,Loja,Pix
P5911,Camiseta Masculina,349.26,243.6,105.66,Nf500486,Jgnxtn@Email.Com,2025-10-17,2025-10-19,Rs,36,Online,Pix
P5912,Tênis Feminino,200.16,107.42,92.74,Nf665079,Vxrwky@Email.Com,2025-05-06,2025-05-07,Ce,41,Loja,Cartão
P5913,Camiseta Feminina,369.55,203.91,165.64,Nf821635,Vmoajd@Email.Com,2025-01-18,2025-01-23,Sc,M,Online,Cartão
P5914,Camiseta Feminina,306.53,229.37,77.16,Nf472123,Wuexoq@Email.Com,2026-01-09,2026-01-11,Mg,36,Loja,Pix
P5915,Camiseta Feminina,369.62,219.84,149.78,Nf425600,Rudtvk@Email.Com,2025-03-05,2025-03-06,Pe,G,Loja,Dinheiro
P5916,Tênis Feminino,197.72,110.08,87.64,Nf599375,Zspbzi@Email.Com,2026-03-15,2026-03-20,Ba,P,Online,Dinheiro
P5917,Camiseta Masculina,117.85,72.8,45.05,Nf984842,Ggjsiv@Email.Com,2025-07-27,2025-07-27,Sc,M,Online,Boleto
P5918,Camiseta Masculina,373.3,205.8,167.5,Nf269768,Eoblgx@Email.Com,2025-04-18,2025-04-22,Sc,38,Online,Cartão
P5919,Tênis Masculino,83.0,60.84,22.16,Nf429434,Gekans@Email.Com,2026-01-19,2026-01-23,Pr,39,Loja,Dinheiro
P5920,Tênis Feminino,192.29,112.16,80.13,Nf693308,Lhzuwu@Email.Com,2026-04-14,2026-04-17,Rj,M,Online,Boleto
P5921,Tênis Feminino,481.56,280.59,200.97,Nf109284,Jmmvhz@Email.Com,2025-02-15,2025-02-20,Pe,42,Online,Dinheiro
P5922,Calça Masculina,140.47,115.73,24.74,Nf521814,Sjcnkk@Email.Com,2025-09-23,2025-09-27,Rs,P,Online,Dinheiro
P5923,Calça Masculina,108.05,81.76,26.29,Nf111635,Damfns@Email.Com,2025-09-29,2025-10-01,Ba,40,Loja,Boleto
P5924,Tênis Masculino,122.62,93.92,28.7,Nf888465,Iclxmf@Email.Com,2025-06-16,2025-06-16,Mg,37,Online,Cartão
P5925,Camiseta Feminina,172.68,142.52,30.16,Nf655483,Ntlaws@Email.Com,2025-03-15,2025-03-15,Pb,40,Online,Pix
P5926,Calça Masculina,90.71,52.68,38.03,Nf430561,Hpwagc@Email.Com,2025-04-06,2025-04-11,Ce,37,Loja,Dinheiro
P5927,Tênis Masculino,152.57,83.4,69.17,Nf141572,Hfnpkr@Email.Com,2025-10-31,2025-11-05,Sp,M,Online,Cartão
P5928,Calça Masculina,395.38,220.36,175.02,Nf237732,Rjdtzp@Email.Com,2025-06-27,2025-06-29,Pb,39,Online,Boleto
P5929,Tênis Masculino,271.14,167.64,103.5,Nf916534,Xjmrme@Email.Com,2026-04-23,2026-04-27,Ce,P,Loja,Boleto
P5930,Camiseta Feminina,377.93,261.44,116.49,Nf739795,Vumrtd@Email.Com,2025-02-28,2025-03-04,Pr,42,Loja,Dinheiro
P5931,Camiseta Feminina,166.58,104.48,62.1,Nf932311,Cgxbeg@Email.Com,2025-10-10,2025-10-13,Pr,38,Online,Cartão
P5932,Camiseta Masculina,337.95,240.44,97.51,Nf707735,Ihkixx@Email.Com,2025-09-20,2025-09-21,Pr,P,Online,Boleto
P5933,Tênis Feminino,358.24,283.98,74.26,Nf193450,Jhdlbl@Email.Com,2025-05-01,2025-05-04,Sc,P,Loja,Boleto
P5934,Camiseta Feminina,266.98,185.96,81.02,Nf942227,Thdbip@Email.Com,2025-06-15,2025-06-18,Ba,M,Online,Cartão
P5935,Camiseta Feminina,125.18,73.84,51.34,Nf784146,Gslraf@Email.Com,2026-01-26,2026-01-26,Rj,38,Online,Dinheiro
P5936,Camiseta Feminina,222.37,127.97,94.4,Nf859712,Bjabfu@Email.Com,2025-03-02,2025-03-04,Rs,P,Loja,Dinheiro
P5937,Calça Masculina,340.27,178.18,162.09,Nf678762,Fwlbyy@Email.Com,2025-12-14,2025-12-17,Sp,36,Loja,Dinheiro
P5938,Tênis Feminino,145.78,99.84,45.94,Nf753108,Wqygap@Email.Com,2026-02-23,2026-02-28,Ba,36,Loja,Cartão
P5939,Camiseta Feminina,361.51,233.3,128.21,Nf452020,Lvcuey@Email.Com,2026-04-23,2026-04-23,Sp,P,Loja,Dinheiro
P5940,Camiseta Masculina,138.34,94.24,44.1,Nf812088,Gsedrq@Email.Com,2025-01-15,2025-01-19,Pr,39,Online,Cartão
P5941,Tênis Feminino,377.82,245.41,132.41,Nf983489,Tstxqv@Email.Com,2025-12-18,2025-12-19,Rj,38,Online,Dinheiro
P5942,Calça Masculina,233.31,136.55,96.76,Nf340586,Neerng@Email.Com,2025-01-01,2025-01-05,Sp,M,Loja,Pix
P5943,Tênis Feminino,308.58,198.48,110.1,Nf463658,Dsypkk@Email.Com,2025-02-10,2025-02-12,Pr,40,Loja,Cartão
P5944,Camiseta Feminina,251.69,179.57,72.12,Nf722750,Cgsjoz@Email.Com,2026-03-12,2026-03-15,Rj,41,Loja,Boleto
P5945,Calça Masculina,205.88,122.34,83.54,Nf875097,Soongu@Email.Com,2025-10-19,2025-10-19,Pb,40,Online,Cartão
P5946,Tênis Masculino,511.03,270.69,240.34,Nf303057,Xlbbdx@Email.Com,2025-10-22,2025-10-25,Rs,36,Online,Pix
P5947,Calça Masculina,541.43,281.53,259.9,Nf776787,Ohqzum@Email.Com,2025-04-23,2025-04-28,Pe,M,Loja,Pix
P5948,Camiseta Masculina,470.11,245.7,224.41,Nf442353,Xfddew@Email.Com,2025-07-11,2025-07-12,Ce,36,Online,Boleto
P5949,Camiseta Feminina,237.75,161.59,76.16,Nf217040,Tpttuk@Email.Com,2025-02-25,2025-02-25,Pe,42,Online,Cartão
P5950,Camiseta Masculina,416.43,210.7,205.73,Nf946741,Ayvqka@Email.Com,2025-12-11,2025-12-13,Rj,G,Loja,Pix
P5951,Calça Feminina,163.1,91.09,72.01,Nf519558,Igymuc@Email.Com,2025-06-21,2025-06-22,Ce,G,Online,Dinheiro
P5952,Calça Feminina,518.27,281.65,236.62,Nf544671,Awwrvw@Email.Com,2025-09-27,2025-09-28,Pe,39,Loja,Boleto
P5953,Tênis Feminino,254.83,201.7,53.13,Nf981097,Rurpcn@Email.Com,2025-01-31,2025-01-31,Mg,P,Loja,Dinheiro
P5954,Camiseta Masculina,172.15,140.99,31.16,Nf573202,Vfqxbf@Email.Com,2025-10-31,2025-11-04,Sc,40,Loja,Pix
P5955,Calça Feminina,309.66,187.71,121.95,Nf989590,Ltaihs@Email.Com,2025-08-20,2025-08-23,Ba,36,Online,Boleto
P5956,Calça Masculina,107.68,86.06,21.62,Nf340489,Tkixyh@Email.Com,2026-03-03,2026-03-03,Rj,36,Online,Pix
P5957,Calça Masculina,262.93,192.65,70.28,Nf518721,Paayjq@Email.Com,2025-09-16,2025-09-18,Pb,P,Online,Pix
P5958,Tênis Feminino,423.32,257.42,165.9,Nf242214,Efesrz@Email.Com,2025-12-08,2025-12-12,Sp,38,Loja,Pix
P5959,Camiseta Masculina,71.56,56.7,14.86,Nf930597,Naydhb@Email.Com,2025-02-19,2025-02-23,Mg,M,Online,Boleto
P5960,Camiseta Masculina,108.44,59.79,48.65,Nf645159,Zbmngg@Email.Com,2025-02-27,2025-03-01,Pr,39,Online,Boleto
P5961,Camiseta Feminina,335.47,221.05,114.42,Nf840878,Vygkqs@Email.Com,2025-05-02,2025-05-02,Ba,39,Online,Cartão
P5962,Camiseta Masculina,326.77,264.52,62.25,Nf114536,Agjrzo@Email.Com,2026-02-01,2026-02-04,Pe,P,Loja,Cartão
P5963,Camiseta Feminina,124.01,77.98,46.03,Nf686778,Vkhuex@Email.Com,2025-01-26,2025-01-28,Ce,36,Online,Dinheiro
P5964,Calça Masculina,165.18,101.65,63.53,Nf926175,Qvvrdw@Email.Com,2025-09-16,2025-09-21,Sp,40,Loja,Cartão
P5965,Tênis Masculino,146.16,111.02,35.14,Nf598954,Nuclxj@Email.Com,2025-03-26,2025-03-28,Pe,P,Online,Boleto
P5966,Tênis Masculino,132.13,107.94,24.19,Nf933790,Nqmwfu@Email.Com,2025-06-11,2025-06-14,Rj,G,Online,Boleto
P5967,Camiseta Masculina,538.76,277.07,261.69,Nf759442,Hhtziz@Email.Com,2025-02-12,2025-02-14,Mg,G,Loja,Dinheiro
P5968,Tênis Feminino,254.46,144.12,110.34,Nf672992,Itdtxz@Email.Com,2026-02-20,2026-02-25,Ce,36,Loja,Pix
P5969,Tênis Masculino,225.76,113.51,112.25,Nf444308,Cjjoah@Email.Com,2025-04-21,2025-04-23,Pb,G,Online,Boleto
P5970,Tênis Masculino,155.64,95.91,59.73,Nf473541,Qnkszo@Email.Com,2025-02-28,2025-03-05,Pe,41,Loja,Dinheiro
P5971,Calça Feminina,320.17,227.36,92.81,Nf923265,Upuuce@Email.Com,2025-06-12,2025-06-14,Ce,G,Loja,Cartão
P5972,Camiseta Feminina,304.55,157.91,146.64,Nf950071,Klqlny@Email.Com,2025-01-29,2025-01-30,Sc,37,Loja,Boleto
P5973,Calça Feminina,173.19,130.26,42.93,Nf341982,Ptvssm@Email.Com,2025-06-08,2025-06-11,Pr,38,Loja,Boleto
P5974,Camiseta Feminina,274.99,190.09,84.9,Nf995037,Muuqef@Email.Com,2026-04-24,2026-04-27,Pr,38,Loja,Cartão
P5975,Tênis Masculino,107.86,65.42,42.44,Nf173277,Tealtl@Email.Com,2025-09-22,2025-09-23,Pe,41,Online,Dinheiro
P5976,Calça Feminina,481.56,243.51,238.05,Nf946865,Sevcoh@Email.Com,2025-05-09,2025-05-14,Ba,G,Online,Pix
P5977,Calça Feminina,263.44,191.55,71.89,Nf570309,Jraedu@Email.Com,2025-05-17,2025-05-21,Ba,39,Online,Pix
P5978,Tênis Feminino,268.81,210.56,58.25,Nf963068,Wxtood@Email.Com,2025-11-17,2025-11-18,Ba,42,Loja,Cartão
P5979,Camiseta Feminina,345.7,203.4,142.3,Nf372192,Uwrjoo@Email.Com,2025-01-19,2025-01-23,Sp,42,Loja,Cartão
P5980,Camiseta Masculina,407.87,227.53,180.34,Nf427329,Ddphkv@Email.Com,2025-08-05,2025-08-05,Sc,42,Online,Cartão
P5981,Tênis Masculino,182.27,112.71,69.56,Nf816570,Ynjkls@Email.Com,2025-05-31,2025-05-31,Pr,38,Online,Cartão
P5982,Camiseta Feminina,438.94,226.25,212.69,Nf232881,Cqkmdd@Email.Com,2025-05-05,2025-05-08,Pr,G,Online,Cartão
P5983,Tênis Feminino,226.43,168.57,57.86,Nf618094,Sblndm@Email.Com,2025-04-30,2025-04-30,Pb,37,Online,Cartão
P5984,Calça Masculina,123.09,71.49,51.6,Nf546201,Wgidsr@Email.Com,2025-01-16,2025-01-19,Mg,P,Online,Boleto
P5985,Calça Feminina,133.35,80.38,52.97,Nf914947,Ncfqpu@Email.Com,2025-01-27,2025-01-27,Rs,G,Loja,Pix
P5986,Tênis Feminino,553.44,297.43,256.01,Nf195633,Fjrvrw@Email.Com,2025-10-12,2025-10-17,Pb,39,Loja,Cartão
P5987,Tênis Feminino,133.16,105.82,27.34,Nf650703,Lsfzfa@Email.Com,2025-02-19,2025-02-24,Sp,38,Online,Boleto
P5988,Calça Masculina,234.48,173.22,61.26,Nf551418,Epijxn@Email.Com,2025-10-23,2025-10-27,Mg,38,Online,Pix
P5989,Tênis Masculino,207.84,151.88,55.96,Nf350192,Clxvhu@Email.Com,2025-06-14,2025-06-17,Mg,38,Loja,Dinheiro
P5990,Camiseta Feminina,231.13,164.64,66.49,Nf208489,Grfnzs@Email.Com,2025-01-26,2025-01-31,Ce,40,Loja,Pix
P5991,Camiseta Masculina,242.17,131.03,111.14,Nf470420,Vkqbqx@Email.Com,2026-01-12,2026-01-13,Pb,41,Online,Dinheiro
P5992,Calça Feminina,141.41,87.37,54.04,Nf970681,Msjxzf@Email.Com,2025-01-02,2025-01-06,Sp,M,Online,Dinheiro
P5993,Calça Masculina,464.29,245.24,219.05,Nf291456,Cuvtxl@Email.Com,2025-08-17,2025-08-19,Pe,G,Online,Boleto
P5994,Calça Feminina,435.02,246.58,188.44,Nf240393,Dqpriz@Email.Com,2026-02-06,2026-02-11,Sp,G,Online,Dinheiro
P5995,Calça Feminina,279.66,205.14,74.52,Nf527705,Ravtwy@Email.Com,2026-04-30,2026-05-03,Mg,37,Online,Dinheiro
P5996,Camiseta Feminina,328.39,164.82,163.57,Nf626983,Mzpdfz@Email.Com,2025-04-16,2025-04-17,Rs,40,Online,Cartão
P5997,Calça Masculina,371.1,185.65,185.45,Nf381735,Fanoag@Email.Com,2026-01-19,2026-01-21,Sp,36,Loja,Dinheiro
P5998,Tênis Feminino,453.78,294.15,159.63,Nf848243,Uovzyp@Email.Com,2025-06-08,2025-06-11,Sp,37,Loja,Pix
P5999,Tênis Masculino,434.11,293.98,140.13,Nf643478,Bvhrfj@Email.Com,2026-01-09,2026-01-12,Pb,G,Online,Dinheiro
