cod_produto,produto,valor_venda,custo_produto,lucro,nota_fiscal,email_cliente,data_criacao_pedido,data_venda,estado,tamanho,canal_venda,forma_pagamento
P1000,Calça Masculina,286.99,201.08,85.91,NF606384,fwealm@email.com,2025-06-15,2025-06-17,PE,41,Online,Pix
P1001,Tênis Masculino,286.75,203.71,83.04,NF283795,tnfeph@email.com,2025-07-06,2025-07-11,PR,G,Loja,Boleto
P1002,Calça Feminina,271.65,176.9,94.75,NF242831,kukdsc@email.com,2025-04-12,2025-04-13,MG,37,Online,Dinheiro
P1003,Calça Feminina,251.36,144.33,107.03,NF803886,itgjla@email.com,2025-11-15,2025-11-18,RS,37,Loja,Boleto
P1004,Tênis Masculino,125.75,101.77,23.98,NF837855,ohxytn@email.com,2026-02-14,2026-02-19,CE,38,Online,Pix
P1005,Calça Masculina,225.17,162.3,62.87,NF760231,krhith@email.com,2025-02-24,2025-02-24,RJ,M,Online,Cartão
P1006,Camiseta Masculina,217.03,147.96,69.07,NF242864,siipwm@email.com,2026-01-20,2026-01-22,PB,40,Loja,Pix
P1007,Calça Feminina,367.09,197.16,169.93,NF174938,nxlcly@email.com,2026-01-16,2026-01-17,MG,G,Online,Pix
P1008,Calça Feminina,216.11,155.74,60.37,NF425313,yyxzik@email.com,2025-11-30,2025-12-01,PE,M,Online,Pix
P1009,Calça Feminina,361.23,281.93,79.3,NF591469,hrqhux@email.com,2025-04-07,2025-04-08,SP,38,Online,Cartão
P1010,Camiseta Masculina,287.24,211.64,75.6,NF802568,mopday@email.com,2026-04-17,2026-04-22,CE,39,Online,Pix
P1011,Calça Feminina,260.29,201.23,59.06,NF806057,gfrkuc@email.com,2025-07-10,2025-07-10,SP,38,Loja,Boleto
P1012,Camiseta Masculina,139.31,103.82,35.49,NF344034,bmkgxq@email.com,2025-07-22,2025-07-22,PR,39,Loja,Cartão
P1013,Tênis Feminino,107.81,57.59,50.22,NF749612,hyylhp@email.com,2025-12-18,2025-12-21,CE,42,Loja,Pix
P1014,Camiseta Masculina,390.34,277.8,112.54,NF692892,srhvea@email.com,2025-10-18,2025-10-23,CE,36,Online,Boleto
P1015,Tênis Feminino,387.57,247.5,140.07,NF849325,tydfyk@email.com,2025-10-08,2025-10-12,PB,42,Online,Cartão
P1016,Calça Masculina,345.75,198.18,147.57,NF805086,gxtqwp@email.com,2025-07-07,2025-07-10,SP,40,Loja,Boleto
P1017,Camiseta Feminina,250.67,170.75,79.92,NF231631,ppxges@email.com,2025-07-07,2025-07-08,RS,P,Online,Pix
P1018,Camiseta Masculina,401.31,265.85,135.46,NF708161,ojfhes@email.com,2025-02-07,2025-02-11,RJ,41,Online,Dinheiro
P1019,Camiseta Feminina,133.06,109.03,24.03,NF746943,crrtas@email.com,2026-01-15,2026-01-16,RJ,40,Online,Cartão
P1020,Camiseta Masculina,483.2,274.48,208.72,NF727912,uratyt@email.com,2026-04-15,2026-04-17,PR,38,Online,Cartão
P1021,Camiseta Masculina,458.19,240.47,217.72,NF440870,qkhsmm@email.com,2025-04-12,2025-04-15,PR,41,Loja,Cartão
P1022,Camiseta Masculina,443.86,270.76,173.1,NF894773,hootgv@email.com,2026-04-24,2026-04-24,RJ,P,Loja,Cartão
P1023,Camiseta Masculina,517.97,260.47,257.5,NF214086,dmrhqj@email.com,2026-03-17,2026-03-19,PR,M,Online,Cartão
P1024,Calça Masculina,218.46,143.63,74.83,NF225898,ockjro@email.com,2025-02-01,2025-02-01,PE,P,Online,Dinheiro
P1025,Calça Masculina,152.09,101.21,50.88,NF384655,ljjqxv@email.com,2025-05-26,2025-05-31,RS,38,Loja,Cartão
P1026,Tênis Masculino,76.81,52.18,24.63,NF421071,dsuhui@email.com,2025-11-05,2025-11-05,SC,38,Online,Boleto
P1027,Calça Feminina,130.63,106.05,24.58,NF660213,ceiyos@email.com,2025-10-30,2025-11-03,RJ,40,Loja,Boleto
P1028,Calça Feminina,253.79,164.45,89.34,NF304849,mjihim@email.com,2026-04-26,2026-04-29,PB,41,Online,Boleto
P1029,Camiseta Feminina,155.48,80.73,74.75,NF519294,nnefnm@email.com,2025-09-10,2025-09-13,MG,39,Online,Dinheiro
P1030,Calça Masculina,504.97,262.1,242.87,NF957923,ropqmp@email.com,2025-06-15,2025-06-18,CE,42,Online,Boleto
P1031,Camiseta Feminina,259.29,204.18,55.11,NF603892,njznfj@email.com,2025-05-03,2025-05-07,SC,36,Loja,Cartão
P1032,Tênis Feminino,198.58,117.05,81.53,NF178512,rfjtyt@email.com,2025-02-05,2025-02-06,CE,M,Online,Pix
P1033,Tênis Masculino,455.94,245.97,209.97,NF540325,sihovu@email.com,2025-05-22,2025-05-23,BA,36,Online,Dinheiro
P1034,Calça Masculina,330.48,203.78,126.7,NF133567,icychh@email.com,2026-01-23,2026-01-26,MG,40,Online,Dinheiro
P1035,Tênis Feminino,200.34,154.33,46.01,NF966349,qlopfe@email.com,2026-04-09,2026-04-14,RJ,40,Loja,Boleto
P1036,Tênis Masculino,274.31,155.96,118.35,NF979652,tzezlg@email.com,2026-02-22,2026-02-23,RS,40,Loja,Boleto
P1037,Tênis Masculino,67.65,53.37,14.28,NF735587,dpwkgc@email.com,2026-01-18,2026-01-18,CE,M,Loja,Boleto
P1038,Camiseta Masculina,474.39,254.08,220.31,NF906403,fxvnyv@email.com,2025-05-23,2025-05-27,BA,42,Loja,Pix
P1039,Tênis Feminino,283.69,221.81,61.88,NF614317,eilfyy@email.com,2025-04-19,2025-04-24,BA,40,Loja,Cartão
P1040,Tênis Masculino,173.84,123.02,50.82,NF583209,kthare@email.com,2026-01-05,2026-01-10,CE,37,Loja,Pix
P1041,Tênis Feminino,324.85,163.24,161.61,NF178023,wawsgk@email.com,2025-10-15,2025-10-18,CE,38,Online,Pix
P1042,Tênis Feminino,216.81,169.07,47.74,NF729729,knqmkh@email.com,2026-04-01,2026-04-03,CE,39,Loja,Cartão
P1043,Tênis Masculino,139.59,84.18,55.41,NF771246,wkdnlc@email.com,2025-07-24,2025-07-27,SP,40,Loja,Boleto
P1044,Tênis Feminino,230.7,181.07,49.63,NF296146,xcavae@email.com,2026-02-13,2026-02-18,SP,39,Loja,Boleto
P1045,Camiseta Feminina,433.11,292.72,140.39,NF819701,ehohrq@email.com,2026-04-27,2026-05-01,SP,37,Loja,Pix
P1046,Camiseta Masculina,123.42,93.34,30.08,NF478247,lmjuyb@email.com,2025-04-30,2025-05-05,MG,36,Online,Dinheiro
P1047,Tênis Masculino,449.5,260.3,189.2,NF961171,ohvnze@email.com,2025-12-13,2025-12-13,CE,M,Online,Boleto
P1048,Camiseta Masculina,159.64,132.53,27.11,NF481611,dvwhqv@email.com,2025-12-09,2025-12-11,RJ,P,Online,Pix
P1049,Tênis Feminino,279.27,199.71,79.56,NF986011,ypvwib@email.com,2025-01-10,2025-01-15,PB,G,Loja,Dinheiro
P1050,Tênis Feminino,109.1,76.59,32.51,NF564734,wouahw@email.com,2025-07-13,2025-07-13,CE,G,Online,Dinheiro
P1051,Camiseta Feminina,125.42,70.43,54.99,NF685343,ugdplv@email.com,2025-04-26,2025-04-29,PE,G,Online,Pix
P1052,Calça Masculina,279.35,196.49,82.86,NF525167,kqvvvv@email.com,2026-03-10,2026-03-15,PB,36,Loja,Pix
P1053,Camiseta Feminina,357.26,194.19,163.07,NF867842,itoxcz@email.com,2025-09-15,2025-09-16,CE,39,Loja,Boleto
P1054,Camiseta Feminina,296.91,186.94,109.97,NF850239,nidloj@email.com,2025-04-22,2025-04-26,PR,36,Online,Pix
P1055,Camiseta Masculina,477.21,251.28,225.93,NF355853,squjtm@email.com,2026-02-06,2026-02-07,PR,36,Loja,Dinheiro
P1056,Camiseta Feminina,420.27,249.7,170.57,NF809064,vtuphe@email.com,2025-09-09,2025-09-13,BA,39,Online,Boleto
P1057,Calça Feminina,266.58,164.56,102.02,NF833013,tqmrpz@email.com,2025-01-29,2025-02-03,RJ,37,Online,Cartão
P1058,Camiseta Masculina,379.42,205.04,174.38,NF230230,bggics@email.com,2025-06-14,2025-06-16,MG,G,Loja,Cartão
P1059,Tênis Masculino,533.33,283.93,249.4,NF396965,ttaago@email.com,2026-03-31,2026-04-03,SC,36,Online,Cartão
P1060,Calça Masculina,252.02,142.33,109.69,NF977720,lupncz@email.com,2025-11-21,2025-11-23,PE,M,Online,Pix
P1061,Tênis Masculino,318.93,162.3,156.63,NF668782,kfuhxf@email.com,2025-12-18,2025-12-22,CE,41,Online,Boleto
P1062,Camiseta Feminina,439.26,285.37,153.89,NF968104,jhvpib@email.com,2025-05-23,2025-05-24,MG,38,Loja,Cartão
P1063,Tênis Masculino,326.15,200.6,125.55,NF676704,ssapat@email.com,2025-01-25,2025-01-30,BA,37,Loja,Dinheiro
P1064,Camiseta Feminina,525.32,277.1,248.22,NF488312,ukltxk@email.com,2026-02-16,2026-02-16,RS,M,Online,Dinheiro
P1065,Calça Masculina,171.87,106.65,65.22,NF968266,hrxeki@email.com,2025-10-12,2025-10-12,RS,41,Online,Cartão
P1066,Tênis Feminino,359.89,285.11,74.78,NF897830,rrrzfm@email.com,2025-05-23,2025-05-23,SC,41,Online,Boleto
P1067,Tênis Masculino,295.84,158.31,137.53,NF198972,ypzmhp@email.com,2025-04-05,2025-04-07,MG,41,Loja,Cartão
P1068,Calça Feminina,305.32,213.04,92.28,NF669686,iacxsz@email.com,2025-10-08,2025-10-12,SP,39,Loja,Boleto
P1069,Calça Feminina,339.43,195.76,143.67,NF626363,vbydao@email.com,2025-04-17,2025-04-20,CE,G,Loja,Cartão
P1070,Calça Feminina,511.25,274.37,236.88,NF180649,znoxoq@email.com,2025-10-15,2025-10-15,PE,39,Loja,Boleto
P1071,Calça Feminina,457.07,242.85,214.22,NF849903,txawxt@email.com,2025-01-02,2025-01-03,MG,38,Loja,Dinheiro
P1072,Camiseta Feminina,140.19,113.52,26.67,NF384736,vyntpv@email.com,2025-08-21,2025-08-24,BA,42,Online,Boleto
P1073,Tênis Feminino,161.95,109.49,52.46,NF852797,qxhbeo@email.com,2025-07-13,2025-07-14,PB,41,Online,Cartão
P1074,Calça Masculina,490.68,271.6,219.08,NF967955,ohcnnu@email.com,2025-11-08,2025-11-09,RJ,37,Online,Cartão
P1075,Camiseta Feminina,268.92,145.87,123.05,NF612985,ivopor@email.com,2025-10-27,2025-11-01,PR,42,Online,Pix
P1076,Tênis Feminino,168.67,104.49,64.18,NF703601,dlxwpi@email.com,2025-12-03,2025-12-04,BA,M,Loja,Cartão
P1077,Tênis Masculino,144.83,88.73,56.1,NF609525,dsxexk@email.com,2025-09-20,2025-09-24,PB,G,Online,Boleto
P1078,Tênis Feminino,367.91,285.47,82.44,NF131987,zvrunl@email.com,2026-04-07,2026-04-07,SC,37,Online,Dinheiro
P1079,Tênis Masculino,304.42,190.67,113.75,NF242450,znhqhc@email.com,2025-10-06,2025-10-06,PR,40,Online,Pix
P1080,Tênis Feminino,327.37,164.1,163.27,NF259163,rifkua@email.com,2025-10-13,2025-10-15,SP,G,Loja,Cartão
P1081,Tênis Feminino,147.75,95.35,52.4,NF537396,hcjexw@email.com,2025-11-13,2025-11-17,RJ,41,Online,Dinheiro
P1082,Calça Masculina,208.07,164.47,43.6,NF949291,nepfna@email.com,2025-10-29,2025-10-31,MG,41,Online,Cartão
P1083,Tênis Feminino,469.97,240.57,229.4,NF472805,otveks@email.com,2025-04-28,2025-05-03,SP,36,Online,Dinheiro
P1084,Camiseta Feminina,202.52,146.27,56.25,NF602792,blkhza@email.com,2026-01-25,2026-01-30,CE,P,Online,Boleto
P1085,Calça Masculina,355.77,203.57,152.2,NF766061,dimrqh@email.com,2025-09-17,2025-09-21,PE,38,Loja,Boleto
P1086,Tênis Masculino,166.12,109.86,56.26,NF961574,rxntrh@email.com,2026-02-21,2026-02-21,PB,M,Online,Cartão
P1087,Tênis Masculino,486.42,298.29,188.13,NF424759,zlaodi@email.com,2025-11-13,2025-11-18,PR,42,Loja,Boleto
P1088,Tênis Masculino,318.37,198.87,119.5,NF815207,xhxrtq@email.com,2025-08-13,2025-08-15,RJ,38,Online,Boleto
P1089,Calça Feminina,441.04,265.15,175.89,NF215532,wmswvs@email.com,2025-10-10,2025-10-14,SC,40,Loja,Pix
P1090,Tênis Masculino,153.73,109.1,44.63,NF642777,sqfhmd@email.com,2025-07-05,2025-07-09,PR,38,Loja,Dinheiro
P1091,Camiseta Feminina,190.54,140.17,50.37,NF140657,dzchqt@email.com,2025-01-23,2025-01-23,RJ,M,Loja,Pix
P1092,Calça Feminina,241.14,159.63,81.51,NF892018,jsjmvz@email.com,2025-04-05,2025-04-10,RJ,M,Loja,Dinheiro
P1093,Camiseta Masculina,292.17,179.91,112.26,NF879839,iltjdb@email.com,2026-01-19,2026-01-21,CE,40,Online,Dinheiro
P1094,Camiseta Feminina,127.38,63.87,63.51,NF841745,xeyukm@email.com,2026-02-06,2026-02-10,RJ,37,Online,Boleto
P1095,Tênis Masculino,455.64,273.1,182.54,NF457420,isfntm@email.com,2026-03-21,2026-03-25,RJ,37,Online,Cartão
P1096,Tênis Masculino,101.79,72.73,29.06,NF474127,grefsa@email.com,2025-07-16,2025-07-18,BA,36,Online,Cartão
P1097,Tênis Feminino,74.72,56.81,17.91,NF655134,skoeht@email.com,2026-03-08,2026-03-10,BA,39,Online,Dinheiro
P1098,Tênis Masculino,159.66,105.57,54.09,NF295279,cdbhrb@email.com,2025-03-26,2025-03-29,SC,37,Loja,Boleto
P1099,Camiseta Masculina,220.93,119.88,101.05,NF484087,umtysb@email.com,2025-01-06,2025-01-07,SC,M,Loja,Pix
P1100,Calça Feminina,435.87,291.23,144.64,NF958958,vtiofy@email.com,2025-06-25,2025-06-30,MG,M,Loja,Pix
P1101,Calça Feminina,316.54,250.68,65.86,NF549101,xrpeyc@email.com,2025-05-20,2025-05-20,SP,M,Online,Dinheiro
P1102,Tênis Feminino,420.69,234.68,186.01,NF387099,jntvox@email.com,2025-04-24,2025-04-24,PB,40,Loja,Pix
P1103,Tênis Masculino,173.36,137.5,35.86,NF239169,uvbuch@email.com,2026-03-13,2026-03-13,CE,40,Loja,Cartão
P1104,Tênis Feminino,351.83,189.2,162.63,NF672106,jpqeuq@email.com,2025-06-20,2025-06-25,RJ,37,Online,Boleto
P1105,Camiseta Masculina,429.18,298.72,130.46,NF587021,ycfrdm@email.com,2025-02-19,2025-02-23,BA,P,Online,Dinheiro
P1106,Tênis Masculino,88.83,60.24,28.59,NF190435,jthtdg@email.com,2025-05-25,2025-05-30,PR,39,Loja,Pix
P1107,Calça Feminina,336.92,241.14,95.78,NF805622,betnox@email.com,2026-02-28,2026-03-02,BA,38,Loja,Cartão
P1108,Camiseta Masculina,177.9,131.24,46.66,NF298679,crloll@email.com,2025-01-07,2025-01-10,PE,39,Online,Dinheiro
P1109,Calça Feminina,351.28,252.8,98.48,NF779074,esqcvb@email.com,2025-04-01,2025-04-03,RJ,M,Online,Boleto
P1110,Camiseta Masculina,383.01,283.43,99.58,NF878706,gvapkl@email.com,2025-10-20,2025-10-20,RJ,37,Loja,Dinheiro
P1111,Calça Feminina,486.71,291.92,194.79,NF743454,sdzkwz@email.com,2025-09-29,2025-10-04,PE,38,Online,Cartão
P1112,Calça Feminina,157.31,113.47,43.84,NF325657,nberav@email.com,2025-07-28,2025-07-30,MG,41,Online,Cartão
P1113,Camiseta Feminina,403.7,266.46,137.24,NF318761,hibbus@email.com,2026-02-07,2026-02-12,SP,36,Online,Dinheiro
P1114,Camiseta Masculina,96.11,77.5,18.61,NF411462,caljac@email.com,2025-03-27,2025-03-31,RS,40,Loja,Dinheiro
P1115,Tênis Feminino,278.25,140.69,137.56,NF169648,glrrvj@email.com,2026-04-29,2026-04-29,RS,40,Loja,Cartão
P1116,Camiseta Feminina,348.84,267.26,81.58,NF646055,ivcljy@email.com,2025-02-09,2025-02-14,MG,39,Online,Dinheiro
P1117,Camiseta Feminina,508.52,277.15,231.37,NF600016,cinbcp@email.com,2026-04-13,2026-04-14,SC,42,Loja,Cartão
P1118,Calça Feminina,303.98,181.16,122.82,NF298952,cejhjn@email.com,2025-11-28,2025-11-29,RS,38,Online,Pix
P1119,Camiseta Masculina,311.85,158.87,152.98,NF388028,cdqdsg@email.com,2025-12-16,2025-12-21,PR,37,Loja,Pix
P1120,Camiseta Feminina,341.92,252.53,89.39,NF174947,bznjim@email.com,2025-11-18,2025-11-20,PR,M,Loja,Pix
P1121,Tênis Feminino,524.14,264.89,259.25,NF753512,jqysca@email.com,2025-07-24,2025-07-27,PB,M,Loja,Dinheiro
P1122,Tênis Feminino,119.85,84.69,35.16,NF991176,zafbgt@email.com,2025-01-13,2025-01-14,SP,39,Online,Dinheiro
P1123,Tênis Masculino,161.53,109.74,51.79,NF394122,umhzxq@email.com,2025-02-05,2025-02-05,BA,40,Loja,Cartão
P1124,Camiseta Masculina,159.64,97.01,62.63,NF638291,hznapb@email.com,2026-04-16,2026-04-16,SP,42,Online,Pix
P1125,Calça Masculina,175.86,129.76,46.1,NF146125,rqtetl@email.com,2025-11-06,2025-11-08,SC,36,Online,Pix
P1126,Camiseta Masculina,110.86,60.85,50.01,NF430362,tnaguw@email.com,2025-01-03,2025-01-05,PR,41,Loja,Pix
P1127,Calça Masculina,194.49,148.25,46.24,NF801424,ttjykt@email.com,2025-11-15,2025-11-17,PE,38,Loja,Cartão
P1128,Tênis Feminino,599.03,299.57,299.46,NF206668,vspnsy@email.com,2026-02-08,2026-02-08,SC,P,Online,Cartão
P1129,Tênis Feminino,176.48,132.85,43.63,NF329402,koofri@email.com,2025-03-26,2025-03-26,BA,42,Loja,Cartão
P1130,Tênis Masculino,179.58,149.36,30.22,NF988164,veuvve@email.com,2025-11-02,2025-11-07,RS,41,Online,Pix
P1131,Calça Feminina,367.5,193.11,174.39,NF838594,qtvwxi@email.com,2026-03-28,2026-03-29,SP,40,Loja,Boleto
P1132,Camiseta Feminina,99.38,73.95,25.43,NF569329,ltwesc@email.com,2025-06-30,2025-07-04,SP,40,Loja,Dinheiro
P1133,Calça Masculina,151.71,93.04,58.67,NF467602,qleksi@email.com,2025-07-20,2025-07-21,RJ,39,Online,Cartão
P1134,Calça Feminina,360.51,195.17,165.34,NF961007,gjtjgh@email.com,2025-05-11,2025-05-16,SP,M,Online,Pix
P1135,Tênis Feminino,498.89,283.51,215.38,NF694751,cvkxak@email.com,2025-06-19,2025-06-23,MG,36,Loja,Boleto
P1136,Tênis Masculino,345.15,244.36,100.79,NF931606,skjaal@email.com,2026-02-02,2026-02-03,SP,39,Loja,Dinheiro
P1137,Calça Masculina,326.65,227.07,99.58,NF855315,rsjbcz@email.com,2025-04-11,2025-04-11,SP,39,Online,Cartão
P1138,Tênis Masculino,160.84,95.16,65.68,NF949519,dnhzlo@email.com,2026-03-24,2026-03-28,RS,36,Loja,Dinheiro
P1139,Camiseta Masculina,402.9,245.09,157.81,NF933915,byurwk@email.com,2025-04-27,2025-04-30,SP,42,Online,Dinheiro
P1140,Camiseta Masculina,266.13,148.18,117.95,NF494306,nhaurp@email.com,2025-01-26,2025-01-29,RJ,42,Online,Dinheiro
P1141,Camiseta Feminina,509.93,262.66,247.27,NF278562,innkwn@email.com,2025-03-22,2025-03-25,SC,39,Online,Pix
P1142,Calça Feminina,311.38,163.84,147.54,NF234113,nbxfvx@email.com,2025-05-15,2025-05-18,RS,37,Loja,Dinheiro
P1143,Tênis Feminino,184.87,110.76,74.11,NF857020,auckpl@email.com,2026-02-06,2026-02-07,PE,M,Loja,Boleto
P1144,Tênis Masculino,196.66,99.58,97.08,NF159253,wrigca@email.com,2026-02-24,2026-02-24,PB,40,Loja,Cartão
P1145,Camiseta Masculina,366.78,195.88,170.9,NF870986,zkkwfw@email.com,2025-02-11,2025-02-13,RS,42,Online,Pix
P1146,Calça Feminina,248.97,128.68,120.29,NF361105,gflbkk@email.com,2025-06-12,2025-06-13,RJ,40,Online,Dinheiro
P1147,Camiseta Feminina,119.04,89.08,29.96,NF841110,ansmwr@email.com,2025-03-14,2025-03-15,PB,37,Loja,Boleto
P1148,Calça Masculina,95.23,75.37,19.86,NF799771,zreeei@email.com,2025-12-21,2025-12-26,SC,M,Online,Boleto
P1149,Calça Feminina,205.57,108.08,97.49,NF388767,vonzux@email.com,2026-02-09,2026-02-13,PB,38,Loja,Pix
P1150,Tênis Masculino,229.17,162.44,66.73,NF936269,ubjnlk@email.com,2026-04-04,2026-04-08,MG,37,Online,Cartão
P1151,Calça Feminina,93.75,56.85,36.9,NF104319,ofxvdv@email.com,2026-01-22,2026-01-26,CE,40,Loja,Cartão
P1152,Tênis Masculino,383.68,197.24,186.44,NF126494,zarkvn@email.com,2025-02-11,2025-02-15,PE,36,Online,Cartão
P1153,Camiseta Feminina,445.07,286.65,158.42,NF971567,sckabw@email.com,2025-09-06,2025-09-07,MG,40,Loja,Pix
P1154,Camiseta Masculina,223.11,158.04,65.07,NF105759,ihqncp@email.com,2025-06-21,2025-06-24,BA,40,Online,Boleto
P1155,Tênis Masculino,297.11,180.79,116.32,NF528255,lcmfzo@email.com,2025-05-10,2025-05-15,PR,41,Loja,Pix
P1156,Camiseta Masculina,372.88,211.43,161.45,NF747032,eqkelm@email.com,2025-09-16,2025-09-17,BA,42,Online,Boleto
P1157,Camiseta Feminina,381.27,233.01,148.26,NF940847,xrlzlk@email.com,2025-10-17,2025-10-18,PB,37,Loja,Pix
P1158,Calça Masculina,183.38,128.86,54.52,NF549582,zfchyt@email.com,2026-03-22,2026-03-23,PB,36,Loja,Dinheiro
P1159,Calça Feminina,472.23,299.31,172.92,NF439542,dfithb@email.com,2026-01-04,2026-01-08,PR,M,Online,Pix
P1160,Calça Masculina,151.64,110.07,41.57,NF951886,zanrcn@email.com,2026-03-25,2026-03-30,SP,40,Online,Boleto
P1161,Camiseta Feminina,263.26,168.96,94.3,NF460660,wvvcbh@email.com,2026-01-24,2026-01-25,RS,38,Online,Dinheiro
P1162,Camiseta Feminina,514.59,272.26,242.33,NF642355,imqspu@email.com,2025-08-30,2025-08-31,RJ,38,Loja,Pix
P1163,Tênis Feminino,249.3,167.56,81.74,NF884478,sxucji@email.com,2026-01-26,2026-01-28,SP,36,Loja,Boleto
P1164,Calça Feminina,166.24,86.87,79.37,NF665764,exhela@email.com,2025-05-18,2025-05-23,SC,40,Loja,Boleto
P1165,Calça Feminina,216.1,160.45,55.65,NF321637,eniobl@email.com,2025-06-25,2025-06-26,PB,40,Online,Pix
P1166,Tênis Masculino,110.83,87.95,22.88,NF329645,dqsbtk@email.com,2026-02-21,2026-02-21,CE,37,Loja,Cartão
P1167,Camiseta Feminina,313.13,159.72,153.41,NF521251,mjvoxa@email.com,2025-12-08,2025-12-08,PE,37,Online,Pix
P1168,Tênis Masculino,386.05,259.21,126.84,NF517835,nuryqp@email.com,2025-01-02,2025-01-04,RJ,41,Loja,Dinheiro
P1169,Camiseta Feminina,421.62,252.92,168.7,NF395484,ejrdmo@email.com,2026-01-12,2026-01-13,SP,P,Online,Boleto
P1170,Calça Feminina,565.3,285.93,279.37,NF341235,odpida@email.com,2026-04-14,2026-04-16,CE,P,Online,Cartão
P1171,Camiseta Masculina,135.64,109.47,26.17,NF429593,wynple@email.com,2026-01-20,2026-01-24,BA,40,Online,Dinheiro
P1172,Camiseta Feminina,315.72,235.14,80.58,NF376709,acfxpv@email.com,2025-02-24,2025-02-25,RS,40,Online,Cartão
P1173,Calça Masculina,409.97,275.73,134.24,NF871750,pbqpqw@email.com,2026-02-17,2026-02-22,PB,M,Loja,Cartão
P1174,Camiseta Masculina,178.65,113.31,65.34,NF680052,efybeo@email.com,2026-03-26,2026-03-29,MG,36,Online,Pix
P1175,Camiseta Masculina,441.09,234.1,206.99,NF415574,zwuyyn@email.com,2026-03-08,2026-03-08,RS,P,Online,Pix
P1176,Camiseta Feminina,365.79,282.41,83.38,NF610331,rgrpnt@email.com,2025-07-07,2025-07-07,CE,42,Loja,Cartão
P1177,Camiseta Feminina,176.01,108.1,67.91,NF793986,oeyagi@email.com,2025-07-16,2025-07-20,MG,39,Online,Dinheiro
P1178,Camiseta Feminina,315.2,228.84,86.36,NF223212,tobxci@email.com,2025-12-30,2026-01-03,BA,42,Loja,Dinheiro
P1179,Calça Feminina,308.49,171.81,136.68,NF651617,uzfesb@email.com,2025-04-16,2025-04-16,RS,36,Loja,Pix
P1180,Tênis Feminino,275.44,170.87,104.57,NF325616,vmqlap@email.com,2025-03-23,2025-03-24,RJ,M,Online,Boleto
P1181,Calça Masculina,78.92,61.88,17.04,NF818791,vkvmeu@email.com,2025-01-28,2025-01-31,RJ,G,Online,Cartão
P1182,Camiseta Feminina,309.24,201.71,107.53,NF448404,vjdmst@email.com,2025-12-19,2025-12-21,PR,M,Loja,Cartão
P1183,Tênis Feminino,309.83,203.88,105.95,NF614745,jfmizl@email.com,2025-11-26,2025-12-01,PE,41,Online,Pix
P1184,Tênis Masculino,66.55,53.7,12.85,NF133992,grmuzf@email.com,2025-07-06,2025-07-08,PR,40,Online,Cartão
P1185,Calça Masculina,190.65,99.32,91.33,NF370408,fghevq@email.com,2025-06-01,2025-06-05,SP,P,Loja,Boleto
P1186,Camiseta Masculina,543.2,291.63,251.57,NF855458,zjehzt@email.com,2025-10-12,2025-10-16,SC,40,Online,Boleto
P1187,Tênis Feminino,223.31,163.9,59.41,NF877249,cokkhm@email.com,2025-02-03,2025-02-07,PR,37,Loja,Pix
P1188,Calça Feminina,78.31,56.83,21.48,NF831196,mqfiak@email.com,2025-09-17,2025-09-20,CE,P,Loja,Pix
P1189,Calça Masculina,419.13,239.38,179.75,NF122941,eduadj@email.com,2025-12-02,2025-12-04,CE,P,Online,Dinheiro
P1190,Tênis Masculino,281.72,194.19,87.53,NF663743,jlgyqn@email.com,2025-05-27,2025-06-01,CE,G,Loja,Dinheiro
P1191,Calça Masculina,253.76,155.78,97.98,NF471071,qnzxcg@email.com,2025-09-26,2025-10-01,RS,38,Online,Pix
P1192,Calça Feminina,441.46,257.56,183.9,NF157210,jpedkh@email.com,2025-10-13,2025-10-16,BA,36,Loja,Dinheiro
P1193,Calça Masculina,400.97,272.29,128.68,NF264660,sdlnlb@email.com,2025-05-06,2025-05-08,PE,37,Loja,Dinheiro
P1194,Tênis Masculino,272.82,137.06,135.76,NF972972,ybgvej@email.com,2025-03-10,2025-03-13,PB,G,Loja,Pix
P1195,Tênis Feminino,113.86,64.8,49.06,NF336438,sxztqw@email.com,2025-10-16,2025-10-19,PE,39,Online,Boleto
P1196,Tênis Feminino,530.67,299.05,231.62,NF405701,tmynix@email.com,2026-04-10,2026-04-10,SC,G,Loja,Cartão
P1197,Calça Feminina,122.07,83.64,38.43,NF913670,ndfuob@email.com,2025-07-22,2025-07-26,PE,36,Loja,Cartão
P1198,Camiseta Feminina,108.4,55.81,52.59,NF700501,zzhzfr@email.com,2025-04-05,2025-04-10,CE,P,Online,Cartão
P1199,Tênis Feminino,422.61,264.87,157.74,NF344317,zwpxjd@email.com,2025-06-17,2025-06-18,PB,37,Online,Dinheiro
P1200,Tênis Feminino,386.71,197.96,188.75,NF915154,jamkvv@email.com,2025-08-23,2025-08-28,BA,M,Online,Dinheiro
P1201,Camiseta Masculina,297.66,150.05,147.61,NF904779,jjmqwh@email.com,2025-01-26,2025-01-31,PB,36,Loja,Dinheiro
P1202,Tênis Masculino,244.5,143.07,101.43,NF419784,dwedsv@email.com,2026-03-04,2026-03-08,MG,41,Online,Pix
P1203,Camiseta Feminina,337.34,230.55,106.79,NF965113,eouaja@email.com,2025-09-09,2025-09-10,PB,39,Online,Dinheiro
P1204,Tênis Masculino,188.2,153.66,34.54,NF921635,lnxbfh@email.com,2025-04-13,2025-04-17,RJ,36,Loja,Boleto
P1205,Calça Masculina,314.16,225.73,88.43,NF655967,zvdxki@email.com,2025-12-04,2025-12-09,RJ,M,Online,Boleto
P1206,Tênis Feminino,426.16,243.2,182.96,NF811473,jllrmb@email.com,2026-04-12,2026-04-13,BA,37,Online,Pix
P1207,Calça Masculina,332.23,205.37,126.86,NF476791,vbckoi@email.com,2025-12-15,2025-12-20,CE,M,Online,Cartão
P1208,Tênis Feminino,332.22,227.48,104.74,NF548028,jdmzfe@email.com,2026-02-12,2026-02-14,MG,37,Online,Boleto
P1209,Tênis Masculino,285.5,158.55,126.95,NF751252,yztome@email.com,2026-02-12,2026-02-16,PE,G,Online,Dinheiro
P1210,Tênis Feminino,524.63,277.03,247.6,NF446244,mxgilm@email.com,2025-12-13,2025-12-16,PE,P,Loja,Boleto
P1211,Tênis Feminino,436.71,258.91,177.8,NF419485,hzedtj@email.com,2025-09-11,2025-09-16,RS,41,Online,Dinheiro
P1212,Calça Masculina,575.92,299.41,276.51,NF970889,ccqsbb@email.com,2026-03-12,2026-03-15,SP,42,Loja,Boleto
P1213,Calça Feminina,394.25,231.06,163.19,NF588383,bqzskv@email.com,2025-03-11,2025-03-13,SP,36,Loja,Dinheiro
P1214,Camiseta Masculina,305.41,216.67,88.74,NF321300,hcfozu@email.com,2025-07-17,2025-07-21,RS,P,Online,Cartão
P1215,Camiseta Feminina,144.66,92.65,52.01,NF650445,oardra@email.com,2025-08-12,2025-08-12,PR,38,Online,Pix
P1216,Camiseta Feminina,475.22,265.37,209.85,NF985153,bthqng@email.com,2025-09-02,2025-09-04,MG,39,Loja,Boleto
P1217,Camiseta Feminina,318.43,175.58,142.85,NF795761,nydiat@email.com,2025-02-02,2025-02-07,SC,37,Loja,Dinheiro
P1218,Camiseta Feminina,118.57,84.53,34.04,NF174001,kzdzfp@email.com,2026-03-17,2026-03-18,MG,39,Online,Pix
P1219,Tênis Masculino,192.12,139.49,52.63,NF247347,qfmwvw@email.com,2026-01-14,2026-01-15,PB,36,Online,Boleto
P1220,Tênis Feminino,225.73,159.87,65.86,NF847481,lqhwdm@email.com,2025-05-26,2025-05-27,CE,G,Loja,Dinheiro
P1221,Tênis Masculino,84.81,63.39,21.42,NF746412,rwqskf@email.com,2025-02-03,2025-02-08,CE,M,Loja,Dinheiro
P1222,Calça Masculina,478.22,248.76,229.46,NF550139,upqjir@email.com,2025-09-08,2025-09-08,BA,37,Loja,Cartão
P1223,Tênis Masculino,270.93,223.6,47.33,NF498694,msegot@email.com,2025-04-22,2025-04-23,CE,M,Loja,Pix
P1224,Tênis Masculino,332.55,275.14,57.41,NF130201,ledbqp@email.com,2026-03-16,2026-03-17,RS,36,Online,Boleto
P1225,Camiseta Masculina,152.61,118.31,34.3,NF127362,zriyid@email.com,2026-03-22,2026-03-27,RS,39,Loja,Pix
P1226,Camiseta Feminina,140.07,84.11,55.96,NF208165,vnjdtj@email.com,2026-04-12,2026-04-17,RS,G,Loja,Dinheiro
P1227,Camiseta Feminina,440.68,243.9,196.78,NF830964,uvbdoy@email.com,2026-02-21,2026-02-22,SP,37,Loja,Boleto
P1228,Tênis Masculino,162.96,104.04,58.92,NF100240,iuswjn@email.com,2025-10-15,2025-10-16,PE,42,Online,Pix
P1229,Camiseta Feminina,470.49,241.96,228.53,NF576652,wjdsgk@email.com,2025-03-24,2025-03-27,RS,39,Loja,Dinheiro
P1230,Calça Masculina,234.11,128.11,106.0,NF404883,qauelb@email.com,2025-01-15,2025-01-15,BA,M,Online,Boleto
P1231,Camiseta Feminina,276.56,180.66,95.9,NF335013,iettrb@email.com,2026-04-27,2026-05-01,BA,39,Online,Cartão
P1232,Camiseta Masculina,371.29,253.86,117.43,NF346123,djfaki@email.com,2025-10-14,2025-10-19,PB,G,Online,Cartão
P1233,Tênis Feminino,340.53,174.63,165.9,NF914570,zgnugb@email.com,2025-09-11,2025-09-13,RJ,39,Loja,Pix
P1234,Tênis Feminino,171.84,135.89,35.95,NF420366,kziyac@email.com,2025-06-10,2025-06-11,PB,41,Loja,Boleto
P1235,Tênis Feminino,165.6,96.47,69.13,NF775393,utwcup@email.com,2026-03-16,2026-03-16,SP,P,Online,Dinheiro
P1236,Calça Masculina,370.21,257.24,112.97,NF298477,sunntj@email.com,2025-12-19,2025-12-23,RS,39,Online,Dinheiro
P1237,Calça Feminina,331.58,189.82,141.76,NF600302,shftia@email.com,2025-06-18,2025-06-19,PB,38,Loja,Dinheiro
P1238,Calça Feminina,350.48,217.12,133.36,NF791599,sxeqra@email.com,2026-02-07,2026-02-08,SC,39,Loja,Cartão
P1239,Calça Feminina,210.51,134.1,76.41,NF553213,dqelke@email.com,2025-07-03,2025-07-04,CE,36,Online,Boleto
P1240,Calça Masculina,518.22,268.17,250.05,NF626436,wiulwo@email.com,2025-07-12,2025-07-13,RS,39,Loja,Boleto
P1241,Tênis Feminino,127.46,85.37,42.09,NF302780,jfbyus@email.com,2025-09-05,2025-09-09,PR,G,Online,Dinheiro
P1242,Tênis Feminino,326.72,194.66,132.06,NF766222,nhnsvw@email.com,2025-12-08,2025-12-11,BA,36,Online,Dinheiro
P1243,Camiseta Feminina,307.19,154.61,152.58,NF547284,icpgtc@email.com,2025-10-28,2025-10-30,BA,39,Online,Boleto
P1244,Tênis Masculino,423.25,218.19,205.06,NF748622,hirnto@email.com,2025-06-26,2025-06-28,RS,41,Loja,Dinheiro
P1245,Tênis Masculino,97.73,68.2,29.53,NF165947,qisadk@email.com,2025-04-06,2025-04-08,RS,38,Loja,Cartão
P1246,Calça Feminina,201.69,104.86,96.83,NF808529,tdyoth@email.com,2026-02-27,2026-03-01,SP,36,Online,Pix
P1247,Calça Feminina,208.04,128.99,79.05,NF821800,hayayg@email.com,2025-12-13,2025-12-18,RS,37,Loja,Boleto
P1248,Camiseta Feminina,273.01,137.72,135.29,NF205679,kboiga@email.com,2025-10-04,2025-10-09,PR,37,Online,Pix
P1249,Tênis Feminino,400.99,206.38,194.61,NF765361,oztefa@email.com,2025-07-16,2025-07-18,SP,P,Loja,Boleto
P1250,Tênis Masculino,123.69,76.4,47.29,NF531909,pzecck@email.com,2025-08-29,2025-08-31,BA,G,Loja,Dinheiro
P1251,Tênis Masculino,397.31,202.03,195.28,NF223794,quncci@email.com,2026-01-05,2026-01-08,BA,39,Loja,Pix
P1252,Calça Feminina,254.47,189.84,64.63,NF196963,kniqdl@email.com,2025-06-13,2025-06-16,RS,39,Online,Cartão
P1253,Tênis Feminino,304.2,225.47,78.73,NF241817,yeziee@email.com,2026-04-25,2026-04-29,BA,G,Online,Dinheiro
P1254,Tênis Feminino,145.55,105.43,40.12,NF762251,xhwgjt@email.com,2026-02-19,2026-02-19,PR,36,Loja,Boleto
P1255,Calça Masculina,101.06,54.73,46.33,NF699473,saquva@email.com,2025-09-08,2025-09-12,PR,41,Loja,Boleto
P1256,Calça Feminina,328.52,270.49,58.03,NF590193,czzypp@email.com,2025-05-31,2025-05-31,MG,38,Online,Pix
P1257,Calça Masculina,304.27,201.47,102.8,NF778157,dihjaa@email.com,2025-03-27,2025-03-28,CE,P,Loja,Boleto
P1258,Calça Feminina,536.46,285.85,250.61,NF792857,dhnzfl@email.com,2026-03-31,2026-04-02,CE,G,Loja,Pix
P1259,Calça Feminina,413.38,291.78,121.6,NF748187,cpjiax@email.com,2025-03-09,2025-03-13,SC,37,Online,Dinheiro
P1260,Camiseta Feminina,218.46,117.46,101.0,NF472230,hkijdj@email.com,2025-11-28,2025-12-02,CE,P,Online,Dinheiro
P1261,Camiseta Masculina,434.13,222.94,211.19,NF250932,tygxhm@email.com,2025-02-13,2025-02-14,PR,M,Online,Pix
P1262,Calça Masculina,329.02,234.77,94.25,NF747082,ssrjcu@email.com,2025-10-23,2025-10-24,RS,36,Online,Boleto
P1263,Tênis Masculino,388.59,288.59,100.0,NF151760,ouymhl@email.com,2026-03-04,2026-03-07,RS,37,Online,Cartão
P1264,Camiseta Feminina,410.36,235.87,174.49,NF700412,xnhyop@email.com,2025-10-13,2025-10-14,PB,40,Online,Boleto
P1265,Calça Masculina,547.07,290.21,256.86,NF348061,pnnjom@email.com,2025-03-17,2025-03-22,PE,40,Loja,Cartão
P1266,Tênis Masculino,218.05,109.09,108.96,NF764930,xvndny@email.com,2025-08-05,2025-08-08,SC,38,Online,Boleto
P1267,Calça Masculina,243.57,143.74,99.83,NF876452,tcigem@email.com,2026-01-26,2026-01-31,RJ,39,Loja,Pix
P1268,Calça Masculina,95.84,56.3,39.54,NF996746,nhzlff@email.com,2025-06-21,2025-06-24,SC,39,Loja,Dinheiro
P1269,Camiseta Feminina,448.01,246.28,201.73,NF950940,blttei@email.com,2026-03-27,2026-03-29,SC,39,Loja,Boleto
P1270,Calça Masculina,105.26,53.34,51.92,NF801898,dauyva@email.com,2025-02-23,2025-02-28,SP,37,Loja,Dinheiro
P1271,Tênis Masculino,440.66,284.45,156.21,NF616922,coekfj@email.com,2025-04-15,2025-04-18,SP,38,Online,Cartão
P1272,Calça Masculina,307.57,222.58,84.99,NF765784,zqwqnm@email.com,2025-12-04,2025-12-06,CE,39,Loja,Boleto
P1273,Calça Masculina,71.4,57.23,14.17,NF386068,njpqgr@email.com,2026-03-25,2026-03-28,CE,39,Loja,Boleto
P1274,Tênis Masculino,436.86,234.8,202.06,NF316613,xiigak@email.com,2025-04-27,2025-05-02,PB,37,Online,Pix
P1275,Camiseta Feminina,99.47,55.87,43.6,NF609099,hbqhad@email.com,2026-04-26,2026-04-30,MG,36,Loja,Dinheiro
P1276,Camiseta Masculina,287.22,190.47,96.75,NF386771,qkwlyt@email.com,2025-07-26,2025-07-28,PR,36,Loja,Cartão
P1277,Calça Feminina,325.49,234.79,90.7,NF489147,qwoetl@email.com,2026-04-20,2026-04-24,PB,42,Loja,Pix
P1278,Tênis Masculino,216.28,134.28,82.0,NF173082,iqglox@email.com,2026-01-31,2026-02-05,PR,42,Loja,Boleto
P1279,Camiseta Feminina,199.71,113.24,86.47,NF630876,noyrop@email.com,2025-07-18,2025-07-22,SP,38,Loja,Dinheiro
P1280,Calça Feminina,164.0,83.34,80.66,NF247365,mfhtax@email.com,2025-02-18,2025-02-22,CE,M,Loja,Cartão
P1281,Camiseta Feminina,203.95,157.39,46.56,NF406800,wfwpae@email.com,2025-05-27,2025-05-31,SP,38,Online,Cartão
P1282,Calça Feminina,160.43,92.05,68.38,NF654241,eshrgb@email.com,2025-04-10,2025-04-12,SP,39,Loja,Cartão
P1283,Tênis Feminino,167.43,95.73,71.7,NF886338,uuycre@email.com,2026-01-06,2026-01-10,CE,40,Online,Cartão
P1284,Tênis Masculino,372.3,210.49,161.81,NF608928,mjvwrn@email.com,2025-12-01,2025-12-04,BA,40,Online,Pix
P1285,Calça Feminina,111.39,76.01,35.38,NF543357,bfrurb@email.com,2026-04-04,2026-04-07,PB,39,Online,Cartão
P1286,Tênis Feminino,95.58,67.59,27.99,NF174151,ttipzq@email.com,2025-03-23,2025-03-28,RJ,37,Loja,Dinheiro
P1287,Calça Feminina,338.1,255.88,82.22,NF479099,ywwzrj@email.com,2026-01-14,2026-01-19,RJ,41,Loja,Dinheiro
P1288,Calça Feminina,213.47,109.34,104.13,NF764505,kuvajz@email.com,2025-07-05,2025-07-09,CE,37,Loja,Cartão
P1289,Tênis Masculino,161.63,109.43,52.2,NF675474,qekywe@email.com,2025-03-26,2025-03-26,MG,37,Online,Pix
P1290,Tênis Masculino,227.48,187.37,40.11,NF951101,pyvygx@email.com,2025-02-09,2025-02-13,CE,37,Online,Dinheiro
P1291,Tênis Feminino,285.51,165.4,120.11,NF430353,jmihwz@email.com,2025-01-26,2025-01-28,PR,M,Online,Boleto
P1292,Tênis Masculino,280.59,216.92,63.67,NF732313,jeyave@email.com,2025-12-25,2025-12-26,CE,37,Online,Boleto
P1293,Calça Feminina,266.66,142.04,124.62,NF444107,niccgn@email.com,2025-04-10,2025-04-12,SP,42,Loja,Pix
P1294,Camiseta Masculina,154.78,128.71,26.07,NF739977,dteqev@email.com,2026-04-13,2026-04-18,RS,36,Online,Dinheiro
P1295,Tênis Masculino,453.58,283.92,169.66,NF639235,rkgbwx@email.com,2025-06-16,2025-06-17,PE,41,Online,Dinheiro
P1296,Camiseta Feminina,254.35,173.72,80.63,NF894039,djtllh@email.com,2025-11-11,2025-11-13,RS,41,Online,Cartão
P1297,Calça Masculina,313.0,195.82,117.18,NF204005,htczhd@email.com,2025-09-21,2025-09-22,MG,40,Online,Cartão
P1298,Calça Feminina,173.18,116.18,57.0,NF827290,vhlvob@email.com,2025-07-02,2025-07-03,PE,39,Loja,Dinheiro
P1299,Tênis Feminino,210.73,108.04,102.69,NF360220,eylvdo@email.com,2025-06-14,2025-06-16,RJ,39,Online,Dinheiro
P1300,Camiseta Feminina,274.32,165.26,109.06,NF624168,lrbslt@email.com,2025-04-08,2025-04-12,RJ,37,Online,Pix
P1301,Tênis Masculino,252.71,147.58,105.13,NF795050,zwxqpg@email.com,2025-09-12,2025-09-13,PR,42,Loja,Pix
P1302,Calça Feminina,345.69,183.64,162.05,NF771162,rscqwy@email.com,2025-08-05,2025-08-05,RS,41,Loja,Pix
P1303,Tênis Feminino,290.26,172.98,117.28,NF821074,fajhtj@email.com,2025-09-21,2025-09-22,MG,P,Loja,Boleto
P1304,Tênis Feminino,159.01,104.74,54.27,NF448838,gpruyo@email.com,2025-03-24,2025-03-28,RJ,41,Loja,Cartão
P1305,Camiseta Masculina,544.52,290.63,253.89,NF121359,sqoxly@email.com,2025-03-15,2025-03-15,PR,M,Online,Boleto
P1306,Tênis Masculino,297.45,196.42,101.03,NF766486,zjqfjx@email.com,2025-09-03,2025-09-06,PE,M,Online,Boleto
P1307,Calça Feminina,467.27,268.83,198.44,NF406370,cvxtuj@email.com,2025-06-23,2025-06-28,CE,36,Loja,Pix
P1308,Tênis Masculino,315.24,210.93,104.31,NF823245,ksknmu@email.com,2026-04-03,2026-04-05,CE,36,Online,Dinheiro
P1309,Calça Feminina,176.41,94.43,81.98,NF446649,ssaxur@email.com,2025-08-15,2025-08-18,MG,41,Loja,Cartão
P1310,Camiseta Feminina,212.25,164.92,47.33,NF445261,gyfram@email.com,2026-01-01,2026-01-01,SP,41,Loja,Dinheiro
P1311,Tênis Masculino,270.73,175.55,95.18,NF373033,mpzdjt@email.com,2026-04-30,2026-05-01,SP,39,Loja,Boleto
P1312,Camiseta Feminina,129.8,103.0,26.8,NF845605,fwwwnr@email.com,2026-01-23,2026-01-26,SP,42,Online,Pix
P1313,Camiseta Masculina,530.69,287.87,242.82,NF308368,wnfvev@email.com,2025-01-11,2025-01-12,BA,37,Loja,Dinheiro
P1314,Camiseta Feminina,378.81,191.69,187.12,NF457168,sqkpxn@email.com,2025-09-23,2025-09-25,SC,40,Loja,Dinheiro
P1315,Calça Feminina,182.25,96.19,86.06,NF556770,oqdxcn@email.com,2025-03-23,2025-03-24,RJ,36,Loja,Boleto
P1316,Calça Feminina,238.45,133.95,104.5,NF650471,tekgcj@email.com,2025-01-19,2025-01-21,PR,41,Online,Cartão
P1317,Calça Feminina,451.84,259.41,192.43,NF903032,heyzin@email.com,2025-10-12,2025-10-14,PB,42,Loja,Pix
P1318,Camiseta Feminina,424.57,280.34,144.23,NF465685,mnhlou@email.com,2025-06-23,2025-06-27,SP,39,Online,Boleto
P1319,Tênis Masculino,440.65,260.43,180.22,NF552193,tcvcjv@email.com,2026-01-11,2026-01-13,RS,38,Online,Dinheiro
P1320,Tênis Masculino,252.4,128.32,124.08,NF658869,folgbf@email.com,2025-09-03,2025-09-04,MG,38,Online,Dinheiro
P1321,Calça Feminina,128.05,100.67,27.38,NF178036,reiaqq@email.com,2026-01-21,2026-01-23,RJ,39,Online,Dinheiro
P1322,Camiseta Feminina,334.3,211.48,122.82,NF641214,mhnkxu@email.com,2026-04-06,2026-04-09,MG,41,Loja,Cartão
P1323,Calça Feminina,446.38,230.55,215.83,NF521658,oefasm@email.com,2025-03-23,2025-03-23,PB,42,Loja,Dinheiro
P1324,Calça Masculina,335.97,196.02,139.95,NF433173,zmprrn@email.com,2025-09-10,2025-09-12,PE,36,Online,Cartão
P1325,Calça Masculina,493.76,282.96,210.8,NF294023,yprvra@email.com,2025-07-03,2025-07-08,SC,M,Loja,Dinheiro
P1326,Calça Feminina,153.63,109.24,44.39,NF123583,dtquwr@email.com,2026-03-26,2026-03-30,BA,41,Loja,Boleto
P1327,Tênis Feminino,374.05,190.49,183.56,NF468508,edqcml@email.com,2026-04-26,2026-04-27,PE,41,Loja,Cartão
P1328,Tênis Masculino,327.97,191.34,136.63,NF467318,iyedje@email.com,2025-06-03,2025-06-06,PE,P,Online,Boleto
P1329,Tênis Masculino,372.57,282.67,89.9,NF593955,etgvki@email.com,2025-11-24,2025-11-25,RS,37,Loja,Cartão
P1330,Camiseta Masculina,278.99,222.9,56.09,NF317095,ykamnf@email.com,2025-04-14,2025-04-18,CE,41,Loja,Dinheiro
P1331,Camiseta Feminina,440.74,279.4,161.34,NF855711,qtxnmw@email.com,2025-12-15,2025-12-18,CE,41,Online,Pix
P1332,Camiseta Masculina,357.12,207.64,149.48,NF740055,wjotne@email.com,2026-04-16,2026-04-18,PB,37,Online,Pix
P1333,Tênis Feminino,330.29,186.5,143.79,NF622511,xzvctb@email.com,2025-10-27,2025-10-29,PB,G,Online,Pix
P1334,Tênis Feminino,115.92,61.68,54.24,NF965636,nhbpeh@email.com,2026-02-13,2026-02-15,SC,P,Online,Boleto
P1335,Tênis Masculino,194.64,153.67,40.97,NF861038,gbnlrl@email.com,2025-09-02,2025-09-04,SC,39,Loja,Pix
P1336,Calça Feminina,321.44,267.33,54.11,NF665719,dwjurt@email.com,2026-03-07,2026-03-08,PB,37,Loja,Boleto
P1337,Calça Feminina,300.19,210.16,90.03,NF461304,lllnyj@email.com,2025-09-07,2025-09-08,MG,42,Loja,Cartão
P1338,Tênis Feminino,263.69,203.85,59.84,NF103778,etrdgg@email.com,2025-08-09,2025-08-09,PB,38,Loja,Boleto
P1339,Camiseta Feminina,476.98,285.91,191.07,NF680063,qwapia@email.com,2025-07-19,2025-07-22,PR,M,Loja,Cartão
P1340,Tênis Feminino,265.52,151.08,114.44,NF277468,yeptew@email.com,2026-03-22,2026-03-27,SP,42,Loja,Dinheiro
P1341,Camiseta Feminina,316.09,190.91,125.18,NF592011,uwblir@email.com,2025-07-07,2025-07-09,SP,G,Online,Pix
P1342,Camiseta Masculina,311.77,170.76,141.01,NF843495,onznqc@email.com,2026-04-29,2026-05-04,SP,42,Online,Dinheiro
P1343,Camiseta Masculina,214.59,130.09,84.5,NF114311,qbtanr@email.com,2026-03-09,2026-03-11,BA,38,Online,Pix
P1344,Camiseta Masculina,115.86,58.56,57.3,NF149429,gjocoz@email.com,2025-02-08,2025-02-13,SC,40,Online,Pix
P1345,Calça Masculina,173.19,112.84,60.35,NF255731,ppklul@email.com,2025-05-24,2025-05-29,RJ,41,Loja,Pix
P1346,Tênis Masculino,295.47,178.22,117.25,NF351948,udhaba@email.com,2025-10-27,2025-10-31,PB,M,Loja,Boleto
P1347,Tênis Masculino,454.56,249.33,205.23,NF544563,aexkhv@email.com,2025-12-20,2025-12-25,SC,40,Loja,Cartão
P1348,Calça Feminina,293.26,202.71,90.55,NF156336,yvcndg@email.com,2026-02-17,2026-02-22,PB,M,Online,Boleto
P1349,Tênis Masculino,96.8,65.03,31.77,NF173889,wpphuu@email.com,2025-09-10,2025-09-12,SC,41,Loja,Dinheiro
P1350,Tênis Masculino,186.74,106.33,80.41,NF367585,zrlnik@email.com,2026-02-01,2026-02-01,PR,P,Online,Cartão
P1351,Calça Feminina,157.32,84.92,72.4,NF181440,wevven@email.com,2025-10-19,2025-10-23,RS,37,Online,Dinheiro
P1352,Calça Masculina,99.26,63.37,35.89,NF997692,dcxezi@email.com,2025-12-14,2025-12-17,BA,42,Loja,Pix
P1353,Camiseta Masculina,397.1,214.88,182.22,NF336283,uimjuo@email.com,2025-12-11,2025-12-14,SC,M,Loja,Cartão
P1354,Calça Feminina,521.56,294.51,227.05,NF337494,zrxyvj@email.com,2025-10-01,2025-10-03,CE,P,Online,Boleto
P1355,Camiseta Masculina,344.75,227.7,117.05,NF428190,tjitfk@email.com,2025-02-03,2025-02-06,PR,41,Online,Dinheiro
P1356,Camiseta Feminina,236.64,132.3,104.34,NF897991,nhpdbg@email.com,2025-11-17,2025-11-17,RS,P,Online,Dinheiro
P1357,Calça Masculina,191.43,154.29,37.14,NF324588,ykpekc@email.com,2025-04-12,2025-04-17,PE,41,Online,Pix
P1358,Tênis Feminino,258.71,129.85,128.86,NF253268,zxbaun@email.com,2025-06-11,2025-06-12,SC,P,Online,Dinheiro
P1359,Tênis Masculino,255.44,163.65,91.79,NF164893,iwooeq@email.com,2025-09-06,2025-09-10,CE,41,Online,Cartão
P1360,Camiseta Masculina,132.4,100.68,31.72,NF939963,qozsvk@email.com,2025-01-04,2025-01-09,PE,M,Online,Cartão
P1361,Calça Masculina,139.27,77.19,62.08,NF486675,czslga@email.com,2025-01-15,2025-01-15,SP,40,Loja,Dinheiro
P1362,Calça Feminina,246.63,170.3,76.33,NF213615,hjfzus@email.com,2026-01-20,2026-01-25,BA,G,Loja,Dinheiro
P1363,Tênis Feminino,346.7,259.24,87.46,NF872426,lnwvqd@email.com,2025-10-24,2025-10-27,SC,42,Loja,Cartão
P1364,Camiseta Masculina,149.08,106.27,42.81,NF547846,vjgxkn@email.com,2025-05-06,2025-05-07,PB,39,Loja,Boleto
P1365,Camiseta Feminina,332.91,195.84,137.07,NF571812,ehulne@email.com,2025-03-20,2025-03-25,SP,P,Loja,Pix
P1366,Calça Feminina,156.73,89.53,67.2,NF129720,xrjiko@email.com,2025-06-15,2025-06-18,RJ,39,Online,Cartão
P1367,Calça Masculina,303.41,191.84,111.57,NF754078,cjrcyc@email.com,2026-04-04,2026-04-08,MG,39,Online,Boleto
P1368,Camiseta Masculina,74.09,56.35,17.74,NF879518,lhzlyk@email.com,2025-10-06,2025-10-07,BA,36,Loja,Boleto
P1369,Camiseta Masculina,101.35,77.33,24.02,NF982295,emegoh@email.com,2026-02-26,2026-03-02,PB,P,Online,Cartão
P1370,Calça Masculina,287.55,187.09,100.46,NF639633,dcrwvz@email.com,2025-01-05,2025-01-05,MG,39,Online,Cartão
P1371,Tênis Feminino,407.45,275.68,131.77,NF874718,bikuni@email.com,2025-04-27,2025-04-29,BA,37,Loja,Dinheiro
P1372,Camiseta Feminina,86.36,52.06,34.3,NF415234,axllvb@email.com,2025-10-28,2025-11-02,BA,39,Online,Dinheiro
P1373,Tênis Masculino,147.84,113.48,34.36,NF370263,yppmeg@email.com,2025-09-03,2025-09-05,SP,41,Online,Cartão
P1374,Tênis Masculino,204.56,126.58,77.98,NF129788,mngvhu@email.com,2026-04-06,2026-04-10,PE,37,Online,Cartão
P1375,Tênis Masculino,223.81,166.19,57.62,NF573777,tyetju@email.com,2025-10-11,2025-10-12,CE,M,Loja,Boleto
P1376,Camiseta Feminina,446.24,253.3,192.94,NF459576,hcooxd@email.com,2025-01-09,2025-01-11,MG,40,Loja,Dinheiro
P1377,Camiseta Feminina,322.41,263.49,58.92,NF556795,kogoqp@email.com,2025-10-25,2025-10-30,CE,M,Loja,Boleto
P1378,Tênis Feminino,416.52,230.41,186.11,NF747734,svszkc@email.com,2026-03-30,2026-04-03,MG,P,Online,Cartão
P1379,Calça Feminina,94.73,67.37,27.36,NF413260,kpmwnp@email.com,2025-07-29,2025-08-01,PB,41,Online,Boleto
P1380,Camiseta Masculina,400.31,232.36,167.95,NF969048,jexbco@email.com,2026-04-29,2026-05-01,SP,M,Loja,Pix
P1381,Camiseta Masculina,349.45,260.67,88.78,NF788556,ogxfnp@email.com,2025-07-12,2025-07-12,PE,42,Online,Cartão
P1382,Calça Feminina,202.65,123.57,79.08,NF306686,xqnisi@email.com,2025-11-14,2025-11-19,BA,P,Online,Pix
P1383,Camiseta Masculina,276.45,191.23,85.22,NF925983,crpjji@email.com,2026-04-01,2026-04-06,SP,42,Loja,Dinheiro
P1384,Camiseta Feminina,254.29,151.68,102.61,NF157399,qobzep@email.com,2025-01-12,2025-01-14,RJ,38,Online,Pix
P1385,Camiseta Feminina,91.39,64.71,26.68,NF731641,eyecuy@email.com,2026-03-06,2026-03-09,PB,M,Loja,Pix
P1386,Calça Feminina,309.42,182.04,127.38,NF800852,ybukqs@email.com,2025-07-31,2025-08-05,PR,M,Online,Cartão
P1387,Camiseta Feminina,202.64,158.13,44.51,NF365653,jrjnrt@email.com,2026-02-19,2026-02-22,CE,G,Online,Pix
P1388,Calça Feminina,121.16,95.47,25.69,NF665439,cztyvv@email.com,2026-04-01,2026-04-02,SP,39,Loja,Boleto
P1389,Camiseta Feminina,290.86,168.86,122.0,NF590486,adrwfh@email.com,2025-01-23,2025-01-24,CE,P,Loja,Pix
P1390,Tênis Masculino,93.18,69.02,24.16,NF807930,ixevhi@email.com,2025-04-08,2025-04-11,PB,G,Online,Dinheiro
P1391,Calça Masculina,445.52,291.83,153.69,NF532888,waswlm@email.com,2025-11-29,2025-11-30,BA,36,Loja,Pix
P1392,Calça Feminina,297.47,157.2,140.27,NF225677,rmdiox@email.com,2025-12-24,2025-12-28,CE,41,Loja,Dinheiro
P1393,Calça Masculina,156.32,111.17,45.15,NF991566,bimjyu@email.com,2026-02-25,2026-02-26,PB,P,Online,Dinheiro
P1394,Tênis Masculino,338.4,177.45,160.95,NF470789,ptmnts@email.com,2025-05-21,2025-05-23,SP,42,Online,Cartão
P1395,Calça Feminina,501.24,259.88,241.36,NF676421,ipuuef@email.com,2026-01-01,2026-01-01,BA,41,Online,Boleto
P1396,Calça Masculina,177.58,91.31,86.27,NF878567,wtbuev@email.com,2025-11-01,2025-11-04,CE,P,Loja,Pix
P1397,Tênis Feminino,394.16,244.06,150.1,NF456259,tcyzgl@email.com,2026-01-11,2026-01-15,PR,G,Loja,Pix
P1398,Calça Feminina,101.61,82.69,18.92,NF860413,eovidt@email.com,2026-03-21,2026-03-26,CE,P,Online,Cartão
P1399,Tênis Masculino,504.68,281.11,223.57,NF670718,upgczr@email.com,2025-09-17,2025-09-19,PB,38,Online,Boleto
P1400,Tênis Feminino,363.1,188.4,174.7,NF697515,vnnpak@email.com,2025-12-20,2025-12-22,PB,42,Loja,Cartão
P1401,Tênis Masculino,485.66,259.46,226.2,NF250821,ysmbwe@email.com,2025-12-31,2026-01-03,PR,39,Online,Pix
P1402,Calça Feminina,237.85,119.93,117.92,NF114875,zakypp@email.com,2025-01-08,2025-01-08,PE,M,Online,Pix
P1403,Camiseta Feminina,332.38,221.74,110.64,NF349070,ydpdar@email.com,2025-04-20,2025-04-22,SP,M,Online,Pix
P1404,Tênis Masculino,431.36,228.86,202.5,NF241696,zsxbrn@email.com,2025-09-03,2025-09-03,BA,G,Loja,Pix
P1405,Camiseta Masculina,236.75,176.52,60.23,NF325078,xlvkwm@email.com,2025-12-17,2025-12-20,PE,40,Loja,Pix
P1406,Camiseta Masculina,438.91,252.7,186.21,NF552010,tkqcif@email.com,2026-01-08,2026-01-12,PE,42,Loja,Dinheiro
P1407,Camiseta Masculina,231.65,153.02,78.63,NF766109,qvvlkv@email.com,2026-01-09,2026-01-13,BA,38,Loja,Cartão
P1408,Camiseta Feminina,341.73,218.78,122.95,NF746966,fntwaf@email.com,2025-08-07,2025-08-10,SP,38,Online,Dinheiro
P1409,Camiseta Feminina,401.7,230.34,171.36,NF762851,wmarkn@email.com,2025-01-09,2025-01-13,PB,M,Online,Cartão
P1410,Calça Masculina,361.78,201.5,160.28,NF562925,ubmrop@email.com,2026-02-26,2026-03-01,RJ,42,Loja,Boleto
P1411,Camiseta Masculina,208.23,157.14,51.09,NF620574,mwkzte@email.com,2025-05-20,2025-05-23,CE,M,Online,Boleto
P1412,Tênis Masculino,293.73,213.25,80.48,NF834437,vrvapd@email.com,2025-05-30,2025-05-31,RS,M,Online,Cartão
P1413,Calça Feminina,345.05,285.17,59.88,NF519340,cpumxj@email.com,2026-04-02,2026-04-03,PR,M,Online,Cartão
P1414,Tênis Masculino,296.75,170.48,126.27,NF188970,kzkani@email.com,2026-03-18,2026-03-21,SP,41,Loja,Dinheiro
P1415,Tênis Masculino,165.9,103.3,62.6,NF209413,pjywbm@email.com,2025-10-15,2025-10-16,SC,M,Loja,Boleto
P1416,Tênis Feminino,426.43,288.23,138.2,NF228894,oelnjn@email.com,2025-08-05,2025-08-10,PE,36,Loja,Boleto
P1417,Calça Masculina,386.6,201.8,184.8,NF703054,uwmgnj@email.com,2025-11-05,2025-11-05,CE,G,Loja,Cartão
P1418,Camiseta Feminina,247.61,165.17,82.44,NF527155,mnvdth@email.com,2025-11-11,2025-11-13,CE,G,Loja,Cartão
P1419,Camiseta Masculina,239.58,128.33,111.25,NF957085,uvzydn@email.com,2025-03-09,2025-03-12,MG,40,Online,Cartão
P1420,Calça Feminina,119.46,78.39,41.07,NF503630,ctgrkq@email.com,2025-11-22,2025-11-23,BA,36,Online,Pix
P1421,Tênis Masculino,434.76,295.87,138.89,NF765624,lvvhbv@email.com,2025-07-05,2025-07-06,PR,M,Loja,Boleto
P1422,Tênis Masculino,494.37,259.41,234.96,NF288949,mpkxic@email.com,2026-04-27,2026-05-01,CE,G,Online,Cartão
P1423,Calça Masculina,433.33,264.48,168.85,NF445040,sbmtal@email.com,2025-06-07,2025-06-12,SP,M,Loja,Pix
P1424,Tênis Masculino,201.73,124.27,77.46,NF970799,jdnpeo@email.com,2025-03-15,2025-03-16,RJ,41,Loja,Dinheiro
P1425,Tênis Feminino,435.18,235.08,200.1,NF767161,dwvkra@email.com,2025-12-15,2025-12-17,PE,G,Online,Dinheiro
P1426,Calça Feminina,316.08,241.34,74.74,NF336408,enzfvl@email.com,2025-02-07,2025-02-08,MG,41,Loja,Cartão
P1427,Tênis Feminino,234.14,135.75,98.39,NF990239,sqiqxq@email.com,2025-01-20,2025-01-20,RS,38,Online,Cartão
P1428,Camiseta Masculina,359.51,281.7,77.81,NF539900,gqenia@email.com,2025-01-17,2025-01-19,RS,38,Loja,Cartão
P1429,Calça Masculina,113.27,57.77,55.5,NF935163,vetsgt@email.com,2025-12-09,2025-12-09,RJ,M,Online,Pix
P1430,Camiseta Masculina,150.38,110.48,39.9,NF131694,fcmfnt@email.com,2025-05-15,2025-05-15,CE,G,Online,Pix
P1431,Calça Masculina,283.87,201.61,82.26,NF344596,kpqeqn@email.com,2025-11-24,2025-11-29,CE,39,Online,Pix
P1432,Camiseta Masculina,379.24,202.45,176.79,NF723491,iiogwn@email.com,2025-10-05,2025-10-10,SP,M,Online,Boleto
P1433,Camiseta Masculina,283.75,218.87,64.88,NF633506,izaxfp@email.com,2025-05-19,2025-05-19,PE,39,Online,Cartão
P1434,Camiseta Feminina,158.77,113.26,45.51,NF220644,aorajh@email.com,2025-10-11,2025-10-13,PE,M,Online,Pix
P1435,Tênis Masculino,315.17,228.57,86.6,NF247320,tkyszj@email.com,2026-02-24,2026-02-24,PR,39,Loja,Pix
P1436,Calça Masculina,89.1,67.37,21.73,NF841245,ifxzce@email.com,2025-11-10,2025-11-13,MG,40,Online,Dinheiro
P1437,Tênis Feminino,93.95,54.58,39.37,NF857904,qhjrxd@email.com,2025-08-12,2025-08-17,RJ,40,Online,Dinheiro
P1438,Calça Masculina,416.95,222.41,194.54,NF801917,lbnlhp@email.com,2025-03-04,2025-03-05,PB,P,Online,Boleto
P1439,Calça Masculina,280.55,175.39,105.16,NF226856,bbnrzi@email.com,2025-12-22,2025-12-24,RJ,41,Online,Cartão
P1440,Calça Masculina,183.67,96.78,86.89,NF372584,bnfhef@email.com,2025-09-08,2025-09-10,SP,39,Loja,Boleto
P1441,Calça Feminina,207.64,151.38,56.26,NF949090,ywszxi@email.com,2026-01-24,2026-01-25,MG,40,Online,Dinheiro
P1442,Calça Masculina,105.36,56.42,48.94,NF172763,buzmyk@email.com,2026-01-11,2026-01-13,RJ,42,Online,Cartão
P1443,Camiseta Masculina,79.74,59.55,20.19,NF150412,ruqlym@email.com,2025-11-27,2025-11-30,PB,40,Loja,Pix
P1444,Tênis Masculino,198.65,146.78,51.87,NF777325,ilqyxg@email.com,2025-01-19,2025-01-24,MG,42,Loja,Cartão
P1445,Calça Feminina,548.69,291.48,257.21,NF140795,gnobgo@email.com,2025-01-04,2025-01-09,PR,41,Online,Pix
P1446,Tênis Masculino,397.38,210.62,186.76,NF511462,gkmywu@email.com,2025-10-11,2025-10-16,PB,G,Online,Cartão
P1447,Camiseta Masculina,160.85,81.32,79.53,NF927256,ivjnyu@email.com,2025-01-22,2025-01-23,PR,G,Online,Dinheiro
P1448,Camiseta Masculina,167.03,87.77,79.26,NF328708,jymyts@email.com,2025-05-20,2025-05-22,PE,41,Loja,Boleto
P1449,Calça Masculina,425.62,212.92,212.7,NF865666,karctu@email.com,2025-11-01,2025-11-04,PE,40,Loja,Cartão
P1450,Calça Feminina,432.52,236.68,195.84,NF340045,hblcoi@email.com,2025-09-15,2025-09-17,BA,41,Loja,Cartão
P1451,Calça Masculina,316.86,219.76,97.1,NF934874,bbtgya@email.com,2025-12-21,2025-12-22,PR,38,Loja,Cartão
P1452,Tênis Feminino,455.97,286.81,169.16,NF344871,mtcpsy@email.com,2026-01-31,2026-02-01,RS,40,Online,Dinheiro
P1453,Calça Masculina,441.2,237.57,203.63,NF952658,shathk@email.com,2025-04-20,2025-04-24,SC,M,Online,Cartão
P1454,Calça Feminina,93.29,60.52,32.77,NF737454,rnetmd@email.com,2025-05-06,2025-05-11,RS,38,Online,Pix
P1455,Calça Feminina,99.53,82.57,16.96,NF723599,dkcfen@email.com,2026-04-26,2026-04-30,MG,41,Online,Boleto
P1456,Calça Feminina,451.44,264.63,186.81,NF788123,jcdydk@email.com,2025-08-22,2025-08-27,PB,G,Loja,Cartão
P1457,Calça Masculina,329.86,252.31,77.55,NF539955,grvcse@email.com,2025-09-15,2025-09-18,MG,38,Loja,Cartão
P1458,Calça Masculina,195.45,161.42,34.03,NF582819,oitjza@email.com,2025-11-26,2025-11-27,PE,36,Loja,Boleto
P1459,Calça Feminina,239.6,161.19,78.41,NF480577,jmkmvf@email.com,2025-07-01,2025-07-05,CE,P,Loja,Pix
P1460,Calça Masculina,133.39,74.95,58.44,NF163482,psdnip@email.com,2025-05-02,2025-05-03,SP,P,Online,Dinheiro
P1461,Tênis Feminino,417.98,259.56,158.42,NF161059,tbmhrd@email.com,2026-04-24,2026-04-28,BA,39,Online,Pix
P1462,Calça Masculina,510.07,290.14,219.93,NF220803,glcapb@email.com,2026-03-10,2026-03-11,PB,M,Loja,Pix
P1463,Camiseta Masculina,226.72,153.73,72.99,NF987596,yrpunr@email.com,2026-03-22,2026-03-24,SC,P,Online,Boleto
P1464,Tênis Feminino,491.35,291.48,199.87,NF614051,arehai@email.com,2026-02-17,2026-02-21,PE,41,Loja,Pix
P1465,Camiseta Feminina,188.9,118.59,70.31,NF886186,gtjnyk@email.com,2026-04-05,2026-04-07,PE,42,Loja,Pix
P1466,Camiseta Feminina,80.41,54.97,25.44,NF569045,vveuqm@email.com,2025-06-27,2025-06-29,PB,G,Online,Boleto
P1467,Calça Feminina,247.61,137.79,109.82,NF469774,suuwxj@email.com,2025-06-04,2025-06-04,RJ,42,Online,Cartão
P1468,Camiseta Masculina,504.73,271.85,232.88,NF385731,pjdqui@email.com,2025-12-11,2025-12-12,RS,G,Online,Cartão
P1469,Tênis Feminino,345.06,273.36,71.7,NF270945,zhvlfj@email.com,2025-03-04,2025-03-06,MG,P,Loja,Boleto
P1470,Calça Masculina,147.47,118.87,28.6,NF176857,cdsxgv@email.com,2026-02-10,2026-02-13,RJ,M,Online,Pix
P1471,Tênis Feminino,489.16,257.11,232.05,NF766112,aspnen@email.com,2026-01-10,2026-01-14,RS,P,Loja,Pix
P1472,Calça Masculina,90.37,53.0,37.37,NF767695,sbxmxd@email.com,2026-02-27,2026-02-27,SC,40,Loja,Pix
P1473,Tênis Masculino,420.14,238.0,182.14,NF441377,kbsvhg@email.com,2025-09-13,2025-09-14,CE,G,Online,Boleto
P1474,Calça Feminina,119.35,88.87,30.48,NF766784,ldkgaf@email.com,2026-03-18,2026-03-23,PE,G,Loja,Dinheiro
P1475,Camiseta Feminina,385.95,260.19,125.76,NF228631,xedzde@email.com,2025-05-30,2025-06-01,PB,42,Loja,Cartão
P1476,Tênis Feminino,316.72,159.99,156.73,NF205715,yizbaf@email.com,2025-09-26,2025-10-01,MG,37,Online,Boleto
P1477,Tênis Masculino,151.91,88.85,63.06,NF966023,zbuwgq@email.com,2025-03-03,2025-03-05,SC,42,Loja,Boleto
P1478,Calça Masculina,306.58,211.0,95.58,NF961674,dwdmpo@email.com,2025-01-21,2025-01-26,PB,G,Loja,Dinheiro
P1479,Tênis Masculino,157.65,117.61,40.04,NF756752,rpkmih@email.com,2025-09-25,2025-09-30,PB,36,Online,Dinheiro
P1480,Tênis Feminino,570.22,299.59,270.63,NF321720,aasjow@email.com,2025-10-26,2025-10-30,PR,M,Loja,Pix
P1481,Calça Masculina,394.15,214.86,179.29,NF251124,jeawbk@email.com,2026-03-25,2026-03-27,SP,G,Loja,Pix
P1482,Tênis Feminino,553.27,282.46,270.81,NF812056,ndaogt@email.com,2026-04-01,2026-04-05,CE,P,Online,Cartão
P1483,Tênis Masculino,314.12,212.05,102.07,NF434693,ezdtrh@email.com,2025-05-04,2025-05-07,PE,40,Loja,Pix
P1484,Calça Feminina,385.03,241.87,143.16,NF155703,gsilir@email.com,2025-11-28,2025-11-30,PB,40,Online,Pix
P1485,Calça Feminina,504.47,268.84,235.63,NF138480,ocosff@email.com,2025-06-22,2025-06-25,BA,41,Online,Cartão
P1486,Camiseta Feminina,102.71,53.92,48.79,NF616906,vjsbwy@email.com,2025-07-14,2025-07-18,BA,39,Online,Pix
P1487,Camiseta Feminina,100.77,75.24,25.53,NF609687,apghvb@email.com,2025-12-17,2025-12-19,SC,36,Loja,Cartão
P1488,Tênis Feminino,338.15,237.41,100.74,NF939660,tyyjoa@email.com,2026-01-13,2026-01-17,CE,M,Online,Pix
P1489,Camiseta Masculina,343.4,232.33,111.07,NF749994,wwchfv@email.com,2025-06-10,2025-06-11,CE,36,Loja,Dinheiro
P1490,Camiseta Masculina,195.41,122.58,72.83,NF923565,gaqioh@email.com,2026-01-25,2026-01-27,SP,40,Online,Dinheiro
P1491,Calça Masculina,169.54,103.06,66.48,NF768832,ymqjup@email.com,2025-01-14,2025-01-15,MG,G,Online,Boleto
P1492,Tênis Masculino,253.53,180.22,73.31,NF448958,fvxblg@email.com,2026-04-25,2026-04-29,CE,G,Loja,Pix
P1493,Camiseta Feminina,470.36,252.61,217.75,NF702785,ahcrnh@email.com,2026-03-11,2026-03-16,RS,G,Online,Pix
P1494,Tênis Feminino,296.77,167.23,129.54,NF807287,ojbymm@email.com,2025-07-11,2025-07-14,SP,M,Online,Dinheiro
P1495,Camiseta Masculina,434.31,241.96,192.35,NF343305,ibrdny@email.com,2026-01-02,2026-01-07,CE,42,Online,Boleto
P1496,Calça Feminina,121.42,62.88,58.54,NF679290,zksefx@email.com,2025-09-17,2025-09-17,BA,42,Online,Dinheiro
P1497,Tênis Feminino,227.6,170.19,57.41,NF388475,pncpli@email.com,2025-06-25,2025-06-27,RJ,G,Online,Cartão
P1498,Tênis Feminino,406.76,236.34,170.42,NF725768,lamgrx@email.com,2025-10-15,2025-10-16,SC,39,Loja,Dinheiro
P1499,Tênis Feminino,237.29,157.87,79.42,NF603223,zikhkq@email.com,2025-11-23,2025-11-28,RJ,42,Online,Pix
P1500,Camiseta Feminina,306.4,190.76,115.64,NF240123,szhnsa@email.com,2025-12-20,2025-12-20,CE,38,Online,Boleto
P1501,Calça Masculina,83.88,66.3,17.58,NF823222,wzenjs@email.com,2025-03-06,2025-03-08,BA,P,Online,Boleto
P1502,Camiseta Masculina,69.05,50.26,18.79,NF540211,rowrva@email.com,2025-03-21,2025-03-22,PR,M,Online,Cartão
P1503,Calça Feminina,271.57,174.9,96.67,NF569391,pgaldv@email.com,2025-11-24,2025-11-24,BA,41,Loja,Cartão
P1504,Camiseta Masculina,110.1,66.13,43.97,NF348623,jfwbfo@email.com,2025-08-28,2025-08-29,CE,38,Loja,Pix
P1505,Calça Masculina,176.09,94.03,82.06,NF879672,ifbrgf@email.com,2025-11-06,2025-11-11,RJ,41,Loja,Dinheiro
P1506,Tênis Feminino,381.89,205.46,176.43,NF298541,csixlf@email.com,2025-01-11,2025-01-11,PB,M,Online,Cartão
P1507,Tênis Masculino,471.2,245.89,225.31,NF465351,chiwlf@email.com,2025-12-17,2025-12-19,SC,39,Loja,Cartão
P1508,Calça Masculina,310.83,199.53,111.3,NF839662,ttzfmn@email.com,2025-09-16,2025-09-17,PE,M,Online,Pix
P1509,Tênis Feminino,251.49,190.99,60.5,NF298551,hmwyrl@email.com,2025-06-15,2025-06-15,SP,38,Online,Pix
P1510,Tênis Masculino,115.66,80.95,34.71,NF132170,igdaxn@email.com,2026-01-16,2026-01-19,PE,G,Online,Cartão
P1511,Camiseta Feminina,226.29,116.82,109.47,NF751967,ncpjqd@email.com,2026-01-10,2026-01-11,CE,G,Online,Pix
P1512,Calça Masculina,297.33,170.54,126.79,NF604687,awtqjv@email.com,2025-01-25,2025-01-29,RJ,41,Loja,Cartão
P1513,Camiseta Feminina,235.45,128.7,106.75,NF541574,wbyxca@email.com,2026-03-16,2026-03-21,PR,36,Loja,Boleto
P1514,Tênis Masculino,330.87,260.21,70.66,NF325685,svwpqe@email.com,2026-04-23,2026-04-24,RJ,36,Loja,Pix
P1515,Tênis Masculino,197.23,153.49,43.74,NF630403,afaful@email.com,2025-04-16,2025-04-19,MG,P,Loja,Pix
P1516,Calça Masculina,180.99,141.71,39.28,NF336095,tvobti@email.com,2025-12-30,2026-01-02,SC,39,Loja,Boleto
P1517,Camiseta Feminina,349.6,218.46,131.14,NF426284,ircxkq@email.com,2025-05-31,2025-06-04,SP,P,Loja,Pix
P1518,Calça Masculina,251.33,139.43,111.9,NF302597,bproko@email.com,2025-04-12,2025-04-15,SP,39,Online,Pix
P1519,Camiseta Feminina,463.43,292.58,170.85,NF877672,qbdost@email.com,2025-02-05,2025-02-10,PB,37,Loja,Dinheiro
P1520,Tênis Masculino,183.71,120.82,62.89,NF414777,ohfhux@email.com,2025-02-28,2025-02-28,RJ,G,Online,Pix
P1521,Tênis Feminino,303.2,154.01,149.19,NF158481,znvlmm@email.com,2025-03-10,2025-03-13,RS,G,Online,Boleto
P1522,Calça Feminina,158.79,103.57,55.22,NF279778,bhuype@email.com,2025-05-21,2025-05-25,PE,42,Online,Dinheiro
P1523,Calça Feminina,331.07,275.47,55.6,NF437051,kopufe@email.com,2026-04-13,2026-04-16,PR,41,Loja,Boleto
P1524,Camiseta Feminina,319.78,209.59,110.19,NF757540,dzjjlc@email.com,2026-04-26,2026-05-01,SP,P,Loja,Cartão
P1525,Camiseta Masculina,139.2,80.52,58.68,NF721435,sdurzg@email.com,2026-04-03,2026-04-06,RS,G,Online,Dinheiro
P1526,Tênis Masculino,181.41,132.94,48.47,NF207018,ggexcp@email.com,2026-03-31,2026-04-05,SP,42,Online,Cartão
P1527,Calça Masculina,360.3,253.59,106.71,NF657009,bpijlv@email.com,2025-11-18,2025-11-18,RS,40,Loja,Pix
P1528,Calça Masculina,125.43,73.27,52.16,NF517419,onptkn@email.com,2026-03-20,2026-03-23,MG,38,Loja,Pix
P1529,Calça Feminina,84.7,56.05,28.65,NF290037,tvliib@email.com,2025-01-28,2025-02-02,PR,42,Loja,Pix
P1530,Tênis Masculino,512.23,276.5,235.73,NF347001,jdtjle@email.com,2025-12-14,2025-12-16,RS,P,Loja,Pix
P1531,Calça Feminina,169.74,94.69,75.05,NF465437,qfixus@email.com,2025-03-20,2025-03-23,MG,P,Online,Boleto
P1532,Calça Feminina,249.35,134.96,114.39,NF177980,azyzlo@email.com,2025-09-28,2025-10-03,MG,36,Loja,Pix
P1533,Camiseta Feminina,309.01,172.99,136.02,NF467623,zvybpy@email.com,2026-04-06,2026-04-09,PE,G,Online,Cartão
P1534,Calça Masculina,127.97,103.93,24.04,NF118448,rdqlst@email.com,2025-12-16,2025-12-21,PE,39,Loja,Dinheiro
P1535,Tênis Masculino,210.67,131.12,79.55,NF363260,vzxgzj@email.com,2025-12-19,2025-12-21,SC,G,Online,Dinheiro
P1536,Calça Feminina,143.68,88.12,55.56,NF179882,cpwycy@email.com,2025-06-07,2025-06-08,PR,M,Online,Boleto
P1537,Calça Feminina,211.48,136.98,74.5,NF524842,efqkis@email.com,2025-03-30,2025-04-04,BA,40,Loja,Cartão
P1538,Calça Masculina,148.22,81.69,66.53,NF244679,zywgzb@email.com,2026-03-10,2026-03-14,MG,40,Loja,Pix
P1539,Tênis Masculino,269.97,155.87,114.1,NF683757,tbjvbk@email.com,2026-04-01,2026-04-02,SC,P,Online,Boleto
P1540,Tênis Feminino,283.96,168.24,115.72,NF521228,voncyt@email.com,2025-02-19,2025-02-22,BA,G,Loja,Boleto
P1541,Camiseta Masculina,213.62,177.24,36.38,NF543074,imjqzc@email.com,2026-01-19,2026-01-20,RJ,42,Loja,Boleto
P1542,Tênis Feminino,154.87,106.81,48.06,NF696354,tmjqes@email.com,2025-09-24,2025-09-29,MG,39,Loja,Boleto
P1543,Tênis Masculino,430.89,278.02,152.87,NF325118,nzvknw@email.com,2025-02-19,2025-02-23,SC,39,Loja,Dinheiro
P1544,Camiseta Masculina,457.59,237.09,220.5,NF917420,rgqlpf@email.com,2025-05-31,2025-06-04,RS,M,Loja,Cartão
P1545,Camiseta Masculina,128.42,73.42,55.0,NF907645,szphgf@email.com,2025-07-13,2025-07-13,PE,41,Online,Cartão
P1546,Tênis Feminino,361.23,236.95,124.28,NF820958,olunfj@email.com,2025-04-01,2025-04-03,SP,41,Online,Pix
P1547,Tênis Feminino,150.14,114.74,35.4,NF731142,vinecf@email.com,2025-09-18,2025-09-20,RJ,39,Online,Cartão
P1548,Calça Masculina,162.65,113.14,49.51,NF948658,eaoxjs@email.com,2025-09-25,2025-09-29,PE,G,Online,Pix
P1549,Camiseta Feminina,514.71,279.18,235.53,NF811833,bilwmw@email.com,2025-10-11,2025-10-13,SP,36,Online,Dinheiro
P1550,Calça Feminina,141.67,71.34,70.33,NF119883,khxvmv@email.com,2025-07-31,2025-07-31,RS,37,Loja,Dinheiro
P1551,Calça Masculina,339.95,280.44,59.51,NF427436,rynadx@email.com,2025-03-22,2025-03-23,MG,37,Loja,Cartão
P1552,Camiseta Feminina,77.45,55.32,22.13,NF252007,mdxfre@email.com,2026-01-21,2026-01-25,RJ,41,Online,Cartão
P1553,Tênis Masculino,208.06,143.32,64.74,NF422311,uddmzx@email.com,2025-10-04,2025-10-05,CE,39,Online,Dinheiro
P1554,Camiseta Feminina,377.51,228.63,148.88,NF405742,oacnec@email.com,2025-09-02,2025-09-04,RJ,39,Online,Pix
P1555,Camiseta Masculina,124.52,65.07,59.45,NF942218,pcnhsg@email.com,2025-09-29,2025-10-04,SC,36,Online,Dinheiro
P1556,Camiseta Masculina,382.66,234.48,148.18,NF360530,bkjscq@email.com,2025-07-12,2025-07-17,SP,42,Loja,Pix
P1557,Calça Masculina,351.28,204.89,146.39,NF474155,lixpnf@email.com,2026-03-07,2026-03-11,MG,40,Online,Boleto
P1558,Calça Masculina,231.94,165.09,66.85,NF148129,tatzfa@email.com,2025-04-25,2025-04-26,RJ,42,Loja,Dinheiro
P1559,Camiseta Masculina,274.65,137.39,137.26,NF451180,vcsepw@email.com,2025-08-05,2025-08-07,CE,39,Online,Pix
P1560,Calça Masculina,469.59,279.23,190.36,NF963741,axtgxl@email.com,2025-08-10,2025-08-11,PB,G,Online,Boleto
P1561,Camiseta Masculina,94.93,61.96,32.97,NF773270,lzwfsw@email.com,2025-02-04,2025-02-09,MG,39,Loja,Cartão
P1562,Tênis Feminino,183.79,139.1,44.69,NF670789,djjheb@email.com,2025-09-15,2025-09-18,PB,40,Loja,Pix
P1563,Calça Feminina,129.66,107.32,22.34,NF142186,dxnxbi@email.com,2025-12-30,2025-12-30,RJ,G,Online,Pix
P1564,Calça Masculina,206.16,131.99,74.17,NF667247,cofacv@email.com,2025-12-02,2025-12-02,MG,36,Loja,Boleto
P1565,Tênis Feminino,451.72,244.52,207.2,NF833603,cuinlu@email.com,2025-03-18,2025-03-20,SP,G,Online,Cartão
P1566,Camiseta Masculina,278.18,159.93,118.25,NF798902,rxitdk@email.com,2025-11-09,2025-11-13,SP,G,Loja,Boleto
P1567,Camiseta Feminina,166.64,122.47,44.17,NF508234,yuuasi@email.com,2025-03-07,2025-03-08,RS,41,Online,Dinheiro
P1568,Calça Feminina,180.78,97.69,83.09,NF556336,yypgwt@email.com,2025-06-21,2025-06-22,MG,G,Loja,Boleto
P1569,Calça Masculina,92.21,66.22,25.99,NF325983,bnpdfs@email.com,2026-03-31,2026-03-31,RJ,37,Loja,Cartão
P1570,Tênis Feminino,485.27,294.12,191.15,NF241361,wvijuw@email.com,2025-10-01,2025-10-02,PB,40,Loja,Cartão
P1571,Tênis Feminino,551.78,292.66,259.12,NF823696,yyzhtf@email.com,2026-04-16,2026-04-16,SP,36,Loja,Pix
P1572,Camiseta Masculina,416.76,259.41,157.35,NF315706,lffbkt@email.com,2026-03-04,2026-03-09,CE,40,Loja,Dinheiro
P1573,Calça Masculina,417.88,277.09,140.79,NF172071,knopjr@email.com,2025-04-30,2025-05-04,SC,P,Loja,Boleto
P1574,Calça Feminina,316.1,219.53,96.57,NF640125,ibjhlf@email.com,2025-08-06,2025-08-10,PR,42,Loja,Pix
P1575,Tênis Feminino,96.1,50.68,45.42,NF840552,kwrcfk@email.com,2025-09-01,2025-09-05,RS,36,Online,Boleto
P1576,Tênis Feminino,340.4,198.96,141.44,NF122293,wawvyp@email.com,2025-11-18,2025-11-23,SC,37,Loja,Pix
P1577,Camiseta Feminina,333.39,221.76,111.63,NF116933,lmznbp@email.com,2025-05-17,2025-05-19,SP,39,Loja,Dinheiro
P1578,Calça Masculina,491.67,255.85,235.82,NF721330,unqgcv@email.com,2025-04-09,2025-04-10,MG,39,Loja,Pix
P1579,Tênis Feminino,368.73,273.92,94.81,NF696716,zrpach@email.com,2025-01-04,2025-01-07,PR,39,Loja,Boleto
P1580,Calça Feminina,371.36,205.81,165.55,NF230626,bzgmyt@email.com,2025-02-01,2025-02-06,RS,39,Online,Dinheiro
P1581,Calça Masculina,180.93,147.05,33.88,NF791538,wrykju@email.com,2025-09-28,2025-10-02,RJ,M,Online,Dinheiro
P1582,Tênis Masculino,297.25,156.91,140.34,NF319737,oydevh@email.com,2026-01-20,2026-01-22,BA,G,Loja,Pix
P1583,Tênis Feminino,332.29,169.43,162.86,NF909253,ghmqbq@email.com,2025-08-12,2025-08-16,SP,36,Loja,Dinheiro
P1584,Calça Masculina,548.34,297.1,251.24,NF209191,nxpule@email.com,2025-12-15,2025-12-15,RJ,39,Online,Cartão
P1585,Camiseta Feminina,411.4,257.55,153.85,NF228422,zfzzze@email.com,2025-11-03,2025-11-06,MG,39,Online,Pix
P1586,Calça Feminina,117.7,87.62,30.08,NF430887,ejeihi@email.com,2026-03-19,2026-03-19,PB,36,Loja,Dinheiro
P1587,Tênis Feminino,152.4,99.61,52.79,NF861039,wwhepa@email.com,2026-01-11,2026-01-15,CE,G,Online,Pix
P1588,Camiseta Feminina,487.27,256.38,230.89,NF331260,wanplo@email.com,2025-01-03,2025-01-05,BA,38,Online,Cartão
P1589,Camiseta Masculina,159.48,108.88,50.6,NF851325,ldhpae@email.com,2025-09-17,2025-09-18,RJ,39,Online,Boleto
P1590,Tênis Masculino,293.31,172.3,121.01,NF550942,yfenvu@email.com,2026-03-26,2026-03-30,SP,41,Loja,Pix
P1591,Tênis Feminino,214.84,168.48,46.36,NF733067,gtvuie@email.com,2025-01-27,2025-01-27,MG,40,Online,Boleto
P1592,Camiseta Masculina,374.23,288.22,86.01,NF703470,bczpmv@email.com,2025-02-28,2025-03-02,BA,M,Online,Pix
P1593,Tênis Masculino,111.77,71.99,39.78,NF255721,eovura@email.com,2026-01-04,2026-01-05,CE,37,Online,Boleto
P1594,Calça Feminina,348.95,180.38,168.57,NF771263,vhdqsh@email.com,2026-03-11,2026-03-13,RS,37,Online,Dinheiro
P1595,Camiseta Masculina,200.3,124.81,75.49,NF822997,cboomb@email.com,2025-06-26,2025-06-27,PE,38,Online,Pix
P1596,Tênis Feminino,379.78,237.29,142.49,NF766997,cjijkq@email.com,2025-07-12,2025-07-17,PB,40,Online,Dinheiro
P1597,Calça Masculina,395.64,262.24,133.4,NF422705,tgcoff@email.com,2025-07-17,2025-07-18,MG,39,Online,Dinheiro
P1598,Calça Masculina,480.62,288.55,192.07,NF875996,ryqvaf@email.com,2025-10-24,2025-10-25,RJ,G,Loja,Pix
P1599,Camiseta Masculina,228.11,155.36,72.75,NF746467,zuicwv@email.com,2025-01-17,2025-01-18,SC,36,Loja,Dinheiro
P1600,Tênis Masculino,223.39,115.41,107.98,NF814936,zlwtxh@email.com,2026-03-09,2026-03-14,BA,42,Online,Dinheiro
P1601,Camiseta Masculina,103.32,80.85,22.47,NF641852,btyitv@email.com,2025-03-15,2025-03-18,PB,G,Online,Pix
P1602,Tênis Feminino,98.68,68.81,29.87,NF861224,vcrbyv@email.com,2025-10-30,2025-10-31,CE,P,Loja,Boleto
P1603,Calça Feminina,212.63,162.87,49.76,NF317350,klydsw@email.com,2026-02-13,2026-02-15,SC,36,Loja,Pix
P1604,Calça Masculina,301.67,164.13,137.54,NF127952,ncabrx@email.com,2026-01-18,2026-01-23,RJ,41,Loja,Boleto
P1605,Tênis Masculino,158.82,122.28,36.54,NF951177,shmcjz@email.com,2025-01-27,2025-01-27,SP,42,Loja,Dinheiro
P1606,Calça Masculina,259.64,200.21,59.43,NF802767,emnein@email.com,2025-01-05,2025-01-10,PB,37,Online,Pix
P1607,Tênis Feminino,184.51,95.02,89.49,NF339389,uuxvne@email.com,2025-02-11,2025-02-11,PR,P,Online,Pix
P1608,Camiseta Feminina,312.04,228.31,83.73,NF739581,fiktdq@email.com,2025-01-20,2025-01-24,SC,39,Online,Boleto
P1609,Camiseta Masculina,293.43,176.55,116.88,NF937560,dwldgs@email.com,2025-05-11,2025-05-13,RS,37,Loja,Dinheiro
P1610,Tênis Feminino,245.18,196.69,48.49,NF679269,twdofn@email.com,2025-06-01,2025-06-05,PB,41,Loja,Boleto
P1611,Tênis Masculino,459.76,264.81,194.95,NF217698,jjfxfk@email.com,2026-01-31,2026-02-02,RJ,36,Online,Cartão
P1612,Tênis Feminino,372.08,274.64,97.44,NF174311,hwvsov@email.com,2025-07-24,2025-07-28,SC,40,Loja,Dinheiro
P1613,Camiseta Feminina,364.29,233.36,130.93,NF646885,xqyeet@email.com,2025-07-01,2025-07-06,PE,42,Loja,Boleto
P1614,Camiseta Feminina,477.28,253.19,224.09,NF493321,erfwab@email.com,2025-07-01,2025-07-02,SC,40,Online,Cartão
P1615,Calça Feminina,266.44,151.2,115.24,NF905174,mqhfrv@email.com,2025-03-15,2025-03-15,SC,39,Online,Boleto
P1616,Camiseta Feminina,171.61,102.04,69.57,NF430251,eluqdo@email.com,2025-10-24,2025-10-24,PE,P,Loja,Dinheiro
P1617,Camiseta Masculina,191.48,97.11,94.37,NF516480,hfahni@email.com,2025-03-18,2025-03-19,MG,42,Loja,Pix
P1618,Tênis Feminino,218.06,136.62,81.44,NF872446,kbytss@email.com,2025-03-14,2025-03-18,RJ,37,Loja,Pix
P1619,Camiseta Feminina,168.67,92.29,76.38,NF200640,yfgnbn@email.com,2026-03-01,2026-03-03,CE,37,Online,Cartão
P1620,Camiseta Masculina,136.8,80.92,55.88,NF149460,uuezbx@email.com,2025-09-05,2025-09-09,BA,40,Online,Cartão
P1621,Camiseta Feminina,234.81,195.21,39.6,NF726737,efefit@email.com,2025-01-08,2025-01-11,PR,G,Online,Pix
P1622,Camiseta Feminina,101.33,61.09,40.24,NF598095,rpjllj@email.com,2026-02-06,2026-02-06,MG,40,Online,Boleto
P1623,Camiseta Masculina,338.39,193.49,144.9,NF866011,fkrlje@email.com,2025-06-23,2025-06-25,SP,38,Online,Pix
P1624,Tênis Masculino,440.69,284.75,155.94,NF943922,miybdw@email.com,2025-01-22,2025-01-22,PE,39,Online,Pix
P1625,Calça Feminina,101.08,67.4,33.68,NF948193,upnzkm@email.com,2025-07-09,2025-07-10,SP,37,Loja,Pix
P1626,Calça Masculina,346.55,234.91,111.64,NF183359,crezkh@email.com,2025-05-20,2025-05-20,PR,36,Online,Boleto
P1627,Camiseta Masculina,333.73,202.5,131.23,NF842535,zelmir@email.com,2026-03-09,2026-03-11,PB,40,Online,Cartão
P1628,Calça Masculina,450.72,272.35,178.37,NF152787,sfvtdh@email.com,2026-03-11,2026-03-16,RS,39,Loja,Cartão
P1629,Camiseta Feminina,318.17,170.61,147.56,NF741625,rlieyo@email.com,2025-03-06,2025-03-11,PE,42,Loja,Pix
P1630,Tênis Feminino,163.89,82.13,81.76,NF602230,slsbsd@email.com,2025-03-17,2025-03-17,PE,37,Online,Cartão
P1631,Tênis Masculino,529.14,283.42,245.72,NF149959,qnulcf@email.com,2026-02-27,2026-03-03,RS,41,Online,Cartão
P1632,Tênis Masculino,445.37,289.87,155.5,NF572775,cdumsr@email.com,2026-03-11,2026-03-15,PE,G,Online,Pix
P1633,Tênis Feminino,388.81,257.0,131.81,NF452398,qxezvj@email.com,2025-01-15,2025-01-17,RS,G,Online,Pix
P1634,Calça Masculina,466.54,267.19,199.35,NF854509,dpjlfs@email.com,2025-11-08,2025-11-13,PB,36,Online,Boleto
P1635,Tênis Masculino,352.31,236.09,116.22,NF500517,xmtzsb@email.com,2025-12-10,2025-12-15,PB,P,Loja,Boleto
P1636,Tênis Masculino,423.45,284.67,138.78,NF317125,grvuhp@email.com,2026-03-18,2026-03-20,CE,37,Loja,Cartão
P1637,Calça Masculina,441.37,284.69,156.68,NF386059,qvtwru@email.com,2025-07-19,2025-07-24,BA,41,Loja,Dinheiro
P1638,Tênis Feminino,117.49,65.55,51.94,NF757343,xfyfdq@email.com,2025-05-25,2025-05-28,RS,42,Online,Cartão
P1639,Camiseta Feminina,310.69,217.75,92.94,NF109147,yyvxhi@email.com,2025-01-09,2025-01-10,RS,40,Loja,Dinheiro
P1640,Calça Feminina,468.69,281.68,187.01,NF321283,ccsqqi@email.com,2025-12-17,2025-12-21,SP,M,Online,Boleto
P1641,Calça Masculina,108.97,62.98,45.99,NF485863,jxnsxf@email.com,2025-12-13,2025-12-13,MG,41,Loja,Boleto
P1642,Tênis Feminino,423.34,221.43,201.91,NF507601,vjdvpr@email.com,2025-06-04,2025-06-06,RS,41,Online,Dinheiro
P1643,Camiseta Masculina,252.15,197.01,55.14,NF360817,jjqnev@email.com,2025-05-26,2025-05-26,PB,37,Online,Boleto
P1644,Tênis Masculino,128.55,84.4,44.15,NF704852,nzbaga@email.com,2026-01-19,2026-01-20,PB,P,Loja,Cartão
P1645,Camiseta Masculina,247.23,163.57,83.66,NF317019,rqbnmm@email.com,2026-01-05,2026-01-05,MG,M,Online,Cartão
P1646,Tênis Feminino,369.5,214.27,155.23,NF311042,aromlh@email.com,2025-12-06,2025-12-10,PR,39,Online,Boleto
P1647,Camiseta Feminina,499.6,291.46,208.14,NF619200,exotcq@email.com,2025-02-08,2025-02-12,SC,36,Loja,Cartão
P1648,Tênis Feminino,548.67,294.59,254.08,NF316349,bavyir@email.com,2025-02-17,2025-02-21,PE,36,Loja,Dinheiro
P1649,Tênis Feminino,347.58,191.43,156.15,NF941525,twmcjm@email.com,2025-02-02,2025-02-03,RS,M,Loja,Pix
P1650,Camiseta Masculina,99.24,60.81,38.43,NF353050,yknkbk@email.com,2025-03-01,2025-03-02,RJ,M,Online,Dinheiro
P1651,Camiseta Feminina,489.8,248.19,241.61,NF297922,qpfsoj@email.com,2025-01-28,2025-01-31,SC,38,Online,Dinheiro
P1652,Tênis Masculino,434.45,224.4,210.05,NF403733,tkmhjz@email.com,2025-01-15,2025-01-15,PR,37,Loja,Boleto
P1653,Calça Feminina,365.53,244.8,120.73,NF979478,ioxlxm@email.com,2025-09-10,2025-09-11,SC,36,Online,Cartão
P1654,Camiseta Masculina,114.05,86.7,27.35,NF889902,oloqqy@email.com,2025-12-16,2025-12-17,RJ,P,Online,Pix
P1655,Tênis Feminino,183.27,91.83,91.44,NF161770,rosoxi@email.com,2025-01-27,2025-01-31,CE,G,Online,Dinheiro
P1656,Tênis Feminino,380.65,231.81,148.84,NF595411,qhlyqf@email.com,2025-08-20,2025-08-20,MG,G,Loja,Cartão
P1657,Tênis Feminino,205.35,163.16,42.19,NF578248,csaotk@email.com,2025-01-17,2025-01-21,SP,37,Online,Boleto
P1658,Tênis Masculino,340.37,196.27,144.1,NF280438,anwngv@email.com,2025-10-01,2025-10-05,PE,36,Online,Boleto
P1659,Calça Masculina,287.97,186.63,101.34,NF227731,wrlwpj@email.com,2025-01-29,2025-02-01,SP,M,Online,Dinheiro
P1660,Tênis Feminino,331.46,214.99,116.47,NF833766,jtvyxm@email.com,2025-06-16,2025-06-17,SC,40,Loja,Dinheiro
P1661,Calça Masculina,396.21,299.61,96.6,NF857300,qacpvf@email.com,2025-05-19,2025-05-20,BA,G,Online,Boleto
P1662,Camiseta Feminina,84.87,55.57,29.3,NF272376,rfcutw@email.com,2026-02-13,2026-02-17,RJ,38,Online,Cartão
P1663,Tênis Feminino,213.65,172.26,41.39,NF972147,csehdp@email.com,2025-02-26,2025-02-28,PR,P,Online,Pix
P1664,Tênis Masculino,560.71,298.21,262.5,NF866527,pjwgwl@email.com,2026-02-09,2026-02-09,BA,M,Online,Pix
P1665,Tênis Masculino,102.6,69.19,33.41,NF706380,oevkat@email.com,2025-02-25,2025-03-01,PB,M,Loja,Dinheiro
P1666,Camiseta Masculina,361.13,250.6,110.53,NF930570,wiminy@email.com,2026-03-25,2026-03-29,RJ,36,Loja,Boleto
P1667,Camiseta Masculina,192.5,126.56,65.94,NF385071,mzrsdf@email.com,2026-01-14,2026-01-15,RS,37,Online,Boleto
P1668,Camiseta Masculina,372.13,199.03,173.1,NF621746,opauok@email.com,2026-03-29,2026-04-03,RS,37,Loja,Boleto
P1669,Calça Masculina,441.0,299.0,142.0,NF864450,bnnejd@email.com,2026-03-26,2026-03-31,RS,P,Loja,Dinheiro
P1670,Tênis Feminino,167.46,84.64,82.82,NF237774,ejqayx@email.com,2025-05-16,2025-05-21,BA,37,Loja,Dinheiro
P1671,Calça Masculina,112.73,58.68,54.05,NF955812,bubjsv@email.com,2026-02-20,2026-02-23,SC,38,Online,Cartão
P1672,Calça Masculina,341.79,197.16,144.63,NF572763,vafzoh@email.com,2025-10-03,2025-10-08,PB,41,Loja,Boleto
P1673,Camiseta Masculina,314.11,171.98,142.13,NF805830,biymca@email.com,2025-12-28,2025-12-28,MG,38,Online,Boleto
P1674,Calça Feminina,126.37,85.29,41.08,NF995431,ptotml@email.com,2025-09-20,2025-09-20,SP,40,Loja,Boleto
P1675,Calça Feminina,307.09,196.47,110.62,NF422091,qkabuk@email.com,2025-09-07,2025-09-11,PE,37,Loja,Dinheiro
P1676,Tênis Feminino,224.43,150.65,73.78,NF987924,vsmuyj@email.com,2025-10-19,2025-10-20,RS,36,Online,Boleto
P1677,Tênis Feminino,264.69,183.1,81.59,NF968299,leetpl@email.com,2025-11-21,2025-11-24,PE,38,Loja,Boleto
P1678,Camiseta Masculina,125.35,83.74,41.61,NF425274,qpyhci@email.com,2025-10-12,2025-10-13,RS,42,Online,Dinheiro
P1679,Tênis Masculino,358.9,245.13,113.77,NF527509,pcoosz@email.com,2026-02-20,2026-02-23,SP,37,Loja,Boleto
P1680,Camiseta Feminina,74.15,60.64,13.51,NF326754,jfaggu@email.com,2025-04-15,2025-04-18,RS,M,Online,Pix
P1681,Tênis Masculino,412.54,233.83,178.71,NF189527,zctpwl@email.com,2025-06-04,2025-06-09,RJ,36,Loja,Cartão
P1682,Camiseta Masculina,220.05,139.98,80.07,NF472911,xitykx@email.com,2025-08-16,2025-08-18,RS,36,Loja,Pix
P1683,Camiseta Feminina,215.5,154.75,60.75,NF200768,lbwkmr@email.com,2025-07-09,2025-07-09,PE,M,Online,Dinheiro
P1684,Calça Feminina,176.03,129.05,46.98,NF759635,jigwsy@email.com,2025-10-14,2025-10-17,SC,42,Online,Pix
P1685,Calça Masculina,194.07,113.74,80.33,NF583846,oiaqpp@email.com,2025-07-20,2025-07-24,PR,M,Loja,Cartão
P1686,Tênis Masculino,340.13,280.46,59.67,NF175214,ypwnqk@email.com,2025-01-31,2025-02-02,RS,40,Online,Dinheiro
P1687,Tênis Masculino,471.88,293.15,178.73,NF977345,jmxucx@email.com,2026-01-29,2026-01-30,BA,M,Loja,Dinheiro
P1688,Calça Feminina,202.74,102.24,100.5,NF339267,yxgprn@email.com,2025-03-11,2025-03-16,MG,41,Loja,Boleto
P1689,Camiseta Masculina,253.35,134.48,118.87,NF163069,znkljc@email.com,2025-07-29,2025-07-30,RJ,38,Online,Pix
P1690,Camiseta Masculina,136.51,95.0,41.51,NF249280,lmthro@email.com,2025-01-06,2025-01-11,PB,36,Loja,Pix
P1691,Tênis Masculino,344.47,248.18,96.29,NF287019,sywevh@email.com,2025-02-04,2025-02-09,CE,39,Online,Boleto
P1692,Camiseta Masculina,406.64,265.95,140.69,NF239100,seyowx@email.com,2025-10-17,2025-10-18,MG,37,Loja,Cartão
P1693,Tênis Feminino,478.7,242.95,235.75,NF261338,bueudz@email.com,2025-09-06,2025-09-11,CE,39,Loja,Dinheiro
P1694,Camiseta Feminina,471.03,271.02,200.01,NF359597,dvxzol@email.com,2026-02-19,2026-02-19,PE,M,Online,Boleto
P1695,Camiseta Feminina,273.81,217.12,56.69,NF988199,lwaran@email.com,2026-02-11,2026-02-11,RJ,40,Loja,Pix
P1696,Calça Feminina,406.58,268.0,138.58,NF440572,pjnwvj@email.com,2025-11-28,2025-11-29,SC,40,Loja,Cartão
P1697,Calça Feminina,178.76,125.01,53.75,NF689043,wewriu@email.com,2025-04-29,2025-04-29,PE,38,Loja,Dinheiro
P1698,Camiseta Feminina,157.25,117.47,39.78,NF313351,tnzjea@email.com,2026-03-17,2026-03-18,PB,39,Online,Pix
P1699,Camiseta Feminina,93.06,62.11,30.95,NF441694,hobckj@email.com,2025-06-04,2025-06-07,CE,36,Loja,Pix
P1700,Tênis Masculino,224.45,126.73,97.72,NF593579,qstjys@email.com,2026-01-29,2026-01-30,PE,38,Online,Boleto
P1701,Calça Feminina,272.56,155.25,117.31,NF630238,ksnoig@email.com,2025-12-29,2025-12-30,CE,40,Loja,Pix
P1702,Camiseta Masculina,356.21,184.78,171.43,NF481302,mriajg@email.com,2025-06-13,2025-06-15,PR,41,Loja,Dinheiro
P1703,Tênis Feminino,386.54,272.96,113.58,NF745933,xrgfcc@email.com,2025-01-23,2025-01-24,SP,40,Online,Boleto
P1704,Camiseta Feminina,402.13,280.08,122.05,NF920121,iayhuw@email.com,2025-10-07,2025-10-11,RJ,41,Online,Boleto
P1705,Tênis Masculino,453.2,273.34,179.86,NF217489,gujoac@email.com,2026-04-08,2026-04-11,RJ,41,Online,Cartão
P1706,Tênis Feminino,225.86,121.65,104.21,NF325289,lorktj@email.com,2025-12-05,2025-12-06,BA,37,Online,Dinheiro
P1707,Calça Feminina,520.58,266.39,254.19,NF580045,iqzkmc@email.com,2025-06-13,2025-06-18,MG,36,Online,Dinheiro
P1708,Camiseta Masculina,105.06,74.65,30.41,NF798930,zdhetv@email.com,2026-01-28,2026-02-01,RS,41,Loja,Dinheiro
P1709,Camiseta Masculina,341.4,174.29,167.11,NF244197,xwqwoy@email.com,2026-04-29,2026-05-02,PB,36,Online,Cartão
P1710,Camiseta Feminina,192.47,121.35,71.12,NF635182,cjgyqq@email.com,2025-06-01,2025-06-04,SP,41,Loja,Cartão
P1711,Camiseta Masculina,310.83,193.01,117.82,NF220057,athzmn@email.com,2025-01-24,2025-01-27,RJ,39,Online,Pix
P1712,Calça Feminina,185.96,139.65,46.31,NF416887,ffjpre@email.com,2025-10-09,2025-10-09,RJ,P,Loja,Cartão
P1713,Camiseta Masculina,417.62,294.42,123.2,NF500243,ksasaw@email.com,2025-03-08,2025-03-12,SC,40,Online,Pix
P1714,Calça Feminina,350.33,217.48,132.85,NF252575,njqnsw@email.com,2025-03-14,2025-03-18,CE,40,Loja,Boleto
P1715,Camiseta Feminina,483.19,269.1,214.09,NF849528,pnreso@email.com,2025-10-19,2025-10-22,PR,42,Loja,Pix
P1716,Camiseta Feminina,448.02,286.15,161.87,NF444396,jomkpq@email.com,2026-01-28,2026-01-28,MG,40,Online,Cartão
P1717,Calça Masculina,308.54,219.91,88.63,NF152266,ymgutd@email.com,2025-03-24,2025-03-27,SP,37,Loja,Dinheiro
P1718,Calça Masculina,298.31,244.06,54.25,NF128417,rfvbkx@email.com,2026-02-22,2026-02-23,BA,37,Online,Boleto
P1719,Tênis Feminino,142.93,86.81,56.12,NF472497,ujztev@email.com,2026-03-29,2026-03-30,MG,37,Online,Boleto
P1720,Camiseta Masculina,409.71,286.14,123.57,NF358605,xearus@email.com,2025-08-21,2025-08-21,MG,42,Loja,Dinheiro
P1721,Tênis Feminino,255.03,155.09,99.94,NF634586,zbmprh@email.com,2025-10-24,2025-10-26,RJ,39,Online,Dinheiro
P1722,Camiseta Masculina,300.46,209.99,90.47,NF766554,ywlzqy@email.com,2026-04-16,2026-04-19,SP,37,Online,Cartão
P1723,Camiseta Masculina,294.46,234.16,60.3,NF447913,vagdcz@email.com,2025-06-02,2025-06-02,SP,G,Loja,Dinheiro
P1724,Camiseta Feminina,88.34,50.8,37.54,NF195218,xfssxi@email.com,2026-03-01,2026-03-05,BA,P,Online,Pix
P1725,Tênis Masculino,293.23,194.84,98.39,NF792255,osqsnf@email.com,2025-12-09,2025-12-09,PB,P,Online,Cartão
P1726,Camiseta Masculina,430.54,255.22,175.32,NF164799,apcqcr@email.com,2025-11-20,2025-11-20,BA,42,Online,Cartão
P1727,Camiseta Feminina,120.91,60.57,60.34,NF870010,jporno@email.com,2025-04-11,2025-04-15,PE,P,Loja,Pix
P1728,Camiseta Feminina,477.16,264.34,212.82,NF966374,pktbql@email.com,2025-01-04,2025-01-05,SC,37,Online,Cartão
P1729,Camiseta Feminina,69.32,52.2,17.12,NF111541,wedcym@email.com,2026-03-07,2026-03-09,BA,G,Online,Dinheiro
P1730,Camiseta Masculina,304.43,153.09,151.34,NF900878,ntfiwb@email.com,2025-11-16,2025-11-18,PE,M,Online,Dinheiro
P1731,Tênis Masculino,162.55,135.12,27.43,NF823891,owenbg@email.com,2025-09-10,2025-09-13,BA,41,Loja,Boleto
P1732,Camiseta Masculina,373.77,267.88,105.89,NF841768,gnyukb@email.com,2026-04-14,2026-04-17,CE,39,Online,Dinheiro
P1733,Tênis Feminino,276.57,204.94,71.63,NF154875,zuwnnv@email.com,2026-03-10,2026-03-14,PB,M,Online,Cartão
P1734,Camiseta Masculina,215.21,117.69,97.52,NF910698,ghlbmd@email.com,2025-01-22,2025-01-25,BA,41,Online,Dinheiro
P1735,Camiseta Feminina,372.45,272.86,99.59,NF235468,zznrbx@email.com,2025-01-13,2025-01-17,RS,37,Loja,Pix
P1736,Calça Feminina,161.03,82.05,78.98,NF810352,twqwew@email.com,2025-12-04,2025-12-06,PB,40,Online,Dinheiro
P1737,Tênis Feminino,299.47,177.63,121.84,NF619757,itqecu@email.com,2025-01-19,2025-01-20,SP,36,Online,Dinheiro
P1738,Calça Feminina,143.27,90.72,52.55,NF912711,uigcyl@email.com,2025-07-27,2025-07-31,BA,40,Loja,Dinheiro
P1739,Tênis Feminino,102.25,65.83,36.42,NF373822,apcxjs@email.com,2025-02-11,2025-02-11,PB,37,Online,Cartão
P1740,Calça Masculina,227.73,140.74,86.99,NF736599,weesyu@email.com,2025-12-30,2025-12-31,SC,40,Online,Cartão
P1741,Tênis Feminino,162.39,116.33,46.06,NF268369,snhigb@email.com,2026-03-02,2026-03-05,SC,37,Loja,Pix
P1742,Calça Masculina,315.96,187.19,128.77,NF787113,kpodgm@email.com,2025-01-03,2025-01-05,SC,G,Loja,Pix
P1743,Tênis Feminino,89.21,71.28,17.93,NF229786,vxikwu@email.com,2025-10-11,2025-10-15,RJ,P,Online,Boleto
P1744,Tênis Masculino,104.76,58.05,46.71,NF735049,arqsgi@email.com,2025-03-29,2025-04-01,PE,41,Online,Dinheiro
P1745,Camiseta Feminina,155.62,92.74,62.88,NF493481,wfiwky@email.com,2026-01-11,2026-01-15,SP,41,Online,Dinheiro
P1746,Calça Feminina,376.24,241.8,134.44,NF810848,clscrj@email.com,2025-09-14,2025-09-14,PE,36,Online,Pix
P1747,Tênis Feminino,269.99,215.4,54.59,NF295665,wruamo@email.com,2025-03-05,2025-03-08,MG,M,Loja,Cartão
P1748,Tênis Masculino,516.05,284.67,231.38,NF994092,yrgsjo@email.com,2025-02-17,2025-02-21,RS,40,Loja,Dinheiro
P1749,Camiseta Feminina,278.57,139.74,138.83,NF567828,ogpnsh@email.com,2025-06-03,2025-06-07,MG,39,Loja,Dinheiro
P1750,Tênis Masculino,365.87,257.45,108.42,NF924547,qxwcbr@email.com,2025-05-04,2025-05-07,CE,M,Online,Cartão
P1751,Camiseta Masculina,178.74,110.49,68.25,NF433918,iwkeuc@email.com,2025-08-17,2025-08-21,CE,P,Loja,Dinheiro
P1752,Calça Masculina,494.51,249.05,245.46,NF522522,qmrenn@email.com,2025-06-21,2025-06-25,PR,P,Online,Pix
P1753,Tênis Feminino,230.65,116.64,114.01,NF566706,lfauvv@email.com,2025-08-01,2025-08-01,RJ,41,Loja,Pix
P1754,Calça Masculina,203.39,129.59,73.8,NF966171,rmiozu@email.com,2025-07-15,2025-07-20,MG,37,Online,Cartão
P1755,Tênis Masculino,383.71,263.49,120.22,NF692135,hhwyhi@email.com,2026-01-27,2026-01-28,RJ,P,Online,Cartão
P1756,Tênis Masculino,232.79,186.94,45.85,NF505689,tmasww@email.com,2026-02-01,2026-02-01,CE,40,Online,Pix
P1757,Camiseta Feminina,136.98,77.75,59.23,NF738277,jjpwnt@email.com,2025-03-20,2025-03-25,MG,37,Loja,Cartão
P1758,Camiseta Feminina,356.93,289.64,67.29,NF739775,ejtpgh@email.com,2025-05-11,2025-05-13,RJ,G,Loja,Boleto
P1759,Tênis Feminino,276.72,185.19,91.53,NF392602,tzuabj@email.com,2025-08-06,2025-08-07,PR,41,Loja,Boleto
P1760,Camiseta Masculina,172.74,120.09,52.65,NF461760,itkwdr@email.com,2025-08-29,2025-08-29,PB,41,Loja,Pix
P1761,Calça Masculina,327.01,198.57,128.44,NF474632,njjhgl@email.com,2025-03-25,2025-03-29,SP,G,Loja,Cartão
P1762,Tênis Masculino,194.44,119.6,74.84,NF196562,esyqgp@email.com,2025-02-01,2025-02-02,SP,38,Online,Cartão
P1763,Tênis Feminino,72.9,53.19,19.71,NF950944,farzsa@email.com,2025-10-08,2025-10-11,BA,42,Loja,Dinheiro
P1764,Calça Masculina,256.01,151.17,104.84,NF511237,pqfonw@email.com,2025-12-25,2025-12-29,PE,38,Loja,Cartão
P1765,Tênis Masculino,192.17,157.2,34.97,NF270169,gzrvmk@email.com,2026-03-20,2026-03-24,CE,P,Loja,Dinheiro
P1766,Tênis Masculino,168.45,116.76,51.69,NF973663,xiyffg@email.com,2025-09-01,2025-09-02,CE,39,Online,Dinheiro
P1767,Calça Masculina,212.42,107.18,105.24,NF485069,sjobgt@email.com,2025-01-22,2025-01-23,CE,P,Online,Dinheiro
P1768,Calça Feminina,138.13,96.73,41.4,NF500286,yfhrif@email.com,2026-01-18,2026-01-21,BA,39,Online,Pix
P1769,Calça Feminina,437.36,285.94,151.42,NF760934,ufufol@email.com,2025-06-26,2025-06-26,RS,P,Online,Dinheiro
P1770,Calça Feminina,230.86,161.73,69.13,NF712873,difdek@email.com,2025-01-25,2025-01-29,PR,40,Loja,Dinheiro
P1771,Tênis Masculino,115.36,91.61,23.75,NF243165,newnhd@email.com,2025-02-11,2025-02-11,PB,40,Online,Dinheiro
P1772,Calça Masculina,166.33,83.43,82.9,NF360632,ykmgep@email.com,2026-03-21,2026-03-24,PE,41,Loja,Pix
P1773,Calça Masculina,291.13,175.97,115.16,NF795741,trlaox@email.com,2025-12-26,2025-12-29,RJ,36,Loja,Boleto
P1774,Camiseta Feminina,232.23,166.05,66.18,NF151346,xztfim@email.com,2025-10-04,2025-10-09,PR,36,Online,Cartão
P1775,Tênis Feminino,409.13,281.99,127.14,NF984715,xztxuq@email.com,2025-07-17,2025-07-20,RS,40,Online,Cartão
P1776,Tênis Masculino,462.21,258.1,204.11,NF440991,svfjru@email.com,2025-06-19,2025-06-23,SC,41,Loja,Pix
P1777,Calça Masculina,177.03,95.41,81.62,NF243753,kxyeba@email.com,2025-04-12,2025-04-17,RJ,42,Loja,Cartão
P1778,Tênis Feminino,292.79,221.85,70.94,NF884319,mxkyoq@email.com,2026-04-28,2026-04-28,CE,42,Online,Dinheiro
P1779,Calça Feminina,424.91,272.19,152.72,NF892043,hoyvvk@email.com,2025-01-03,2025-01-05,RJ,36,Loja,Pix
P1780,Calça Feminina,453.41,281.01,172.4,NF133447,vcadmn@email.com,2025-10-09,2025-10-14,RJ,P,Online,Boleto
P1781,Tênis Feminino,258.42,208.96,49.46,NF920436,dltqqd@email.com,2025-04-06,2025-04-08,PB,P,Loja,Cartão
P1782,Calça Masculina,423.85,212.21,211.64,NF265653,mzojzy@email.com,2025-04-23,2025-04-25,SP,41,Online,Pix
P1783,Calça Masculina,459.66,247.57,212.09,NF564191,cxrhdr@email.com,2025-12-19,2025-12-22,PB,41,Online,Cartão
P1784,Tênis Feminino,191.29,101.02,90.27,NF407985,pdnywt@email.com,2025-10-27,2025-10-30,PB,42,Online,Pix
P1785,Tênis Feminino,110.35,88.65,21.7,NF293344,rpidgq@email.com,2025-09-04,2025-09-05,RJ,P,Loja,Boleto
P1786,Calça Feminina,373.36,256.85,116.51,NF505290,pxjmbz@email.com,2025-07-22,2025-07-27,RS,38,Online,Pix
P1787,Tênis Feminino,367.51,292.29,75.22,NF998371,fasugr@email.com,2025-03-01,2025-03-04,PR,P,Online,Pix
P1788,Camiseta Feminina,368.38,282.95,85.43,NF582063,ofcnhv@email.com,2025-08-27,2025-08-31,RJ,M,Loja,Dinheiro
P1789,Tênis Feminino,467.64,272.7,194.94,NF537303,rtbkju@email.com,2026-01-16,2026-01-17,MG,42,Loja,Dinheiro
P1790,Calça Feminina,523.21,276.61,246.6,NF961816,fnzkoq@email.com,2025-04-12,2025-04-14,SC,36,Online,Cartão
P1791,Camiseta Feminina,84.27,51.91,32.36,NF551059,vunmza@email.com,2025-01-01,2025-01-04,SC,M,Online,Dinheiro
P1792,Tênis Masculino,374.11,194.05,180.06,NF825119,xrkfql@email.com,2025-08-22,2025-08-26,SC,G,Loja,Dinheiro
P1793,Camiseta Feminina,342.44,209.34,133.1,NF648005,hkdrtr@email.com,2025-08-30,2025-08-30,CE,M,Loja,Boleto
P1794,Camiseta Feminina,361.91,209.13,152.78,NF837299,fitznv@email.com,2025-08-17,2025-08-17,MG,36,Online,Cartão
P1795,Tênis Feminino,268.44,222.31,46.13,NF367342,oilqxi@email.com,2025-08-02,2025-08-03,SP,G,Online,Dinheiro
P1796,Camiseta Feminina,97.72,75.99,21.73,NF233260,wujsze@email.com,2025-03-03,2025-03-04,PE,41,Online,Cartão
P1797,Tênis Masculino,460.69,290.69,170.0,NF702498,ntfiti@email.com,2025-12-30,2025-12-30,RJ,41,Online,Boleto
P1798,Camiseta Masculina,477.75,296.59,181.16,NF439864,yudebg@email.com,2025-10-06,2025-10-09,BA,38,Online,Cartão
P1799,Camiseta Feminina,390.42,219.1,171.32,NF667540,zzamvb@email.com,2025-10-11,2025-10-14,SP,41,Loja,Cartão
P1800,Tênis Feminino,188.94,116.55,72.39,NF903178,nlfyln@email.com,2026-01-20,2026-01-22,SC,41,Online,Pix
P1801,Camiseta Masculina,504.36,262.53,241.83,NF267809,gqzynf@email.com,2025-12-27,2025-12-29,PB,42,Loja,Dinheiro
P1802,Tênis Masculino,325.52,205.4,120.12,NF204480,xlclxx@email.com,2025-09-20,2025-09-25,MG,39,Loja,Dinheiro
P1803,Calça Masculina,366.0,260.96,105.04,NF340168,cjdpwl@email.com,2026-01-23,2026-01-27,SP,P,Online,Boleto
P1804,Calça Masculina,404.62,296.95,107.67,NF840492,anhiqr@email.com,2025-10-28,2025-10-28,SP,38,Loja,Boleto
P1805,Calça Feminina,335.14,232.21,102.93,NF896135,vhveux@email.com,2026-02-16,2026-02-18,SP,42,Loja,Cartão
P1806,Camiseta Feminina,321.88,168.69,153.19,NF539507,wectlq@email.com,2025-01-25,2025-01-28,PR,37,Loja,Pix
P1807,Calça Feminina,315.93,219.89,96.04,NF421871,uwqsjo@email.com,2026-04-06,2026-04-08,BA,40,Online,Cartão
P1808,Calça Masculina,167.21,139.04,28.17,NF905588,foohdc@email.com,2025-07-31,2025-08-05,PB,41,Loja,Pix
P1809,Calça Feminina,398.61,245.48,153.13,NF160057,afbxnt@email.com,2026-02-26,2026-02-27,PE,42,Online,Boleto
P1810,Tênis Masculino,234.87,122.61,112.26,NF208962,otnghx@email.com,2025-01-22,2025-01-23,RJ,37,Loja,Pix
P1811,Tênis Masculino,374.02,291.26,82.76,NF601202,wfplpo@email.com,2025-01-10,2025-01-10,SP,42,Online,Boleto
P1812,Calça Masculina,398.2,279.06,119.14,NF556306,aqvpcy@email.com,2025-05-21,2025-05-26,PR,P,Online,Cartão
P1813,Camiseta Feminina,326.22,217.5,108.72,NF750787,pniulr@email.com,2025-10-19,2025-10-21,MG,38,Loja,Dinheiro
P1814,Camiseta Masculina,429.85,270.53,159.32,NF441029,rvqjxc@email.com,2025-09-21,2025-09-23,SP,M,Loja,Pix
P1815,Camiseta Masculina,157.21,108.85,48.36,NF426923,czgnif@email.com,2026-03-28,2026-03-30,MG,41,Loja,Pix
P1816,Tênis Masculino,557.3,281.29,276.01,NF718611,lyljrd@email.com,2025-04-23,2025-04-25,BA,38,Online,Cartão
P1817,Tênis Feminino,129.3,64.77,64.53,NF391125,ibswed@email.com,2025-04-28,2025-05-01,SC,38,Online,Cartão
P1818,Calça Masculina,209.63,124.97,84.66,NF738594,ajdelg@email.com,2025-08-16,2025-08-16,BA,P,Loja,Pix
P1819,Calça Masculina,341.54,193.21,148.33,NF631318,zpwrlx@email.com,2025-01-31,2025-02-05,SP,42,Online,Pix
P1820,Camiseta Masculina,557.38,299.92,257.46,NF901093,szofip@email.com,2025-04-28,2025-05-02,MG,40,Online,Boleto
P1821,Camiseta Feminina,142.36,99.77,42.59,NF202684,vwavck@email.com,2025-06-14,2025-06-19,BA,36,Online,Dinheiro
P1822,Tênis Feminino,332.27,264.28,67.99,NF645807,jdiycb@email.com,2026-04-21,2026-04-25,CE,39,Loja,Cartão
P1823,Calça Feminina,342.02,271.82,70.2,NF259831,vyewmb@email.com,2026-02-19,2026-02-20,RJ,39,Online,Pix
P1824,Camiseta Masculina,348.15,271.71,76.44,NF340951,wjiofj@email.com,2025-10-09,2025-10-13,RJ,42,Online,Dinheiro
P1825,Camiseta Masculina,200.41,115.99,84.42,NF540395,hfzhhy@email.com,2025-09-12,2025-09-16,PE,41,Online,Cartão
P1826,Tênis Masculino,147.73,110.04,37.69,NF345667,grhhoi@email.com,2025-10-02,2025-10-05,RJ,M,Online,Boleto
P1827,Tênis Feminino,133.25,71.69,61.56,NF273741,rbhfvl@email.com,2025-10-23,2025-10-24,SC,P,Online,Boleto
P1828,Tênis Feminino,126.26,75.13,51.13,NF784533,vjqcbk@email.com,2025-01-22,2025-01-25,MG,36,Loja,Dinheiro
P1829,Tênis Feminino,154.75,81.28,73.47,NF784889,jsdkre@email.com,2025-11-11,2025-11-14,PE,M,Online,Boleto
P1830,Tênis Feminino,99.75,57.31,42.44,NF637965,ctdhia@email.com,2025-09-26,2025-09-26,BA,P,Loja,Boleto
P1831,Tênis Masculino,433.6,294.47,139.13,NF456910,fqhlii@email.com,2025-06-26,2025-06-29,RJ,G,Online,Cartão
P1832,Tênis Masculino,258.09,162.3,95.79,NF403135,zhzjra@email.com,2025-09-24,2025-09-25,PR,38,Online,Pix
P1833,Camiseta Masculina,134.42,77.64,56.78,NF745530,vxzpwn@email.com,2025-10-24,2025-10-29,MG,38,Online,Cartão
P1834,Camiseta Feminina,370.62,217.18,153.44,NF981386,ctooxf@email.com,2025-06-10,2025-06-15,MG,40,Loja,Dinheiro
P1835,Tênis Masculino,150.31,109.87,40.44,NF936381,ypoqpd@email.com,2026-01-01,2026-01-05,RS,P,Loja,Boleto
P1836,Tênis Feminino,177.3,118.88,58.42,NF968960,otoxmb@email.com,2025-06-16,2025-06-18,CE,P,Online,Pix
P1837,Calça Feminina,431.09,258.23,172.86,NF806815,iskrww@email.com,2025-03-25,2025-03-27,BA,36,Online,Boleto
P1838,Camiseta Masculina,88.23,58.22,30.01,NF368806,vmmtqq@email.com,2025-07-25,2025-07-27,RJ,38,Loja,Pix
P1839,Calça Feminina,88.7,56.24,32.46,NF172279,tsnfyy@email.com,2025-04-18,2025-04-22,BA,G,Loja,Pix
P1840,Camiseta Masculina,442.82,271.77,171.05,NF512053,uqovra@email.com,2025-02-22,2025-02-27,RJ,M,Online,Boleto
P1841,Calça Feminina,553.24,294.6,258.64,NF976801,gilyfl@email.com,2025-01-06,2025-01-06,PR,38,Loja,Dinheiro
P1842,Calça Masculina,246.85,125.04,121.81,NF782237,srgbvy@email.com,2025-04-15,2025-04-16,RS,42,Online,Boleto
P1843,Tênis Masculino,161.78,106.98,54.8,NF391638,xiblsb@email.com,2025-09-07,2025-09-07,MG,41,Loja,Pix
P1844,Camiseta Feminina,411.78,222.83,188.95,NF433305,faqeou@email.com,2025-05-11,2025-05-16,CE,M,Online,Cartão
P1845,Calça Masculina,517.6,282.91,234.69,NF883930,hffiie@email.com,2025-04-30,2025-04-30,PR,P,Online,Boleto
P1846,Camiseta Feminina,407.55,277.58,129.97,NF443200,envgpp@email.com,2026-02-21,2026-02-22,PE,M,Online,Boleto
P1847,Camiseta Feminina,341.27,221.94,119.33,NF743693,sheies@email.com,2025-10-19,2025-10-20,BA,36,Loja,Boleto
P1848,Calça Feminina,244.31,142.32,101.99,NF240167,taruuy@email.com,2025-04-18,2025-04-20,RJ,42,Online,Boleto
P1849,Calça Masculina,274.08,162.0,112.08,NF974515,nhuhhy@email.com,2025-09-02,2025-09-06,SP,40,Online,Dinheiro
P1850,Tênis Masculino,269.15,169.38,99.77,NF641754,uxnrnl@email.com,2025-10-22,2025-10-24,RS,M,Online,Boleto
P1851,Tênis Masculino,164.24,132.39,31.85,NF125961,cftgwo@email.com,2025-09-15,2025-09-17,SC,38,Loja,Dinheiro
P1852,Tênis Feminino,146.1,101.24,44.86,NF649809,oqalqo@email.com,2025-04-02,2025-04-04,RJ,M,Loja,Boleto
P1853,Camiseta Feminina,147.49,91.34,56.15,NF262557,dijekv@email.com,2025-02-19,2025-02-23,PB,37,Loja,Boleto
P1854,Camiseta Feminina,255.97,188.02,67.95,NF731034,igcjfk@email.com,2026-01-15,2026-01-15,SP,P,Loja,Pix
P1855,Calça Masculina,328.4,214.91,113.49,NF392346,kctbam@email.com,2025-06-21,2025-06-24,SP,M,Loja,Pix
P1856,Camiseta Feminina,370.2,265.48,104.72,NF196378,sugmhh@email.com,2025-04-13,2025-04-13,PB,37,Loja,Boleto
P1857,Calça Masculina,229.76,157.74,72.02,NF551391,sttamz@email.com,2025-06-28,2025-06-29,PR,37,Loja,Cartão
P1858,Camiseta Masculina,479.13,252.22,226.91,NF525295,sokxfj@email.com,2025-09-25,2025-09-27,PB,M,Loja,Cartão
P1859,Tênis Feminino,157.17,86.24,70.93,NF117618,zlbsqx@email.com,2026-03-14,2026-03-16,BA,M,Online,Dinheiro
P1860,Camiseta Masculina,470.96,295.25,175.71,NF877080,yjpjzy@email.com,2025-11-26,2025-11-26,SC,37,Loja,Dinheiro
P1861,Calça Masculina,140.24,96.08,44.16,NF661413,aoiszq@email.com,2025-08-13,2025-08-17,PR,P,Loja,Boleto
P1862,Calça Masculina,209.11,106.08,103.03,NF484197,qepcgs@email.com,2025-12-16,2025-12-21,SP,G,Online,Boleto
P1863,Tênis Masculino,376.28,205.45,170.83,NF901903,nfbgqq@email.com,2025-07-06,2025-07-07,BA,39,Online,Cartão
P1864,Camiseta Masculina,162.16,114.44,47.72,NF832043,bpjhke@email.com,2025-06-06,2025-06-09,RS,36,Loja,Dinheiro
P1865,Camiseta Masculina,129.99,105.86,24.13,NF327010,oxehyp@email.com,2025-04-02,2025-04-03,PB,G,Online,Dinheiro
P1866,Tênis Feminino,269.64,164.29,105.35,NF478251,guotsw@email.com,2025-03-10,2025-03-10,PB,41,Online,Cartão
P1867,Tênis Masculino,298.61,158.41,140.2,NF666765,yaihav@email.com,2025-03-20,2025-03-23,RS,42,Online,Pix
P1868,Tênis Masculino,221.56,112.59,108.97,NF306998,uvyvhf@email.com,2025-07-02,2025-07-07,BA,42,Loja,Cartão
P1869,Calça Masculina,303.95,174.74,129.21,NF475288,kavswd@email.com,2025-07-24,2025-07-26,SC,P,Online,Boleto
P1870,Calça Feminina,263.95,160.86,103.09,NF200080,zniixy@email.com,2025-02-27,2025-03-02,SC,P,Online,Dinheiro
P1871,Calça Masculina,434.76,274.71,160.05,NF416848,dtjanw@email.com,2025-02-09,2025-02-09,SC,42,Loja,Boleto
P1872,Camiseta Feminina,75.26,56.89,18.37,NF548363,iuchii@email.com,2025-10-12,2025-10-15,PB,G,Online,Boleto
P1873,Tênis Masculino,298.22,231.52,66.7,NF308337,kpzbdx@email.com,2025-04-02,2025-04-06,RJ,42,Loja,Boleto
P1874,Camiseta Masculina,263.3,132.19,131.11,NF626821,wygdjs@email.com,2026-02-19,2026-02-23,PB,38,Loja,Cartão
P1875,Calça Masculina,436.51,271.24,165.27,NF912202,lekise@email.com,2025-07-23,2025-07-23,SC,41,Loja,Pix
P1876,Camiseta Feminina,353.02,254.1,98.92,NF788484,ctjovz@email.com,2025-03-06,2025-03-06,SP,39,Online,Boleto
P1877,Camiseta Feminina,461.98,246.1,215.88,NF878377,kqdvxu@email.com,2025-08-01,2025-08-03,PR,40,Loja,Dinheiro
P1878,Camiseta Masculina,161.65,103.53,58.12,NF221040,irixrl@email.com,2025-11-08,2025-11-13,RS,42,Loja,Boleto
P1879,Camiseta Feminina,133.3,70.52,62.78,NF756285,mljidm@email.com,2026-04-07,2026-04-09,RJ,38,Loja,Boleto
P1880,Calça Masculina,216.52,167.6,48.92,NF492111,rdwgzo@email.com,2025-05-07,2025-05-08,MG,M,Loja,Cartão
P1881,Calça Feminina,321.81,228.09,93.72,NF764638,jubwlz@email.com,2025-10-12,2025-10-14,PR,M,Online,Pix
P1882,Calça Masculina,558.95,295.07,263.88,NF978778,obwvia@email.com,2025-09-24,2025-09-29,PR,39,Loja,Cartão
P1883,Tênis Feminino,141.6,95.28,46.32,NF291408,aspptb@email.com,2025-01-09,2025-01-12,CE,P,Online,Pix
P1884,Calça Feminina,294.14,197.23,96.91,NF437161,ctwdco@email.com,2025-10-04,2025-10-06,RS,M,Online,Pix
P1885,Camiseta Feminina,231.36,173.5,57.86,NF323977,uhgevo@email.com,2026-03-18,2026-03-20,RS,38,Loja,Dinheiro
P1886,Tênis Masculino,312.99,206.58,106.41,NF311244,bzsjuy@email.com,2025-08-31,2025-09-05,SC,41,Loja,Cartão
P1887,Camiseta Feminina,85.58,50.02,35.56,NF428986,rxwguh@email.com,2025-02-06,2025-02-11,PB,41,Online,Pix
P1888,Camiseta Feminina,284.49,158.78,125.71,NF661990,lezsui@email.com,2026-03-03,2026-03-03,RS,42,Online,Boleto
P1889,Camiseta Masculina,200.56,162.98,37.58,NF532244,bqhebz@email.com,2025-05-29,2025-05-29,PB,39,Loja,Pix
P1890,Camiseta Masculina,209.18,119.2,89.98,NF573763,utvtau@email.com,2025-01-24,2025-01-28,BA,M,Online,Dinheiro
P1891,Tênis Feminino,246.45,155.9,90.55,NF170436,cqrbqe@email.com,2025-03-30,2025-04-03,SC,42,Online,Cartão
P1892,Calça Masculina,573.14,295.09,278.05,NF567465,usjlut@email.com,2025-08-24,2025-08-25,MG,42,Loja,Dinheiro
P1893,Tênis Masculino,126.92,82.55,44.37,NF379215,kadkzc@email.com,2026-01-17,2026-01-19,RJ,39,Online,Boleto
P1894,Calça Masculina,251.35,129.82,121.53,NF771078,jeocqk@email.com,2025-12-18,2025-12-18,RJ,40,Loja,Pix
P1895,Calça Masculina,459.53,255.87,203.66,NF887442,bbvemo@email.com,2025-03-12,2025-03-14,SC,37,Online,Cartão
P1896,Tênis Feminino,260.79,153.35,107.44,NF963451,tzoqfd@email.com,2025-06-01,2025-06-01,PR,37,Online,Boleto
P1897,Tênis Feminino,261.91,210.98,50.93,NF731669,wszmgf@email.com,2026-01-19,2026-01-22,SP,P,Online,Dinheiro
P1898,Calça Masculina,244.81,163.67,81.14,NF524364,flsdku@email.com,2025-05-16,2025-05-17,SP,37,Loja,Dinheiro
P1899,Camiseta Masculina,384.89,199.44,185.45,NF404158,uwlbpm@email.com,2026-01-01,2026-01-06,RJ,37,Loja,Cartão
P1900,Tênis Masculino,391.64,299.64,92.0,NF113648,qcndzv@email.com,2025-08-31,2025-08-31,RJ,40,Loja,Dinheiro
P1901,Camiseta Feminina,125.62,96.04,29.58,NF811787,ehcapp@email.com,2025-05-12,2025-05-16,RJ,39,Online,Boleto
P1902,Camiseta Feminina,340.6,262.13,78.47,NF881101,hauure@email.com,2025-06-26,2025-06-28,RJ,37,Online,Pix
P1903,Calça Masculina,293.4,154.0,139.4,NF771426,rvgkhx@email.com,2025-04-22,2025-04-27,SP,37,Online,Pix
P1904,Calça Masculina,420.78,249.71,171.07,NF210557,itxyor@email.com,2026-04-09,2026-04-13,PE,37,Loja,Pix
P1905,Tênis Masculino,321.82,228.83,92.99,NF877493,oecgfn@email.com,2025-05-21,2025-05-22,PE,36,Online,Dinheiro
P1906,Tênis Feminino,68.87,56.88,11.99,NF159768,heyeay@email.com,2025-12-24,2025-12-27,SP,38,Online,Boleto
P1907,Tênis Feminino,93.18,54.92,38.26,NF403092,hlsaeu@email.com,2025-11-13,2025-11-13,RS,36,Loja,Cartão
P1908,Tênis Masculino,150.83,102.63,48.2,NF295734,ujznmi@email.com,2025-06-09,2025-06-12,CE,40,Loja,Cartão
P1909,Calça Feminina,78.77,52.9,25.87,NF213069,notayf@email.com,2026-01-25,2026-01-25,RS,42,Online,Boleto
P1910,Calça Masculina,519.39,265.5,253.89,NF151149,gbqmye@email.com,2026-02-11,2026-02-13,PE,42,Loja,Dinheiro
P1911,Tênis Feminino,162.11,90.76,71.35,NF740402,sxhaat@email.com,2026-03-13,2026-03-13,PE,40,Online,Pix
P1912,Camiseta Masculina,440.7,298.63,142.07,NF603053,cyqgtc@email.com,2025-05-02,2025-05-06,PE,42,Online,Boleto
P1913,Calça Masculina,154.99,109.94,45.05,NF617891,penqvp@email.com,2025-12-02,2025-12-07,MG,42,Loja,Pix
P1914,Camiseta Masculina,177.1,100.38,76.72,NF492473,nrckok@email.com,2025-03-05,2025-03-07,RJ,39,Loja,Dinheiro
P1915,Camiseta Masculina,211.05,156.85,54.2,NF341897,rfsorv@email.com,2026-01-31,2026-02-04,PB,37,Online,Pix
P1916,Camiseta Masculina,182.99,108.7,74.29,NF253601,abcaeo@email.com,2026-03-14,2026-03-15,SC,36,Online,Dinheiro
P1917,Calça Feminina,245.87,185.71,60.16,NF169201,mywdxw@email.com,2026-02-04,2026-02-08,MG,38,Loja,Boleto
P1918,Camiseta Masculina,435.97,237.1,198.87,NF581701,bpsuqu@email.com,2025-03-29,2025-04-01,PR,39,Loja,Pix
P1919,Camiseta Feminina,116.22,71.99,44.23,NF997839,txlyjr@email.com,2025-08-25,2025-08-25,PR,36,Loja,Pix
P1920,Camiseta Masculina,434.13,295.04,139.09,NF712009,jjhpwa@email.com,2025-05-20,2025-05-23,PE,P,Loja,Boleto
P1921,Calça Feminina,456.11,275.62,180.49,NF856944,ebnvkm@email.com,2025-09-12,2025-09-14,PB,40,Online,Boleto
P1922,Calça Feminina,556.59,280.95,275.64,NF780682,eivkii@email.com,2026-03-25,2026-03-25,CE,36,Loja,Pix
P1923,Tênis Feminino,376.5,269.93,106.57,NF635445,qiqqeo@email.com,2025-09-10,2025-09-14,PE,37,Loja,Dinheiro
P1924,Calça Feminina,196.46,159.79,36.67,NF139264,aceslq@email.com,2025-11-26,2025-11-28,PR,42,Loja,Dinheiro
P1925,Tênis Masculino,561.84,284.69,277.15,NF215292,gglvtd@email.com,2025-03-20,2025-03-23,SC,P,Loja,Pix
P1926,Camiseta Feminina,369.65,221.85,147.8,NF328912,rgsaib@email.com,2025-03-04,2025-03-04,PR,38,Online,Pix
P1927,Tênis Feminino,366.03,214.4,151.63,NF713027,jfympz@email.com,2025-11-03,2025-11-04,RJ,37,Online,Pix
P1928,Calça Feminina,77.4,55.52,21.88,NF574883,iyomoe@email.com,2025-07-13,2025-07-15,MG,M,Online,Dinheiro
P1929,Tênis Feminino,161.03,111.68,49.35,NF662616,cfhhte@email.com,2025-07-01,2025-07-02,PR,G,Loja,Pix
P1930,Tênis Feminino,272.02,146.13,125.89,NF645504,vzbdcj@email.com,2025-11-10,2025-11-10,SP,42,Loja,Cartão
P1931,Camiseta Feminina,102.79,82.94,19.85,NF600380,qojnex@email.com,2026-01-14,2026-01-16,MG,G,Loja,Dinheiro
P1932,Calça Feminina,304.93,160.47,144.46,NF153355,olcxbb@email.com,2025-11-12,2025-11-12,PE,41,Online,Boleto
P1933,Camiseta Feminina,258.38,182.88,75.5,NF677346,znkons@email.com,2025-02-25,2025-03-02,SC,42,Online,Dinheiro
P1934,Tênis Masculino,85.52,61.61,23.91,NF454747,rxrwbi@email.com,2026-04-07,2026-04-11,PE,40,Loja,Boleto
P1935,Calça Masculina,379.35,215.6,163.75,NF972906,kyqfyk@email.com,2025-07-09,2025-07-11,RJ,40,Online,Dinheiro
P1936,Calça Masculina,100.33,56.74,43.59,NF571681,fodegt@email.com,2025-01-06,2025-01-09,PE,41,Loja,Pix
P1937,Tênis Masculino,79.36,62.2,17.16,NF455438,ihzrpz@email.com,2025-12-28,2025-12-31,RJ,37,Loja,Cartão
P1938,Tênis Feminino,496.55,295.5,201.05,NF610569,lhghoo@email.com,2025-05-14,2025-05-14,RJ,39,Loja,Pix
P1939,Calça Masculina,301.23,186.65,114.58,NF272086,dgiwqx@email.com,2025-01-30,2025-02-04,RJ,M,Loja,Dinheiro
P1940,Tênis Feminino,382.49,208.56,173.93,NF219426,pfqrjn@email.com,2025-02-07,2025-02-09,SP,G,Loja,Dinheiro
P1941,Camiseta Feminina,362.45,203.63,158.82,NF211039,tzsqjd@email.com,2026-03-19,2026-03-19,PR,36,Online,Cartão
P1942,Camiseta Feminina,165.23,103.29,61.94,NF178460,vdrlwt@email.com,2025-01-09,2025-01-11,PR,P,Online,Cartão
P1943,Tênis Feminino,243.54,164.41,79.13,NF986966,wzbahi@email.com,2025-01-17,2025-01-19,PB,39,Online,Pix
P1944,Camiseta Masculina,140.63,94.9,45.73,NF394847,vqzpim@email.com,2025-07-25,2025-07-28,BA,40,Online,Boleto
P1945,Camiseta Masculina,375.41,226.63,148.78,NF537162,rhupvh@email.com,2025-04-25,2025-04-28,RJ,39,Loja,Dinheiro
P1946,Calça Masculina,202.01,110.28,91.73,NF419959,gzbphb@email.com,2025-12-02,2025-12-06,MG,38,Loja,Boleto
P1947,Tênis Feminino,78.9,63.38,15.52,NF518890,hwvhvd@email.com,2025-09-19,2025-09-23,CE,42,Loja,Pix
P1948,Calça Feminina,555.91,299.92,255.99,NF164885,hhohmc@email.com,2025-03-08,2025-03-13,PB,42,Online,Boleto
P1949,Calça Masculina,208.7,130.2,78.5,NF390849,qbohuw@email.com,2025-07-25,2025-07-26,SC,P,Online,Boleto
P1950,Calça Masculina,134.98,72.0,62.98,NF623992,jhffzw@email.com,2025-08-03,2025-08-04,MG,40,Loja,Dinheiro
P1951,Calça Feminina,251.24,130.33,120.91,NF917652,edhiza@email.com,2025-07-20,2025-07-23,PR,37,Online,Dinheiro
P1952,Tênis Feminino,216.38,124.7,91.68,NF380592,ilnphx@email.com,2025-05-31,2025-05-31,CE,G,Online,Pix
P1953,Camiseta Feminina,89.55,64.74,24.81,NF346051,zdlhvr@email.com,2026-03-01,2026-03-01,RJ,42,Loja,Dinheiro
P1954,Calça Masculina,146.07,105.06,41.01,NF606833,fysrjh@email.com,2025-08-13,2025-08-17,BA,42,Loja,Boleto
P1955,Camiseta Masculina,69.53,50.19,19.34,NF902869,gxhicu@email.com,2025-01-04,2025-01-08,CE,38,Online,Pix
P1956,Calça Feminina,268.55,181.63,86.92,NF299180,lhgaer@email.com,2026-03-19,2026-03-23,RJ,41,Loja,Dinheiro
P1957,Calça Feminina,111.95,74.86,37.09,NF346621,nsxtov@email.com,2025-05-02,2025-05-02,SC,G,Online,Boleto
P1958,Calça Feminina,298.15,235.67,62.48,NF227526,kchusg@email.com,2025-01-20,2025-01-21,PR,P,Loja,Cartão
P1959,Tênis Feminino,471.12,238.89,232.23,NF306058,ofrhcp@email.com,2026-02-14,2026-02-15,PB,P,Loja,Pix
P1960,Camiseta Feminina,175.48,133.68,41.8,NF812353,eikzoq@email.com,2025-07-30,2025-08-04,BA,42,Loja,Boleto
P1961,Calça Masculina,204.09,142.65,61.44,NF969298,dpccpz@email.com,2025-08-14,2025-08-18,RJ,41,Loja,Boleto
P1962,Calça Feminina,185.68,130.56,55.12,NF628301,wkstdm@email.com,2026-04-26,2026-05-01,PE,M,Online,Cartão
P1963,Camiseta Masculina,158.15,87.13,71.02,NF239187,biibbd@email.com,2025-06-06,2025-06-11,RJ,42,Loja,Pix
P1964,Tênis Masculino,317.01,196.99,120.02,NF274993,uqkipa@email.com,2026-03-21,2026-03-22,PE,G,Online,Cartão
P1965,Camiseta Masculina,106.96,56.43,50.53,NF201859,crpdmi@email.com,2025-09-23,2025-09-27,RS,M,Online,Boleto
P1966,Tênis Feminino,478.42,282.57,195.85,NF402652,mzesqt@email.com,2026-04-12,2026-04-17,SP,37,Online,Boleto
P1967,Camiseta Masculina,301.62,156.35,145.27,NF639096,vxxuzi@email.com,2025-06-07,2025-06-11,PB,39,Loja,Dinheiro
P1968,Tênis Masculino,290.72,160.63,130.09,NF262780,chnzcd@email.com,2025-07-02,2025-07-06,BA,40,Online,Pix
P1969,Tênis Masculino,440.3,276.27,164.03,NF907683,dbieuj@email.com,2025-08-05,2025-08-09,MG,38,Loja,Pix
P1970,Camiseta Masculina,238.24,119.69,118.55,NF385449,aadjyo@email.com,2025-12-04,2025-12-05,BA,40,Loja,Pix
P1971,Calça Feminina,370.94,252.22,118.72,NF860454,aevrdu@email.com,2025-04-24,2025-04-28,SP,40,Online,Pix
P1972,Camiseta Feminina,338.89,222.12,116.77,NF226116,bpsfsm@email.com,2025-08-21,2025-08-23,MG,37,Online,Boleto
P1973,Calça Feminina,90.45,72.04,18.41,NF892785,nlwalo@email.com,2026-03-28,2026-04-02,PE,G,Online,Dinheiro
P1974,Tênis Feminino,135.7,75.76,59.94,NF832519,oqiuct@email.com,2025-02-17,2025-02-21,PE,40,Loja,Dinheiro
P1975,Camiseta Feminina,105.22,68.93,36.29,NF608244,rkeikc@email.com,2026-03-26,2026-03-27,MG,39,Online,Boleto
P1976,Calça Feminina,173.72,127.55,46.17,NF223958,getdht@email.com,2025-02-26,2025-03-01,MG,36,Online,Dinheiro
P1977,Tênis Feminino,121.83,97.0,24.83,NF988140,xppjsd@email.com,2025-10-16,2025-10-16,PR,G,Loja,Boleto
P1978,Camiseta Feminina,357.0,256.54,100.46,NF450678,teqqmc@email.com,2026-02-21,2026-02-21,PB,42,Loja,Boleto
P1979,Camiseta Feminina,181.02,98.15,82.87,NF668336,eefvoi@email.com,2025-12-30,2025-12-31,BA,P,Online,Boleto
P1980,Calça Feminina,396.17,298.05,98.12,NF325663,drpdkc@email.com,2025-02-18,2025-02-18,CE,37,Online,Cartão
P1981,Camiseta Feminina,152.93,77.03,75.9,NF240774,hzjfzd@email.com,2026-01-01,2026-01-04,MG,G,Online,Cartão
P1982,Calça Masculina,492.42,264.09,228.33,NF160980,fxuspo@email.com,2025-12-27,2026-01-01,CE,38,Online,Dinheiro
P1983,Camiseta Feminina,408.24,233.53,174.71,NF151441,lkgfwn@email.com,2025-01-02,2025-01-07,MG,39,Online,Boleto
P1984,Calça Feminina,215.36,160.75,54.61,NF533964,cjncmz@email.com,2026-01-17,2026-01-21,SP,M,Loja,Cartão
P1985,Camiseta Masculina,409.67,212.32,197.35,NF411478,ddirli@email.com,2025-07-20,2025-07-20,PE,P,Loja,Cartão
P1986,Camiseta Feminina,87.26,52.83,34.43,NF134579,aghxmi@email.com,2026-03-19,2026-03-22,PE,G,Loja,Boleto
P1987,Calça Feminina,195.96,114.29,81.67,NF294189,faxuwg@email.com,2025-07-07,2025-07-08,RS,G,Online,Boleto
P1988,Camiseta Feminina,362.41,200.34,162.07,NF926692,wbnfte@email.com,2025-01-09,2025-01-09,PR,P,Online,Pix
P1989,Camiseta Masculina,247.95,185.38,62.57,NF647486,rzmtov@email.com,2025-02-11,2025-02-14,MG,36,Online,Dinheiro
P1990,Tênis Feminino,135.14,81.33,53.81,NF286642,kctval@email.com,2025-01-08,2025-01-13,PR,37,Online,Boleto
P1991,Calça Masculina,151.11,89.24,61.87,NF481742,rhbqtr@email.com,2025-04-29,2025-05-01,RJ,42,Loja,Dinheiro
P1992,Tênis Masculino,552.15,284.43,267.72,NF720636,pcezgp@email.com,2025-07-31,2025-08-02,BA,36,Online,Dinheiro
P1993,Tênis Feminino,433.36,254.29,179.07,NF517002,kxngll@email.com,2025-12-03,2025-12-06,PB,P,Online,Cartão
P1994,Camiseta Feminina,448.27,279.24,169.03,NF837751,dsvesz@email.com,2026-04-19,2026-04-22,RS,M,Online,Cartão
P1995,Calça Masculina,490.67,256.57,234.1,NF439208,tdalxd@email.com,2025-10-13,2025-10-16,MG,36,Online,Cartão
P1996,Calça Feminina,181.12,128.22,52.9,NF491680,fcjsrq@email.com,2026-01-17,2026-01-19,CE,39,Online,Boleto
P1997,Calça Feminina,84.09,69.97,14.12,NF267722,icjhbs@email.com,2025-10-18,2025-10-22,RJ,42,Online,Boleto
P1998,Camiseta Feminina,320.03,204.02,116.01,NF472155,cdsvxg@email.com,2025-07-19,2025-07-19,PB,M,Loja,Pix
P1999,Calça Masculina,150.41,106.01,44.4,NF801558,aqcgyg@email.com,2026-01-15,2026-01-16,RJ,M,Loja,Dinheiro
P2000,Calça Masculina,266.58,194.93,71.65,NF174419,ivxkxm@email.com,2025-01-27,2025-02-01,RS,42,Loja,Cartão
P2001,Calça Feminina,544.97,275.93,269.04,NF786282,ddkszs@email.com,2025-06-22,2025-06-22,SP,39,Online,Dinheiro
P2002,Camiseta Masculina,205.81,164.63,41.18,NF731000,ornsle@email.com,2026-02-05,2026-02-07,RJ,P,Online,Boleto
P2003,Calça Feminina,125.09,102.05,23.04,NF347299,oaleeb@email.com,2025-07-23,2025-07-27,SC,40,Online,Cartão
P2004,Camiseta Masculina,230.21,131.68,98.53,NF676822,ycjytr@email.com,2025-08-19,2025-08-21,SC,37,Loja,Cartão
P2005,Tênis Masculino,187.26,94.4,92.86,NF789051,dyeqtb@email.com,2025-04-19,2025-04-22,SP,39,Online,Dinheiro
P2006,Camiseta Masculina,310.17,233.85,76.32,NF142567,fhzpcf@email.com,2025-12-06,2025-12-07,RJ,36,Online,Dinheiro
P2007,Calça Feminina,356.2,290.18,66.02,NF721936,qkgotl@email.com,2025-07-06,2025-07-10,PE,41,Online,Pix
P2008,Tênis Feminino,163.95,84.64,79.31,NF387153,sxxggc@email.com,2026-02-22,2026-02-27,PE,38,Online,Dinheiro
P2009,Camiseta Masculina,212.61,113.51,99.1,NF435419,vgpnzx@email.com,2025-12-05,2025-12-07,PR,G,Loja,Dinheiro
P2010,Tênis Feminino,105.81,58.53,47.28,NF531761,vmknqe@email.com,2025-08-24,2025-08-28,PR,38,Online,Boleto
P2011,Calça Masculina,211.46,139.36,72.1,NF227193,pqoqme@email.com,2026-04-18,2026-04-20,MG,40,Loja,Boleto
P2012,Tênis Masculino,352.02,291.55,60.47,NF772670,llowpo@email.com,2025-03-15,2025-03-20,RJ,M,Online,Dinheiro
P2013,Tênis Feminino,446.53,282.17,164.36,NF129747,yykzyw@email.com,2025-08-11,2025-08-13,BA,M,Loja,Boleto
P2014,Tênis Feminino,66.61,52.3,14.31,NF181427,sgdhml@email.com,2025-10-28,2025-10-28,PR,40,Loja,Dinheiro
P2015,Tênis Feminino,431.4,232.87,198.53,NF206465,zxufqz@email.com,2025-09-24,2025-09-26,RJ,36,Loja,Cartão
P2016,Camiseta Feminina,158.43,119.95,38.48,NF993086,vzguut@email.com,2025-09-13,2025-09-18,PE,37,Loja,Pix
P2017,Camiseta Feminina,333.96,169.14,164.82,NF553075,egdelb@email.com,2025-11-29,2025-12-02,PE,36,Online,Pix
P2018,Tênis Feminino,307.65,174.59,133.06,NF382788,dlmara@email.com,2025-02-08,2025-02-08,RS,37,Online,Dinheiro
P2019,Calça Masculina,542.75,271.7,271.05,NF455090,lwsfzh@email.com,2025-06-30,2025-07-01,RS,P,Loja,Dinheiro
P2020,Calça Masculina,442.37,253.34,189.03,NF444928,aiggwx@email.com,2025-10-11,2025-10-14,SP,37,Loja,Pix
P2021,Camiseta Masculina,289.91,184.6,105.31,NF895935,wllxoi@email.com,2025-05-20,2025-05-24,RS,M,Online,Pix
P2022,Tênis Masculino,211.81,116.05,95.76,NF176090,msnsmc@email.com,2025-02-07,2025-02-09,PE,38,Online,Dinheiro
P2023,Calça Feminina,392.13,202.71,189.42,NF292993,opdwov@email.com,2025-07-05,2025-07-08,SC,G,Loja,Dinheiro
P2024,Tênis Masculino,78.79,58.13,20.66,NF861964,yvtwbq@email.com,2026-04-15,2026-04-20,BA,G,Online,Dinheiro
P2025,Calça Feminina,384.69,226.35,158.34,NF222931,tyomzv@email.com,2025-12-14,2025-12-17,PB,42,Online,Cartão
P2026,Camiseta Masculina,314.87,182.3,132.57,NF323820,xeoqre@email.com,2025-08-18,2025-08-21,PB,40,Loja,Boleto
P2027,Calça Masculina,136.79,101.96,34.83,NF104295,rehang@email.com,2026-03-16,2026-03-19,PB,41,Online,Dinheiro
P2028,Calça Feminina,107.51,55.98,51.53,NF876679,stjzxl@email.com,2025-03-06,2025-03-06,SP,42,Online,Dinheiro
P2029,Camiseta Feminina,131.32,68.71,62.61,NF588144,gwzykd@email.com,2025-05-20,2025-05-24,PR,37,Online,Pix
P2030,Calça Masculina,272.49,217.79,54.7,NF301468,vurjtt@email.com,2026-02-01,2026-02-06,PR,P,Online,Cartão
P2031,Tênis Masculino,523.69,288.95,234.74,NF862066,zzwdgs@email.com,2025-06-15,2025-06-15,SC,39,Online,Pix
P2032,Camiseta Feminina,547.51,284.93,262.58,NF747555,amzsaq@email.com,2026-03-13,2026-03-13,SP,38,Loja,Dinheiro
P2033,Tênis Masculino,270.15,170.53,99.62,NF926901,zkxzpz@email.com,2025-12-19,2025-12-24,PE,37,Loja,Pix
P2034,Calça Masculina,202.0,133.9,68.1,NF701921,divatf@email.com,2025-06-05,2025-06-06,SP,38,Online,Boleto
P2035,Camiseta Feminina,258.65,201.33,57.32,NF989249,dalqpe@email.com,2025-10-13,2025-10-18,MG,M,Loja,Boleto
P2036,Calça Masculina,265.78,186.12,79.66,NF193555,wbddau@email.com,2025-01-25,2025-01-26,PE,38,Loja,Boleto
P2037,Calça Masculina,356.52,263.94,92.58,NF138800,vofiwt@email.com,2025-12-30,2025-12-31,PB,M,Loja,Cartão
P2038,Calça Masculina,362.61,207.57,155.04,NF727295,cyzhyu@email.com,2025-04-19,2025-04-19,RS,41,Loja,Cartão
P2039,Calça Masculina,357.03,229.56,127.47,NF598041,qxvoho@email.com,2025-03-16,2025-03-17,RS,P,Loja,Cartão
P2040,Tênis Masculino,284.34,182.31,102.03,NF389554,qeoets@email.com,2025-06-17,2025-06-19,SP,39,Loja,Cartão
P2041,Tênis Feminino,163.13,88.3,74.83,NF378597,dgcbfr@email.com,2025-01-27,2025-01-29,PB,M,Loja,Dinheiro
P2042,Calça Feminina,409.01,228.24,180.77,NF867426,hdjldt@email.com,2025-08-20,2025-08-23,MG,36,Loja,Cartão
P2043,Calça Feminina,256.3,210.19,46.11,NF462500,hoxeyo@email.com,2026-01-25,2026-01-30,BA,37,Loja,Cartão
P2044,Tênis Masculino,216.72,155.18,61.54,NF495580,fqjmzu@email.com,2025-04-20,2025-04-22,CE,37,Loja,Dinheiro
P2045,Calça Masculina,351.54,221.4,130.14,NF698692,njqjsn@email.com,2026-02-12,2026-02-12,CE,41,Online,Boleto
P2046,Camiseta Feminina,279.71,173.21,106.5,NF742558,ddbvjg@email.com,2026-01-29,2026-01-31,PR,40,Online,Pix
P2047,Tênis Feminino,500.89,252.61,248.28,NF598872,vanvek@email.com,2025-07-26,2025-07-26,PB,40,Online,Dinheiro
P2048,Calça Masculina,280.62,200.17,80.45,NF456223,eotqzm@email.com,2025-06-09,2025-06-13,SP,36,Loja,Boleto
P2049,Camiseta Feminina,100.14,64.12,36.02,NF841807,jlinpo@email.com,2026-02-17,2026-02-21,PR,39,Online,Cartão
P2050,Calça Masculina,409.92,291.3,118.62,NF499131,pvvrad@email.com,2026-03-27,2026-03-29,PE,42,Loja,Cartão
P2051,Camiseta Masculina,283.16,146.17,136.99,NF250663,nrwntk@email.com,2026-03-01,2026-03-06,PE,42,Online,Pix
P2052,Tênis Masculino,273.67,180.68,92.99,NF447469,pzljfm@email.com,2025-11-18,2025-11-22,MG,39,Loja,Cartão
P2053,Tênis Feminino,198.95,109.64,89.31,NF361571,hlddnj@email.com,2025-05-31,2025-05-31,CE,36,Loja,Pix
P2054,Tênis Masculino,387.57,220.13,167.44,NF288485,orzfyj@email.com,2026-03-06,2026-03-07,MG,38,Loja,Boleto
P2055,Tênis Masculino,199.9,120.2,79.7,NF298662,pmmkix@email.com,2025-03-24,2025-03-25,RS,42,Loja,Boleto
P2056,Camiseta Masculina,116.92,73.39,43.53,NF558481,qehfrm@email.com,2025-08-08,2025-08-10,BA,37,Online,Dinheiro
P2057,Tênis Feminino,172.13,90.38,81.75,NF324739,wnuqtu@email.com,2025-08-30,2025-09-04,SC,38,Online,Cartão
P2058,Camiseta Masculina,245.43,144.65,100.78,NF769760,fmmuzp@email.com,2025-10-15,2025-10-19,BA,40,Online,Boleto
P2059,Calça Masculina,476.12,290.32,185.8,NF344317,onroml@email.com,2025-08-22,2025-08-23,PR,37,Loja,Cartão
P2060,Tênis Masculino,559.7,279.96,279.74,NF813670,bkiibg@email.com,2025-06-21,2025-06-21,CE,42,Online,Cartão
P2061,Calça Masculina,268.09,183.15,84.94,NF494782,guanbk@email.com,2025-01-10,2025-01-10,BA,38,Loja,Cartão
P2062,Tênis Feminino,355.89,204.35,151.54,NF473240,cgihja@email.com,2025-11-20,2025-11-23,BA,G,Loja,Pix
P2063,Tênis Feminino,292.35,204.63,87.72,NF994150,ctoxau@email.com,2025-04-22,2025-04-27,SP,P,Loja,Pix
P2064,Camiseta Feminina,398.93,226.31,172.62,NF247671,llgmvw@email.com,2025-05-23,2025-05-24,PR,36,Loja,Pix
P2065,Tênis Feminino,343.68,233.53,110.15,NF835164,iirpqr@email.com,2025-02-09,2025-02-10,SC,36,Online,Cartão
P2066,Tênis Feminino,507.99,278.52,229.47,NF783735,tsdyjt@email.com,2025-10-10,2025-10-12,MG,41,Online,Boleto
P2067,Camiseta Feminina,357.76,198.63,159.13,NF486926,qbofcu@email.com,2026-02-17,2026-02-20,BA,P,Loja,Pix
P2068,Calça Masculina,159.56,103.51,56.05,NF821491,gcqkbo@email.com,2025-02-04,2025-02-04,BA,37,Online,Pix
P2069,Camiseta Feminina,280.85,179.39,101.46,NF829530,bqploe@email.com,2025-12-24,2025-12-26,PE,41,Online,Boleto
P2070,Tênis Feminino,474.49,247.65,226.84,NF703750,scvitb@email.com,2025-09-27,2025-09-28,PB,G,Loja,Dinheiro
P2071,Tênis Masculino,128.9,103.91,24.99,NF791748,prurdo@email.com,2025-08-12,2025-08-13,MG,41,Online,Boleto
P2072,Tênis Masculino,201.15,152.22,48.93,NF359735,yixscf@email.com,2026-01-09,2026-01-14,PR,P,Loja,Pix
P2073,Tênis Feminino,381.76,197.66,184.1,NF903792,wahpsh@email.com,2025-02-08,2025-02-11,PB,38,Loja,Pix
P2074,Tênis Masculino,258.07,148.11,109.96,NF963307,vybvzx@email.com,2025-07-28,2025-07-29,PR,G,Loja,Dinheiro
P2075,Calça Masculina,309.88,204.62,105.26,NF511085,dbmhhb@email.com,2025-10-01,2025-10-01,RS,40,Loja,Boleto
P2076,Camiseta Feminina,206.69,132.55,74.14,NF474471,pmzvih@email.com,2025-05-31,2025-06-04,RJ,G,Online,Boleto
P2077,Camiseta Feminina,269.07,191.63,77.44,NF322767,jumiqf@email.com,2025-10-09,2025-10-12,PE,P,Loja,Cartão
P2078,Calça Masculina,371.28,270.89,100.39,NF566287,agtwcp@email.com,2025-10-05,2025-10-05,MG,P,Online,Boleto
P2079,Camiseta Masculina,140.02,88.21,51.81,NF226539,pdrqmg@email.com,2026-01-30,2026-01-31,PR,40,Loja,Boleto
P2080,Calça Masculina,287.98,170.85,117.13,NF245062,zzkqms@email.com,2025-04-23,2025-04-27,PB,P,Online,Pix
P2081,Camiseta Feminina,290.83,188.63,102.2,NF274528,vzfmlz@email.com,2026-04-06,2026-04-10,PB,P,Online,Pix
P2082,Calça Masculina,197.99,152.92,45.07,NF321926,xzruqd@email.com,2025-12-25,2025-12-29,PE,G,Online,Boleto
P2083,Tênis Feminino,135.74,69.72,66.02,NF300523,oruowo@email.com,2025-07-20,2025-07-24,CE,36,Online,Boleto
P2084,Camiseta Feminina,340.84,271.06,69.78,NF245385,neflgb@email.com,2025-08-30,2025-09-02,SP,42,Loja,Boleto
P2085,Tênis Feminino,194.84,111.71,83.13,NF162482,nvrjhe@email.com,2025-05-16,2025-05-19,RS,42,Online,Pix
P2086,Camiseta Masculina,339.21,262.2,77.01,NF466217,ijptdo@email.com,2025-08-15,2025-08-15,PE,G,Loja,Cartão
P2087,Camiseta Feminina,273.02,197.58,75.44,NF155407,opefga@email.com,2025-07-13,2025-07-14,BA,M,Online,Pix
P2088,Calça Masculina,102.65,73.11,29.54,NF943622,afomwq@email.com,2025-04-26,2025-04-29,MG,40,Online,Dinheiro
P2089,Camiseta Feminina,305.29,157.97,147.32,NF883675,pwlmqf@email.com,2025-07-27,2025-07-27,SC,39,Online,Cartão
P2090,Camiseta Masculina,159.24,84.13,75.11,NF161039,zrnidh@email.com,2026-02-19,2026-02-21,PE,38,Loja,Pix
P2091,Camiseta Feminina,216.96,165.53,51.43,NF916224,pacagj@email.com,2026-01-04,2026-01-05,PE,37,Online,Boleto
P2092,Tênis Feminino,506.7,287.87,218.83,NF737382,llasvs@email.com,2025-03-03,2025-03-05,RS,M,Loja,Pix
P2093,Camiseta Masculina,236.68,177.83,58.85,NF880418,wdttxe@email.com,2025-07-20,2025-07-21,BA,38,Online,Pix
P2094,Calça Feminina,331.85,167.06,164.79,NF972518,urptum@email.com,2025-03-30,2025-04-04,MG,G,Online,Dinheiro
P2095,Calça Masculina,162.54,84.28,78.26,NF458152,kvmoxh@email.com,2026-03-26,2026-03-29,CE,39,Loja,Cartão
P2096,Calça Feminina,489.52,283.09,206.43,NF812367,xaarob@email.com,2026-02-15,2026-02-16,PE,37,Loja,Cartão
P2097,Camiseta Masculina,481.27,260.17,221.1,NF581024,eatzas@email.com,2025-02-15,2025-02-19,PR,36,Loja,Cartão
P2098,Calça Feminina,306.49,156.81,149.68,NF118901,xbtrba@email.com,2025-07-08,2025-07-11,BA,39,Online,Boleto
P2099,Camiseta Masculina,161.69,122.62,39.07,NF235338,hvjfcs@email.com,2026-04-09,2026-04-10,PR,41,Loja,Boleto
P2100,Calça Feminina,321.05,178.65,142.4,NF838003,warbri@email.com,2025-10-25,2025-10-29,PE,41,Loja,Boleto
P2101,Calça Feminina,406.83,284.96,121.87,NF677926,tkaqxy@email.com,2025-06-22,2025-06-26,PB,P,Loja,Dinheiro
P2102,Camiseta Feminina,234.7,122.06,112.64,NF973227,nkjtrx@email.com,2025-08-19,2025-08-20,PB,40,Online,Pix
P2103,Tênis Masculino,491.34,288.95,202.39,NF985289,inqduc@email.com,2025-07-05,2025-07-10,SP,41,Online,Pix
P2104,Calça Masculina,475.84,280.0,195.84,NF449313,mkwprm@email.com,2025-08-17,2025-08-18,CE,39,Online,Dinheiro
P2105,Calça Masculina,190.41,144.83,45.58,NF370375,njsodx@email.com,2025-12-26,2025-12-29,RJ,42,Online,Boleto
P2106,Camiseta Feminina,433.45,263.28,170.17,NF112447,yorvoy@email.com,2025-07-28,2025-07-29,SC,42,Online,Cartão
P2107,Tênis Feminino,184.66,96.2,88.46,NF202222,ryqjoq@email.com,2025-05-20,2025-05-23,SP,42,Online,Boleto
P2108,Tênis Masculino,352.54,277.35,75.19,NF322127,qpojoj@email.com,2026-02-12,2026-02-15,CE,P,Online,Pix
P2109,Calça Masculina,245.71,139.12,106.59,NF352258,fqfabh@email.com,2025-11-02,2025-11-04,BA,37,Online,Pix
P2110,Calça Feminina,118.24,71.51,46.73,NF222887,czdkgf@email.com,2026-02-03,2026-02-05,PR,41,Online,Cartão
P2111,Camiseta Feminina,170.33,129.7,40.63,NF728952,aaczbp@email.com,2025-06-19,2025-06-24,PB,40,Online,Pix
P2112,Camiseta Feminina,108.97,83.35,25.62,NF904806,attqvw@email.com,2025-07-22,2025-07-24,PR,41,Loja,Cartão
P2113,Calça Masculina,332.98,212.36,120.62,NF381485,mytvcp@email.com,2026-02-05,2026-02-07,PR,37,Loja,Boleto
P2114,Calça Feminina,439.92,286.5,153.42,NF872990,zggbsg@email.com,2025-05-27,2025-05-27,RS,36,Online,Cartão
P2115,Tênis Feminino,308.5,252.33,56.17,NF562561,thkjhh@email.com,2025-01-02,2025-01-02,SP,37,Online,Boleto
P2116,Camiseta Feminina,221.24,137.27,83.97,NF738005,bjbgfx@email.com,2025-08-21,2025-08-23,CE,40,Loja,Dinheiro
P2117,Tênis Feminino,120.31,68.83,51.48,NF825984,lyqvws@email.com,2025-01-06,2025-01-06,MG,39,Online,Dinheiro
P2118,Calça Feminina,98.12,52.22,45.9,NF511532,xaboua@email.com,2025-09-29,2025-10-03,SC,G,Loja,Boleto
P2119,Camiseta Feminina,391.98,235.71,156.27,NF957917,xslouo@email.com,2025-01-09,2025-01-13,RJ,41,Loja,Boleto
P2120,Camiseta Feminina,248.14,206.46,41.68,NF951587,sgvznx@email.com,2025-10-01,2025-10-03,RJ,37,Online,Cartão
P2121,Tênis Masculino,531.77,278.41,253.36,NF432794,pmskpm@email.com,2025-07-01,2025-07-01,CE,37,Loja,Pix
P2122,Tênis Masculino,448.85,243.01,205.84,NF567464,nanrri@email.com,2025-03-29,2025-03-31,BA,G,Loja,Dinheiro
P2123,Camiseta Masculina,572.8,296.88,275.92,NF566821,vasbmu@email.com,2025-11-11,2025-11-11,PR,41,Loja,Dinheiro
P2124,Camiseta Masculina,343.92,184.18,159.74,NF489188,ngnyfs@email.com,2025-02-20,2025-02-20,RS,36,Online,Pix
P2125,Calça Feminina,454.85,234.7,220.15,NF552737,nxpboh@email.com,2026-03-12,2026-03-14,MG,41,Loja,Boleto
P2126,Tênis Masculino,567.51,288.95,278.56,NF512672,thdaww@email.com,2025-04-30,2025-05-03,RS,38,Online,Boleto
P2127,Camiseta Masculina,228.53,115.89,112.64,NF655784,xpxcoc@email.com,2025-10-25,2025-10-27,CE,P,Online,Cartão
P2128,Camiseta Masculina,111.1,78.93,32.17,NF394575,jhbtua@email.com,2025-03-29,2025-04-02,PR,42,Online,Boleto
P2129,Camiseta Masculina,253.22,192.3,60.92,NF486717,pqdrny@email.com,2025-09-07,2025-09-12,PB,40,Online,Cartão
P2130,Tênis Masculino,177.28,97.97,79.31,NF650210,pcbkkv@email.com,2025-06-14,2025-06-15,SP,39,Online,Pix
P2131,Calça Masculina,156.23,109.67,46.56,NF614884,jjddbr@email.com,2025-04-02,2025-04-03,CE,M,Loja,Boleto
P2132,Tênis Masculino,385.34,215.78,169.56,NF799664,apaelh@email.com,2025-12-04,2025-12-06,PB,P,Online,Pix
P2133,Camiseta Masculina,92.34,56.21,36.13,NF935754,hhkzsl@email.com,2025-01-27,2025-02-01,CE,38,Online,Cartão
P2134,Tênis Masculino,393.21,198.23,194.98,NF566784,ngmtcn@email.com,2025-04-29,2025-05-01,PB,M,Online,Dinheiro
P2135,Camiseta Feminina,167.46,98.47,68.99,NF510608,djcebp@email.com,2025-08-01,2025-08-04,MG,G,Loja,Pix
P2136,Camiseta Masculina,304.74,236.9,67.84,NF702964,tbhcfh@email.com,2025-02-05,2025-02-06,PB,41,Online,Boleto
P2137,Tênis Feminino,432.65,293.32,139.33,NF909017,zigxjp@email.com,2025-09-02,2025-09-07,CE,36,Loja,Pix
P2138,Calça Masculina,339.27,280.9,58.37,NF816770,kriiub@email.com,2025-07-15,2025-07-15,PB,36,Online,Dinheiro
P2139,Calça Feminina,179.33,111.51,67.82,NF224831,glbbfo@email.com,2026-02-22,2026-02-22,RJ,40,Online,Pix
P2140,Tênis Masculino,169.76,92.27,77.49,NF517954,krjazy@email.com,2026-02-27,2026-02-28,MG,M,Loja,Pix
P2141,Camiseta Feminina,176.13,108.66,67.47,NF466519,asuilx@email.com,2025-04-10,2025-04-15,PE,39,Online,Dinheiro
P2142,Calça Masculina,317.45,219.6,97.85,NF214821,exyakk@email.com,2025-07-12,2025-07-14,SP,42,Online,Pix
P2143,Calça Masculina,218.58,153.38,65.2,NF759821,oyxijn@email.com,2025-10-25,2025-10-28,CE,42,Online,Dinheiro
P2144,Tênis Feminino,119.31,83.95,35.36,NF140606,lqtmbg@email.com,2025-01-15,2025-01-15,RS,M,Loja,Dinheiro
P2145,Camiseta Masculina,523.23,271.19,252.04,NF670729,wgrphv@email.com,2026-04-24,2026-04-28,PE,40,Loja,Cartão
P2146,Camiseta Masculina,406.8,283.01,123.79,NF462931,gfmscv@email.com,2025-09-11,2025-09-13,BA,P,Online,Dinheiro
P2147,Calça Feminina,368.47,263.51,104.96,NF173804,cmjkbp@email.com,2025-04-25,2025-04-27,BA,37,Loja,Dinheiro
P2148,Camiseta Feminina,389.79,211.49,178.3,NF393995,wucgtt@email.com,2025-08-12,2025-08-13,PB,M,Online,Boleto
P2149,Camiseta Masculina,264.39,206.75,57.64,NF265787,thladj@email.com,2025-11-15,2025-11-18,PR,38,Online,Pix
P2150,Calça Feminina,183.59,122.31,61.28,NF953461,caqgbt@email.com,2025-08-20,2025-08-21,SC,36,Online,Pix
P2151,Camiseta Feminina,245.42,187.92,57.5,NF310465,vkvxqt@email.com,2025-06-05,2025-06-06,PE,40,Online,Dinheiro
P2152,Calça Feminina,358.95,213.21,145.74,NF707615,ogflpp@email.com,2025-02-10,2025-02-11,SP,42,Online,Boleto
P2153,Camiseta Masculina,223.8,127.05,96.75,NF789387,xybgyj@email.com,2026-03-19,2026-03-21,RS,P,Online,Dinheiro
P2154,Calça Masculina,542.98,292.43,250.55,NF493723,eozhyt@email.com,2025-01-12,2025-01-15,RJ,42,Online,Dinheiro
P2155,Camiseta Masculina,240.42,125.45,114.97,NF506548,dyvpww@email.com,2026-02-22,2026-02-26,CE,37,Loja,Dinheiro
P2156,Tênis Feminino,198.3,140.63,57.67,NF320928,yjivln@email.com,2025-03-11,2025-03-15,PE,P,Loja,Pix
P2157,Tênis Feminino,167.17,136.17,31.0,NF948010,xahxvb@email.com,2025-04-25,2025-04-27,PB,M,Loja,Dinheiro
P2158,Tênis Feminino,160.5,89.47,71.03,NF201605,lumxuc@email.com,2025-10-11,2025-10-14,MG,G,Loja,Pix
P2159,Calça Feminina,344.0,176.43,167.57,NF812584,qeeznf@email.com,2026-01-17,2026-01-17,PB,P,Loja,Boleto
P2160,Camiseta Feminina,248.88,128.63,120.25,NF114847,yujllv@email.com,2025-08-29,2025-09-03,PB,40,Online,Dinheiro
P2161,Camiseta Feminina,165.31,119.8,45.51,NF731987,wcsuyp@email.com,2025-03-31,2025-04-01,MG,36,Loja,Pix
P2162,Calça Feminina,245.03,180.95,64.08,NF688136,mouuhl@email.com,2025-07-29,2025-07-30,CE,36,Loja,Cartão
P2163,Calça Feminina,278.57,153.64,124.93,NF658203,auluxz@email.com,2025-12-26,2025-12-28,BA,G,Loja,Boleto
P2164,Calça Masculina,367.79,288.01,79.78,NF454658,ckzkxp@email.com,2025-08-22,2025-08-25,SC,M,Online,Dinheiro
P2165,Tênis Feminino,442.92,230.54,212.38,NF170110,edprfy@email.com,2025-02-03,2025-02-04,MG,M,Loja,Cartão
P2166,Camiseta Masculina,443.58,227.73,215.85,NF900259,fomzdt@email.com,2026-04-30,2026-04-30,MG,40,Online,Boleto
P2167,Tênis Masculino,374.78,239.96,134.82,NF465296,loknzj@email.com,2025-11-09,2025-11-13,PB,38,Loja,Cartão
P2168,Camiseta Masculina,185.27,93.63,91.64,NF157078,hwjmzf@email.com,2025-05-30,2025-06-04,PE,P,Online,Pix
P2169,Calça Masculina,491.6,256.02,235.58,NF932138,wodbec@email.com,2025-01-30,2025-02-03,SP,37,Loja,Pix
P2170,Calça Feminina,335.43,268.49,66.94,NF446900,qzmtdg@email.com,2025-08-28,2025-09-01,PR,38,Online,Pix
P2171,Tênis Masculino,83.94,51.85,32.09,NF234200,nbcdym@email.com,2026-02-04,2026-02-08,SC,42,Online,Cartão
P2172,Calça Feminina,381.97,200.45,181.52,NF617570,megxob@email.com,2025-09-20,2025-09-20,PE,37,Loja,Pix
P2173,Calça Feminina,364.1,290.49,73.61,NF879266,hnixyd@email.com,2025-09-03,2025-09-08,RS,37,Loja,Pix
P2174,Calça Feminina,313.75,174.59,139.16,NF960193,lzgapf@email.com,2026-01-14,2026-01-15,PB,38,Loja,Cartão
P2175,Tênis Feminino,542.85,272.54,270.31,NF514753,hkaaze@email.com,2025-05-03,2025-05-06,PB,42,Online,Dinheiro
P2176,Calça Masculina,75.04,53.66,21.38,NF869547,xcttkq@email.com,2025-03-13,2025-03-18,PR,41,Loja,Boleto
P2177,Calça Feminina,156.65,123.78,32.87,NF729804,hcjmtn@email.com,2025-01-23,2025-01-23,MG,40,Loja,Cartão
P2178,Camiseta Feminina,145.67,117.91,27.76,NF901599,cjqlks@email.com,2025-11-29,2025-11-30,SP,38,Online,Cartão
P2179,Tênis Masculino,78.96,55.89,23.07,NF418792,mutgih@email.com,2025-06-29,2025-06-29,MG,37,Online,Boleto
P2180,Calça Masculina,90.45,57.64,32.81,NF849503,yyreze@email.com,2025-02-22,2025-02-23,MG,39,Online,Dinheiro
P2181,Calça Feminina,173.35,96.19,77.16,NF237414,ihksqh@email.com,2025-11-21,2025-11-24,RJ,39,Loja,Dinheiro
P2182,Tênis Feminino,130.94,84.51,46.43,NF887835,phsswj@email.com,2025-03-10,2025-03-10,CE,42,Loja,Boleto
P2183,Camiseta Feminina,188.0,122.05,65.95,NF164726,kqphld@email.com,2026-02-22,2026-02-23,SP,39,Loja,Dinheiro
P2184,Camiseta Feminina,389.96,261.02,128.94,NF518833,xxihwk@email.com,2025-05-14,2025-05-18,RS,G,Online,Dinheiro
P2185,Tênis Masculino,112.93,69.15,43.78,NF937879,hogugl@email.com,2025-01-27,2025-01-28,BA,38,Loja,Boleto
P2186,Calça Feminina,573.15,288.41,284.74,NF459001,nhkiye@email.com,2026-04-05,2026-04-05,PR,40,Online,Boleto
P2187,Tênis Feminino,243.98,142.42,101.56,NF281353,mhwdhw@email.com,2025-12-23,2025-12-25,CE,G,Loja,Dinheiro
P2188,Camiseta Feminina,487.54,274.59,212.95,NF982014,wqzwwi@email.com,2026-04-21,2026-04-25,RJ,38,Loja,Dinheiro
P2189,Tênis Feminino,433.3,277.67,155.63,NF606430,unljee@email.com,2026-02-17,2026-02-17,PR,37,Online,Dinheiro
P2190,Tênis Masculino,195.24,109.04,86.2,NF428165,gbzrxw@email.com,2025-02-12,2025-02-17,RS,37,Loja,Cartão
P2191,Tênis Feminino,134.08,80.43,53.65,NF731105,usnwac@email.com,2025-05-16,2025-05-17,CE,M,Loja,Pix
P2192,Calça Masculina,357.24,208.99,148.25,NF609280,fdfaxy@email.com,2025-05-20,2025-05-20,PE,36,Loja,Pix
P2193,Calça Masculina,276.8,177.75,99.05,NF534136,odbgrq@email.com,2025-11-09,2025-11-12,RJ,41,Online,Pix
P2194,Camiseta Feminina,181.96,146.81,35.15,NF776141,ypvtev@email.com,2025-06-02,2025-06-02,RJ,G,Loja,Boleto
P2195,Calça Feminina,158.06,125.98,32.08,NF831561,pybsms@email.com,2026-02-14,2026-02-14,RS,M,Online,Pix
P2196,Tênis Feminino,135.65,92.87,42.78,NF501181,svautd@email.com,2026-02-06,2026-02-06,SP,41,Loja,Pix
P2197,Tênis Feminino,331.22,230.15,101.07,NF697333,xqcusl@email.com,2025-06-10,2025-06-10,SP,36,Loja,Cartão
P2198,Tênis Feminino,99.66,71.42,28.24,NF190698,axbqfd@email.com,2025-01-23,2025-01-27,SP,40,Loja,Cartão
P2199,Calça Feminina,227.44,130.47,96.97,NF773014,ihrjco@email.com,2025-01-02,2025-01-06,RJ,M,Online,Dinheiro
P2200,Camiseta Feminina,414.23,242.44,171.79,NF438864,nuwsay@email.com,2026-02-03,2026-02-06,PR,40,Online,Boleto
P2201,Calça Feminina,304.11,236.85,67.26,NF780198,ynacya@email.com,2025-10-25,2025-10-30,BA,M,Loja,Cartão
P2202,Tênis Masculino,316.54,178.28,138.26,NF949333,owawpo@email.com,2026-02-23,2026-02-28,MG,39,Online,Boleto
P2203,Camiseta Masculina,408.58,214.86,193.72,NF746147,ncfacr@email.com,2025-01-09,2025-01-09,PB,37,Online,Dinheiro
P2204,Camiseta Feminina,347.14,192.74,154.4,NF496899,estltc@email.com,2025-06-30,2025-07-04,SP,M,Loja,Pix
P2205,Calça Feminina,229.09,141.1,87.99,NF677997,lpexin@email.com,2025-12-10,2025-12-11,SC,G,Loja,Pix
P2206,Calça Masculina,560.83,288.34,272.49,NF143951,pnwyey@email.com,2026-03-11,2026-03-11,PR,39,Online,Boleto
P2207,Camiseta Masculina,367.94,265.6,102.34,NF432372,zxuefi@email.com,2025-02-04,2025-02-05,SC,42,Online,Cartão
P2208,Tênis Masculino,172.97,86.96,86.01,NF740533,gwhfcf@email.com,2025-08-02,2025-08-05,SC,40,Loja,Cartão
P2209,Tênis Feminino,125.88,69.95,55.93,NF627195,jyubgx@email.com,2026-03-02,2026-03-05,PR,38,Loja,Cartão
P2210,Camiseta Feminina,297.87,218.16,79.71,NF926562,jukmot@email.com,2025-08-07,2025-08-08,PR,36,Online,Boleto
P2211,Camiseta Feminina,304.82,241.48,63.34,NF587390,nakqex@email.com,2025-11-29,2025-11-29,SP,37,Online,Pix
P2212,Camiseta Masculina,218.9,134.71,84.19,NF877603,vxrtqe@email.com,2025-01-02,2025-01-07,RJ,G,Online,Boleto
P2213,Calça Masculina,268.93,203.39,65.54,NF688012,yhsqxx@email.com,2025-08-26,2025-08-29,PR,M,Online,Cartão
P2214,Tênis Feminino,145.22,87.89,57.33,NF401884,wdolua@email.com,2025-01-06,2025-01-08,PR,M,Online,Boleto
P2215,Calça Feminina,450.19,256.85,193.34,NF877421,lmkeps@email.com,2025-08-21,2025-08-23,MG,40,Loja,Cartão
P2216,Tênis Masculino,573.02,293.08,279.94,NF283273,posgql@email.com,2025-03-30,2025-04-03,BA,38,Online,Dinheiro
P2217,Tênis Feminino,146.42,109.84,36.58,NF309424,tlsscm@email.com,2025-07-23,2025-07-26,SC,38,Online,Boleto
P2218,Camiseta Masculina,143.47,117.06,26.41,NF916848,lnpfot@email.com,2025-06-09,2025-06-14,CE,36,Loja,Dinheiro
P2219,Tênis Feminino,294.87,171.79,123.08,NF206533,nlwpcw@email.com,2025-08-28,2025-09-02,PE,38,Online,Dinheiro
P2220,Calça Masculina,408.35,232.63,175.72,NF309884,spaujq@email.com,2025-10-29,2025-10-31,RS,M,Loja,Dinheiro
P2221,Tênis Feminino,103.05,54.9,48.15,NF715164,clwnno@email.com,2025-03-18,2025-03-21,PE,G,Loja,Cartão
P2222,Tênis Feminino,279.09,147.76,131.33,NF405376,drzqnm@email.com,2026-02-21,2026-02-22,RS,40,Loja,Boleto
P2223,Tênis Feminino,147.43,109.59,37.84,NF395542,jbexxr@email.com,2025-07-04,2025-07-04,MG,39,Online,Dinheiro
P2224,Tênis Feminino,508.85,268.53,240.32,NF206230,gqisnr@email.com,2025-01-25,2025-01-28,CE,M,Online,Pix
P2225,Camiseta Masculina,228.98,138.15,90.83,NF591380,rgeqas@email.com,2025-06-11,2025-06-12,PR,42,Loja,Boleto
P2226,Calça Masculina,416.69,244.71,171.98,NF297702,okgmwq@email.com,2025-04-28,2025-05-01,BA,36,Online,Cartão
P2227,Tênis Feminino,241.63,156.73,84.9,NF902949,dsjswp@email.com,2026-02-26,2026-02-26,PB,42,Loja,Boleto
P2228,Tênis Masculino,86.32,63.18,23.14,NF694953,mdeljl@email.com,2025-04-03,2025-04-06,SC,40,Loja,Cartão
P2229,Calça Masculina,381.1,261.4,119.7,NF354897,gqrryl@email.com,2025-06-14,2025-06-18,RS,P,Online,Boleto
P2230,Camiseta Feminina,256.07,184.23,71.84,NF850662,bycbvu@email.com,2026-04-05,2026-04-07,SP,42,Loja,Dinheiro
P2231,Calça Masculina,337.81,277.6,60.21,NF817585,wrgeoh@email.com,2026-02-05,2026-02-06,BA,P,Loja,Cartão
P2232,Calça Feminina,405.96,276.98,128.98,NF837285,qzbrxn@email.com,2025-03-09,2025-03-12,PE,39,Loja,Boleto
P2233,Calça Masculina,445.58,279.93,165.65,NF641361,scnvjb@email.com,2025-06-28,2025-07-02,RS,37,Loja,Pix
P2234,Calça Masculina,125.06,63.6,61.46,NF578758,imsjtk@email.com,2025-04-26,2025-05-01,PB,40,Online,Boleto
P2235,Calça Feminina,408.71,230.5,178.21,NF954376,esusqv@email.com,2025-07-09,2025-07-13,CE,P,Online,Cartão
P2236,Camiseta Feminina,130.27,88.47,41.8,NF837516,csfvxi@email.com,2025-10-25,2025-10-30,PE,G,Online,Dinheiro
P2237,Calça Masculina,584.6,298.33,286.27,NF848124,fbmwzc@email.com,2025-06-07,2025-06-09,SC,M,Online,Cartão
P2238,Calça Feminina,149.02,75.53,73.49,NF953186,nnlvxu@email.com,2026-02-19,2026-02-21,MG,G,Online,Cartão
P2239,Calça Feminina,185.23,101.33,83.9,NF105376,yyrpdk@email.com,2025-12-12,2025-12-15,CE,41,Online,Cartão
P2240,Calça Masculina,237.9,149.6,88.3,NF166854,kahlkb@email.com,2025-03-13,2025-03-16,RJ,41,Online,Boleto
P2241,Tênis Masculino,351.03,251.86,99.17,NF803706,qiorly@email.com,2025-07-11,2025-07-16,MG,38,Online,Pix
P2242,Camiseta Masculina,107.96,59.86,48.1,NF366903,dxmytv@email.com,2025-09-30,2025-10-05,MG,42,Loja,Cartão
P2243,Calça Feminina,329.72,216.98,112.74,NF393365,cwspqp@email.com,2025-12-12,2025-12-17,BA,39,Online,Boleto
P2244,Calça Masculina,155.68,96.61,59.07,NF144503,pprvmv@email.com,2025-07-05,2025-07-08,MG,M,Online,Pix
P2245,Calça Masculina,85.24,62.09,23.15,NF942879,qkbpak@email.com,2026-04-22,2026-04-24,SC,P,Online,Boleto
P2246,Calça Feminina,322.1,263.91,58.19,NF679401,erfrcd@email.com,2025-04-27,2025-04-27,SC,M,Online,Dinheiro
P2247,Camiseta Masculina,385.1,196.35,188.75,NF618880,tshodr@email.com,2026-04-06,2026-04-08,BA,37,Loja,Dinheiro
P2248,Camiseta Feminina,265.18,202.51,62.67,NF451266,apklie@email.com,2025-01-26,2025-01-29,CE,36,Online,Cartão
P2249,Calça Feminina,296.05,204.74,91.31,NF279305,thamkq@email.com,2025-11-20,2025-11-24,PE,38,Online,Cartão
P2250,Calça Feminina,290.57,215.56,75.01,NF157915,tsfayb@email.com,2025-10-31,2025-11-02,SP,P,Online,Boleto
P2251,Camiseta Masculina,138.27,82.47,55.8,NF875367,gupnix@email.com,2025-03-06,2025-03-06,CE,M,Online,Pix
P2252,Calça Masculina,301.34,246.68,54.66,NF596045,xncdes@email.com,2025-01-20,2025-01-25,PB,40,Loja,Pix
P2253,Calça Feminina,263.62,162.61,101.01,NF292064,zwygbh@email.com,2025-03-02,2025-03-03,CE,38,Online,Boleto
P2254,Calça Feminina,195.23,121.48,73.75,NF985224,mekxog@email.com,2025-07-04,2025-07-09,PB,37,Online,Boleto
P2255,Tênis Masculino,301.28,175.39,125.89,NF735632,lbmece@email.com,2025-07-17,2025-07-22,PR,39,Online,Pix
P2256,Camiseta Masculina,135.83,89.12,46.71,NF590858,rkhqja@email.com,2026-03-02,2026-03-05,SP,40,Online,Boleto
P2257,Camiseta Feminina,103.31,54.65,48.66,NF226143,nrrrir@email.com,2025-07-15,2025-07-20,PB,P,Online,Dinheiro
P2258,Calça Masculina,161.55,128.51,33.04,NF723940,phqone@email.com,2025-12-10,2025-12-11,RS,42,Online,Dinheiro
P2259,Tênis Feminino,381.82,295.4,86.42,NF755870,ndrluo@email.com,2025-04-07,2025-04-08,SC,G,Online,Cartão
P2260,Calça Masculina,507.9,264.85,243.05,NF148171,pwydxl@email.com,2025-06-25,2025-06-27,PR,42,Loja,Cartão
P2261,Calça Masculina,231.74,135.4,96.34,NF436909,vyotfk@email.com,2026-02-24,2026-02-28,PB,40,Online,Dinheiro
P2262,Camiseta Feminina,220.63,157.2,63.43,NF223254,vluvun@email.com,2025-05-20,2025-05-22,PE,36,Online,Cartão
P2263,Calça Feminina,76.07,58.08,17.99,NF501658,gdmfer@email.com,2025-01-10,2025-01-14,BA,40,Online,Cartão
P2264,Camiseta Feminina,325.55,240.93,84.62,NF865868,ggwkuk@email.com,2025-11-03,2025-11-08,RS,36,Loja,Dinheiro
P2265,Tênis Feminino,344.97,279.48,65.49,NF481927,fwndkl@email.com,2025-06-18,2025-06-21,SC,38,Online,Cartão
P2266,Camiseta Masculina,283.31,156.17,127.14,NF213509,njhtcq@email.com,2026-02-08,2026-02-09,RJ,M,Loja,Pix
P2267,Calça Masculina,151.2,93.79,57.41,NF278924,nrohnu@email.com,2025-09-17,2025-09-20,SC,M,Loja,Pix
P2268,Tênis Feminino,251.92,152.28,99.64,NF260446,aoisrx@email.com,2025-11-02,2025-11-03,PE,40,Loja,Boleto
P2269,Camiseta Feminina,354.65,251.93,102.72,NF458776,cfbvcu@email.com,2025-11-21,2025-11-21,SP,P,Online,Boleto
P2270,Calça Feminina,475.03,298.54,176.49,NF325160,fovnzt@email.com,2026-04-17,2026-04-19,PE,P,Online,Boleto
P2271,Camiseta Masculina,305.2,166.78,138.42,NF924383,ocbzhs@email.com,2025-06-05,2025-06-05,RS,41,Loja,Cartão
P2272,Calça Feminina,214.6,139.72,74.88,NF366508,jtoayq@email.com,2026-04-23,2026-04-26,RJ,36,Loja,Cartão
P2273,Tênis Masculino,172.17,126.7,45.47,NF382004,zjzmno@email.com,2025-06-02,2025-06-02,RJ,38,Loja,Dinheiro
P2274,Camiseta Masculina,79.66,50.34,29.32,NF978231,otucmx@email.com,2026-01-08,2026-01-10,PE,40,Loja,Boleto
P2275,Calça Feminina,199.8,148.21,51.59,NF340953,afxito@email.com,2026-02-01,2026-02-02,RS,38,Loja,Cartão
P2276,Calça Feminina,430.1,260.49,169.61,NF151922,vprfcb@email.com,2025-10-17,2025-10-18,SC,41,Loja,Dinheiro
P2277,Tênis Masculino,473.74,262.9,210.84,NF213252,arekmx@email.com,2025-03-01,2025-03-01,SC,36,Loja,Dinheiro
P2278,Tênis Feminino,414.58,274.36,140.22,NF786666,tyuapr@email.com,2025-07-10,2025-07-14,PB,36,Loja,Pix
P2279,Calça Masculina,376.17,208.15,168.02,NF115816,ifogxj@email.com,2025-03-05,2025-03-06,BA,40,Loja,Pix
P2280,Camiseta Feminina,386.95,205.99,180.96,NF723325,uzdumh@email.com,2026-02-28,2026-03-04,BA,41,Loja,Pix
P2281,Calça Feminina,275.47,177.69,97.78,NF109644,vymxxq@email.com,2025-01-27,2025-01-29,MG,41,Loja,Pix
P2282,Camiseta Masculina,368.53,256.98,111.55,NF948851,zioxrz@email.com,2025-09-22,2025-09-24,BA,42,Loja,Dinheiro
P2283,Calça Masculina,420.75,232.28,188.47,NF302195,gzntrc@email.com,2025-10-22,2025-10-25,RJ,39,Online,Pix
P2284,Calça Feminina,421.9,275.55,146.35,NF235033,ewnebc@email.com,2026-01-27,2026-02-01,RS,41,Loja,Dinheiro
P2285,Camiseta Feminina,146.3,106.45,39.85,NF842583,pzwtyz@email.com,2026-02-14,2026-02-17,RJ,42,Loja,Cartão
P2286,Tênis Feminino,165.46,90.44,75.02,NF594489,fgacni@email.com,2025-02-12,2025-02-17,RS,36,Loja,Boleto
P2287,Tênis Masculino,496.57,289.26,207.31,NF180638,qgnucu@email.com,2026-04-07,2026-04-09,PE,38,Online,Pix
P2288,Camiseta Feminina,458.72,239.68,219.04,NF283975,ubkcgg@email.com,2025-01-07,2025-01-09,SP,39,Online,Pix
P2289,Camiseta Masculina,149.57,82.73,66.84,NF606560,qbargk@email.com,2025-01-06,2025-01-07,CE,41,Loja,Cartão
P2290,Calça Masculina,338.62,203.91,134.71,NF211926,gubpje@email.com,2025-05-02,2025-05-06,MG,P,Loja,Pix
P2291,Tênis Feminino,363.1,250.61,112.49,NF483813,yuhsvn@email.com,2025-03-15,2025-03-18,RS,G,Online,Dinheiro
P2292,Tênis Feminino,369.24,247.02,122.22,NF237426,hplaxo@email.com,2026-01-21,2026-01-25,PR,40,Loja,Boleto
P2293,Calça Feminina,203.49,134.9,68.59,NF210274,smkiya@email.com,2025-06-04,2025-06-07,PR,40,Loja,Cartão
P2294,Tênis Masculino,468.61,254.96,213.65,NF252578,aupkgn@email.com,2025-09-24,2025-09-25,RJ,G,Online,Pix
P2295,Tênis Masculino,123.89,102.35,21.54,NF227190,nsuddj@email.com,2025-03-24,2025-03-29,PE,39,Loja,Boleto
P2296,Calça Masculina,287.4,210.65,76.75,NF805709,miexyf@email.com,2025-09-28,2025-09-29,PE,37,Online,Pix
P2297,Calça Feminina,290.35,177.79,112.56,NF638949,ljczrz@email.com,2025-12-18,2025-12-21,PR,40,Loja,Dinheiro
P2298,Calça Feminina,265.11,154.61,110.5,NF855330,ffrezz@email.com,2025-11-20,2025-11-24,PE,G,Loja,Cartão
P2299,Tênis Masculino,381.02,191.8,189.22,NF162758,lczthn@email.com,2025-06-10,2025-06-11,MG,G,Loja,Boleto
P2300,Tênis Masculino,366.98,294.21,72.77,NF888121,qvhgqn@email.com,2025-07-24,2025-07-26,MG,39,Loja,Dinheiro
P2301,Tênis Masculino,358.39,279.27,79.12,NF275497,iomedh@email.com,2025-04-13,2025-04-16,PB,P,Loja,Dinheiro
P2302,Camiseta Masculina,231.64,148.47,83.17,NF424928,zmgkor@email.com,2025-10-14,2025-10-14,RJ,P,Online,Cartão
P2303,Tênis Feminino,305.57,169.12,136.45,NF408172,foeniv@email.com,2025-11-24,2025-11-25,CE,41,Online,Cartão
P2304,Tênis Feminino,168.23,127.19,41.04,NF778844,wutdrx@email.com,2025-12-27,2025-12-30,PR,42,Online,Cartão
P2305,Calça Masculina,132.74,72.73,60.01,NF813623,cihckb@email.com,2025-03-24,2025-03-25,MG,G,Loja,Pix
P2306,Tênis Masculino,217.5,120.43,97.07,NF347043,fqznvn@email.com,2025-10-27,2025-10-31,MG,42,Loja,Dinheiro
P2307,Camiseta Masculina,246.95,142.7,104.25,NF413565,bkigqn@email.com,2025-05-15,2025-05-17,RS,M,Online,Pix
P2308,Tênis Feminino,304.4,238.8,65.6,NF399085,fujdfr@email.com,2026-01-27,2026-01-28,SC,40,Loja,Boleto
P2309,Camiseta Feminina,445.72,252.7,193.02,NF236590,zaqxbh@email.com,2025-06-15,2025-06-18,SC,39,Loja,Dinheiro
P2310,Calça Masculina,151.4,101.57,49.83,NF564280,ysxnwx@email.com,2025-10-12,2025-10-17,PB,38,Loja,Pix
P2311,Tênis Feminino,60.89,50.63,10.26,NF688326,esafge@email.com,2025-11-14,2025-11-19,RJ,41,Online,Boleto
P2312,Tênis Feminino,261.28,193.72,67.56,NF907457,qocfnv@email.com,2025-04-28,2025-05-03,PR,42,Online,Dinheiro
P2313,Tênis Masculino,178.18,103.03,75.15,NF515931,mfjzwy@email.com,2025-06-21,2025-06-25,PE,M,Loja,Cartão
P2314,Camiseta Feminina,436.24,280.94,155.3,NF525392,tmaave@email.com,2025-10-03,2025-10-06,RS,37,Online,Cartão
P2315,Calça Masculina,279.22,182.81,96.41,NF198770,rkyorp@email.com,2025-08-24,2025-08-29,MG,40,Online,Cartão
P2316,Camiseta Masculina,209.28,115.05,94.23,NF776790,knryow@email.com,2025-06-27,2025-07-01,SP,38,Online,Boleto
P2317,Tênis Feminino,195.64,122.79,72.85,NF111452,oenxvd@email.com,2026-03-18,2026-03-18,PE,41,Online,Dinheiro
P2318,Camiseta Feminina,255.12,180.03,75.09,NF776849,uisutr@email.com,2025-06-20,2025-06-20,SC,41,Loja,Pix
P2319,Camiseta Masculina,237.85,176.46,61.39,NF344448,qykxht@email.com,2025-10-31,2025-11-02,MG,40,Online,Dinheiro
P2320,Calça Feminina,263.35,209.07,54.28,NF330213,ptmfud@email.com,2026-02-28,2026-03-02,PR,36,Loja,Boleto
P2321,Camiseta Feminina,360.06,216.4,143.66,NF581487,eqczkz@email.com,2025-12-28,2025-12-28,RS,G,Online,Boleto
P2322,Tênis Feminino,206.77,171.35,35.42,NF581238,nwwaaq@email.com,2025-10-17,2025-10-20,MG,36,Loja,Cartão
P2323,Calça Masculina,421.17,238.33,182.84,NF783292,zprarp@email.com,2026-04-03,2026-04-05,PR,40,Loja,Cartão
P2324,Tênis Masculino,451.48,293.8,157.68,NF146475,pfeyll@email.com,2026-04-03,2026-04-03,SP,39,Online,Boleto
P2325,Calça Masculina,100.32,50.5,49.82,NF528059,ognhfc@email.com,2025-10-11,2025-10-15,CE,38,Online,Pix
P2326,Camiseta Feminina,145.72,116.89,28.83,NF801861,nazsyn@email.com,2025-05-01,2025-05-05,SC,40,Online,Boleto
P2327,Camiseta Feminina,300.44,150.93,149.51,NF923752,jglznz@email.com,2025-12-10,2025-12-15,PR,G,Online,Dinheiro
P2328,Tênis Masculino,341.17,185.72,155.45,NF961397,mmdycf@email.com,2025-10-02,2025-10-05,PE,41,Loja,Pix
P2329,Tênis Feminino,256.39,196.58,59.81,NF185025,fspzvj@email.com,2025-03-09,2025-03-14,BA,G,Loja,Pix
P2330,Tênis Masculino,155.5,97.61,57.89,NF646587,jbxazn@email.com,2025-08-26,2025-08-30,PB,41,Online,Boleto
P2331,Calça Feminina,242.43,173.53,68.9,NF165135,gydxaz@email.com,2025-10-05,2025-10-09,SP,38,Online,Boleto
P2332,Calça Feminina,202.62,115.67,86.95,NF938837,vvzpai@email.com,2026-04-03,2026-04-08,BA,P,Loja,Pix
P2333,Tênis Masculino,276.96,208.64,68.32,NF596160,gpymjv@email.com,2025-09-07,2025-09-11,CE,M,Online,Pix
P2334,Tênis Feminino,141.01,109.3,31.71,NF300364,ugxwtu@email.com,2026-04-20,2026-04-23,RJ,P,Loja,Pix
P2335,Tênis Masculino,160.13,116.99,43.14,NF794032,exadjb@email.com,2025-08-06,2025-08-06,CE,39,Loja,Boleto
P2336,Tênis Masculino,176.79,92.04,84.75,NF861433,ezllaf@email.com,2025-05-31,2025-05-31,PR,40,Loja,Boleto
P2337,Calça Feminina,485.81,290.16,195.65,NF131976,plgwhp@email.com,2025-11-07,2025-11-12,PE,P,Online,Boleto
P2338,Tênis Feminino,415.01,268.04,146.97,NF211080,zjxnnh@email.com,2025-05-26,2025-05-31,CE,38,Online,Cartão
P2339,Camiseta Feminina,508.58,284.18,224.4,NF121882,kbulbr@email.com,2025-02-23,2025-02-23,SP,G,Loja,Pix
P2340,Camiseta Masculina,179.35,140.2,39.15,NF230454,xzlnzl@email.com,2025-07-12,2025-07-14,RS,41,Online,Cartão
P2341,Calça Feminina,379.42,296.43,82.99,NF898741,fnwmij@email.com,2026-01-12,2026-01-15,PR,P,Online,Pix
P2342,Calça Feminina,393.9,297.11,96.79,NF867622,matgat@email.com,2025-07-16,2025-07-20,BA,P,Online,Boleto
P2343,Tênis Masculino,257.6,192.37,65.23,NF873148,vtroty@email.com,2026-04-21,2026-04-21,CE,42,Loja,Boleto
P2344,Camiseta Masculina,224.92,133.26,91.66,NF117103,ysxibl@email.com,2026-02-12,2026-02-16,RJ,36,Loja,Boleto
P2345,Calça Masculina,96.1,73.7,22.4,NF921804,cmyvpj@email.com,2025-03-18,2025-03-22,RS,M,Loja,Cartão
P2346,Camiseta Feminina,174.61,112.86,61.75,NF555945,juymro@email.com,2025-05-17,2025-05-21,SC,36,Loja,Boleto
P2347,Tênis Feminino,73.4,58.54,14.86,NF855999,pyosio@email.com,2025-11-14,2025-11-14,PE,P,Loja,Dinheiro
P2348,Calça Feminina,480.89,248.8,232.09,NF108188,xpbdad@email.com,2025-04-17,2025-04-22,SP,40,Loja,Boleto
P2349,Tênis Masculino,151.21,111.78,39.43,NF173430,vdokhn@email.com,2026-01-14,2026-01-14,SP,41,Online,Pix
P2350,Tênis Masculino,296.51,159.46,137.05,NF391097,sqblcv@email.com,2026-02-01,2026-02-06,MG,36,Online,Boleto
P2351,Camiseta Feminina,121.57,74.27,47.3,NF482790,fmkmbb@email.com,2025-09-12,2025-09-16,RJ,38,Loja,Dinheiro
P2352,Tênis Masculino,364.82,260.3,104.52,NF798334,jigwxr@email.com,2025-03-29,2025-03-30,PR,37,Loja,Dinheiro
P2353,Calça Masculina,135.4,107.78,27.62,NF390810,pwpyul@email.com,2025-06-07,2025-06-10,RJ,41,Loja,Dinheiro
P2354,Tênis Masculino,148.01,121.11,26.9,NF938384,gzzdsh@email.com,2026-02-03,2026-02-04,SC,39,Loja,Dinheiro
P2355,Calça Feminina,176.42,119.75,56.67,NF619844,sewcxu@email.com,2025-03-03,2025-03-08,PB,37,Online,Cartão
P2356,Camiseta Feminina,536.4,277.5,258.9,NF837750,ydjlgb@email.com,2026-01-29,2026-01-29,PB,G,Online,Dinheiro
P2357,Camiseta Feminina,159.29,113.99,45.3,NF296054,pmtfpe@email.com,2026-04-21,2026-04-22,PE,40,Loja,Dinheiro
P2358,Tênis Masculino,178.83,94.61,84.22,NF626308,zmfmet@email.com,2026-01-24,2026-01-24,RJ,39,Loja,Dinheiro
P2359,Calça Feminina,102.93,82.47,20.46,NF945726,lcwgwy@email.com,2025-03-18,2025-03-23,PE,41,Online,Pix
P2360,Tênis Masculino,302.38,186.14,116.24,NF475923,usanyf@email.com,2025-12-26,2025-12-29,PR,39,Online,Cartão
P2361,Tênis Masculino,510.38,278.05,232.33,NF130402,mvokuj@email.com,2025-02-27,2025-02-27,PE,38,Online,Boleto
P2362,Camiseta Feminina,358.78,248.67,110.11,NF920625,nceaim@email.com,2025-03-27,2025-03-30,RS,37,Online,Dinheiro
P2363,Tênis Masculino,232.04,172.43,59.61,NF125138,xvgpfl@email.com,2025-08-17,2025-08-22,SP,37,Loja,Dinheiro
P2364,Tênis Feminino,325.02,253.42,71.6,NF107325,pevkvq@email.com,2026-04-22,2026-04-23,RS,38,Online,Cartão
P2365,Tênis Masculino,359.5,180.3,179.2,NF590782,bfvntu@email.com,2025-07-07,2025-07-08,SC,38,Online,Cartão
P2366,Calça Masculina,271.73,224.66,47.07,NF162823,coophy@email.com,2025-02-27,2025-02-27,PE,39,Online,Cartão
P2367,Calça Feminina,199.76,117.05,82.71,NF948808,hhggyb@email.com,2025-08-11,2025-08-15,SC,39,Loja,Cartão
P2368,Tênis Masculino,383.97,242.49,141.48,NF301891,wzeepk@email.com,2025-01-26,2025-01-26,MG,37,Loja,Boleto
P2369,Calça Masculina,70.51,51.92,18.59,NF613110,omlcga@email.com,2026-03-05,2026-03-08,RS,40,Online,Cartão
P2370,Camiseta Masculina,135.82,93.97,41.85,NF633596,ynmook@email.com,2025-02-13,2025-02-14,PR,42,Loja,Boleto
P2371,Calça Feminina,339.09,174.02,165.07,NF810322,wnkjpc@email.com,2025-10-28,2025-10-28,MG,38,Online,Boleto
P2372,Tênis Masculino,264.98,166.97,98.01,NF356145,plpjtl@email.com,2026-02-09,2026-02-09,PB,40,Online,Cartão
P2373,Camiseta Feminina,260.67,149.91,110.76,NF418166,dgpimc@email.com,2025-03-24,2025-03-27,RS,P,Loja,Boleto
P2374,Camiseta Feminina,78.28,55.62,22.66,NF611691,emulxr@email.com,2025-10-31,2025-11-02,PR,42,Online,Boleto
P2375,Tênis Masculino,138.74,101.74,37.0,NF374787,vhkuma@email.com,2025-02-14,2025-02-19,BA,G,Loja,Boleto
P2376,Calça Masculina,387.83,262.22,125.61,NF511313,kmcgpy@email.com,2025-12-09,2025-12-09,BA,41,Loja,Dinheiro
P2377,Tênis Feminino,196.76,102.66,94.1,NF214043,yjacsg@email.com,2025-11-26,2025-11-30,RJ,40,Loja,Boleto
P2378,Camiseta Masculina,272.41,156.78,115.63,NF632203,ztymlv@email.com,2026-02-02,2026-02-06,PR,P,Online,Pix
P2379,Calça Masculina,321.09,250.66,70.43,NF383501,gmvzfj@email.com,2025-04-20,2025-04-22,PR,P,Loja,Pix
P2380,Tênis Feminino,115.29,89.31,25.98,NF215811,oavrht@email.com,2025-05-19,2025-05-19,SC,36,Loja,Pix
P2381,Calça Feminina,301.79,161.79,140.0,NF366461,xvcpoy@email.com,2026-03-19,2026-03-23,SP,G,Online,Boleto
P2382,Tênis Masculino,129.73,77.12,52.61,NF671358,dzivhr@email.com,2025-02-24,2025-02-26,CE,41,Online,Boleto
P2383,Camiseta Feminina,338.63,251.79,86.84,NF996132,jmovnh@email.com,2025-02-09,2025-02-12,RJ,M,Loja,Pix
P2384,Calça Feminina,261.67,188.25,73.42,NF125429,hdnyaz@email.com,2026-01-13,2026-01-15,RJ,37,Loja,Boleto
P2385,Tênis Masculino,364.14,244.05,120.09,NF986389,glqxmo@email.com,2025-07-10,2025-07-14,CE,36,Loja,Boleto
P2386,Calça Masculina,449.32,259.9,189.42,NF522640,enzkct@email.com,2025-11-09,2025-11-13,MG,37,Online,Cartão
P2387,Camiseta Masculina,305.64,178.73,126.91,NF517731,gjhssh@email.com,2025-07-25,2025-07-25,SC,38,Loja,Boleto
P2388,Camiseta Feminina,104.09,80.84,23.25,NF487293,jyyfbd@email.com,2025-12-12,2025-12-12,RJ,36,Loja,Boleto
P2389,Calça Feminina,155.01,108.82,46.19,NF253852,fsvifc@email.com,2026-03-24,2026-03-25,PB,36,Online,Boleto
P2390,Calça Masculina,108.08,68.22,39.86,NF514312,rvedwo@email.com,2025-01-17,2025-01-18,RS,42,Loja,Dinheiro
P2391,Tênis Feminino,143.6,105.25,38.35,NF102451,tspiub@email.com,2025-02-20,2025-02-20,SC,P,Loja,Dinheiro
P2392,Camiseta Feminina,156.89,128.11,28.78,NF401906,dymaiu@email.com,2025-09-05,2025-09-09,SP,39,Loja,Dinheiro
P2393,Tênis Masculino,254.2,178.87,75.33,NF415212,vrfgyi@email.com,2025-05-05,2025-05-06,RS,40,Loja,Boleto
P2394,Camiseta Feminina,146.01,84.49,61.52,NF240860,rbphjj@email.com,2025-10-06,2025-10-11,BA,39,Loja,Pix
P2395,Camiseta Feminina,142.12,91.22,50.9,NF213174,prdsib@email.com,2026-02-05,2026-02-07,RJ,G,Online,Boleto
P2396,Tênis Feminino,244.36,129.82,114.54,NF292027,mdrpdu@email.com,2026-04-03,2026-04-05,RS,M,Loja,Boleto
P2397,Camiseta Masculina,404.43,209.62,194.81,NF677163,rizodq@email.com,2025-08-11,2025-08-14,PR,39,Online,Boleto
P2398,Calça Masculina,298.03,198.68,99.35,NF650386,nbpprm@email.com,2025-10-07,2025-10-10,CE,37,Online,Pix
P2399,Calça Masculina,157.68,80.86,76.82,NF317783,naujak@email.com,2025-02-03,2025-02-03,RJ,38,Loja,Boleto
P2400,Calça Masculina,109.54,84.08,25.46,NF278685,qibqeb@email.com,2025-10-10,2025-10-15,PE,37,Online,Dinheiro
P2401,Camiseta Masculina,308.52,159.4,149.12,NF237146,mmlpcm@email.com,2025-02-19,2025-02-19,RJ,P,Online,Cartão
P2402,Camiseta Masculina,135.4,86.12,49.28,NF354825,fgxctn@email.com,2025-07-16,2025-07-20,RJ,38,Loja,Pix
P2403,Calça Masculina,126.65,87.22,39.43,NF398110,zqupmy@email.com,2025-03-01,2025-03-05,PE,36,Loja,Pix
P2404,Tênis Feminino,191.81,123.81,68.0,NF196900,zhkgkk@email.com,2025-08-25,2025-08-29,MG,P,Loja,Dinheiro
P2405,Tênis Feminino,349.95,232.84,117.11,NF828328,jkwvlv@email.com,2026-02-20,2026-02-21,MG,36,Online,Boleto
P2406,Camiseta Masculina,208.82,138.94,69.88,NF641867,jflcom@email.com,2025-06-19,2025-06-22,PE,P,Loja,Dinheiro
P2407,Camiseta Feminina,143.72,88.67,55.05,NF155319,hhjxie@email.com,2025-08-07,2025-08-08,RJ,37,Loja,Cartão
P2408,Camiseta Masculina,226.27,135.89,90.38,NF105997,rrdjll@email.com,2026-04-08,2026-04-09,MG,38,Online,Dinheiro
P2409,Calça Feminina,463.38,287.47,175.91,NF923783,miwngz@email.com,2025-10-07,2025-10-11,PE,39,Online,Pix
P2410,Camiseta Feminina,260.3,172.69,87.61,NF875935,pcszca@email.com,2025-08-15,2025-08-19,RJ,P,Online,Cartão
P2411,Calça Feminina,274.18,220.27,53.91,NF303073,hilcij@email.com,2026-02-06,2026-02-11,RS,M,Loja,Dinheiro
P2412,Camiseta Feminina,390.27,241.66,148.61,NF744047,yhivbn@email.com,2025-07-24,2025-07-26,MG,38,Online,Cartão
P2413,Tênis Feminino,192.81,110.73,82.08,NF801497,npyvcv@email.com,2026-04-03,2026-04-05,PE,41,Online,Pix
P2414,Tênis Masculino,319.0,216.78,102.22,NF178781,pfmftl@email.com,2025-02-25,2025-02-25,PB,37,Online,Boleto
P2415,Calça Masculina,398.34,264.91,133.43,NF404078,knrvcu@email.com,2025-07-18,2025-07-21,PR,41,Loja,Pix
P2416,Camiseta Feminina,289.21,153.29,135.92,NF501604,rzjzjg@email.com,2025-05-19,2025-05-22,SC,39,Loja,Dinheiro
P2417,Camiseta Masculina,109.77,86.39,23.38,NF737049,twphcd@email.com,2025-07-27,2025-07-27,CE,41,Loja,Pix
P2418,Tênis Feminino,311.41,222.6,88.81,NF868497,tavwdb@email.com,2025-08-15,2025-08-20,PB,P,Online,Cartão
P2419,Camiseta Feminina,157.05,116.24,40.81,NF700985,fkncsn@email.com,2026-03-03,2026-03-07,CE,40,Loja,Dinheiro
P2420,Tênis Feminino,62.36,51.3,11.06,NF827813,vcdzxg@email.com,2025-09-25,2025-09-27,SC,41,Online,Boleto
P2421,Camiseta Masculina,354.53,227.26,127.27,NF761235,yosebl@email.com,2026-04-14,2026-04-19,CE,40,Loja,Cartão
P2422,Tênis Masculino,225.47,129.28,96.19,NF446757,zzkgft@email.com,2025-12-23,2025-12-24,SP,37,Loja,Pix
P2423,Camiseta Masculina,268.57,144.43,124.14,NF229915,cjhduc@email.com,2025-09-04,2025-09-05,PR,37,Online,Pix
P2424,Camiseta Feminina,367.31,184.9,182.41,NF495731,iigpnq@email.com,2026-03-31,2026-04-02,MG,P,Loja,Dinheiro
P2425,Calça Masculina,298.86,233.08,65.78,NF414108,sioyey@email.com,2025-10-26,2025-10-26,PR,P,Online,Cartão
P2426,Camiseta Masculina,264.24,218.36,45.88,NF415738,mdyjuv@email.com,2025-10-06,2025-10-10,PB,38,Loja,Boleto
P2427,Tênis Masculino,303.48,218.23,85.25,NF926960,jbzhco@email.com,2025-03-18,2025-03-20,SC,G,Online,Dinheiro
P2428,Tênis Feminino,372.5,187.84,184.66,NF408801,qxnxba@email.com,2026-01-06,2026-01-07,PR,40,Online,Pix
P2429,Calça Masculina,337.64,251.75,85.89,NF415210,raihng@email.com,2025-04-13,2025-04-15,CE,P,Loja,Boleto
P2430,Tênis Masculino,138.09,111.51,26.58,NF140383,kygmch@email.com,2026-01-25,2026-01-26,RJ,41,Loja,Cartão
P2431,Camiseta Masculina,476.23,271.64,204.59,NF428312,wnpetc@email.com,2025-05-21,2025-05-22,SC,P,Loja,Dinheiro
P2432,Calça Masculina,412.15,275.31,136.84,NF195530,seukgc@email.com,2025-05-14,2025-05-15,SC,41,Online,Cartão
P2433,Tênis Feminino,313.82,218.09,95.73,NF429463,cmcimy@email.com,2025-01-05,2025-01-06,PR,36,Loja,Pix
P2434,Camiseta Feminina,361.57,298.21,63.36,NF723430,zsjdyu@email.com,2025-12-03,2025-12-07,BA,36,Online,Boleto
P2435,Calça Feminina,264.7,198.11,66.59,NF769450,pbfeqh@email.com,2025-01-10,2025-01-15,RJ,40,Loja,Cartão
P2436,Camiseta Masculina,156.49,79.84,76.65,NF934449,dkwjwk@email.com,2025-02-27,2025-03-03,BA,G,Loja,Cartão
P2437,Tênis Feminino,173.94,98.52,75.42,NF764332,huhwwq@email.com,2025-06-02,2025-06-04,MG,36,Loja,Boleto
P2438,Tênis Feminino,80.66,60.77,19.89,NF577671,hknkue@email.com,2025-08-01,2025-08-04,RJ,41,Loja,Cartão
P2439,Calça Masculina,321.75,211.0,110.75,NF245930,opxhdd@email.com,2025-10-27,2025-10-31,SC,42,Online,Pix
P2440,Tênis Masculino,209.2,140.4,68.8,NF706946,xwqnrh@email.com,2025-08-07,2025-08-11,RS,40,Online,Pix
P2441,Tênis Masculino,478.6,250.98,227.62,NF647148,sghhic@email.com,2026-04-29,2026-05-03,SC,41,Online,Pix
P2442,Calça Masculina,82.56,63.71,18.85,NF827273,ahdxwr@email.com,2025-08-05,2025-08-09,RS,42,Loja,Pix
P2443,Camiseta Masculina,137.74,98.14,39.6,NF130339,lqwhbg@email.com,2025-01-10,2025-01-10,CE,41,Online,Cartão
P2444,Camiseta Feminina,273.66,155.48,118.18,NF642036,amzbfh@email.com,2025-11-04,2025-11-07,RJ,37,Online,Pix
P2445,Tênis Feminino,118.14,59.54,58.6,NF624414,capaby@email.com,2025-02-17,2025-02-18,PE,40,Online,Dinheiro
P2446,Camiseta Feminina,461.46,282.24,179.22,NF678906,whfgkv@email.com,2025-07-03,2025-07-07,RS,37,Loja,Cartão
P2447,Camiseta Masculina,453.85,228.34,225.51,NF369875,ahdfpf@email.com,2025-11-09,2025-11-12,PR,39,Online,Cartão
P2448,Calça Feminina,139.02,102.4,36.62,NF795073,addahw@email.com,2025-02-27,2025-03-04,CE,39,Loja,Dinheiro
P2449,Calça Masculina,107.39,86.01,21.38,NF158767,zxujsk@email.com,2025-12-02,2025-12-05,RJ,41,Loja,Pix
P2450,Calça Masculina,161.08,127.7,33.38,NF772593,wrewxt@email.com,2025-02-05,2025-02-06,PR,38,Loja,Dinheiro
P2451,Tênis Masculino,100.32,52.37,47.95,NF381222,vxfmnj@email.com,2025-09-26,2025-09-30,PB,38,Online,Boleto
P2452,Camiseta Masculina,380.01,269.37,110.64,NF854787,vfuogc@email.com,2025-05-30,2025-06-04,SP,37,Loja,Pix
P2453,Calça Feminina,345.51,198.1,147.41,NF619969,xfelba@email.com,2026-01-20,2026-01-21,SP,42,Loja,Cartão
P2454,Tênis Masculino,65.95,54.9,11.05,NF816835,arunvv@email.com,2025-06-23,2025-06-25,SP,37,Loja,Cartão
P2455,Calça Feminina,286.7,221.86,64.84,NF535816,lpdtib@email.com,2026-01-24,2026-01-24,PR,G,Loja,Pix
P2456,Calça Feminina,404.08,273.04,131.04,NF492898,dxclia@email.com,2025-07-07,2025-07-09,PB,M,Online,Dinheiro
P2457,Tênis Feminino,253.86,193.0,60.86,NF949946,ssxdqc@email.com,2026-03-25,2026-03-27,SP,41,Loja,Pix
P2458,Camiseta Masculina,302.67,181.25,121.42,NF675849,ghruhr@email.com,2025-01-10,2025-01-11,PE,P,Online,Pix
P2459,Tênis Feminino,75.51,55.07,20.44,NF258570,wcdhnt@email.com,2025-08-21,2025-08-26,RJ,G,Loja,Boleto
P2460,Calça Feminina,133.87,111.44,22.43,NF785142,fnbhha@email.com,2025-10-12,2025-10-17,RS,38,Online,Pix
P2461,Camiseta Feminina,310.78,248.69,62.09,NF811204,durnvc@email.com,2025-11-18,2025-11-20,PR,41,Loja,Pix
P2462,Tênis Feminino,175.62,121.81,53.81,NF497290,ezfapo@email.com,2025-05-14,2025-05-19,RJ,38,Loja,Pix
P2463,Calça Masculina,540.25,284.72,255.53,NF855519,osccsp@email.com,2026-02-05,2026-02-06,CE,42,Online,Dinheiro
P2464,Camiseta Masculina,186.27,108.38,77.89,NF997040,nqelgj@email.com,2025-02-03,2025-02-04,PB,41,Loja,Pix
P2465,Tênis Feminino,151.53,101.51,50.02,NF928058,dmwgfg@email.com,2025-03-08,2025-03-11,RJ,41,Online,Boleto
P2466,Camiseta Feminina,300.63,182.21,118.42,NF273570,ebpjaw@email.com,2025-06-02,2025-06-05,RS,P,Online,Boleto
P2467,Camiseta Feminina,516.23,292.07,224.16,NF683842,dfdrkj@email.com,2025-07-11,2025-07-12,RS,39,Loja,Cartão
P2468,Calça Masculina,524.07,273.38,250.69,NF414848,bojhxc@email.com,2025-03-05,2025-03-10,PR,M,Loja,Cartão
P2469,Camiseta Feminina,204.57,102.36,102.21,NF888659,cmrcdc@email.com,2025-05-15,2025-05-19,RJ,M,Loja,Cartão
P2470,Camiseta Feminina,141.72,81.31,60.41,NF168172,pfzusl@email.com,2025-01-18,2025-01-23,RS,41,Loja,Boleto
P2471,Calça Masculina,286.73,185.12,101.61,NF710314,nyhdxk@email.com,2025-04-02,2025-04-06,SC,M,Online,Pix
P2472,Camiseta Feminina,114.25,92.11,22.14,NF653476,gbpwsn@email.com,2025-05-21,2025-05-24,PB,M,Loja,Cartão
P2473,Tênis Feminino,174.18,107.24,66.94,NF205369,wydsnz@email.com,2025-09-18,2025-09-18,RS,41,Loja,Boleto
P2474,Calça Masculina,297.91,157.99,139.92,NF779039,jvnkya@email.com,2025-08-24,2025-08-24,RS,40,Online,Cartão
P2475,Calça Feminina,103.27,64.6,38.67,NF865006,bhqsfb@email.com,2025-08-29,2025-09-03,PR,G,Online,Dinheiro
P2476,Camiseta Masculina,250.26,137.21,113.05,NF233012,pmbhuq@email.com,2025-07-21,2025-07-22,BA,P,Loja,Pix
P2477,Calça Feminina,394.68,264.42,130.26,NF642458,qkwjcb@email.com,2026-04-17,2026-04-20,BA,36,Online,Dinheiro
P2478,Calça Feminina,191.91,146.0,45.91,NF760991,bowtvh@email.com,2025-01-19,2025-01-22,MG,38,Online,Pix
P2479,Calça Masculina,323.48,191.48,132.0,NF695787,oakexy@email.com,2026-04-02,2026-04-04,BA,42,Loja,Dinheiro
P2480,Calça Masculina,115.99,77.06,38.93,NF785434,ueuyss@email.com,2025-02-19,2025-02-20,SC,37,Online,Cartão
P2481,Camiseta Masculina,452.14,227.9,224.24,NF741680,mwknhl@email.com,2025-07-05,2025-07-09,PB,M,Online,Boleto
P2482,Tênis Feminino,328.03,205.51,122.52,NF102176,nhsjld@email.com,2025-08-24,2025-08-26,CE,36,Online,Pix
P2483,Camiseta Feminina,528.83,274.06,254.77,NF639556,hnhhxp@email.com,2025-10-01,2025-10-01,SP,39,Loja,Cartão
P2484,Camiseta Masculina,148.18,115.7,32.48,NF968679,clwsjc@email.com,2026-03-18,2026-03-22,RS,39,Loja,Cartão
P2485,Tênis Feminino,241.23,156.96,84.27,NF830569,bkvbbc@email.com,2025-05-15,2025-05-15,SP,41,Loja,Pix
P2486,Calça Feminina,395.91,219.89,176.02,NF893721,ewumsh@email.com,2025-08-11,2025-08-14,RJ,36,Loja,Pix
P2487,Tênis Feminino,71.36,55.81,15.55,NF534481,ildqci@email.com,2025-05-21,2025-05-23,PR,41,Online,Pix
P2488,Camiseta Feminina,311.03,202.43,108.6,NF262768,ikoobz@email.com,2025-02-02,2025-02-07,MG,41,Online,Cartão
P2489,Camiseta Feminina,459.91,294.38,165.53,NF203019,qcnpqh@email.com,2025-07-30,2025-08-01,PR,37,Loja,Dinheiro
P2490,Calça Feminina,403.73,243.01,160.72,NF865641,wgzdqz@email.com,2025-08-01,2025-08-02,CE,42,Online,Dinheiro
P2491,Tênis Feminino,241.34,176.89,64.45,NF507996,wdzija@email.com,2025-04-13,2025-04-15,CE,G,Loja,Cartão
P2492,Tênis Feminino,210.73,149.44,61.29,NF150833,igjhwy@email.com,2025-01-15,2025-01-15,PE,G,Online,Cartão
P2493,Camiseta Feminina,327.77,181.33,146.44,NF839242,xzgtvg@email.com,2026-02-01,2026-02-02,PE,37,Loja,Dinheiro
P2494,Calça Feminina,364.85,245.98,118.87,NF348361,kfbpkz@email.com,2025-03-08,2025-03-10,SP,G,Online,Boleto
P2495,Tênis Feminino,316.83,231.27,85.56,NF256086,ocwqek@email.com,2025-02-18,2025-02-19,PE,40,Loja,Dinheiro
P2496,Camiseta Masculina,169.23,116.82,52.41,NF511548,qcjpzk@email.com,2025-03-13,2025-03-16,PE,M,Loja,Dinheiro
P2497,Camiseta Masculina,155.93,106.97,48.96,NF573946,cbanii@email.com,2025-11-13,2025-11-15,SP,38,Online,Dinheiro
P2498,Calça Masculina,376.57,281.88,94.69,NF490263,uzzkqg@email.com,2025-07-27,2025-07-28,CE,37,Loja,Dinheiro
P2499,Tênis Masculino,170.49,129.54,40.95,NF476560,jzhiuf@email.com,2026-01-18,2026-01-21,CE,G,Online,Dinheiro
P2500,Calça Feminina,351.54,213.51,138.03,NF381843,ymhvpc@email.com,2025-11-22,2025-11-27,RS,41,Online,Dinheiro
P2501,Tênis Feminino,167.29,132.59,34.7,NF211945,gsjpgy@email.com,2026-01-03,2026-01-06,PB,36,Loja,Dinheiro
P2502,Tênis Masculino,256.67,144.97,111.7,NF583495,yhwvwo@email.com,2026-04-14,2026-04-16,RJ,G,Online,Boleto
P2503,Tênis Feminino,305.79,199.94,105.85,NF605984,ertubp@email.com,2026-03-02,2026-03-03,RS,39,Online,Dinheiro
P2504,Camiseta Feminina,161.07,93.5,67.57,NF403794,lafwri@email.com,2025-11-05,2025-11-06,PR,M,Online,Cartão
P2505,Tênis Masculino,145.33,88.03,57.3,NF461382,dwacdk@email.com,2025-07-16,2025-07-18,RJ,41,Loja,Boleto
P2506,Tênis Masculino,280.07,221.24,58.83,NF168994,dqxnii@email.com,2025-11-23,2025-11-28,PB,37,Online,Cartão
P2507,Calça Masculina,359.93,191.88,168.05,NF291430,ddzhpp@email.com,2025-10-26,2025-10-29,RJ,38,Online,Pix
P2508,Calça Masculina,367.05,195.53,171.52,NF347337,ufmyvj@email.com,2025-01-11,2025-01-11,PE,38,Online,Boleto
P2509,Tênis Masculino,300.24,193.78,106.46,NF618893,rxdfrn@email.com,2026-02-25,2026-02-27,PB,P,Loja,Boleto
P2510,Calça Masculina,358.72,273.28,85.44,NF696554,pquivx@email.com,2025-08-04,2025-08-09,PR,39,Online,Pix
P2511,Tênis Masculino,523.24,267.86,255.38,NF818798,flywnl@email.com,2025-12-01,2025-12-06,PE,G,Loja,Pix
P2512,Camiseta Masculina,452.24,265.3,186.94,NF171129,brfers@email.com,2025-08-07,2025-08-10,PR,39,Online,Dinheiro
P2513,Tênis Feminino,75.05,51.73,23.32,NF316936,yurnnq@email.com,2026-03-09,2026-03-09,BA,M,Online,Cartão
P2514,Camiseta Feminina,159.77,86.65,73.12,NF411648,eyqwvq@email.com,2025-10-29,2025-11-03,SP,G,Online,Cartão
P2515,Calça Feminina,202.83,155.74,47.09,NF757867,enfufn@email.com,2025-08-21,2025-08-25,BA,40,Online,Pix
P2516,Calça Feminina,205.84,129.33,76.51,NF575811,wpxdmr@email.com,2026-03-25,2026-03-26,SP,39,Online,Boleto
P2517,Camiseta Masculina,444.34,228.75,215.59,NF304396,owbtrj@email.com,2025-10-29,2025-11-02,SC,36,Online,Dinheiro
P2518,Tênis Masculino,374.13,193.71,180.42,NF789552,lgazgm@email.com,2025-07-25,2025-07-27,CE,M,Loja,Pix
P2519,Tênis Masculino,322.66,168.26,154.4,NF610370,gyoqiv@email.com,2025-05-10,2025-05-12,CE,M,Online,Pix
P2520,Tênis Feminino,251.02,152.0,99.02,NF238823,dqteqc@email.com,2025-04-22,2025-04-23,MG,42,Loja,Pix
P2521,Calça Feminina,358.78,204.99,153.79,NF108251,vhraiz@email.com,2026-02-13,2026-02-16,SP,41,Online,Dinheiro
P2522,Calça Feminina,292.08,163.38,128.7,NF111180,rsrlih@email.com,2025-01-09,2025-01-10,CE,M,Loja,Pix
P2523,Camiseta Masculina,88.92,58.65,30.27,NF451920,lvzrjc@email.com,2026-04-28,2026-05-03,CE,40,Loja,Cartão
P2524,Camiseta Feminina,505.11,267.6,237.51,NF236745,pngssq@email.com,2026-03-27,2026-03-28,MG,38,Loja,Boleto
P2525,Calça Feminina,421.64,260.85,160.79,NF867068,uxbemy@email.com,2026-03-02,2026-03-03,PE,P,Online,Boleto
P2526,Tênis Feminino,123.63,84.11,39.52,NF772814,ygsova@email.com,2025-12-21,2025-12-22,RJ,G,Online,Pix
P2527,Tênis Masculino,404.48,253.76,150.72,NF917356,vxcrns@email.com,2025-10-02,2025-10-03,CE,41,Loja,Pix
P2528,Tênis Masculino,142.45,103.24,39.21,NF551184,zrzubo@email.com,2025-07-19,2025-07-21,SC,37,Online,Dinheiro
P2529,Tênis Masculino,476.87,272.13,204.74,NF663846,ppssfm@email.com,2025-02-14,2025-02-18,CE,38,Online,Boleto
P2530,Camiseta Masculina,198.22,103.04,95.18,NF449731,yjvqcv@email.com,2026-04-08,2026-04-12,RJ,37,Online,Pix
P2531,Tênis Masculino,295.1,180.82,114.28,NF587513,wdxozg@email.com,2025-01-17,2025-01-22,MG,37,Loja,Dinheiro
P2532,Camiseta Masculina,61.27,50.04,11.23,NF591237,qowgfc@email.com,2025-12-28,2025-12-29,PR,37,Online,Dinheiro
P2533,Tênis Feminino,224.94,160.86,64.08,NF972192,iuffyk@email.com,2025-11-28,2025-12-02,MG,G,Online,Pix
P2534,Camiseta Feminina,261.63,157.08,104.55,NF633904,imtgsw@email.com,2025-09-05,2025-09-05,RJ,G,Loja,Pix
P2535,Calça Feminina,358.64,187.29,171.35,NF618485,jamaqc@email.com,2026-04-15,2026-04-19,SP,38,Loja,Boleto
P2536,Tênis Masculino,296.89,183.71,113.18,NF630829,gxlrwu@email.com,2026-03-31,2026-04-03,RS,39,Online,Boleto
P2537,Calça Masculina,454.77,261.05,193.72,NF471158,voctev@email.com,2025-02-11,2025-02-14,SC,39,Online,Cartão
P2538,Calça Masculina,370.6,275.63,94.97,NF801485,otlurk@email.com,2025-04-25,2025-04-29,RJ,38,Online,Cartão
P2539,Tênis Feminino,214.59,122.54,92.05,NF644983,axukgm@email.com,2025-02-05,2025-02-06,PB,39,Online,Cartão
P2540,Camiseta Feminina,456.34,295.1,161.24,NF403855,brpynu@email.com,2025-09-03,2025-09-03,RS,36,Online,Boleto
P2541,Tênis Masculino,116.74,87.66,29.08,NF551652,dtyuct@email.com,2025-08-22,2025-08-24,BA,M,Online,Boleto
P2542,Tênis Masculino,229.01,167.56,61.45,NF896746,zxohqi@email.com,2026-01-01,2026-01-06,PE,42,Loja,Dinheiro
P2543,Tênis Feminino,337.7,247.94,89.76,NF825442,thzgvy@email.com,2025-08-10,2025-08-10,RS,38,Online,Boleto
P2544,Calça Feminina,330.65,187.32,143.33,NF191243,hozqxs@email.com,2026-01-10,2026-01-10,RS,37,Online,Cartão
P2545,Calça Masculina,333.85,223.02,110.83,NF868903,ysbujs@email.com,2025-12-05,2025-12-09,BA,39,Loja,Boleto
P2546,Camiseta Feminina,106.09,75.27,30.82,NF893905,lqfhff@email.com,2025-12-19,2025-12-23,RS,M,Online,Boleto
P2547,Calça Feminina,133.6,101.01,32.59,NF268132,pmzdos@email.com,2025-09-29,2025-10-02,SC,P,Loja,Cartão
P2548,Tênis Feminino,344.1,214.26,129.84,NF986460,wwxhus@email.com,2025-12-03,2025-12-05,SC,39,Online,Boleto
P2549,Calça Masculina,366.58,268.13,98.45,NF302112,lruwbz@email.com,2026-01-24,2026-01-28,PB,42,Online,Cartão
P2550,Tênis Feminino,357.6,246.01,111.59,NF604024,hklrxt@email.com,2025-09-03,2025-09-08,MG,P,Online,Dinheiro
P2551,Tênis Masculino,228.11,176.17,51.94,NF584181,mnhuxx@email.com,2025-08-15,2025-08-18,CE,40,Loja,Dinheiro
P2552,Camiseta Feminina,350.15,239.61,110.54,NF848126,ryeavx@email.com,2025-08-22,2025-08-26,SC,37,Online,Pix
P2553,Tênis Masculino,328.35,165.52,162.83,NF830025,aaeqmh@email.com,2026-03-13,2026-03-13,PR,P,Loja,Cartão
P2554,Tênis Masculino,159.78,93.85,65.93,NF390570,yrrdbx@email.com,2026-03-27,2026-03-27,RJ,42,Loja,Boleto
P2555,Calça Masculina,182.49,142.66,39.83,NF995134,wgfgde@email.com,2025-06-17,2025-06-21,SC,P,Online,Boleto
P2556,Camiseta Masculina,567.7,284.43,283.27,NF622862,laqmpu@email.com,2025-03-27,2025-04-01,BA,39,Loja,Pix
P2557,Tênis Masculino,198.56,126.74,71.82,NF631995,iydguj@email.com,2026-04-18,2026-04-22,PB,42,Loja,Dinheiro
P2558,Tênis Masculino,128.1,84.44,43.66,NF528095,owgrsj@email.com,2025-04-30,2025-04-30,CE,G,Online,Dinheiro
P2559,Camiseta Masculina,338.72,252.75,85.97,NF874678,hqgozo@email.com,2025-12-10,2025-12-12,SP,40,Online,Dinheiro
P2560,Tênis Masculino,343.62,192.27,151.35,NF105832,woqqti@email.com,2025-04-20,2025-04-23,MG,41,Online,Boleto
P2561,Tênis Masculino,210.73,172.18,38.55,NF344679,zolhml@email.com,2025-01-15,2025-01-15,BA,G,Loja,Boleto
P2562,Camiseta Masculina,244.24,156.19,88.05,NF686886,utvhuh@email.com,2026-04-12,2026-04-13,RJ,41,Online,Pix
P2563,Tênis Masculino,152.95,87.48,65.47,NF700225,bqdukj@email.com,2026-04-15,2026-04-20,BA,36,Loja,Cartão
P2564,Tênis Feminino,344.18,230.49,113.69,NF752778,sgesbz@email.com,2025-01-13,2025-01-17,MG,36,Loja,Boleto
P2565,Tênis Masculino,321.38,237.44,83.94,NF528129,ugxrte@email.com,2025-10-29,2025-11-01,MG,37,Online,Pix
P2566,Tênis Feminino,94.73,58.72,36.01,NF642551,yvgjyh@email.com,2025-03-18,2025-03-22,PB,42,Online,Dinheiro
P2567,Camiseta Feminina,295.49,209.06,86.43,NF184942,okqmoh@email.com,2025-07-07,2025-07-12,SC,38,Loja,Cartão
P2568,Camiseta Masculina,446.75,238.54,208.21,NF924252,wqqkyt@email.com,2025-07-01,2025-07-04,SC,39,Loja,Boleto
P2569,Calça Masculina,385.21,193.69,191.52,NF940669,hqfdau@email.com,2025-05-24,2025-05-26,RS,M,Loja,Dinheiro
P2570,Tênis Feminino,200.8,152.27,48.53,NF889447,uaqvga@email.com,2026-04-25,2026-04-25,PB,M,Online,Pix
P2571,Tênis Feminino,99.83,82.57,17.26,NF284434,gmmdek@email.com,2025-05-23,2025-05-26,PB,37,Loja,Pix
P2572,Camiseta Masculina,112.25,57.68,54.57,NF676826,kjihry@email.com,2026-02-24,2026-02-24,MG,39,Loja,Boleto
P2573,Calça Feminina,430.21,254.54,175.67,NF426068,rwboek@email.com,2025-11-27,2025-11-27,SP,41,Online,Boleto
P2574,Camiseta Masculina,288.35,151.22,137.13,NF747517,tlsmqb@email.com,2025-12-28,2026-01-02,SC,P,Loja,Cartão
P2575,Camiseta Masculina,272.21,136.3,135.91,NF146055,eofxin@email.com,2026-02-20,2026-02-25,RJ,40,Online,Cartão
P2576,Camiseta Feminina,186.3,105.62,80.68,NF488518,qphqmj@email.com,2025-10-15,2025-10-17,CE,36,Loja,Pix
P2577,Tênis Masculino,142.03,107.0,35.03,NF143235,nuulbf@email.com,2025-03-13,2025-03-16,CE,38,Loja,Pix
P2578,Calça Masculina,246.14,164.03,82.11,NF138043,lgqbhz@email.com,2025-09-15,2025-09-19,RJ,38,Loja,Cartão
P2579,Calça Feminina,260.81,132.5,128.31,NF432869,pbyqct@email.com,2025-03-08,2025-03-11,CE,G,Loja,Boleto
P2580,Calça Masculina,84.69,67.09,17.6,NF834666,pnciih@email.com,2026-02-07,2026-02-10,MG,37,Online,Dinheiro
P2581,Tênis Feminino,155.36,96.48,58.88,NF616742,blrwkn@email.com,2025-05-29,2025-06-03,MG,40,Online,Dinheiro
P2582,Calça Feminina,415.62,250.78,164.84,NF868723,tstjoo@email.com,2026-04-30,2026-05-03,RS,39,Online,Boleto
P2583,Tênis Masculino,508.05,274.83,233.22,NF325022,vdjybx@email.com,2025-11-28,2025-12-02,SC,M,Online,Cartão
P2584,Calça Feminina,148.63,95.34,53.29,NF281206,whfwnj@email.com,2025-10-30,2025-10-30,RJ,G,Loja,Boleto
P2585,Tênis Feminino,156.9,108.62,48.28,NF285584,zjsnbu@email.com,2026-04-26,2026-04-29,PB,42,Loja,Cartão
P2586,Calça Masculina,327.53,174.97,152.56,NF109683,ijrqus@email.com,2025-08-05,2025-08-05,SP,G,Online,Pix
P2587,Tênis Feminino,252.96,204.38,48.58,NF340612,tugrnu@email.com,2025-03-16,2025-03-21,PE,40,Loja,Boleto
P2588,Calça Masculina,397.91,265.22,132.69,NF894490,wjclgs@email.com,2025-07-09,2025-07-09,RS,36,Online,Pix
P2589,Camiseta Feminina,398.76,208.34,190.42,NF484366,qaknrr@email.com,2025-12-29,2025-12-31,RS,38,Loja,Pix
P2590,Tênis Feminino,250.53,134.85,115.68,NF404459,hpoogx@email.com,2026-04-04,2026-04-09,MG,G,Loja,Cartão
P2591,Tênis Masculino,176.96,108.74,68.22,NF396434,lydqjv@email.com,2026-02-22,2026-02-22,PE,G,Loja,Boleto
P2592,Tênis Masculino,101.37,82.06,19.31,NF197533,nyldge@email.com,2026-01-08,2026-01-11,RS,40,Loja,Cartão
P2593,Calça Feminina,220.73,130.92,89.81,NF299341,txumcr@email.com,2025-10-31,2025-11-04,PR,36,Loja,Dinheiro
P2594,Tênis Masculino,243.74,200.37,43.37,NF482281,rijgvl@email.com,2026-03-26,2026-03-27,PE,36,Online,Cartão
P2595,Camiseta Masculina,465.98,299.39,166.59,NF179556,itgdfn@email.com,2025-08-20,2025-08-24,RJ,36,Online,Dinheiro
P2596,Tênis Feminino,467.3,258.91,208.39,NF803050,tqrwri@email.com,2026-03-04,2026-03-04,RS,40,Loja,Dinheiro
P2597,Camiseta Feminina,278.93,164.44,114.49,NF546075,mjviab@email.com,2025-10-31,2025-10-31,RJ,37,Online,Boleto
P2598,Tênis Feminino,459.72,267.86,191.86,NF846213,icwmco@email.com,2026-01-10,2026-01-13,CE,M,Online,Cartão
P2599,Calça Masculina,159.37,91.17,68.2,NF277983,pdpqxu@email.com,2026-03-17,2026-03-18,MG,M,Online,Dinheiro
P2600,Camiseta Masculina,403.1,256.25,146.85,NF697987,ejtnvs@email.com,2025-06-07,2025-06-07,RJ,M,Loja,Pix
P2601,Tênis Feminino,171.06,130.88,40.18,NF832460,pbfihd@email.com,2025-04-10,2025-04-13,SP,42,Loja,Dinheiro
P2602,Calça Masculina,284.27,179.16,105.11,NF335226,qocwpi@email.com,2025-03-27,2025-03-30,MG,39,Loja,Pix
P2603,Camiseta Feminina,334.39,195.35,139.04,NF925983,kqgkou@email.com,2025-01-28,2025-01-29,PR,40,Loja,Cartão
P2604,Tênis Feminino,203.65,127.18,76.47,NF271988,xmkpsq@email.com,2026-01-28,2026-01-31,RS,41,Online,Cartão
P2605,Calça Feminina,467.95,247.26,220.69,NF833943,gbibhs@email.com,2026-02-02,2026-02-04,SP,G,Loja,Dinheiro
P2606,Calça Feminina,416.64,277.84,138.8,NF541807,fxlgil@email.com,2025-08-19,2025-08-24,CE,40,Loja,Boleto
P2607,Calça Feminina,555.43,297.0,258.43,NF251819,ozgxbb@email.com,2026-02-20,2026-02-21,RS,39,Loja,Dinheiro
P2608,Tênis Masculino,424.94,288.94,136.0,NF921004,qdqtfv@email.com,2025-05-03,2025-05-08,BA,G,Loja,Boleto
P2609,Tênis Feminino,229.81,158.82,70.99,NF938032,yatobp@email.com,2025-05-30,2025-06-04,CE,39,Online,Boleto
P2610,Camiseta Masculina,408.83,226.33,182.5,NF689673,hvtklm@email.com,2025-10-10,2025-10-12,MG,P,Online,Pix
P2611,Camiseta Feminina,310.67,250.56,60.11,NF210773,pjwxri@email.com,2025-09-11,2025-09-15,SP,40,Online,Boleto
P2612,Tênis Feminino,416.86,276.53,140.33,NF560096,xkmjvh@email.com,2025-06-11,2025-06-16,PE,36,Loja,Boleto
P2613,Tênis Masculino,410.45,241.37,169.08,NF710506,xqxbva@email.com,2025-04-16,2025-04-21,SP,39,Online,Dinheiro
P2614,Camiseta Feminina,319.15,217.68,101.47,NF116474,avqpex@email.com,2026-02-26,2026-03-02,SP,36,Online,Boleto
P2615,Calça Feminina,341.98,277.48,64.5,NF482194,oytqcd@email.com,2025-12-18,2025-12-20,PE,M,Loja,Pix
P2616,Tênis Feminino,260.64,192.13,68.51,NF501366,qiwfzy@email.com,2025-04-21,2025-04-26,SC,39,Loja,Pix
P2617,Camiseta Masculina,319.15,258.23,60.92,NF862437,oefazl@email.com,2025-07-14,2025-07-14,PR,M,Online,Cartão
P2618,Camiseta Masculina,320.49,206.59,113.9,NF382741,lcnobh@email.com,2026-04-19,2026-04-23,CE,42,Loja,Boleto
P2619,Calça Masculina,388.14,291.57,96.57,NF927112,phworh@email.com,2025-08-22,2025-08-26,SC,38,Loja,Boleto
P2620,Calça Masculina,144.07,90.04,54.03,NF538799,fretnv@email.com,2025-06-02,2025-06-03,PB,36,Online,Cartão
P2621,Camiseta Feminina,258.48,207.12,51.36,NF400228,flzgla@email.com,2026-02-13,2026-02-18,PE,41,Online,Dinheiro
P2622,Tênis Feminino,268.33,169.78,98.55,NF338811,poseec@email.com,2025-07-22,2025-07-24,PR,40,Online,Cartão
P2623,Tênis Masculino,345.8,227.2,118.6,NF334437,sgslig@email.com,2025-12-28,2025-12-30,CE,40,Loja,Pix
P2624,Calça Feminina,143.5,87.1,56.4,NF615703,vcxbge@email.com,2025-10-02,2025-10-07,PB,M,Online,Boleto
P2625,Tênis Feminino,269.08,222.43,46.65,NF105967,ypxesq@email.com,2025-08-28,2025-09-02,CE,39,Loja,Cartão
P2626,Tênis Masculino,100.03,79.96,20.07,NF923779,uwpscn@email.com,2025-12-25,2025-12-27,BA,41,Online,Cartão
P2627,Calça Feminina,221.83,184.67,37.16,NF732663,itzjey@email.com,2025-06-24,2025-06-26,PB,38,Online,Cartão
P2628,Calça Masculina,271.05,161.58,109.47,NF673122,uhdczx@email.com,2026-01-17,2026-01-17,SC,39,Loja,Pix
P2629,Tênis Masculino,258.11,172.66,85.45,NF934810,ofpvlw@email.com,2025-05-01,2025-05-03,SP,41,Online,Cartão
P2630,Camiseta Feminina,268.03,169.89,98.14,NF643034,fqyewm@email.com,2025-06-11,2025-06-14,BA,40,Loja,Dinheiro
P2631,Tênis Feminino,312.88,167.84,145.04,NF277796,oxvsgu@email.com,2025-10-27,2025-10-30,MG,40,Online,Pix
P2632,Calça Masculina,72.45,56.44,16.01,NF490707,juhkqb@email.com,2025-04-18,2025-04-20,RJ,39,Loja,Dinheiro
P2633,Camiseta Masculina,136.67,73.59,63.08,NF985361,gxafjl@email.com,2026-02-19,2026-02-21,BA,39,Online,Cartão
P2634,Calça Feminina,270.13,189.79,80.34,NF322412,ddqhgy@email.com,2025-10-19,2025-10-20,BA,G,Online,Cartão
P2635,Camiseta Feminina,437.36,222.03,215.33,NF989266,ckmyhz@email.com,2025-11-25,2025-11-27,CE,38,Loja,Cartão
P2636,Tênis Feminino,277.85,190.76,87.09,NF468596,sjuuac@email.com,2026-01-05,2026-01-05,BA,41,Loja,Pix
P2637,Tênis Feminino,314.28,175.35,138.93,NF158165,wjsrkr@email.com,2026-02-07,2026-02-09,SC,P,Loja,Pix
P2638,Calça Feminina,270.98,184.54,86.44,NF645435,npafci@email.com,2025-02-14,2025-02-19,SP,40,Loja,Boleto
P2639,Tênis Feminino,432.69,264.19,168.5,NF544474,ggayrk@email.com,2026-03-11,2026-03-12,SC,G,Loja,Boleto
P2640,Tênis Masculino,303.47,233.5,69.97,NF955362,pflirp@email.com,2025-09-12,2025-09-12,PE,36,Online,Dinheiro
P2641,Tênis Masculino,125.15,80.14,45.01,NF487082,crfxzi@email.com,2025-07-15,2025-07-16,BA,41,Online,Boleto
P2642,Camiseta Feminina,197.48,110.52,86.96,NF502069,hugesp@email.com,2026-02-06,2026-02-10,MG,38,Loja,Boleto
P2643,Calça Masculina,379.42,235.54,143.88,NF769320,ohpidn@email.com,2025-05-15,2025-05-19,RS,G,Loja,Cartão
P2644,Tênis Masculino,149.74,109.83,39.91,NF713106,cwrbyl@email.com,2025-08-07,2025-08-11,PE,37,Loja,Pix
P2645,Camiseta Masculina,128.53,86.38,42.15,NF690066,rirrqb@email.com,2026-04-22,2026-04-23,RS,M,Online,Boleto
P2646,Tênis Masculino,360.32,216.49,143.83,NF950471,riamvh@email.com,2025-04-25,2025-04-29,MG,P,Online,Pix
P2647,Tênis Feminino,191.0,101.42,89.58,NF121203,xtpaey@email.com,2026-04-09,2026-04-09,PB,40,Online,Cartão
P2648,Camiseta Masculina,284.39,235.23,49.16,NF223152,aeemnd@email.com,2025-05-29,2025-05-29,MG,P,Loja,Cartão
P2649,Calça Masculina,341.08,270.19,70.89,NF240056,fyibmv@email.com,2025-11-08,2025-11-10,RS,41,Online,Dinheiro
P2650,Camiseta Feminina,70.84,51.25,19.59,NF595011,dobzxl@email.com,2025-01-07,2025-01-08,BA,M,Loja,Pix
P2651,Tênis Masculino,398.89,253.83,145.06,NF683635,wkermk@email.com,2025-01-28,2025-02-01,SC,42,Loja,Boleto
P2652,Tênis Masculino,407.89,277.36,130.53,NF437949,owegse@email.com,2026-02-07,2026-02-12,RJ,42,Loja,Dinheiro
P2653,Tênis Masculino,500.6,286.45,214.15,NF423061,cdtzcp@email.com,2025-03-02,2025-03-04,PR,42,Loja,Dinheiro
P2654,Calça Feminina,221.88,118.33,103.55,NF856765,odojtp@email.com,2026-01-11,2026-01-13,MG,36,Online,Pix
P2655,Tênis Feminino,246.83,146.78,100.05,NF917582,yjvzqi@email.com,2025-11-26,2025-12-01,RJ,G,Online,Cartão
P2656,Camiseta Feminina,88.75,68.7,20.05,NF682184,euahjt@email.com,2025-03-19,2025-03-21,PR,G,Loja,Dinheiro
P2657,Camiseta Feminina,404.81,264.56,140.25,NF719916,qbuxks@email.com,2025-03-15,2025-03-20,BA,39,Loja,Dinheiro
P2658,Tênis Masculino,242.45,192.57,49.88,NF370695,halfnh@email.com,2025-01-13,2025-01-13,BA,38,Online,Boleto
P2659,Camiseta Masculina,323.87,177.21,146.66,NF583630,egwcdr@email.com,2026-03-18,2026-03-20,PB,37,Online,Cartão
P2660,Tênis Masculino,403.32,253.92,149.4,NF408363,rlaofa@email.com,2025-08-04,2025-08-09,SP,37,Loja,Cartão
P2661,Camiseta Feminina,493.69,298.42,195.27,NF706418,cwzhfz@email.com,2026-03-08,2026-03-09,SP,41,Loja,Cartão
P2662,Calça Masculina,261.58,143.32,118.26,NF723621,elzlxm@email.com,2025-02-01,2025-02-03,PR,G,Loja,Boleto
P2663,Calça Feminina,482.79,299.89,182.9,NF682652,iwfzey@email.com,2025-03-27,2025-03-28,SC,M,Online,Pix
P2664,Calça Feminina,309.37,236.28,73.09,NF446782,gnxpmz@email.com,2026-01-13,2026-01-15,BA,M,Online,Pix
P2665,Calça Feminina,311.2,158.93,152.27,NF550305,rqwevv@email.com,2025-07-28,2025-07-31,SC,42,Loja,Cartão
P2666,Tênis Masculino,168.62,90.64,77.98,NF851591,qprenz@email.com,2025-01-05,2025-01-09,SC,42,Loja,Cartão
P2667,Tênis Feminino,271.48,137.35,134.13,NF819742,rjmfhl@email.com,2025-07-17,2025-07-17,SP,M,Loja,Pix
P2668,Tênis Feminino,179.18,136.15,43.03,NF225554,uornbe@email.com,2026-03-18,2026-03-23,BA,41,Online,Dinheiro
P2669,Camiseta Masculina,402.03,202.46,199.57,NF238935,yyjuhd@email.com,2025-03-20,2025-03-24,BA,M,Loja,Boleto
P2670,Tênis Masculino,107.15,75.57,31.58,NF662396,iucvmc@email.com,2025-08-22,2025-08-24,MG,36,Loja,Cartão
P2671,Tênis Masculino,188.3,117.3,71.0,NF361685,prqvuq@email.com,2025-12-09,2025-12-13,RS,36,Loja,Pix
P2672,Camiseta Feminina,229.31,116.59,112.72,NF960729,imcovb@email.com,2026-03-02,2026-03-04,CE,P,Online,Pix
P2673,Calça Feminina,137.57,81.63,55.94,NF938445,ogfnza@email.com,2026-02-02,2026-02-06,MG,G,Loja,Pix
P2674,Camiseta Masculina,311.15,156.43,154.72,NF604249,otxixp@email.com,2025-08-28,2025-08-31,CE,36,Online,Cartão
P2675,Calça Masculina,117.69,60.11,57.58,NF820776,ceqzyp@email.com,2025-05-12,2025-05-14,BA,38,Loja,Boleto
P2676,Tênis Masculino,222.66,181.17,41.49,NF946056,qqporp@email.com,2026-04-28,2026-04-29,RJ,37,Online,Cartão
P2677,Calça Masculina,440.03,297.79,142.24,NF830850,izgqzs@email.com,2025-06-13,2025-06-15,RS,P,Loja,Cartão
P2678,Camiseta Masculina,98.94,66.58,32.36,NF827085,mjydgw@email.com,2025-07-15,2025-07-15,SP,G,Loja,Dinheiro
P2679,Camiseta Masculina,565.72,286.25,279.47,NF201271,xbdjxq@email.com,2025-02-12,2025-02-17,RS,G,Online,Dinheiro
P2680,Calça Feminina,258.7,163.39,95.31,NF274768,gxjyqn@email.com,2025-10-30,2025-11-01,PR,39,Loja,Dinheiro
P2681,Camiseta Masculina,234.34,139.9,94.44,NF850203,jbzitm@email.com,2025-01-10,2025-01-15,BA,36,Loja,Cartão
P2682,Calça Feminina,270.36,182.9,87.46,NF972692,lifbkp@email.com,2025-02-24,2025-02-26,SP,42,Loja,Pix
P2683,Camiseta Masculina,227.34,178.1,49.24,NF625084,unzehi@email.com,2025-03-13,2025-03-17,MG,M,Loja,Cartão
P2684,Tênis Masculino,444.94,262.72,182.22,NF352445,wuznbv@email.com,2025-03-11,2025-03-11,PR,41,Online,Pix
P2685,Tênis Feminino,361.44,261.59,99.85,NF334682,umvoeh@email.com,2025-09-21,2025-09-22,CE,G,Loja,Pix
P2686,Camiseta Masculina,184.28,137.26,47.02,NF121003,kzgomu@email.com,2025-02-02,2025-02-04,RS,G,Loja,Pix
P2687,Calça Masculina,279.28,202.88,76.4,NF989890,glqthd@email.com,2025-11-20,2025-11-22,CE,P,Loja,Cartão
P2688,Camiseta Feminina,195.69,118.5,77.19,NF931241,wkggug@email.com,2025-03-26,2025-03-30,CE,G,Loja,Cartão
P2689,Camiseta Masculina,102.93,71.62,31.31,NF253603,imlbrv@email.com,2025-11-16,2025-11-20,RS,M,Online,Boleto
P2690,Calça Masculina,226.56,138.72,87.84,NF776020,mnwjfi@email.com,2025-11-10,2025-11-12,PE,40,Loja,Pix
P2691,Camiseta Feminina,424.94,280.41,144.53,NF320428,imceep@email.com,2025-09-11,2025-09-11,PE,40,Online,Cartão
P2692,Camiseta Feminina,186.84,104.65,82.19,NF239019,vjblrq@email.com,2025-02-12,2025-02-17,CE,P,Loja,Cartão
P2693,Camiseta Masculina,212.75,144.48,68.27,NF643336,fcvdxs@email.com,2025-03-21,2025-03-23,PB,37,Loja,Pix
P2694,Tênis Masculino,458.57,257.66,200.91,NF465257,rvnjlb@email.com,2025-01-15,2025-01-16,PE,41,Loja,Pix
P2695,Camiseta Masculina,174.41,131.72,42.69,NF924494,rpbaqt@email.com,2025-07-06,2025-07-10,SC,36,Online,Boleto
P2696,Calça Feminina,137.02,108.26,28.76,NF659450,jxfytu@email.com,2026-03-22,2026-03-22,PE,38,Online,Boleto
P2697,Calça Feminina,297.42,202.09,95.33,NF468746,uwjofv@email.com,2025-10-05,2025-10-10,SP,40,Loja,Cartão
P2698,Tênis Masculino,342.27,215.76,126.51,NF307625,dgoxzt@email.com,2025-04-06,2025-04-11,SP,39,Loja,Dinheiro
P2699,Tênis Masculino,257.36,206.42,50.94,NF910613,zmcwya@email.com,2025-10-29,2025-11-03,RS,P,Loja,Dinheiro
P2700,Camiseta Feminina,96.94,79.78,17.16,NF667387,qtfwch@email.com,2025-10-20,2025-10-22,SC,39,Online,Pix
P2701,Camiseta Masculina,452.02,278.18,173.84,NF724334,cbxlkd@email.com,2025-03-14,2025-03-16,BA,41,Online,Pix
P2702,Calça Feminina,145.27,82.4,62.87,NF620272,ukrgym@email.com,2025-06-17,2025-06-17,SC,40,Online,Boleto
P2703,Calça Masculina,451.01,252.18,198.83,NF620168,fetfjj@email.com,2025-01-19,2025-01-21,PE,42,Online,Dinheiro
P2704,Tênis Masculino,297.3,225.37,71.93,NF859553,swoiha@email.com,2025-09-23,2025-09-24,MG,P,Loja,Cartão
P2705,Calça Feminina,155.61,95.82,59.79,NF163413,iropld@email.com,2025-02-01,2025-02-04,SP,42,Online,Dinheiro
P2706,Calça Feminina,155.27,81.65,73.62,NF634777,dpzeve@email.com,2026-03-20,2026-03-23,RJ,40,Loja,Pix
P2707,Calça Feminina,115.76,91.47,24.29,NF879670,echzkd@email.com,2025-02-13,2025-02-14,SC,36,Loja,Dinheiro
P2708,Tênis Masculino,384.19,196.07,188.12,NF690168,hzstmw@email.com,2026-02-13,2026-02-17,RS,G,Online,Pix
P2709,Camiseta Masculina,165.77,118.28,47.49,NF542032,rvinte@email.com,2025-01-21,2025-01-22,CE,37,Loja,Cartão
P2710,Tênis Feminino,275.63,169.91,105.72,NF542363,cixoiz@email.com,2025-05-24,2025-05-27,RJ,M,Online,Cartão
P2711,Calça Masculina,517.71,279.11,238.6,NF493145,uztqxg@email.com,2025-04-09,2025-04-11,SC,38,Loja,Pix
P2712,Tênis Masculino,194.33,132.3,62.03,NF255246,jwgmds@email.com,2026-01-07,2026-01-09,PR,M,Online,Cartão
P2713,Calça Masculina,257.92,158.81,99.11,NF762400,fcpjtr@email.com,2025-01-05,2025-01-09,RS,37,Loja,Pix
P2714,Calça Masculina,447.88,246.95,200.93,NF302736,zcpqoz@email.com,2025-04-13,2025-04-14,PE,G,Loja,Dinheiro
P2715,Camiseta Feminina,164.52,88.96,75.56,NF300805,bclopv@email.com,2026-01-08,2026-01-08,RJ,M,Loja,Pix
P2716,Calça Masculina,106.92,84.58,22.34,NF504112,tgrtdq@email.com,2026-01-08,2026-01-08,RS,42,Online,Dinheiro
P2717,Camiseta Feminina,432.55,266.34,166.21,NF476448,eczuti@email.com,2025-12-14,2025-12-17,MG,37,Loja,Boleto
P2718,Camiseta Feminina,96.91,58.6,38.31,NF988172,mefhxz@email.com,2025-06-26,2025-06-26,SP,P,Online,Boleto
P2719,Camiseta Masculina,434.56,223.42,211.14,NF411116,lwlsmy@email.com,2025-10-01,2025-10-02,MG,40,Loja,Cartão
P2720,Camiseta Masculina,124.53,96.48,28.05,NF208464,zrllpe@email.com,2026-04-27,2026-04-30,BA,M,Loja,Pix
P2721,Calça Feminina,246.57,198.64,47.93,NF611628,pdyhnl@email.com,2025-04-28,2025-04-30,CE,G,Loja,Dinheiro
P2722,Camiseta Feminina,357.69,227.53,130.16,NF306526,mrganr@email.com,2025-05-07,2025-05-12,SC,37,Loja,Boleto
P2723,Tênis Masculino,402.69,249.71,152.98,NF167541,jigcev@email.com,2026-04-25,2026-04-30,SP,36,Online,Pix
P2724,Tênis Masculino,311.34,184.67,126.67,NF303548,pdzasm@email.com,2025-12-24,2025-12-28,PB,G,Loja,Pix
P2725,Camiseta Feminina,291.86,156.71,135.15,NF257362,mvlrhp@email.com,2025-07-18,2025-07-19,RS,39,Online,Pix
P2726,Camiseta Masculina,217.71,179.31,38.4,NF558681,nujhlz@email.com,2026-03-20,2026-03-23,CE,G,Loja,Pix
P2727,Tênis Masculino,339.3,246.03,93.27,NF861726,sjvtix@email.com,2025-01-03,2025-01-03,SP,41,Online,Boleto
P2728,Camiseta Masculina,472.65,249.88,222.77,NF402980,fwmsck@email.com,2026-01-31,2026-01-31,PB,39,Online,Pix
P2729,Camiseta Masculina,219.65,153.99,65.66,NF330462,kcicap@email.com,2025-11-20,2025-11-20,PE,M,Online,Dinheiro
P2730,Camiseta Feminina,102.48,63.27,39.21,NF807495,gzijwa@email.com,2025-01-06,2025-01-09,CE,36,Online,Dinheiro
P2731,Tênis Feminino,202.66,146.59,56.07,NF552310,zcbluq@email.com,2025-09-27,2025-10-01,BA,40,Online,Pix
P2732,Tênis Masculino,351.94,211.89,140.05,NF702254,swblhh@email.com,2025-04-22,2025-04-24,RS,41,Online,Boleto
P2733,Camiseta Masculina,221.16,130.16,91.0,NF896683,wcygot@email.com,2026-02-16,2026-02-21,PE,38,Loja,Pix
P2734,Tênis Feminino,508.47,260.79,247.68,NF432084,nspzdt@email.com,2025-06-24,2025-06-24,SP,42,Loja,Pix
P2735,Camiseta Masculina,200.13,117.43,82.7,NF911324,ftwece@email.com,2026-04-15,2026-04-19,BA,37,Online,Cartão
P2736,Tênis Feminino,196.15,110.58,85.57,NF318756,mzwwlm@email.com,2025-07-09,2025-07-09,RJ,G,Online,Cartão
P2737,Calça Masculina,501.25,260.6,240.65,NF629122,fvsurk@email.com,2025-05-26,2025-05-31,SC,42,Online,Cartão
P2738,Calça Feminina,337.53,270.65,66.88,NF403357,mkysgm@email.com,2025-02-20,2025-02-20,RJ,41,Online,Cartão
P2739,Calça Feminina,239.7,143.48,96.22,NF337357,nbgzqw@email.com,2025-05-28,2025-05-30,PB,38,Online,Dinheiro
P2740,Camiseta Masculina,199.59,132.54,67.05,NF309831,ftzrir@email.com,2025-10-24,2025-10-28,BA,40,Online,Pix
P2741,Calça Feminina,354.31,256.75,97.56,NF114968,zqfony@email.com,2025-03-21,2025-03-26,CE,42,Loja,Pix
P2742,Camiseta Feminina,337.1,257.57,79.53,NF525883,hkhsdz@email.com,2025-08-08,2025-08-08,PR,G,Online,Pix
P2743,Tênis Feminino,355.04,193.86,161.18,NF208988,vavflj@email.com,2026-01-26,2026-01-29,SC,M,Online,Pix
P2744,Tênis Masculino,430.53,295.76,134.77,NF320027,qxeszi@email.com,2025-11-01,2025-11-01,MG,36,Online,Pix
P2745,Calça Feminina,82.57,50.19,32.38,NF511078,grbtuq@email.com,2026-01-07,2026-01-08,BA,38,Online,Dinheiro
P2746,Camiseta Masculina,192.74,103.47,89.27,NF293598,ranpdv@email.com,2025-03-26,2025-03-26,RJ,40,Loja,Dinheiro
P2747,Calça Feminina,189.97,111.85,78.12,NF635793,ayboby@email.com,2025-12-17,2025-12-18,RJ,41,Online,Boleto
P2748,Tênis Masculino,216.67,162.66,54.01,NF613292,wlevni@email.com,2025-12-20,2025-12-24,SP,38,Loja,Dinheiro
P2749,Tênis Feminino,88.68,68.35,20.33,NF378230,ubvqnz@email.com,2025-11-05,2025-11-06,PE,M,Loja,Boleto
P2750,Calça Feminina,356.4,180.8,175.6,NF952686,ohqfsd@email.com,2026-04-22,2026-04-26,PE,M,Online,Pix
P2751,Camiseta Feminina,300.89,240.13,60.76,NF308156,jmunna@email.com,2025-10-06,2025-10-09,SP,37,Online,Cartão
P2752,Calça Feminina,248.56,199.13,49.43,NF956909,vcjqrf@email.com,2025-12-22,2025-12-22,CE,36,Online,Pix
P2753,Tênis Feminino,294.51,191.52,102.99,NF107337,rzccnr@email.com,2025-07-23,2025-07-27,SP,42,Online,Boleto
P2754,Calça Feminina,346.0,286.85,59.15,NF762367,xvuvhw@email.com,2025-09-27,2025-09-28,CE,G,Online,Pix
P2755,Camiseta Feminina,107.91,89.05,18.86,NF836432,monebe@email.com,2025-11-28,2025-12-03,RJ,42,Loja,Cartão
P2756,Camiseta Masculina,135.58,97.21,38.37,NF899373,qcjeci@email.com,2025-12-02,2025-12-05,PE,36,Online,Pix
P2757,Camiseta Masculina,120.16,99.03,21.13,NF380049,yzplwk@email.com,2025-03-20,2025-03-22,SP,M,Loja,Dinheiro
P2758,Camiseta Feminina,380.18,238.68,141.5,NF810725,vtigjn@email.com,2025-04-26,2025-04-29,CE,37,Loja,Pix
P2759,Tênis Masculino,203.97,161.88,42.09,NF909304,eizudm@email.com,2025-01-09,2025-01-12,PE,38,Loja,Boleto
P2760,Tênis Feminino,162.74,93.4,69.34,NF942942,ozmghh@email.com,2025-10-01,2025-10-01,CE,40,Loja,Pix
P2761,Camiseta Feminina,443.44,295.7,147.74,NF691373,anqdjo@email.com,2025-02-28,2025-03-04,BA,G,Online,Cartão
P2762,Tênis Feminino,105.78,58.73,47.05,NF188521,cwxaol@email.com,2025-10-16,2025-10-21,BA,39,Online,Dinheiro
P2763,Camiseta Feminina,249.82,174.43,75.39,NF521388,fluytk@email.com,2025-01-16,2025-01-19,PR,42,Online,Dinheiro
P2764,Camiseta Feminina,101.44,55.63,45.81,NF761167,zifeju@email.com,2025-01-06,2025-01-11,PR,38,Loja,Pix
P2765,Calça Feminina,228.91,180.21,48.7,NF255084,pexdih@email.com,2026-03-22,2026-03-23,PE,41,Loja,Pix
P2766,Calça Masculina,101.47,53.1,48.37,NF358925,hqoqql@email.com,2025-07-28,2025-07-31,SP,37,Online,Pix
P2767,Tênis Masculino,530.26,296.93,233.33,NF171044,xytsau@email.com,2025-01-02,2025-01-05,RS,40,Online,Pix
P2768,Tênis Masculino,127.93,96.95,30.98,NF239327,zsfvpn@email.com,2025-09-24,2025-09-26,PE,36,Loja,Dinheiro
P2769,Camiseta Feminina,111.24,61.57,49.67,NF878852,ssjkvc@email.com,2025-08-07,2025-08-12,PB,37,Loja,Cartão
P2770,Camiseta Feminina,173.84,104.56,69.28,NF453058,vqyfik@email.com,2025-10-29,2025-11-02,PE,37,Loja,Dinheiro
P2771,Tênis Feminino,341.87,215.15,126.72,NF938452,jkwtrd@email.com,2025-08-14,2025-08-15,PR,M,Loja,Pix
P2772,Camiseta Feminina,412.02,254.8,157.22,NF756096,hmuveb@email.com,2025-03-12,2025-03-12,RS,M,Online,Dinheiro
P2773,Calça Masculina,515.76,261.44,254.32,NF109385,hvwpqm@email.com,2025-02-01,2025-02-06,BA,37,Online,Pix
P2774,Tênis Masculino,357.4,264.71,92.69,NF149418,zypzeb@email.com,2025-01-30,2025-02-03,MG,40,Online,Pix
P2775,Calça Feminina,464.01,262.41,201.6,NF663863,tyupoj@email.com,2025-09-02,2025-09-02,MG,G,Loja,Dinheiro
P2776,Camiseta Masculina,428.08,217.25,210.83,NF623153,ibupcz@email.com,2025-06-13,2025-06-18,SP,G,Loja,Pix
P2777,Tênis Feminino,266.05,194.44,71.61,NF753488,yyectd@email.com,2025-03-27,2025-03-29,PB,41,Online,Dinheiro
P2778,Camiseta Feminina,456.58,274.27,182.31,NF125570,lyjwkt@email.com,2025-08-01,2025-08-02,PR,40,Online,Boleto
P2779,Calça Masculina,364.86,261.08,103.78,NF584763,hwrkrm@email.com,2025-12-26,2025-12-28,CE,M,Loja,Boleto
P2780,Tênis Masculino,188.76,120.26,68.5,NF223396,hhtdeu@email.com,2025-08-16,2025-08-17,BA,37,Online,Cartão
P2781,Calça Feminina,362.8,225.77,137.03,NF132373,htrveb@email.com,2025-12-30,2026-01-04,PE,36,Loja,Pix
P2782,Tênis Masculino,176.08,115.69,60.39,NF403796,zihsrz@email.com,2025-05-25,2025-05-25,PB,40,Loja,Cartão
P2783,Tênis Feminino,340.79,219.16,121.63,NF782269,dckhek@email.com,2025-07-19,2025-07-22,PR,G,Loja,Boleto
P2784,Calça Feminina,104.94,69.24,35.7,NF659978,vjmsdu@email.com,2026-01-04,2026-01-04,PR,M,Loja,Boleto
P2785,Camiseta Masculina,221.94,181.66,40.28,NF876639,fczaxf@email.com,2025-09-02,2025-09-03,PB,40,Online,Dinheiro
P2786,Tênis Masculino,340.29,239.23,101.06,NF705130,pvztwm@email.com,2025-07-25,2025-07-28,PB,38,Online,Boleto
P2787,Tênis Feminino,306.75,182.14,124.61,NF738313,cutgbz@email.com,2025-02-09,2025-02-13,PR,38,Online,Dinheiro
P2788,Tênis Feminino,437.0,280.9,156.1,NF321190,sjnpqb@email.com,2025-06-30,2025-07-01,RS,41,Loja,Dinheiro
P2789,Calça Masculina,137.86,109.94,27.92,NF663975,djmokb@email.com,2025-06-23,2025-06-23,PR,39,Online,Cartão
P2790,Tênis Masculino,478.86,258.65,220.21,NF669583,rnzfic@email.com,2025-12-04,2025-12-04,BA,36,Loja,Cartão
P2791,Calça Masculina,267.0,155.86,111.14,NF728554,jtlhoz@email.com,2025-09-03,2025-09-07,PE,P,Online,Pix
P2792,Camiseta Masculina,451.61,299.53,152.08,NF357178,xyfcpc@email.com,2025-08-20,2025-08-24,SP,36,Online,Dinheiro
P2793,Calça Feminina,118.1,72.62,45.48,NF930336,lsooxv@email.com,2025-01-17,2025-01-17,MG,42,Loja,Pix
P2794,Camiseta Masculina,187.06,134.99,52.07,NF216428,rlokqq@email.com,2026-04-27,2026-04-27,RJ,41,Loja,Cartão
P2795,Calça Feminina,193.22,143.41,49.81,NF216562,zhbftx@email.com,2025-06-14,2025-06-19,SC,41,Online,Cartão
P2796,Tênis Feminino,372.04,244.86,127.18,NF691221,dvfemu@email.com,2025-12-15,2025-12-18,MG,36,Online,Dinheiro
P2797,Tênis Feminino,290.63,197.47,93.16,NF605484,vmpsiq@email.com,2025-06-30,2025-06-30,SP,P,Loja,Boleto
P2798,Calça Masculina,105.5,75.68,29.82,NF755099,hbvwbp@email.com,2025-04-07,2025-04-09,RS,42,Online,Boleto
P2799,Tênis Feminino,152.74,80.7,72.04,NF678330,kvipmk@email.com,2025-11-16,2025-11-19,MG,41,Online,Pix
P2800,Camiseta Feminina,283.79,232.82,50.97,NF364507,maqbny@email.com,2025-09-26,2025-09-30,MG,40,Online,Boleto
P2801,Tênis Feminino,103.4,69.44,33.96,NF706310,swiycd@email.com,2025-11-02,2025-11-04,RS,P,Loja,Dinheiro
P2802,Tênis Masculino,353.62,272.57,81.05,NF171615,qbbdly@email.com,2025-10-25,2025-10-30,RS,38,Online,Pix
P2803,Tênis Masculino,409.97,213.86,196.11,NF809849,wwmvhd@email.com,2026-03-02,2026-03-06,PB,39,Online,Boleto
P2804,Tênis Masculino,406.22,280.61,125.61,NF175155,ccmrep@email.com,2025-11-11,2025-11-15,SP,36,Online,Dinheiro
P2805,Tênis Feminino,134.55,89.29,45.26,NF882628,qpknas@email.com,2026-03-30,2026-03-30,PE,M,Online,Boleto
P2806,Camiseta Masculina,142.65,107.08,35.57,NF897032,byrgco@email.com,2025-03-23,2025-03-28,MG,39,Online,Boleto
P2807,Camiseta Feminina,394.79,284.45,110.34,NF983519,qiyscg@email.com,2025-11-19,2025-11-20,RS,G,Loja,Boleto
P2808,Camiseta Feminina,438.79,271.95,166.84,NF803285,qryzpc@email.com,2025-12-20,2025-12-23,RS,P,Loja,Cartão
P2809,Tênis Masculino,101.67,82.68,18.99,NF796642,qvntcg@email.com,2025-05-04,2025-05-06,MG,P,Online,Boleto
P2810,Tênis Feminino,335.75,216.37,119.38,NF123342,mepciz@email.com,2026-03-25,2026-03-28,BA,41,Loja,Cartão
P2811,Camiseta Masculina,151.05,80.56,70.49,NF647221,edfxmv@email.com,2025-07-05,2025-07-08,RS,G,Online,Pix
P2812,Camiseta Masculina,198.18,160.03,38.15,NF306016,pogitw@email.com,2025-06-29,2025-07-01,PR,40,Online,Boleto
P2813,Calça Feminina,103.38,65.24,38.14,NF701151,liaebk@email.com,2025-06-05,2025-06-09,BA,36,Online,Dinheiro
P2814,Camiseta Masculina,399.77,238.35,161.42,NF508333,igfczv@email.com,2025-12-10,2025-12-11,SP,40,Loja,Boleto
P2815,Camiseta Feminina,238.64,132.93,105.71,NF433585,rcdwws@email.com,2025-09-29,2025-10-02,SC,P,Loja,Boleto
P2816,Tênis Feminino,240.69,140.32,100.37,NF606759,fgsigs@email.com,2026-03-29,2026-03-30,RS,37,Online,Dinheiro
P2817,Camiseta Feminina,125.54,64.39,61.15,NF231812,tvepwk@email.com,2026-01-21,2026-01-23,CE,38,Loja,Dinheiro
P2818,Camiseta Masculina,400.29,223.62,176.67,NF653334,bovwhc@email.com,2025-11-04,2025-11-07,PE,P,Loja,Dinheiro
P2819,Tênis Feminino,182.91,115.37,67.54,NF993506,ydmsne@email.com,2026-01-02,2026-01-07,SC,41,Loja,Cartão
P2820,Tênis Masculino,260.72,144.9,115.82,NF597067,blmtku@email.com,2025-01-17,2025-01-18,SP,37,Online,Cartão
P2821,Camiseta Feminina,402.24,245.39,156.85,NF626723,qprcjs@email.com,2025-08-07,2025-08-08,SC,G,Loja,Cartão
P2822,Camiseta Feminina,342.81,200.88,141.93,NF850147,ffebju@email.com,2025-09-17,2025-09-17,RJ,P,Loja,Pix
P2823,Tênis Masculino,415.77,292.52,123.25,NF870756,wpayjj@email.com,2025-11-06,2025-11-10,RJ,G,Online,Pix
P2824,Calça Masculina,460.99,296.72,164.27,NF769967,feekrn@email.com,2025-01-19,2025-01-21,RS,36,Loja,Cartão
P2825,Tênis Masculino,379.32,238.99,140.33,NF452932,pxpmrf@email.com,2025-11-10,2025-11-13,SC,M,Loja,Dinheiro
P2826,Calça Masculina,136.33,89.02,47.31,NF832233,ouxznz@email.com,2025-12-19,2025-12-19,SP,M,Loja,Cartão
P2827,Tênis Feminino,446.41,289.47,156.94,NF103038,bndlqb@email.com,2025-09-10,2025-09-10,SP,38,Loja,Dinheiro
P2828,Camiseta Feminina,337.81,236.62,101.19,NF539412,bfutre@email.com,2025-06-07,2025-06-07,PR,36,Loja,Pix
P2829,Calça Feminina,220.76,141.68,79.08,NF551350,cpsojj@email.com,2026-01-18,2026-01-22,PE,G,Online,Dinheiro
P2830,Tênis Masculino,339.04,224.23,114.81,NF981642,jkouuu@email.com,2025-06-23,2025-06-23,RJ,39,Loja,Boleto
P2831,Camiseta Feminina,128.22,97.14,31.08,NF323799,xyyxiy@email.com,2026-01-31,2026-02-05,PR,M,Loja,Boleto
P2832,Tênis Masculino,106.31,66.6,39.71,NF274263,ivlnyo@email.com,2025-05-08,2025-05-10,RJ,38,Online,Pix
P2833,Calça Masculina,536.49,271.1,265.39,NF464987,wcxlfz@email.com,2025-08-03,2025-08-08,PR,40,Online,Pix
P2834,Calça Feminina,435.28,224.82,210.46,NF185410,nobvfy@email.com,2025-09-15,2025-09-17,CE,37,Loja,Pix
P2835,Camiseta Masculina,124.62,74.67,49.95,NF717244,bvfsom@email.com,2025-01-01,2025-01-02,SP,G,Online,Cartão
P2836,Calça Masculina,504.28,295.76,208.52,NF309661,gcpmhc@email.com,2025-05-05,2025-05-09,PR,42,Online,Boleto
P2837,Camiseta Masculina,183.0,112.03,70.97,NF307845,tvgpae@email.com,2026-02-16,2026-02-16,PB,M,Loja,Dinheiro
P2838,Camiseta Masculina,383.26,222.02,161.24,NF105102,quedgg@email.com,2026-01-13,2026-01-16,SP,42,Loja,Cartão
P2839,Calça Feminina,516.05,268.6,247.45,NF488756,vzrszo@email.com,2025-02-14,2025-02-15,RS,38,Loja,Dinheiro
P2840,Calça Masculina,357.04,216.66,140.38,NF744913,unyxey@email.com,2025-06-15,2025-06-18,PR,39,Online,Boleto
P2841,Tênis Feminino,256.48,191.97,64.51,NF786592,kzyyvw@email.com,2026-01-22,2026-01-26,BA,41,Online,Cartão
P2842,Calça Feminina,256.93,191.12,65.81,NF592357,xjzakn@email.com,2026-04-26,2026-04-28,PR,40,Loja,Pix
P2843,Calça Masculina,159.18,112.72,46.46,NF542073,phrxzn@email.com,2026-02-19,2026-02-20,RS,37,Loja,Boleto
P2844,Camiseta Feminina,321.43,235.68,85.75,NF302694,zewvso@email.com,2025-03-24,2025-03-29,SP,38,Loja,Pix
P2845,Calça Masculina,197.04,149.73,47.31,NF954629,wgtxvv@email.com,2026-04-19,2026-04-22,SC,36,Online,Dinheiro
P2846,Camiseta Feminina,261.05,142.61,118.44,NF372918,vlchkg@email.com,2025-09-20,2025-09-22,BA,37,Loja,Dinheiro
P2847,Calça Masculina,156.59,100.44,56.15,NF917067,pdrfdu@email.com,2025-12-01,2025-12-05,RJ,P,Online,Cartão
P2848,Camiseta Masculina,326.22,239.89,86.33,NF853456,grgvpb@email.com,2026-04-23,2026-04-27,BA,41,Online,Dinheiro
P2849,Camiseta Feminina,213.09,122.58,90.51,NF455550,indzlp@email.com,2026-04-27,2026-04-28,SC,M,Loja,Cartão
P2850,Camiseta Masculina,373.28,216.19,157.09,NF308598,giunsw@email.com,2025-04-10,2025-04-11,MG,M,Loja,Cartão
P2851,Tênis Feminino,333.22,167.62,165.6,NF781606,lyaxgw@email.com,2025-12-12,2025-12-17,RJ,41,Loja,Dinheiro
P2852,Calça Masculina,346.55,195.6,150.95,NF129426,hfzoud@email.com,2025-11-17,2025-11-21,MG,42,Loja,Pix
P2853,Tênis Masculino,198.44,151.76,46.68,NF548267,ryaizq@email.com,2025-12-13,2025-12-14,PR,39,Loja,Cartão
P2854,Camiseta Feminina,267.94,199.57,68.37,NF431785,dyouus@email.com,2025-06-08,2025-06-09,PR,M,Online,Cartão
P2855,Calça Feminina,316.49,191.76,124.73,NF297282,xnfgkz@email.com,2026-04-26,2026-04-29,MG,M,Online,Boleto
P2856,Camiseta Masculina,248.18,190.35,57.83,NF927432,dlabpl@email.com,2025-04-23,2025-04-23,RJ,P,Online,Boleto
P2857,Camiseta Feminina,229.51,125.3,104.21,NF888797,lrzvwc@email.com,2026-04-02,2026-04-06,PR,G,Online,Cartão
P2858,Tênis Feminino,355.64,179.0,176.64,NF865118,ullpkb@email.com,2025-09-22,2025-09-24,SC,M,Online,Boleto
P2859,Camiseta Masculina,408.69,219.93,188.76,NF369109,mcaqas@email.com,2025-02-08,2025-02-12,PR,42,Loja,Boleto
P2860,Calça Feminina,199.76,148.81,50.95,NF821746,msiycl@email.com,2025-07-04,2025-07-05,PR,42,Online,Boleto
P2861,Tênis Feminino,267.81,209.57,58.24,NF915242,xzwdpo@email.com,2025-01-12,2025-01-15,PR,P,Loja,Cartão
P2862,Camiseta Feminina,369.16,216.85,152.31,NF563961,uhqroh@email.com,2025-04-13,2025-04-15,MG,40,Online,Dinheiro
P2863,Tênis Feminino,453.88,277.6,176.28,NF499468,vrzzgk@email.com,2025-02-01,2025-02-06,RJ,37,Loja,Pix
P2864,Camiseta Feminina,526.48,285.11,241.37,NF530289,exptsl@email.com,2025-06-28,2025-07-01,PB,P,Loja,Boleto
P2865,Camiseta Feminina,292.56,199.07,93.49,NF609998,nqbddi@email.com,2025-09-27,2025-09-30,PE,M,Loja,Cartão
P2866,Tênis Masculino,305.32,177.59,127.73,NF435281,lkjjio@email.com,2025-04-29,2025-05-04,BA,40,Loja,Pix
P2867,Camiseta Feminina,311.91,236.64,75.27,NF400614,frudss@email.com,2025-04-20,2025-04-25,BA,40,Loja,Cartão
P2868,Camiseta Feminina,285.37,178.3,107.07,NF196061,zmrfuw@email.com,2026-04-17,2026-04-18,BA,37,Online,Boleto
P2869,Tênis Feminino,140.14,81.0,59.14,NF891874,uzisfz@email.com,2025-10-08,2025-10-12,PE,42,Online,Boleto
P2870,Tênis Masculino,231.62,163.99,67.63,NF415023,dzewzl@email.com,2025-09-27,2025-09-30,PB,39,Loja,Dinheiro
P2871,Calça Masculina,293.41,162.51,130.9,NF134236,cgcgvy@email.com,2025-11-02,2025-11-07,RS,40,Loja,Boleto
P2872,Tênis Feminino,132.36,84.51,47.85,NF226714,nxqaze@email.com,2025-12-31,2026-01-05,RJ,41,Online,Pix
P2873,Camiseta Feminina,324.94,219.29,105.65,NF134338,uzvvwz@email.com,2025-03-19,2025-03-24,RS,P,Online,Boleto
P2874,Tênis Feminino,472.61,292.25,180.36,NF182597,qllfey@email.com,2025-02-01,2025-02-01,BA,42,Online,Pix
P2875,Camiseta Masculina,432.01,282.85,149.16,NF487525,ltlkkc@email.com,2026-03-28,2026-03-31,PR,41,Online,Boleto
P2876,Calça Masculina,418.04,234.21,183.83,NF889026,rkgmxn@email.com,2025-03-26,2025-03-29,PB,38,Online,Dinheiro
P2877,Tênis Masculino,100.87,53.52,47.35,NF534398,vaoffh@email.com,2025-09-01,2025-09-02,PB,42,Online,Pix
P2878,Tênis Masculino,322.13,209.86,112.27,NF696218,uvhmrn@email.com,2026-01-08,2026-01-12,CE,M,Online,Pix
P2879,Tênis Masculino,98.56,69.68,28.88,NF208769,lzbkgo@email.com,2025-08-12,2025-08-14,CE,39,Online,Cartão
P2880,Camiseta Masculina,397.85,221.39,176.46,NF453273,eiodwr@email.com,2025-12-05,2025-12-05,PE,42,Online,Pix
P2881,Tênis Masculino,316.74,158.88,157.86,NF721819,imbkoe@email.com,2025-05-09,2025-05-13,RJ,38,Loja,Pix
P2882,Tênis Feminino,110.81,67.32,43.49,NF823812,wszebk@email.com,2026-01-06,2026-01-11,PE,P,Online,Cartão
P2883,Calça Masculina,215.54,170.27,45.27,NF479222,vdhrvg@email.com,2026-02-26,2026-03-01,PR,M,Online,Boleto
P2884,Calça Masculina,363.76,205.66,158.1,NF486435,fkwtlz@email.com,2025-08-25,2025-08-30,CE,37,Loja,Boleto
P2885,Calça Masculina,281.7,178.62,103.08,NF336020,skzvll@email.com,2026-04-30,2026-05-04,BA,38,Loja,Dinheiro
P2886,Calça Feminina,237.57,130.11,107.46,NF598379,bnxjlu@email.com,2026-03-15,2026-03-20,RS,G,Online,Boleto
P2887,Calça Masculina,155.03,123.77,31.26,NF794128,njtsdt@email.com,2026-03-23,2026-03-25,MG,G,Loja,Dinheiro
P2888,Camiseta Masculina,384.46,210.03,174.43,NF549695,qfzplf@email.com,2025-05-18,2025-05-18,PR,P,Online,Dinheiro
P2889,Camiseta Feminina,216.27,124.94,91.33,NF270793,ooawwm@email.com,2025-12-08,2025-12-13,MG,P,Online,Pix
P2890,Tênis Feminino,236.66,119.18,117.48,NF395391,czymoj@email.com,2025-04-29,2025-05-02,RS,P,Loja,Boleto
P2891,Camiseta Masculina,368.65,222.62,146.03,NF694386,jffeep@email.com,2025-07-07,2025-07-10,MG,40,Online,Boleto
P2892,Camiseta Masculina,178.39,94.48,83.91,NF520150,jvkach@email.com,2025-08-01,2025-08-06,BA,36,Online,Boleto
P2893,Calça Masculina,404.7,285.48,119.22,NF773408,edqmws@email.com,2025-02-14,2025-02-16,PE,37,Online,Boleto
P2894,Camiseta Masculina,388.37,241.04,147.33,NF517709,oabpzi@email.com,2025-09-27,2025-10-02,SC,G,Loja,Cartão
P2895,Tênis Feminino,332.35,198.4,133.95,NF222569,snrhzr@email.com,2025-09-28,2025-10-03,SC,M,Loja,Cartão
P2896,Camiseta Masculina,117.09,60.88,56.21,NF373271,qxyhud@email.com,2026-03-19,2026-03-22,SC,40,Loja,Dinheiro
P2897,Tênis Feminino,189.58,137.97,51.61,NF663767,tofope@email.com,2025-08-07,2025-08-09,SP,36,Loja,Dinheiro
P2898,Camiseta Feminina,253.08,205.48,47.6,NF133821,arxswk@email.com,2025-06-06,2025-06-07,PB,P,Loja,Cartão
P2899,Camiseta Masculina,379.71,261.4,118.31,NF583553,cvssdd@email.com,2025-12-28,2025-12-30,SP,37,Online,Pix
P2900,Calça Masculina,77.74,50.33,27.41,NF656851,ukimrn@email.com,2025-08-31,2025-08-31,PE,42,Loja,Dinheiro
P2901,Calça Masculina,477.72,241.77,235.95,NF575098,liwmua@email.com,2025-10-06,2025-10-10,BA,38,Loja,Pix
P2902,Camiseta Masculina,166.37,104.31,62.06,NF483473,qkshat@email.com,2025-09-22,2025-09-25,BA,40,Loja,Pix
P2903,Calça Feminina,104.91,57.55,47.36,NF933248,zesufp@email.com,2025-10-12,2025-10-14,SC,41,Loja,Boleto
P2904,Camiseta Feminina,228.25,116.53,111.72,NF173784,fejeip@email.com,2025-06-06,2025-06-09,CE,40,Online,Cartão
P2905,Camiseta Feminina,216.96,109.85,107.11,NF320802,czdhzs@email.com,2025-04-14,2025-04-14,RS,41,Online,Cartão
P2906,Calça Feminina,146.15,112.07,34.08,NF310587,rdsihy@email.com,2025-08-24,2025-08-27,SC,42,Online,Pix
P2907,Camiseta Masculina,171.1,118.52,52.58,NF922949,laoqtp@email.com,2025-01-26,2025-01-29,PB,G,Loja,Boleto
P2908,Tênis Masculino,296.9,234.47,62.43,NF726192,ebkaxy@email.com,2026-01-01,2026-01-02,CE,38,Loja,Cartão
P2909,Tênis Masculino,340.45,185.62,154.83,NF449752,mxnjte@email.com,2025-08-19,2025-08-21,MG,38,Online,Cartão
P2910,Camiseta Feminina,343.23,203.83,139.4,NF129806,aoonjj@email.com,2026-02-03,2026-02-04,CE,M,Online,Dinheiro
P2911,Camiseta Feminina,424.02,262.57,161.45,NF295626,ntdsmm@email.com,2025-08-04,2025-08-06,RS,P,Loja,Dinheiro
P2912,Camiseta Masculina,96.07,65.16,30.91,NF943011,xshamp@email.com,2026-03-29,2026-03-30,MG,P,Loja,Cartão
P2913,Calça Masculina,392.29,257.09,135.2,NF165827,ocwpne@email.com,2025-05-28,2025-05-29,SP,P,Online,Cartão
P2914,Camiseta Masculina,145.36,105.37,39.99,NF406921,edyaih@email.com,2026-03-21,2026-03-21,RJ,36,Loja,Dinheiro
P2915,Calça Feminina,168.25,104.25,64.0,NF630655,geqszf@email.com,2025-03-21,2025-03-22,SP,38,Loja,Cartão
P2916,Tênis Masculino,368.81,258.27,110.54,NF115064,ybxzta@email.com,2025-01-13,2025-01-14,PR,39,Loja,Pix
P2917,Tênis Masculino,556.64,296.43,260.21,NF631202,pukfep@email.com,2025-09-09,2025-09-14,PR,41,Online,Boleto
P2918,Tênis Feminino,188.61,115.2,73.41,NF486172,gmibre@email.com,2025-04-01,2025-04-03,PB,40,Loja,Cartão
P2919,Tênis Feminino,309.14,231.98,77.16,NF195759,llhggp@email.com,2026-02-23,2026-02-24,MG,37,Loja,Dinheiro
P2920,Tênis Masculino,84.57,68.46,16.11,NF807656,bmmlxc@email.com,2025-09-14,2025-09-14,MG,42,Loja,Boleto
P2921,Camiseta Feminina,386.41,206.29,180.12,NF255656,ereyxw@email.com,2025-09-26,2025-09-29,PB,M,Loja,Pix
P2922,Calça Masculina,402.77,258.21,144.56,NF245571,fiidkd@email.com,2025-02-05,2025-02-05,CE,41,Online,Cartão
P2923,Calça Masculina,263.45,147.04,116.41,NF540068,jvjmeb@email.com,2025-07-10,2025-07-12,SP,42,Online,Pix
P2924,Tênis Masculino,217.33,172.05,45.28,NF983577,hdijed@email.com,2025-11-11,2025-11-14,BA,42,Loja,Cartão
P2925,Calça Feminina,119.5,91.59,27.91,NF185773,owyalb@email.com,2025-02-05,2025-02-05,SP,G,Online,Boleto
P2926,Camiseta Masculina,257.01,193.14,63.87,NF223499,qapeqj@email.com,2025-12-26,2025-12-30,BA,38,Loja,Cartão
P2927,Calça Feminina,73.16,51.42,21.74,NF104572,braxpz@email.com,2025-11-30,2025-11-30,SC,41,Online,Boleto
P2928,Camiseta Masculina,412.88,222.14,190.74,NF620523,mzbwvz@email.com,2025-10-29,2025-11-02,BA,39,Loja,Pix
P2929,Tênis Masculino,102.03,82.56,19.47,NF519281,mhxvwe@email.com,2025-04-13,2025-04-16,MG,P,Online,Cartão
P2930,Camiseta Masculina,314.77,170.6,144.17,NF514315,oahdce@email.com,2026-02-21,2026-02-26,BA,40,Online,Dinheiro
P2931,Calça Feminina,332.66,184.45,148.21,NF240891,iewlzw@email.com,2025-03-09,2025-03-14,SC,39,Online,Cartão
P2932,Camiseta Feminina,428.53,235.48,193.05,NF535466,ityfup@email.com,2026-02-08,2026-02-12,RS,37,Online,Cartão
P2933,Camiseta Feminina,391.32,227.31,164.01,NF554959,jkvwyz@email.com,2025-11-23,2025-11-23,CE,41,Loja,Dinheiro
P2934,Calça Masculina,361.03,267.68,93.35,NF437922,vbcffj@email.com,2025-05-02,2025-05-02,PB,G,Online,Boleto
P2935,Calça Masculina,130.65,74.52,56.13,NF101396,lukequ@email.com,2025-06-15,2025-06-16,PR,36,Loja,Cartão
P2936,Tênis Masculino,150.48,102.55,47.93,NF547329,fvjmlz@email.com,2025-08-05,2025-08-09,BA,41,Loja,Cartão
P2937,Calça Masculina,317.66,187.14,130.52,NF808595,jevbpt@email.com,2025-08-01,2025-08-01,BA,37,Loja,Pix
P2938,Calça Masculina,172.82,97.6,75.22,NF923221,wyqzyo@email.com,2025-02-21,2025-02-22,SC,39,Loja,Cartão
P2939,Tênis Feminino,132.22,74.43,57.79,NF317826,qiobzx@email.com,2025-04-23,2025-04-23,MG,P,Loja,Pix
P2940,Tênis Masculino,258.7,141.67,117.03,NF856467,fzgxcr@email.com,2025-03-27,2025-04-01,RJ,41,Loja,Pix
P2941,Calça Feminina,199.55,165.31,34.24,NF538240,myefdv@email.com,2025-08-21,2025-08-22,PB,40,Online,Boleto
P2942,Tênis Masculino,118.52,75.69,42.83,NF506134,bjjcfn@email.com,2025-05-23,2025-05-23,PR,36,Online,Boleto
P2943,Camiseta Masculina,137.6,89.61,47.99,NF935496,kvpdjg@email.com,2026-02-08,2026-02-10,BA,G,Online,Dinheiro
P2944,Tênis Masculino,562.51,290.41,272.1,NF998382,aoicrr@email.com,2026-02-12,2026-02-15,CE,M,Online,Pix
P2945,Tênis Feminino,127.22,67.78,59.44,NF386793,gwahof@email.com,2025-08-24,2025-08-29,PE,36,Loja,Pix
P2946,Calça Feminina,356.96,253.62,103.34,NF938957,qaogkf@email.com,2025-07-29,2025-07-30,PR,36,Online,Cartão
P2947,Calça Feminina,236.86,137.5,99.36,NF474956,mbwtws@email.com,2025-07-17,2025-07-22,MG,40,Loja,Pix
P2948,Calça Feminina,229.82,166.97,62.85,NF407531,ubiywo@email.com,2025-11-13,2025-11-13,RJ,38,Online,Boleto
P2949,Tênis Masculino,217.41,128.03,89.38,NF453408,fqgjah@email.com,2025-10-13,2025-10-14,RS,41,Loja,Dinheiro
P2950,Calça Feminina,101.42,61.4,40.02,NF858987,xaxyag@email.com,2026-03-02,2026-03-04,MG,42,Loja,Dinheiro
P2951,Tênis Feminino,405.03,277.58,127.45,NF164877,kpneze@email.com,2025-04-29,2025-05-01,CE,38,Online,Boleto
P2952,Camiseta Feminina,508.89,267.66,241.23,NF739758,tdctab@email.com,2025-10-22,2025-10-25,PB,39,Online,Dinheiro
P2953,Calça Masculina,96.82,66.09,30.73,NF435995,kwfarg@email.com,2025-11-16,2025-11-20,BA,36,Online,Dinheiro
P2954,Calça Feminina,268.4,138.46,129.94,NF804099,mgxiil@email.com,2025-05-01,2025-05-02,CE,40,Online,Dinheiro
P2955,Camiseta Masculina,287.29,191.69,95.6,NF819714,ghqmnx@email.com,2025-06-03,2025-06-05,BA,M,Loja,Boleto
P2956,Camiseta Feminina,223.99,126.6,97.39,NF571770,gfvbgt@email.com,2025-05-18,2025-05-20,CE,41,Loja,Dinheiro
P2957,Tênis Masculino,408.69,244.28,164.41,NF767267,zbzcpj@email.com,2025-11-03,2025-11-07,RS,M,Online,Cartão
P2958,Camiseta Feminina,506.77,290.03,216.74,NF758904,lixiql@email.com,2026-01-10,2026-01-12,SC,41,Loja,Dinheiro
P2959,Camiseta Feminina,474.5,289.14,185.36,NF766949,tuqqot@email.com,2025-12-14,2025-12-19,BA,38,Loja,Dinheiro
P2960,Calça Masculina,299.12,237.54,61.58,NF693524,bkhbtg@email.com,2026-02-13,2026-02-17,PR,37,Online,Pix
P2961,Calça Masculina,214.65,138.86,75.79,NF851166,sqrbel@email.com,2025-01-01,2025-01-04,PR,38,Online,Cartão
P2962,Tênis Feminino,282.36,141.27,141.09,NF803713,iayubw@email.com,2025-12-24,2025-12-26,BA,38,Loja,Pix
P2963,Tênis Masculino,479.17,282.77,196.4,NF320447,cpgsfp@email.com,2025-05-26,2025-05-30,PB,37,Loja,Pix
P2964,Calça Feminina,436.47,271.4,165.07,NF888632,ticbdl@email.com,2025-08-27,2025-08-29,RS,P,Loja,Pix
P2965,Camiseta Masculina,329.2,227.34,101.86,NF944860,woyjpn@email.com,2025-06-19,2025-06-20,CE,39,Loja,Cartão
P2966,Calça Feminina,415.04,241.71,173.33,NF167097,nbituo@email.com,2026-04-11,2026-04-11,PE,G,Loja,Pix
P2967,Camiseta Masculina,370.21,237.86,132.35,NF904036,xpviaw@email.com,2026-01-11,2026-01-15,MG,39,Loja,Pix
P2968,Camiseta Masculina,329.61,237.12,92.49,NF306332,epdjca@email.com,2025-07-28,2025-07-30,SP,40,Loja,Cartão
P2969,Calça Masculina,183.4,117.31,66.09,NF382614,lbtxmv@email.com,2025-01-08,2025-01-10,SP,M,Online,Dinheiro
P2970,Calça Masculina,94.73,75.52,19.21,NF489934,nzfrci@email.com,2025-06-04,2025-06-06,MG,36,Online,Pix
P2971,Camiseta Feminina,181.33,117.76,63.57,NF620572,oklszk@email.com,2025-05-06,2025-05-06,PR,38,Online,Cartão
P2972,Calça Feminina,332.9,168.06,164.84,NF680601,ovjfvu@email.com,2025-02-18,2025-02-21,RS,41,Online,Cartão
P2973,Tênis Feminino,290.91,187.04,103.87,NF662007,fvhsca@email.com,2025-12-07,2025-12-08,CE,36,Online,Pix
P2974,Calça Feminina,419.85,213.82,206.03,NF345864,znjjcx@email.com,2025-07-06,2025-07-07,MG,37,Loja,Pix
P2975,Tênis Masculino,196.57,117.39,79.18,NF627027,fvnahb@email.com,2025-03-21,2025-03-24,PB,42,Online,Dinheiro
P2976,Tênis Masculino,336.97,238.61,98.36,NF331229,iuqldk@email.com,2026-03-31,2026-04-01,BA,M,Online,Cartão
P2977,Tênis Masculino,377.04,260.18,116.86,NF677777,vkrurv@email.com,2025-05-11,2025-05-11,SP,40,Online,Boleto
P2978,Calça Masculina,113.4,82.0,31.4,NF596529,xakkds@email.com,2025-07-08,2025-07-11,PB,42,Online,Dinheiro
P2979,Calça Masculina,394.88,238.39,156.49,NF604275,naahhe@email.com,2025-05-16,2025-05-20,SC,39,Online,Cartão
P2980,Calça Masculina,200.6,105.39,95.21,NF596462,rwviqu@email.com,2025-08-23,2025-08-28,SP,M,Online,Cartão
P2981,Camiseta Feminina,193.49,155.31,38.18,NF639816,rjznjx@email.com,2025-12-03,2025-12-08,SP,M,Online,Boleto
P2982,Tênis Feminino,150.14,114.52,35.62,NF642481,mfhmxp@email.com,2026-02-02,2026-02-03,MG,P,Online,Boleto
P2983,Tênis Masculino,205.58,161.18,44.4,NF404099,dliqkt@email.com,2026-03-24,2026-03-28,RS,G,Loja,Pix
P2984,Camiseta Masculina,381.93,213.6,168.33,NF571566,zfigdq@email.com,2025-04-20,2025-04-21,SC,42,Online,Boleto
P2985,Tênis Masculino,136.94,90.18,46.76,NF657271,eycohj@email.com,2025-01-25,2025-01-29,MG,P,Online,Pix
P2986,Calça Masculina,531.47,286.08,245.39,NF317487,nyejan@email.com,2026-01-03,2026-01-03,SP,M,Online,Boleto
P2987,Calça Masculina,312.3,233.76,78.54,NF314706,whegfq@email.com,2026-01-29,2026-02-01,SC,M,Loja,Boleto
P2988,Camiseta Feminina,337.63,205.97,131.66,NF432386,iasgyp@email.com,2025-01-25,2025-01-27,SP,41,Online,Boleto
P2989,Tênis Feminino,220.5,112.51,107.99,NF231511,epsquu@email.com,2026-03-26,2026-03-29,RS,39,Loja,Boleto
P2990,Calça Masculina,406.83,226.82,180.01,NF116730,wuopje@email.com,2025-04-08,2025-04-09,RJ,37,Loja,Cartão
P2991,Camiseta Masculina,95.06,59.47,35.59,NF831364,savuxb@email.com,2026-04-06,2026-04-10,SC,G,Online,Dinheiro
P2992,Tênis Feminino,338.74,176.07,162.67,NF338849,satill@email.com,2025-03-04,2025-03-05,SC,42,Online,Boleto
P2993,Calça Feminina,182.02,115.96,66.06,NF364546,udcpfp@email.com,2025-07-14,2025-07-15,SC,M,Loja,Cartão
P2994,Calça Feminina,435.93,234.67,201.26,NF296858,laroge@email.com,2025-08-27,2025-09-01,RJ,36,Loja,Pix
P2995,Tênis Masculino,136.0,73.08,62.92,NF320860,zdexbt@email.com,2025-03-21,2025-03-26,SP,P,Loja,Cartão
P2996,Calça Masculina,386.1,217.93,168.17,NF938713,czjhce@email.com,2025-03-29,2025-04-01,CE,38,Loja,Boleto
P2997,Tênis Masculino,353.42,186.09,167.33,NF125283,jdiowy@email.com,2025-07-10,2025-07-10,CE,39,Online,Dinheiro
P2998,Camiseta Masculina,371.29,280.93,90.36,NF744888,fkavml@email.com,2025-11-22,2025-11-25,SP,P,Loja,Dinheiro
P2999,Tênis Masculino,179.6,116.44,63.16,NF551997,wfwzhr@email.com,2026-04-03,2026-04-08,SC,P,Loja,Cartão
P3000,Camiseta Masculina,99.08,66.6,32.48,NF373423,fvlpaq@email.com,2025-05-21,2025-05-22,SC,42,Loja,Dinheiro
P3001,Tênis Feminino,150.23,76.87,73.36,NF656866,avrfxk@email.com,2025-10-31,2025-11-05,PR,37,Loja,Dinheiro
P3002,Tênis Masculino,469.03,249.18,219.85,NF580086,vymyzl@email.com,2025-11-17,2025-11-17,SP,42,Loja,Dinheiro
P3003,Tênis Feminino,400.7,271.74,128.96,NF357865,glllji@email.com,2026-04-29,2026-05-02,SC,G,Online,Cartão
P3004,Calça Feminina,319.36,177.54,141.82,NF274959,kbmgan@email.com,2025-08-11,2025-08-13,SC,39,Loja,Cartão
P3005,Camiseta Masculina,97.76,80.04,17.72,NF684431,lyovit@email.com,2026-03-12,2026-03-14,PE,38,Loja,Dinheiro
P3006,Tênis Masculino,82.35,56.92,25.43,NF957092,xqexix@email.com,2025-08-21,2025-08-23,CE,42,Online,Boleto
P3007,Tênis Feminino,434.75,234.36,200.39,NF776765,cbxrbr@email.com,2026-04-14,2026-04-15,SP,42,Online,Pix
P3008,Calça Masculina,229.6,145.43,84.17,NF433295,avwntd@email.com,2025-12-26,2025-12-27,RJ,M,Online,Boleto
P3009,Calça Feminina,408.59,256.28,152.31,NF731576,zliviq@email.com,2025-01-19,2025-01-19,SC,P,Online,Cartão
P3010,Calça Masculina,424.1,236.37,187.73,NF882813,dbanid@email.com,2026-03-07,2026-03-10,MG,36,Loja,Pix
P3011,Camiseta Feminina,381.59,227.42,154.17,NF998406,zzjrhe@email.com,2025-07-31,2025-08-03,PE,G,Online,Boleto
P3012,Calça Masculina,414.99,212.4,202.59,NF681507,uxlkqv@email.com,2026-04-08,2026-04-10,RJ,42,Loja,Dinheiro
P3013,Calça Masculina,292.56,191.93,100.63,NF485437,exucmm@email.com,2025-12-03,2025-12-06,SP,P,Online,Dinheiro
P3014,Tênis Masculino,371.04,213.93,157.11,NF722818,xskfdq@email.com,2026-04-06,2026-04-10,RJ,42,Loja,Boleto
P3015,Calça Feminina,390.79,202.8,187.99,NF446481,jthuyb@email.com,2026-01-13,2026-01-16,CE,39,Loja,Pix
P3016,Tênis Feminino,392.71,214.02,178.69,NF659850,ifqryy@email.com,2025-11-11,2025-11-12,SP,38,Loja,Pix
P3017,Calça Masculina,493.96,273.83,220.13,NF690669,xryhqq@email.com,2025-06-30,2025-07-03,SP,40,Online,Cartão
P3018,Tênis Masculino,231.54,174.37,57.17,NF761689,pftdtg@email.com,2025-11-06,2025-11-06,SC,36,Online,Boleto
P3019,Tênis Feminino,325.9,217.14,108.76,NF473593,qzweio@email.com,2025-11-30,2025-11-30,BA,40,Loja,Cartão
P3020,Tênis Masculino,457.95,255.77,202.18,NF701476,opeuuo@email.com,2026-02-16,2026-02-21,MG,42,Loja,Dinheiro
P3021,Calça Feminina,142.89,72.22,70.67,NF418942,jcbqmr@email.com,2025-06-05,2025-06-06,PB,M,Loja,Pix
P3022,Calça Feminina,381.54,272.8,108.74,NF145107,ntqwds@email.com,2025-05-24,2025-05-24,SC,G,Loja,Dinheiro
P3023,Tênis Feminino,225.54,138.86,86.68,NF403936,fprlnl@email.com,2026-03-26,2026-03-28,SC,38,Online,Cartão
P3024,Calça Masculina,151.19,78.48,72.71,NF914325,swcvkb@email.com,2025-09-20,2025-09-20,RJ,37,Online,Dinheiro
P3025,Tênis Masculino,192.99,153.38,39.61,NF617900,fwmwam@email.com,2025-03-17,2025-03-21,CE,40,Online,Cartão
P3026,Tênis Masculino,332.9,221.54,111.36,NF554154,mfvvre@email.com,2025-01-07,2025-01-10,MG,41,Loja,Pix
P3027,Tênis Feminino,262.39,162.7,99.69,NF738127,yvyfao@email.com,2025-04-30,2025-04-30,MG,38,Loja,Pix
P3028,Tênis Feminino,130.13,94.55,35.58,NF859320,qckbty@email.com,2026-04-26,2026-04-27,PR,40,Online,Cartão
P3029,Camiseta Feminina,81.66,65.33,16.33,NF705069,svvmdw@email.com,2025-10-13,2025-10-17,SP,40,Online,Pix
P3030,Camiseta Masculina,314.04,208.47,105.57,NF371930,atemjj@email.com,2025-03-30,2025-04-03,SC,36,Online,Dinheiro
P3031,Tênis Masculino,412.23,299.22,113.01,NF774051,ctaovc@email.com,2025-04-15,2025-04-16,PR,41,Loja,Cartão
P3032,Camiseta Feminina,94.53,69.73,24.8,NF363522,sddlty@email.com,2025-07-17,2025-07-20,RS,38,Online,Pix
P3033,Tênis Masculino,262.82,204.77,58.05,NF143288,fxvlpq@email.com,2025-05-09,2025-05-14,RJ,37,Loja,Dinheiro
P3034,Camiseta Feminina,157.94,83.2,74.74,NF692799,hoaxzc@email.com,2025-08-01,2025-08-04,PB,40,Loja,Cartão
P3035,Calça Feminina,228.43,119.69,108.74,NF172368,zokmdx@email.com,2025-03-01,2025-03-03,PB,M,Loja,Cartão
P3036,Calça Feminina,468.88,293.31,175.57,NF441884,zeauul@email.com,2026-02-27,2026-03-03,SP,P,Loja,Boleto
P3037,Tênis Feminino,176.33,119.55,56.78,NF571362,uzwgts@email.com,2026-01-06,2026-01-09,RS,39,Loja,Dinheiro
P3038,Calça Feminina,90.85,61.41,29.44,NF770796,whbvnk@email.com,2025-08-22,2025-08-27,RJ,P,Online,Dinheiro
P3039,Tênis Masculino,376.85,262.76,114.09,NF758436,mbnzkl@email.com,2025-09-19,2025-09-24,PE,42,Loja,Boleto
P3040,Calça Masculina,492.91,266.31,226.6,NF565046,ysqqdy@email.com,2025-01-03,2025-01-05,MG,42,Loja,Cartão
P3041,Tênis Feminino,247.72,194.01,53.71,NF451183,jqajep@email.com,2026-02-04,2026-02-05,SC,38,Loja,Dinheiro
P3042,Calça Feminina,140.04,90.11,49.93,NF163583,vpmpyt@email.com,2025-06-25,2025-06-30,RJ,37,Online,Pix
P3043,Calça Feminina,346.82,249.24,97.58,NF947294,wuxtly@email.com,2025-12-28,2026-01-01,SP,41,Loja,Dinheiro
P3044,Calça Masculina,172.9,111.62,61.28,NF210649,kybway@email.com,2026-02-12,2026-02-12,PB,G,Loja,Cartão
P3045,Camiseta Feminina,194.36,116.9,77.46,NF664489,hbagkq@email.com,2026-03-30,2026-04-02,PE,41,Online,Pix
P3046,Calça Masculina,206.34,111.83,94.51,NF311238,jgbfnx@email.com,2025-12-09,2025-12-13,RS,M,Online,Dinheiro
P3047,Calça Masculina,221.3,174.68,46.62,NF197362,lsyzko@email.com,2025-03-11,2025-03-15,RJ,39,Online,Pix
P3048,Camiseta Feminina,520.76,280.03,240.73,NF475031,rfjmhx@email.com,2025-12-07,2025-12-12,SP,36,Online,Boleto
P3049,Calça Masculina,397.64,284.52,113.12,NF937270,hicsjt@email.com,2026-01-06,2026-01-09,SC,42,Online,Boleto
P3050,Tênis Feminino,244.47,147.87,96.6,NF518684,xmlugw@email.com,2025-10-31,2025-11-04,SP,39,Online,Dinheiro
P3051,Camiseta Masculina,104.44,56.87,47.57,NF278368,pyveol@email.com,2025-07-25,2025-07-26,PE,39,Online,Pix
P3052,Camiseta Feminina,237.96,154.14,83.82,NF659521,eynefu@email.com,2025-01-01,2025-01-01,SP,G,Online,Cartão
P3053,Tênis Feminino,127.62,76.46,51.16,NF373332,tkhkmr@email.com,2025-06-03,2025-06-08,MG,39,Loja,Dinheiro
P3054,Tênis Masculino,373.88,284.47,89.41,NF234314,ihzrya@email.com,2025-03-05,2025-03-06,RJ,41,Online,Pix
P3055,Camiseta Feminina,338.98,217.47,121.51,NF190695,odedpm@email.com,2025-12-13,2025-12-13,SP,M,Online,Boleto
P3056,Calça Feminina,251.41,144.87,106.54,NF941472,ygmdiw@email.com,2026-03-31,2026-04-02,MG,40,Online,Cartão
P3057,Camiseta Masculina,255.86,180.06,75.8,NF273682,uhtmsh@email.com,2025-06-20,2025-06-24,PR,39,Loja,Pix
P3058,Camiseta Feminina,211.05,159.56,51.49,NF892951,uiqynv@email.com,2026-04-13,2026-04-14,BA,38,Online,Cartão
P3059,Calça Feminina,148.36,106.86,41.5,NF591876,biganu@email.com,2025-02-15,2025-02-18,PR,39,Loja,Pix
P3060,Camiseta Masculina,369.78,217.28,152.5,NF599779,lncfec@email.com,2025-03-16,2025-03-21,RS,40,Loja,Dinheiro
P3061,Calça Feminina,170.83,104.91,65.92,NF852143,yzdcrw@email.com,2025-01-03,2025-01-08,PE,39,Online,Pix
P3062,Calça Masculina,386.63,242.04,144.59,NF777023,aulknm@email.com,2026-02-17,2026-02-21,RS,39,Loja,Boleto
P3063,Calça Masculina,509.35,285.99,223.36,NF468994,pzbazz@email.com,2025-12-20,2025-12-22,SC,40,Loja,Dinheiro
P3064,Tênis Masculino,332.71,241.61,91.1,NF388630,cjpeyw@email.com,2025-03-24,2025-03-27,MG,40,Online,Dinheiro
P3065,Tênis Masculino,148.51,80.41,68.1,NF966189,spnbpk@email.com,2025-12-17,2025-12-22,RS,38,Loja,Cartão
P3066,Calça Masculina,101.22,65.41,35.81,NF622678,pythdm@email.com,2025-04-04,2025-04-06,BA,36,Loja,Cartão
P3067,Camiseta Masculina,467.2,266.14,201.06,NF447962,nnefes@email.com,2025-03-15,2025-03-17,PE,37,Online,Dinheiro
P3068,Tênis Masculino,143.72,75.8,67.92,NF588808,gkijbx@email.com,2026-02-12,2026-02-13,PR,P,Loja,Boleto
P3069,Tênis Feminino,166.0,88.38,77.62,NF359540,pxgbrz@email.com,2025-04-19,2025-04-20,SP,42,Online,Pix
P3070,Calça Feminina,252.27,147.34,104.93,NF873517,gqqzve@email.com,2026-01-20,2026-01-25,MG,40,Online,Dinheiro
P3071,Tênis Feminino,503.73,298.34,205.39,NF328137,zctkec@email.com,2026-02-28,2026-03-04,MG,39,Online,Pix
P3072,Camiseta Masculina,357.54,253.39,104.15,NF427017,wolglh@email.com,2025-02-25,2025-02-26,SC,36,Loja,Boleto
P3073,Camiseta Masculina,94.88,67.71,27.17,NF922947,oprjwq@email.com,2025-12-14,2025-12-14,BA,P,Loja,Pix
P3074,Tênis Feminino,403.9,236.1,167.8,NF544942,plmalz@email.com,2025-07-22,2025-07-23,RJ,38,Loja,Boleto
P3075,Calça Feminina,327.07,203.45,123.62,NF644155,gkttgf@email.com,2025-06-12,2025-06-13,RJ,38,Online,Dinheiro
P3076,Camiseta Masculina,302.02,251.11,50.91,NF983390,fivwfu@email.com,2025-04-21,2025-04-23,RS,P,Loja,Boleto
P3077,Calça Feminina,98.08,70.49,27.59,NF288426,sgqsxm@email.com,2025-06-20,2025-06-25,SC,38,Online,Cartão
P3078,Camiseta Feminina,184.82,102.84,81.98,NF909465,aoztnb@email.com,2025-12-21,2025-12-21,RS,42,Loja,Pix
P3079,Calça Masculina,358.96,205.54,153.42,NF907928,zqzczt@email.com,2025-03-10,2025-03-12,PB,39,Loja,Dinheiro
P3080,Calça Masculina,127.03,83.03,44.0,NF932195,yvpcjq@email.com,2025-03-07,2025-03-12,SP,M,Online,Dinheiro
P3081,Calça Masculina,129.17,77.25,51.92,NF882209,cvkydn@email.com,2025-05-23,2025-05-24,PE,P,Online,Dinheiro
P3082,Tênis Masculino,354.05,254.75,99.3,NF815286,eezwrr@email.com,2025-06-11,2025-06-12,SC,38,Online,Dinheiro
P3083,Tênis Masculino,142.82,105.7,37.12,NF973308,zobzbm@email.com,2025-05-30,2025-05-31,PE,G,Loja,Boleto
P3084,Tênis Masculino,440.61,267.07,173.54,NF426615,mvhkfy@email.com,2025-09-12,2025-09-13,BA,38,Loja,Cartão
P3085,Tênis Feminino,303.57,225.11,78.46,NF112169,xuisco@email.com,2025-01-12,2025-01-17,PR,36,Loja,Pix
P3086,Calça Masculina,205.73,134.28,71.45,NF332015,qtybww@email.com,2025-08-22,2025-08-22,BA,M,Online,Cartão
P3087,Tênis Feminino,326.43,233.15,93.28,NF100208,bfcdmb@email.com,2026-04-25,2026-04-26,PB,38,Online,Cartão
P3088,Tênis Feminino,165.45,106.77,58.68,NF484176,ixedia@email.com,2026-04-12,2026-04-14,PR,41,Online,Pix
P3089,Camiseta Masculina,269.64,183.87,85.77,NF265022,xafaxe@email.com,2025-01-15,2025-01-20,RJ,P,Loja,Cartão
P3090,Tênis Masculino,529.69,282.87,246.82,NF601756,oxount@email.com,2025-05-04,2025-05-05,BA,36,Loja,Cartão
P3091,Camiseta Masculina,289.93,238.21,51.72,NF960503,tidomd@email.com,2025-01-04,2025-01-06,RJ,36,Online,Boleto
P3092,Tênis Feminino,308.16,214.73,93.43,NF774538,kkywtm@email.com,2025-09-04,2025-09-08,CE,G,Loja,Dinheiro
P3093,Calça Feminina,140.95,90.09,50.86,NF469999,bxtmvl@email.com,2025-03-28,2025-03-29,SC,38,Online,Boleto
P3094,Tênis Feminino,150.4,85.37,65.03,NF599158,tgundh@email.com,2025-09-01,2025-09-03,PE,39,Loja,Boleto
P3095,Camiseta Feminina,146.31,75.3,71.01,NF821880,mqjktx@email.com,2025-01-11,2025-01-14,CE,37,Online,Boleto
P3096,Tênis Masculino,278.83,183.49,95.34,NF274603,blqelm@email.com,2025-08-17,2025-08-18,MG,36,Online,Boleto
P3097,Calça Masculina,137.59,102.29,35.3,NF488692,ouzjck@email.com,2025-08-17,2025-08-22,CE,M,Online,Pix
P3098,Calça Feminina,466.13,262.42,203.71,NF375794,sihiuj@email.com,2025-02-22,2025-02-23,SC,37,Online,Pix
P3099,Tênis Masculino,264.75,149.42,115.33,NF834581,jcskmn@email.com,2025-02-02,2025-02-03,PR,36,Online,Boleto
P3100,Tênis Feminino,299.06,175.01,124.05,NF192092,eudfkd@email.com,2025-12-27,2026-01-01,SP,P,Loja,Pix
P3101,Tênis Masculino,145.17,80.93,64.24,NF535127,jyyyfv@email.com,2026-01-11,2026-01-15,MG,42,Loja,Cartão
P3102,Tênis Feminino,175.5,143.63,31.87,NF897628,cdkeek@email.com,2025-06-13,2025-06-16,SP,42,Online,Boleto
P3103,Calça Feminina,151.79,108.48,43.31,NF100468,dldulj@email.com,2025-06-23,2025-06-27,CE,P,Online,Boleto
P3104,Tênis Feminino,432.62,280.84,151.78,NF381069,tzxpzj@email.com,2025-10-29,2025-11-02,SC,36,Online,Cartão
P3105,Calça Masculina,171.86,95.43,76.43,NF477250,kbblfp@email.com,2025-07-20,2025-07-20,PR,39,Online,Pix
P3106,Calça Feminina,470.3,252.12,218.18,NF727571,bpraur@email.com,2025-03-19,2025-03-23,CE,38,Online,Cartão
P3107,Camiseta Masculina,105.47,79.43,26.04,NF791831,uubcsu@email.com,2025-10-10,2025-10-10,PR,36,Loja,Dinheiro
P3108,Camiseta Masculina,382.1,250.63,131.47,NF699781,sfzlje@email.com,2025-09-26,2025-09-29,RS,P,Online,Cartão
P3109,Camiseta Masculina,286.97,225.95,61.02,NF836216,jdtjxn@email.com,2026-01-15,2026-01-15,PE,42,Loja,Dinheiro
P3110,Tênis Masculino,185.8,105.08,80.72,NF887969,qygcof@email.com,2025-05-06,2025-05-08,MG,36,Online,Boleto
P3111,Tênis Masculino,298.15,202.85,95.3,NF640984,qjejac@email.com,2025-07-13,2025-07-15,CE,39,Loja,Dinheiro
P3112,Calça Feminina,269.61,171.9,97.71,NF312660,pqfzkh@email.com,2025-07-18,2025-07-20,RJ,41,Online,Pix
P3113,Calça Feminina,128.16,72.82,55.34,NF927619,awwtxn@email.com,2025-04-29,2025-05-02,RJ,G,Online,Dinheiro
P3114,Calça Feminina,441.42,275.51,165.91,NF388693,xxxjwk@email.com,2026-02-06,2026-02-08,PE,41,Loja,Cartão
P3115,Camiseta Feminina,402.87,215.15,187.72,NF913755,dayutp@email.com,2025-11-15,2025-11-17,SP,M,Loja,Pix
P3116,Camiseta Feminina,267.02,212.06,54.96,NF311504,zlfuhp@email.com,2025-01-08,2025-01-08,RS,37,Loja,Pix
P3117,Tênis Feminino,531.56,295.41,236.15,NF712286,khwsks@email.com,2026-04-26,2026-04-26,CE,42,Online,Dinheiro
P3118,Camiseta Masculina,257.53,205.35,52.18,NF345020,cwpjlj@email.com,2025-09-06,2025-09-06,CE,37,Online,Cartão
P3119,Tênis Feminino,258.47,205.66,52.81,NF221801,nfrbxi@email.com,2025-07-20,2025-07-23,SP,41,Loja,Dinheiro
P3120,Tênis Masculino,183.64,139.96,43.68,NF799479,zktwwo@email.com,2026-02-08,2026-02-09,SP,41,Online,Dinheiro
P3121,Calça Feminina,224.22,126.64,97.58,NF213639,ucqkxa@email.com,2025-01-22,2025-01-27,CE,39,Online,Pix
P3122,Camiseta Masculina,344.27,235.31,108.96,NF236628,zqtbsx@email.com,2025-05-23,2025-05-27,PR,36,Loja,Cartão
P3123,Calça Masculina,183.28,112.65,70.63,NF281813,jjcbly@email.com,2025-12-26,2025-12-30,BA,42,Online,Boleto
P3124,Tênis Masculino,429.64,258.01,171.63,NF598207,obxpoi@email.com,2025-03-10,2025-03-10,PE,36,Online,Boleto
P3125,Tênis Masculino,493.17,277.36,215.81,NF203590,ntrqse@email.com,2025-02-20,2025-02-25,MG,M,Loja,Boleto
P3126,Camiseta Feminina,261.28,172.75,88.53,NF660173,tktejr@email.com,2025-05-29,2025-06-02,MG,42,Online,Dinheiro
P3127,Calça Masculina,527.55,297.1,230.45,NF917187,fbzymu@email.com,2025-11-12,2025-11-16,MG,36,Loja,Boleto
P3128,Camiseta Masculina,138.16,75.93,62.23,NF284537,mcxdfm@email.com,2025-02-25,2025-03-02,RJ,36,Online,Boleto
P3129,Camiseta Feminina,204.93,132.91,72.02,NF756768,jsqdeg@email.com,2025-10-03,2025-10-07,SC,G,Loja,Dinheiro
P3130,Camiseta Feminina,375.15,259.58,115.57,NF776409,cywnhg@email.com,2025-01-21,2025-01-24,SC,39,Online,Cartão
P3131,Camiseta Feminina,474.09,287.84,186.25,NF947814,kudkdt@email.com,2025-06-30,2025-07-04,SC,M,Online,Boleto
P3132,Camiseta Masculina,205.44,129.77,75.67,NF434323,hhieir@email.com,2025-12-28,2025-12-29,PB,41,Loja,Boleto
P3133,Tênis Feminino,142.56,114.34,28.22,NF268257,oufbul@email.com,2025-05-22,2025-05-27,PB,42,Online,Cartão
P3134,Calça Masculina,303.0,160.79,142.21,NF231710,gdpgwc@email.com,2026-04-24,2026-04-28,PR,40,Online,Boleto
P3135,Tênis Feminino,462.18,247.2,214.98,NF949621,kebhut@email.com,2025-04-24,2025-04-28,BA,41,Loja,Cartão
P3136,Tênis Feminino,300.24,166.12,134.12,NF154771,kwstff@email.com,2025-11-11,2025-11-15,PB,39,Online,Cartão
P3137,Tênis Feminino,295.57,177.74,117.83,NF813909,ojqrwn@email.com,2025-09-20,2025-09-20,SC,42,Online,Boleto
P3138,Camiseta Masculina,489.42,296.71,192.71,NF156122,mfbjjj@email.com,2026-01-02,2026-01-05,SC,40,Online,Boleto
P3139,Tênis Masculino,241.73,122.23,119.5,NF735272,ujpvzv@email.com,2025-06-19,2025-06-20,PR,36,Online,Pix
P3140,Camiseta Masculina,201.21,109.76,91.45,NF855424,uzcfht@email.com,2025-11-03,2025-11-07,PE,37,Loja,Cartão
P3141,Tênis Feminino,388.89,217.48,171.41,NF334902,wfppzf@email.com,2025-08-07,2025-08-08,BA,41,Online,Boleto
P3142,Tênis Masculino,339.92,172.79,167.13,NF289101,fdjnxp@email.com,2025-08-31,2025-09-02,PB,G,Online,Cartão
P3143,Tênis Masculino,173.71,87.37,86.34,NF965418,rryaup@email.com,2025-04-29,2025-05-01,PR,37,Online,Cartão
P3144,Calça Masculina,322.82,191.91,130.91,NF745344,sneyee@email.com,2026-02-14,2026-02-17,BA,G,Loja,Pix
P3145,Camiseta Feminina,477.76,294.88,182.88,NF632645,wzzfrr@email.com,2026-02-17,2026-02-20,BA,38,Loja,Cartão
P3146,Calça Feminina,294.16,223.5,70.66,NF505437,saedsh@email.com,2025-08-08,2025-08-10,RS,37,Loja,Pix
P3147,Calça Feminina,384.51,285.0,99.51,NF657842,xhhcjd@email.com,2025-02-11,2025-02-12,BA,41,Online,Cartão
P3148,Camiseta Masculina,408.82,279.67,129.15,NF456483,autebk@email.com,2026-03-22,2026-03-26,MG,36,Online,Dinheiro
P3149,Camiseta Masculina,243.23,151.13,92.1,NF578434,hxxxqj@email.com,2025-03-09,2025-03-10,SC,G,Online,Dinheiro
P3150,Camiseta Masculina,267.54,204.44,63.1,NF836242,znagvp@email.com,2026-01-12,2026-01-15,PB,P,Loja,Boleto
P3151,Camiseta Feminina,184.13,106.46,77.67,NF315324,brudtd@email.com,2025-06-08,2025-06-09,CE,36,Loja,Cartão
P3152,Camiseta Feminina,167.6,121.38,46.22,NF574595,zibtql@email.com,2025-01-04,2025-01-04,MG,37,Loja,Cartão
P3153,Calça Masculina,311.31,175.37,135.94,NF309854,lvkznf@email.com,2025-07-11,2025-07-13,PE,36,Loja,Pix
P3154,Calça Masculina,340.2,174.73,165.47,NF794546,ltkrsm@email.com,2025-10-14,2025-10-19,RJ,40,Loja,Boleto
P3155,Calça Feminina,339.79,209.69,130.1,NF276133,hfhkix@email.com,2025-12-08,2025-12-09,RS,39,Online,Boleto
P3156,Tênis Feminino,424.85,247.98,176.87,NF544504,ecsnjc@email.com,2025-11-09,2025-11-11,RJ,37,Online,Boleto
P3157,Calça Feminina,375.28,194.13,181.15,NF598412,ksvwba@email.com,2026-01-24,2026-01-27,PE,42,Loja,Boleto
P3158,Tênis Feminino,72.62,59.83,12.79,NF305437,yofryh@email.com,2025-01-29,2025-02-03,BA,G,Online,Boleto
P3159,Calça Masculina,128.22,101.52,26.7,NF572650,uzesgk@email.com,2025-09-08,2025-09-09,MG,37,Online,Cartão
P3160,Camiseta Masculina,107.53,76.15,31.38,NF327337,xlngmv@email.com,2025-01-13,2025-01-15,PB,41,Loja,Boleto
P3161,Calça Feminina,237.3,139.67,97.63,NF475127,afoutc@email.com,2025-12-01,2025-12-04,CE,36,Loja,Boleto
P3162,Calça Masculina,361.57,219.6,141.97,NF703905,aaaltw@email.com,2025-03-14,2025-03-18,PR,40,Online,Dinheiro
P3163,Calça Masculina,325.49,258.69,66.8,NF486108,lbdapl@email.com,2025-05-07,2025-05-07,PR,36,Online,Dinheiro
P3164,Camiseta Masculina,336.92,169.78,167.14,NF143337,vmajbm@email.com,2026-01-24,2026-01-28,RS,41,Loja,Dinheiro
P3165,Calça Masculina,453.85,261.91,191.94,NF358488,vexaqc@email.com,2025-10-28,2025-10-28,PR,38,Loja,Pix
P3166,Calça Masculina,376.01,222.67,153.34,NF914598,jtqxqu@email.com,2026-04-09,2026-04-11,CE,36,Online,Dinheiro
P3167,Camiseta Feminina,204.15,159.91,44.24,NF411194,cwxdtm@email.com,2025-05-29,2025-05-29,SC,38,Online,Cartão
P3168,Tênis Masculino,168.65,88.12,80.53,NF737686,odgfku@email.com,2025-12-31,2025-12-31,MG,36,Online,Cartão
P3169,Tênis Feminino,470.13,276.39,193.74,NF160096,xmxvpd@email.com,2025-10-20,2025-10-22,PB,39,Online,Cartão
P3170,Camiseta Feminina,248.43,198.49,49.94,NF447620,meyiox@email.com,2026-01-18,2026-01-21,SC,41,Online,Cartão
P3171,Calça Feminina,311.78,243.2,68.58,NF166577,gthwfk@email.com,2025-09-19,2025-09-19,RJ,42,Online,Boleto
P3172,Camiseta Feminina,297.54,208.64,88.9,NF608737,htrqeh@email.com,2025-08-02,2025-08-05,CE,G,Online,Pix
P3173,Camiseta Masculina,435.12,223.79,211.33,NF999967,ibldew@email.com,2025-06-21,2025-06-21,BA,40,Loja,Dinheiro
P3174,Tênis Masculino,142.15,76.19,65.96,NF998799,gblmmc@email.com,2026-03-02,2026-03-03,SC,41,Online,Dinheiro
P3175,Calça Masculina,354.33,207.04,147.29,NF251983,qudolh@email.com,2025-05-04,2025-05-04,CE,42,Online,Cartão
P3176,Camiseta Feminina,239.88,126.05,113.83,NF765059,whxcnf@email.com,2025-07-15,2025-07-17,RS,G,Loja,Cartão
P3177,Camiseta Feminina,267.04,182.83,84.21,NF932955,kngzjr@email.com,2025-01-03,2025-01-08,CE,38,Online,Boleto
P3178,Calça Feminina,283.55,159.44,124.11,NF232423,pvymms@email.com,2025-04-20,2025-04-22,RS,P,Online,Boleto
P3179,Camiseta Feminina,225.44,150.99,74.45,NF702671,kyxxvq@email.com,2025-01-20,2025-01-23,RJ,41,Online,Pix
P3180,Tênis Feminino,500.05,273.4,226.65,NF641452,eogafh@email.com,2025-06-14,2025-06-17,MG,38,Online,Cartão
P3181,Calça Feminina,437.81,279.45,158.36,NF874641,irojew@email.com,2026-01-17,2026-01-19,SC,37,Loja,Boleto
P3182,Calça Feminina,175.68,136.03,39.65,NF244006,tjotkp@email.com,2025-01-21,2025-01-24,BA,G,Loja,Pix
P3183,Camiseta Masculina,259.53,149.88,109.65,NF796828,djmyhs@email.com,2026-02-16,2026-02-21,RS,36,Loja,Dinheiro
P3184,Camiseta Feminina,351.21,250.26,100.95,NF148138,cqkzxf@email.com,2025-07-01,2025-07-02,SP,41,Online,Pix
P3185,Tênis Masculino,242.87,126.81,116.06,NF735442,qifhjz@email.com,2025-05-09,2025-05-09,MG,P,Loja,Boleto
P3186,Camiseta Masculina,394.15,233.4,160.75,NF377416,sxohap@email.com,2025-10-07,2025-10-10,SC,P,Online,Boleto
P3187,Calça Feminina,261.45,136.68,124.77,NF150896,qklvlj@email.com,2025-05-03,2025-05-08,PR,42,Online,Dinheiro
P3188,Tênis Masculino,327.1,185.37,141.73,NF736011,jioyig@email.com,2025-04-16,2025-04-21,MG,38,Loja,Dinheiro
P3189,Tênis Feminino,203.71,148.92,54.79,NF763285,vbzhkv@email.com,2025-08-16,2025-08-21,PR,38,Loja,Pix
P3190,Calça Feminina,322.34,247.7,74.64,NF102601,ptelnr@email.com,2025-07-16,2025-07-20,CE,42,Online,Dinheiro
P3191,Tênis Masculino,335.05,229.24,105.81,NF186994,chajsi@email.com,2026-04-25,2026-04-27,PB,40,Online,Dinheiro
P3192,Camiseta Feminina,460.6,278.29,182.31,NF737158,jakelm@email.com,2025-09-12,2025-09-16,SC,G,Online,Cartão
P3193,Tênis Feminino,374.61,268.41,106.2,NF121657,ieblna@email.com,2026-01-17,2026-01-18,MG,42,Loja,Cartão
P3194,Tênis Masculino,319.95,254.96,64.99,NF474341,efcjqh@email.com,2025-12-24,2025-12-28,RS,37,Loja,Cartão
P3195,Camiseta Masculina,397.6,278.75,118.85,NF131677,sriauj@email.com,2025-10-06,2025-10-07,PR,39,Online,Pix
P3196,Tênis Masculino,196.89,149.47,47.42,NF816170,zbwkig@email.com,2025-10-06,2025-10-07,PE,P,Loja,Dinheiro
P3197,Calça Feminina,118.54,63.64,54.9,NF205691,qvaetx@email.com,2025-09-22,2025-09-27,MG,42,Loja,Cartão
P3198,Calça Masculina,201.75,133.07,68.68,NF836382,duvzje@email.com,2025-02-05,2025-02-08,PB,38,Loja,Dinheiro
P3199,Calça Masculina,209.81,162.15,47.66,NF296072,eserkv@email.com,2025-01-24,2025-01-25,SC,P,Online,Pix
P3200,Tênis Feminino,364.0,259.3,104.7,NF108722,tmtlcl@email.com,2025-03-19,2025-03-21,PR,41,Online,Dinheiro
P3201,Camiseta Masculina,153.32,91.21,62.11,NF744898,ehfyta@email.com,2025-11-16,2025-11-20,CE,M,Online,Dinheiro
P3202,Tênis Feminino,495.4,260.25,235.15,NF586382,emaeet@email.com,2025-02-24,2025-02-28,MG,38,Loja,Boleto
P3203,Tênis Feminino,498.35,268.72,229.63,NF686461,ksgmce@email.com,2025-09-19,2025-09-19,MG,40,Loja,Boleto
P3204,Calça Masculina,188.94,156.21,32.73,NF723761,dtbdws@email.com,2026-04-19,2026-04-21,SC,M,Online,Cartão
P3205,Tênis Masculino,321.29,211.22,110.07,NF245448,wucktu@email.com,2025-10-19,2025-10-21,RJ,M,Loja,Boleto
P3206,Camiseta Feminina,172.97,123.69,49.28,NF119765,airezz@email.com,2026-04-06,2026-04-09,CE,42,Online,Dinheiro
P3207,Camiseta Masculina,91.19,73.79,17.4,NF817339,pxyvru@email.com,2025-07-02,2025-07-02,PE,M,Online,Dinheiro
P3208,Calça Masculina,364.2,272.03,92.17,NF750586,yyapnf@email.com,2025-09-21,2025-09-22,PB,37,Online,Cartão
P3209,Calça Masculina,220.15,138.67,81.48,NF629838,yygjcf@email.com,2025-04-14,2025-04-18,PE,41,Online,Dinheiro
P3210,Tênis Feminino,378.84,203.84,175.0,NF401015,uomcxl@email.com,2025-04-29,2025-05-02,BA,39,Online,Boleto
P3211,Calça Masculina,150.67,77.92,72.75,NF354707,nggqlg@email.com,2026-03-11,2026-03-15,SC,41,Online,Cartão
P3212,Camiseta Masculina,236.9,139.25,97.65,NF274649,bxyrhg@email.com,2025-09-02,2025-09-03,RS,38,Loja,Cartão
P3213,Calça Feminina,273.39,173.77,99.62,NF362621,cwwvqi@email.com,2025-03-21,2025-03-23,BA,M,Online,Dinheiro
P3214,Tênis Feminino,582.49,293.11,289.38,NF882012,bvjhwr@email.com,2025-01-20,2025-01-25,SC,38,Online,Dinheiro
P3215,Tênis Masculino,295.44,159.72,135.72,NF119223,yxymnh@email.com,2025-04-17,2025-04-19,PB,41,Loja,Pix
P3216,Camiseta Masculina,361.09,273.45,87.64,NF867063,ycpajq@email.com,2025-08-27,2025-08-28,BA,37,Online,Boleto
P3217,Camiseta Feminina,121.23,79.65,41.58,NF483394,ulufkh@email.com,2025-02-15,2025-02-18,BA,40,Loja,Boleto
P3218,Camiseta Feminina,121.86,75.54,46.32,NF908234,tzzccs@email.com,2026-03-20,2026-03-21,CE,37,Loja,Boleto
P3219,Tênis Feminino,263.49,185.11,78.38,NF365668,rhovos@email.com,2025-12-24,2025-12-29,CE,37,Online,Pix
P3220,Camiseta Masculina,354.59,197.96,156.63,NF893452,bcnifo@email.com,2026-03-08,2026-03-11,PR,G,Online,Dinheiro
P3221,Tênis Masculino,122.02,85.26,36.76,NF749996,zlcorp@email.com,2025-02-03,2025-02-05,PR,39,Online,Dinheiro
P3222,Camiseta Masculina,130.81,68.12,62.69,NF900800,kqblfd@email.com,2025-08-16,2025-08-18,RJ,M,Loja,Pix
P3223,Tênis Masculino,346.85,250.52,96.33,NF496618,fsmlhn@email.com,2025-06-21,2025-06-22,RJ,P,Online,Boleto
P3224,Calça Feminina,450.46,276.77,173.69,NF519359,zyxtdg@email.com,2025-04-15,2025-04-20,SC,37,Online,Cartão
P3225,Calça Feminina,513.45,265.74,247.71,NF218924,rmcctv@email.com,2025-08-18,2025-08-21,PE,42,Loja,Pix
P3226,Calça Feminina,223.19,127.32,95.87,NF687734,vnsmbp@email.com,2025-04-13,2025-04-13,SC,42,Online,Cartão
P3227,Calça Masculina,376.2,275.84,100.36,NF350339,zltzdc@email.com,2026-02-16,2026-02-20,PE,41,Loja,Boleto
P3228,Tênis Feminino,185.49,93.54,91.95,NF357810,rzcczg@email.com,2025-08-26,2025-08-31,BA,36,Loja,Dinheiro
P3229,Camiseta Masculina,265.32,192.68,72.64,NF602975,eiueah@email.com,2025-12-03,2025-12-07,PE,40,Online,Dinheiro
P3230,Camiseta Masculina,179.75,146.68,33.07,NF361772,hqmeue@email.com,2025-06-24,2025-06-26,CE,37,Online,Cartão
P3231,Calça Masculina,468.01,292.79,175.22,NF355519,kmjfuw@email.com,2025-11-02,2025-11-07,CE,39,Online,Pix
P3232,Tênis Masculino,367.25,204.04,163.21,NF371834,kgfnbb@email.com,2025-09-02,2025-09-06,PR,41,Online,Pix
P3233,Calça Masculina,220.22,136.52,83.7,NF368669,redzao@email.com,2025-09-08,2025-09-13,RJ,40,Online,Cartão
P3234,Calça Feminina,101.17,76.53,24.64,NF351418,pbxuzy@email.com,2026-03-07,2026-03-10,PR,P,Online,Boleto
P3235,Tênis Masculino,411.59,224.83,186.76,NF825126,lnbbxf@email.com,2026-02-16,2026-02-21,SC,M,Loja,Boleto
P3236,Camiseta Feminina,129.42,73.77,55.65,NF217328,fegach@email.com,2026-03-15,2026-03-18,BA,41,Loja,Dinheiro
P3237,Calça Masculina,220.81,150.34,70.47,NF472908,tszboq@email.com,2025-02-09,2025-02-10,MG,P,Loja,Dinheiro
P3238,Tênis Masculino,572.03,292.37,279.66,NF760714,gdxsbm@email.com,2025-10-14,2025-10-14,PB,37,Online,Dinheiro
P3239,Tênis Feminino,112.57,87.2,25.37,NF146509,myarns@email.com,2025-01-10,2025-01-11,RJ,P,Loja,Boleto
P3240,Camiseta Feminina,233.11,140.79,92.32,NF414205,vegysw@email.com,2026-02-03,2026-02-04,PE,42,Loja,Pix
P3241,Calça Feminina,183.43,143.71,39.72,NF552886,cgieew@email.com,2026-02-01,2026-02-04,SC,39,Online,Boleto
P3242,Tênis Masculino,189.71,157.04,32.67,NF544186,djdckb@email.com,2025-04-18,2025-04-19,PR,P,Loja,Pix
P3243,Calça Masculina,384.49,247.71,136.78,NF237815,uwwanw@email.com,2025-09-27,2025-09-29,CE,36,Loja,Dinheiro
P3244,Camiseta Masculina,450.84,298.33,152.51,NF471869,xxrsgr@email.com,2026-01-26,2026-01-27,BA,37,Online,Dinheiro
P3245,Calça Masculina,231.69,129.65,102.04,NF628511,tcaslk@email.com,2025-10-24,2025-10-24,CE,M,Online,Pix
P3246,Calça Masculina,137.15,84.4,52.75,NF431971,vanutn@email.com,2026-04-10,2026-04-10,PB,38,Online,Dinheiro
P3247,Tênis Feminino,206.79,105.34,101.45,NF871753,duwaan@email.com,2025-08-02,2025-08-06,BA,42,Online,Pix
P3248,Camiseta Masculina,297.08,220.16,76.92,NF807778,klbemp@email.com,2025-03-11,2025-03-16,RJ,40,Loja,Pix
P3249,Tênis Feminino,86.23,67.9,18.33,NF228967,ikupdx@email.com,2026-03-27,2026-04-01,PR,39,Loja,Cartão
P3250,Camiseta Masculina,282.64,188.26,94.38,NF572708,mohmqg@email.com,2025-05-26,2025-05-27,PR,G,Loja,Cartão
P3251,Tênis Masculino,454.22,228.13,226.09,NF874876,hxdlvi@email.com,2026-04-24,2026-04-24,RJ,39,Loja,Cartão
P3252,Tênis Masculino,280.99,196.57,84.42,NF334474,sygiso@email.com,2025-04-16,2025-04-20,PR,40,Online,Pix
P3253,Camiseta Feminina,513.73,277.17,236.56,NF362269,otmjit@email.com,2026-03-16,2026-03-20,BA,M,Loja,Cartão
P3254,Tênis Masculino,457.03,246.78,210.25,NF996447,izdljw@email.com,2025-12-07,2025-12-09,MG,P,Online,Dinheiro
P3255,Camiseta Feminina,443.88,270.96,172.92,NF926580,csuezy@email.com,2025-02-28,2025-03-04,RS,36,Loja,Cartão
P3256,Tênis Masculino,419.99,220.67,199.32,NF108350,qncsnt@email.com,2025-04-11,2025-04-11,CE,P,Online,Cartão
P3257,Camiseta Feminina,118.73,95.06,23.67,NF207890,nybjfq@email.com,2025-11-28,2025-11-28,CE,P,Loja,Dinheiro
P3258,Calça Feminina,342.72,275.9,66.82,NF486127,xczltj@email.com,2026-01-20,2026-01-24,BA,G,Online,Pix
P3259,Camiseta Feminina,296.91,235.45,61.46,NF364016,offfwy@email.com,2025-10-01,2025-10-02,PR,G,Loja,Cartão
P3260,Tênis Masculino,165.27,135.97,29.3,NF803078,uxpxvx@email.com,2025-05-12,2025-05-15,PB,42,Loja,Boleto
P3261,Camiseta Feminina,231.82,188.47,43.35,NF430116,cqysig@email.com,2025-05-07,2025-05-09,MG,37,Loja,Pix
P3262,Calça Feminina,396.92,214.12,182.8,NF441171,uddezk@email.com,2025-10-12,2025-10-13,PB,39,Loja,Boleto
P3263,Camiseta Masculina,354.01,253.73,100.28,NF578017,xgmqzi@email.com,2026-04-03,2026-04-05,CE,G,Loja,Pix
P3264,Tênis Masculino,388.88,200.48,188.4,NF636691,szvmcz@email.com,2025-02-14,2025-02-15,RJ,41,Online,Boleto
P3265,Tênis Masculino,330.86,230.42,100.44,NF843141,xpkbhq@email.com,2026-04-19,2026-04-21,BA,42,Loja,Cartão
P3266,Tênis Masculino,293.96,176.97,116.99,NF686289,ppcobe@email.com,2025-04-13,2025-04-14,SP,39,Loja,Pix
P3267,Camiseta Masculina,256.94,199.35,57.59,NF294535,tjutkz@email.com,2025-11-07,2025-11-09,PE,39,Online,Boleto
P3268,Camiseta Feminina,326.14,250.28,75.86,NF837218,ftasbm@email.com,2025-07-20,2025-07-25,RJ,P,Online,Cartão
P3269,Tênis Feminino,352.4,200.69,151.71,NF281370,rrskpf@email.com,2026-01-27,2026-01-31,PR,42,Loja,Boleto
P3270,Camiseta Masculina,433.68,291.44,142.24,NF849852,cpflwv@email.com,2026-04-04,2026-04-05,BA,40,Loja,Cartão
P3271,Tênis Feminino,287.63,183.9,103.73,NF134749,iuppup@email.com,2025-06-06,2025-06-07,MG,M,Online,Boleto
P3272,Tênis Masculino,188.5,134.8,53.7,NF162237,ujmlpq@email.com,2026-04-27,2026-05-01,BA,36,Loja,Boleto
P3273,Tênis Masculino,65.34,52.6,12.74,NF928232,rdhcsl@email.com,2025-03-06,2025-03-10,PB,37,Online,Cartão
P3274,Calça Feminina,95.92,54.21,41.71,NF797527,lildwy@email.com,2026-04-10,2026-04-12,CE,38,Online,Cartão
P3275,Camiseta Masculina,429.42,255.0,174.42,NF572731,ohxvif@email.com,2025-01-13,2025-01-17,BA,G,Loja,Boleto
P3276,Calça Masculina,251.06,147.32,103.74,NF718954,lsiqcy@email.com,2025-03-12,2025-03-17,RJ,37,Online,Pix
P3277,Calça Masculina,289.67,166.21,123.46,NF836646,mjxcxf@email.com,2025-11-08,2025-11-11,PE,36,Loja,Pix
P3278,Tênis Masculino,111.15,76.11,35.04,NF818097,bkdkoq@email.com,2026-03-17,2026-03-22,CE,42,Online,Pix
P3279,Camiseta Masculina,303.67,207.8,95.87,NF326504,jrevvm@email.com,2025-05-15,2025-05-18,MG,41,Loja,Cartão
P3280,Camiseta Feminina,229.22,152.99,76.23,NF901407,hmkfwl@email.com,2025-09-17,2025-09-19,SP,P,Online,Cartão
P3281,Tênis Feminino,138.18,107.34,30.84,NF673571,rjpslo@email.com,2026-03-09,2026-03-14,CE,39,Online,Boleto
P3282,Calça Feminina,386.21,266.86,119.35,NF455846,kkqykm@email.com,2025-11-18,2025-11-19,PB,36,Online,Boleto
P3283,Camiseta Masculina,270.0,179.0,91.0,NF881014,nwqyvh@email.com,2025-05-14,2025-05-14,SP,M,Loja,Boleto
P3284,Calça Feminina,185.98,130.33,55.65,NF743796,vjrfah@email.com,2025-09-05,2025-09-10,PR,36,Online,Dinheiro
P3285,Camiseta Feminina,200.6,158.39,42.21,NF455229,puqqul@email.com,2025-06-10,2025-06-10,PR,M,Online,Pix
P3286,Camiseta Masculina,283.11,223.01,60.1,NF234547,lqhynq@email.com,2025-09-07,2025-09-07,SC,41,Loja,Pix
P3287,Calça Feminina,349.97,250.36,99.61,NF757356,ysdjaz@email.com,2026-03-14,2026-03-15,CE,41,Online,Cartão
P3288,Camiseta Feminina,205.09,147.22,57.87,NF158213,jtkrla@email.com,2025-11-24,2025-11-24,PR,37,Online,Boleto
P3289,Calça Masculina,366.08,281.06,85.02,NF502158,mdxthc@email.com,2025-06-26,2025-06-28,CE,40,Loja,Dinheiro
P3290,Tênis Masculino,300.35,222.43,77.92,NF612632,eytzgq@email.com,2026-02-09,2026-02-12,RS,40,Loja,Dinheiro
P3291,Calça Feminina,411.7,274.78,136.92,NF659318,muwlky@email.com,2026-02-27,2026-03-03,PE,P,Online,Dinheiro
P3292,Camiseta Masculina,477.99,239.64,238.35,NF342247,tciruo@email.com,2025-02-28,2025-03-02,MG,42,Online,Cartão
P3293,Camiseta Feminina,341.34,208.23,133.11,NF765369,zuekzo@email.com,2026-03-29,2026-04-01,CE,38,Online,Boleto
P3294,Tênis Masculino,366.65,267.69,98.96,NF235628,xlsglh@email.com,2025-03-30,2025-04-02,PR,G,Loja,Boleto
P3295,Camiseta Masculina,201.26,138.16,63.1,NF468478,pdnvei@email.com,2026-02-13,2026-02-13,PE,G,Online,Pix
P3296,Calça Masculina,169.3,87.23,82.07,NF972201,qdkayx@email.com,2026-01-15,2026-01-19,CE,P,Online,Boleto
P3297,Tênis Feminino,254.03,148.34,105.69,NF291061,pswcrh@email.com,2025-04-19,2025-04-20,PE,42,Loja,Boleto
P3298,Calça Feminina,103.02,58.48,44.54,NF684588,znkbjj@email.com,2025-06-26,2025-06-28,SP,42,Loja,Dinheiro
P3299,Tênis Feminino,433.83,240.76,193.07,NF897789,nignuy@email.com,2025-08-26,2025-08-29,BA,39,Online,Dinheiro
P3300,Camiseta Masculina,224.34,174.85,49.49,NF682984,dpnkuq@email.com,2025-02-05,2025-02-06,BA,38,Online,Pix
P3301,Calça Feminina,276.75,171.18,105.57,NF161863,wnjcyc@email.com,2026-02-15,2026-02-18,MG,37,Loja,Boleto
P3302,Tênis Feminino,551.89,299.08,252.81,NF918016,dbkycv@email.com,2025-02-15,2025-02-18,RS,G,Online,Cartão
P3303,Calça Feminina,467.44,252.89,214.55,NF507191,rkqipz@email.com,2025-05-20,2025-05-21,PB,G,Online,Cartão
P3304,Calça Feminina,282.11,142.62,139.49,NF167671,ryufee@email.com,2025-02-08,2025-02-10,CE,36,Loja,Pix
P3305,Calça Masculina,501.0,299.01,201.99,NF375252,ydetdd@email.com,2026-04-12,2026-04-16,RS,40,Online,Dinheiro
P3306,Calça Feminina,212.27,129.2,83.07,NF376630,feccsq@email.com,2025-07-07,2025-07-08,CE,38,Loja,Boleto
P3307,Tênis Feminino,384.19,214.51,169.68,NF203586,fnsebp@email.com,2025-12-30,2026-01-01,SC,42,Loja,Cartão
P3308,Camiseta Masculina,565.93,293.63,272.3,NF882969,xqkqji@email.com,2025-02-07,2025-02-10,RJ,M,Loja,Cartão
P3309,Tênis Masculino,374.95,234.78,140.17,NF591133,cetznv@email.com,2025-08-27,2025-08-31,SC,36,Online,Boleto
P3310,Camiseta Masculina,92.14,59.43,32.71,NF883187,dherko@email.com,2025-11-08,2025-11-13,RS,G,Online,Dinheiro
P3311,Tênis Feminino,302.67,191.38,111.29,NF909697,cpweor@email.com,2026-02-21,2026-02-25,BA,36,Online,Pix
P3312,Calça Masculina,100.18,54.43,45.75,NF734986,jeayxr@email.com,2025-10-04,2025-10-06,PB,36,Loja,Pix
P3313,Camiseta Masculina,185.42,148.74,36.68,NF770058,plccnp@email.com,2025-06-02,2025-06-06,PE,M,Loja,Dinheiro
P3314,Calça Masculina,355.93,275.17,80.76,NF713847,jbgptt@email.com,2026-01-18,2026-01-20,BA,40,Loja,Pix
P3315,Calça Masculina,306.19,218.84,87.35,NF377252,isrigw@email.com,2025-04-22,2025-04-26,PB,41,Loja,Boleto
P3316,Camiseta Feminina,143.66,92.01,51.65,NF415235,tuxyfl@email.com,2025-07-01,2025-07-02,CE,42,Online,Dinheiro
P3317,Camiseta Feminina,253.8,132.06,121.74,NF104604,jfreen@email.com,2025-10-27,2025-10-28,BA,37,Online,Boleto
P3318,Camiseta Feminina,213.16,139.7,73.46,NF818012,pcjavi@email.com,2025-02-06,2025-02-08,BA,36,Online,Dinheiro
P3319,Camiseta Feminina,323.86,257.05,66.81,NF969602,iamked@email.com,2025-06-01,2025-06-05,MG,40,Loja,Pix
P3320,Calça Masculina,206.46,148.39,58.07,NF423178,yswodo@email.com,2026-03-03,2026-03-06,PE,38,Online,Dinheiro
P3321,Calça Masculina,210.33,109.81,100.52,NF509596,lwmvlr@email.com,2026-04-01,2026-04-05,SC,M,Online,Dinheiro
P3322,Calça Masculina,230.51,160.02,70.49,NF175591,oybjyh@email.com,2026-03-15,2026-03-18,PR,42,Loja,Pix
P3323,Calça Feminina,189.28,96.83,92.45,NF191248,ysnhhk@email.com,2025-12-26,2025-12-30,BA,G,Online,Boleto
P3324,Tênis Masculino,430.51,275.55,154.96,NF796622,cofniz@email.com,2025-06-23,2025-06-25,SC,P,Loja,Cartão
P3325,Tênis Feminino,114.33,58.74,55.59,NF977120,nucnis@email.com,2026-03-07,2026-03-07,BA,36,Loja,Dinheiro
P3326,Camiseta Feminina,213.51,125.67,87.84,NF587129,rwwvyv@email.com,2025-07-09,2025-07-09,SC,P,Loja,Pix
P3327,Camiseta Masculina,478.08,280.5,197.58,NF650050,hnzzvl@email.com,2025-06-11,2025-06-16,SP,M,Online,Pix
P3328,Calça Feminina,66.9,53.8,13.1,NF891368,exumuk@email.com,2025-06-01,2025-06-03,RJ,40,Loja,Boleto
P3329,Tênis Feminino,164.23,104.05,60.18,NF993828,lalceb@email.com,2025-06-01,2025-06-03,RJ,39,Loja,Boleto
P3330,Tênis Feminino,242.0,148.13,93.87,NF308303,egxblw@email.com,2025-03-09,2025-03-12,SC,41,Online,Cartão
P3331,Tênis Masculino,406.01,203.93,202.08,NF754931,wtlshn@email.com,2025-05-13,2025-05-14,CE,M,Loja,Dinheiro
P3332,Tênis Masculino,329.77,191.39,138.38,NF473787,uegnrh@email.com,2025-11-01,2025-11-06,RS,36,Online,Dinheiro
P3333,Tênis Feminino,302.83,196.92,105.91,NF222193,ltrujz@email.com,2026-03-14,2026-03-15,SP,G,Loja,Dinheiro
P3334,Tênis Feminino,546.25,287.01,259.24,NF714209,nblxvi@email.com,2025-05-21,2025-05-21,PB,38,Online,Boleto
P3335,Tênis Feminino,267.54,217.1,50.44,NF184847,ujjfwc@email.com,2025-07-18,2025-07-21,CE,37,Online,Dinheiro
P3336,Calça Feminina,530.18,290.18,240.0,NF278452,nznshg@email.com,2025-04-16,2025-04-21,PB,37,Online,Dinheiro
P3337,Tênis Masculino,389.64,267.84,121.8,NF738814,bxyxwo@email.com,2025-08-01,2025-08-06,BA,P,Loja,Dinheiro
P3338,Tênis Feminino,110.45,70.72,39.73,NF903771,jrjnzn@email.com,2025-05-17,2025-05-20,MG,40,Loja,Cartão
P3339,Camiseta Feminina,433.74,226.06,207.68,NF605236,xqygay@email.com,2025-03-23,2025-03-27,MG,38,Loja,Cartão
P3340,Camiseta Masculina,206.42,161.57,44.85,NF313647,retlpv@email.com,2025-04-30,2025-05-05,PR,37,Loja,Pix
P3341,Calça Feminina,316.97,230.3,86.67,NF127865,gsjcfo@email.com,2026-04-07,2026-04-09,PB,40,Loja,Dinheiro
P3342,Tênis Feminino,134.9,83.87,51.03,NF623708,txrgue@email.com,2026-04-16,2026-04-20,CE,M,Online,Pix
P3343,Tênis Feminino,102.72,73.81,28.91,NF121525,npjjry@email.com,2026-03-06,2026-03-11,SP,M,Online,Cartão
P3344,Calça Masculina,548.82,276.06,272.76,NF323507,myrzzf@email.com,2025-04-17,2025-04-17,SP,38,Online,Boleto
P3345,Tênis Masculino,350.97,254.25,96.72,NF102865,xvgehz@email.com,2025-10-23,2025-10-23,BA,41,Online,Dinheiro
P3346,Camiseta Feminina,124.52,93.96,30.56,NF146773,blvcjz@email.com,2025-02-19,2025-02-19,BA,42,Online,Cartão
P3347,Calça Masculina,427.95,250.32,177.63,NF465230,kvfuhf@email.com,2025-07-09,2025-07-14,SC,P,Online,Dinheiro
P3348,Tênis Feminino,475.19,263.81,211.38,NF612747,neziuq@email.com,2025-03-04,2025-03-05,RS,37,Loja,Boleto
P3349,Tênis Masculino,182.18,96.57,85.61,NF895841,bffdpa@email.com,2025-07-16,2025-07-20,BA,P,Loja,Cartão
P3350,Tênis Masculino,231.72,150.26,81.46,NF993893,ehtsvf@email.com,2025-11-21,2025-11-24,SC,40,Loja,Cartão
P3351,Calça Feminina,157.35,83.98,73.37,NF499491,rqxscq@email.com,2025-05-13,2025-05-17,SP,P,Online,Pix
P3352,Camiseta Feminina,235.69,129.82,105.87,NF533531,tzpbet@email.com,2025-09-18,2025-09-19,BA,G,Online,Cartão
P3353,Calça Feminina,102.54,65.7,36.84,NF345502,vsnjyl@email.com,2025-07-09,2025-07-09,BA,M,Loja,Cartão
P3354,Tênis Masculino,100.83,71.14,29.69,NF110180,siemoh@email.com,2025-08-14,2025-08-18,SC,42,Loja,Boleto
P3355,Calça Masculina,321.43,238.16,83.27,NF708323,cbatsv@email.com,2025-05-18,2025-05-23,PE,40,Online,Cartão
P3356,Camiseta Feminina,276.34,169.58,106.76,NF103762,tyebrs@email.com,2025-01-21,2025-01-22,SP,P,Online,Cartão
P3357,Tênis Feminino,196.48,162.59,33.89,NF700168,dxfrek@email.com,2025-01-18,2025-01-19,MG,41,Online,Cartão
P3358,Calça Feminina,417.89,222.45,195.44,NF362760,kgsnfn@email.com,2025-09-23,2025-09-27,PB,P,Online,Cartão
P3359,Tênis Feminino,71.86,52.95,18.91,NF298097,amltai@email.com,2025-09-27,2025-09-27,CE,42,Online,Pix
P3360,Calça Feminina,77.78,51.01,26.77,NF918876,iscuux@email.com,2026-01-19,2026-01-22,PE,G,Loja,Pix
P3361,Camiseta Masculina,67.88,51.91,15.97,NF165678,ekbczp@email.com,2025-12-02,2025-12-06,PE,M,Online,Pix
P3362,Calça Masculina,272.53,204.01,68.52,NF243643,adajlz@email.com,2025-10-30,2025-10-30,PB,G,Loja,Cartão
P3363,Tênis Masculino,241.02,135.93,105.09,NF812168,ghlwmf@email.com,2025-02-06,2025-02-09,CE,37,Loja,Dinheiro
P3364,Calça Masculina,242.7,142.63,100.07,NF186588,nfvjaj@email.com,2025-04-25,2025-04-28,PR,M,Loja,Boleto
P3365,Tênis Masculino,255.58,132.81,122.77,NF297312,mrlzsn@email.com,2025-09-27,2025-10-01,PE,38,Online,Boleto
P3366,Tênis Feminino,194.61,135.57,59.04,NF476980,lsgmry@email.com,2025-08-08,2025-08-11,RJ,M,Loja,Cartão
P3367,Camiseta Masculina,498.92,251.43,247.49,NF905660,ywfwma@email.com,2025-07-04,2025-07-05,MG,G,Loja,Boleto
P3368,Tênis Masculino,218.63,119.42,99.21,NF291872,lgxdmt@email.com,2025-08-23,2025-08-23,PR,M,Online,Cartão
P3369,Calça Feminina,266.01,155.56,110.45,NF514006,ybmqth@email.com,2025-02-21,2025-02-24,PR,41,Online,Boleto
P3370,Calça Masculina,400.7,220.3,180.4,NF419329,selnmw@email.com,2026-01-05,2026-01-09,MG,38,Loja,Pix
P3371,Tênis Feminino,400.89,265.54,135.35,NF284444,zejulq@email.com,2025-05-29,2025-05-30,BA,36,Online,Pix
P3372,Calça Masculina,307.39,224.86,82.53,NF204472,uezgrr@email.com,2025-12-20,2025-12-23,MG,37,Loja,Cartão
P3373,Camiseta Feminina,357.8,286.8,71.0,NF591277,ojjsvp@email.com,2025-06-30,2025-07-01,PE,M,Online,Boleto
P3374,Tênis Feminino,344.15,260.25,83.9,NF330387,mkxogf@email.com,2025-03-27,2025-03-27,SC,39,Online,Dinheiro
P3375,Tênis Masculino,127.24,70.36,56.88,NF964424,jilzjo@email.com,2025-03-23,2025-03-26,PR,37,Loja,Dinheiro
P3376,Camiseta Feminina,400.57,260.11,140.46,NF110689,bccmpo@email.com,2026-03-17,2026-03-21,PR,38,Loja,Dinheiro
P3377,Tênis Masculino,376.41,198.26,178.15,NF780205,rcnvsv@email.com,2026-04-12,2026-04-14,PE,36,Loja,Cartão
P3378,Camiseta Masculina,260.48,145.77,114.71,NF523753,qdgzpv@email.com,2025-08-29,2025-08-31,RJ,38,Online,Pix
P3379,Camiseta Masculina,339.7,177.87,161.83,NF837033,nwamjg@email.com,2025-01-11,2025-01-15,SC,38,Online,Pix
P3380,Tênis Masculino,227.2,160.8,66.4,NF568516,rgkepa@email.com,2025-08-10,2025-08-11,PR,40,Online,Pix
P3381,Tênis Feminino,417.19,257.85,159.34,NF234787,owomhy@email.com,2025-08-16,2025-08-21,BA,M,Loja,Pix
P3382,Tênis Masculino,317.75,185.11,132.64,NF485814,lgdzbf@email.com,2026-01-08,2026-01-10,SP,M,Online,Boleto
P3383,Camiseta Masculina,390.31,270.76,119.55,NF891554,brwkug@email.com,2025-04-28,2025-05-03,RS,41,Loja,Cartão
P3384,Tênis Feminino,363.94,255.37,108.57,NF711043,znfcrb@email.com,2026-01-29,2026-01-31,SC,36,Online,Boleto
P3385,Tênis Masculino,298.1,153.08,145.02,NF700852,tbfulx@email.com,2025-05-25,2025-05-28,RS,41,Loja,Pix
P3386,Camiseta Masculina,298.97,171.01,127.96,NF993513,kbwcry@email.com,2025-03-07,2025-03-10,PR,M,Loja,Dinheiro
P3387,Camiseta Feminina,252.44,208.8,43.64,NF617531,mnwnnq@email.com,2025-11-14,2025-11-16,PE,36,Online,Boleto
P3388,Calça Masculina,412.96,272.09,140.87,NF968451,irhnce@email.com,2025-09-17,2025-09-22,PB,36,Online,Cartão
P3389,Camiseta Masculina,246.73,179.8,66.93,NF866498,pmhxaq@email.com,2025-01-09,2025-01-13,CE,37,Loja,Dinheiro
P3390,Calça Feminina,431.16,276.5,154.66,NF990635,wuzqjp@email.com,2025-07-07,2025-07-07,PB,40,Loja,Cartão
P3391,Camiseta Feminina,108.56,77.41,31.15,NF488081,owbjez@email.com,2025-09-27,2025-10-01,RS,40,Online,Boleto
P3392,Calça Feminina,264.44,191.95,72.49,NF753367,pirhpa@email.com,2025-02-28,2025-03-04,CE,36,Online,Dinheiro
P3393,Calça Feminina,413.1,239.75,173.35,NF989192,hzdykw@email.com,2026-02-25,2026-02-26,CE,M,Online,Cartão
P3394,Tênis Masculino,183.29,136.3,46.99,NF252486,kvrnqt@email.com,2025-01-31,2025-02-04,PB,39,Online,Dinheiro
P3395,Tênis Masculino,327.72,184.87,142.85,NF658483,nkunnn@email.com,2025-06-23,2025-06-23,PB,41,Loja,Boleto
P3396,Calça Feminina,289.2,192.22,96.98,NF320838,yxyuup@email.com,2025-04-19,2025-04-23,RS,G,Loja,Pix
P3397,Camiseta Masculina,294.27,236.16,58.11,NF854685,apzyud@email.com,2025-11-19,2025-11-24,PE,G,Loja,Dinheiro
P3398,Calça Masculina,346.34,205.62,140.72,NF768522,klhqdp@email.com,2025-06-23,2025-06-25,MG,38,Online,Cartão
P3399,Tênis Masculino,223.78,130.56,93.22,NF338334,wajial@email.com,2026-01-18,2026-01-19,CE,41,Online,Pix
P3400,Calça Masculina,429.11,234.28,194.83,NF658558,guaxhq@email.com,2025-12-02,2025-12-02,PE,36,Online,Pix
P3401,Calça Feminina,271.22,209.85,61.37,NF473147,riwclw@email.com,2025-08-27,2025-08-29,SP,40,Online,Boleto
P3402,Tênis Feminino,408.76,246.38,162.38,NF544523,gwduvk@email.com,2025-01-07,2025-01-10,SP,40,Online,Dinheiro
P3403,Calça Masculina,273.93,221.31,52.62,NF299608,pnmwer@email.com,2026-03-13,2026-03-16,RJ,39,Online,Cartão
P3404,Calça Masculina,244.97,132.75,112.22,NF227520,amnwuo@email.com,2025-04-27,2025-04-29,BA,42,Loja,Dinheiro
P3405,Calça Feminina,530.31,268.65,261.66,NF615172,smzspc@email.com,2025-05-11,2025-05-15,RS,41,Online,Boleto
P3406,Camiseta Feminina,547.25,278.65,268.6,NF713540,iaksmv@email.com,2025-02-28,2025-03-04,PB,40,Loja,Boleto
P3407,Tênis Masculino,337.74,175.68,162.06,NF987797,hwtrur@email.com,2025-01-23,2025-01-24,RS,36,Online,Cartão
P3408,Tênis Feminino,249.61,134.68,114.93,NF851143,tffjwt@email.com,2026-03-23,2026-03-25,RJ,36,Loja,Boleto
P3409,Calça Masculina,262.48,166.24,96.24,NF194726,uekesq@email.com,2025-02-01,2025-02-06,CE,41,Online,Cartão
P3410,Tênis Feminino,453.37,271.59,181.78,NF161701,dcpvqz@email.com,2025-11-23,2025-11-25,PR,42,Loja,Boleto
P3411,Camiseta Feminina,210.31,117.02,93.29,NF440728,kcuvvy@email.com,2026-01-07,2026-01-10,MG,39,Online,Pix
P3412,Tênis Masculino,565.04,287.01,278.03,NF715712,dhbdxa@email.com,2026-04-12,2026-04-17,SP,G,Online,Boleto
P3413,Tênis Masculino,282.24,189.17,93.07,NF774708,qihqdf@email.com,2025-06-26,2025-06-26,PB,36,Loja,Dinheiro
P3414,Calça Masculina,136.76,97.44,39.32,NF293082,esrwtl@email.com,2025-06-22,2025-06-25,CE,42,Loja,Cartão
P3415,Tênis Masculino,218.01,119.28,98.73,NF426674,zmngbd@email.com,2025-04-09,2025-04-14,PR,40,Loja,Dinheiro
P3416,Tênis Masculino,140.27,83.43,56.84,NF707186,dbbqvy@email.com,2025-01-05,2025-01-06,SP,41,Online,Dinheiro
P3417,Camiseta Masculina,237.77,159.33,78.44,NF768396,krdqzl@email.com,2026-01-14,2026-01-15,BA,38,Loja,Pix
P3418,Camiseta Feminina,467.79,283.33,184.46,NF869988,ccztlu@email.com,2025-08-18,2025-08-20,PR,39,Online,Cartão
P3419,Camiseta Feminina,414.66,213.03,201.63,NF562245,fpzxlc@email.com,2025-06-08,2025-06-11,PB,41,Loja,Dinheiro
P3420,Calça Feminina,239.65,147.79,91.86,NF864430,qadfmy@email.com,2025-02-06,2025-02-06,RS,41,Loja,Cartão
P3421,Camiseta Feminina,110.34,60.87,49.47,NF654757,usptgk@email.com,2025-06-23,2025-06-28,SP,39,Loja,Cartão
P3422,Calça Feminina,230.89,160.3,70.59,NF489562,jmplxf@email.com,2025-09-22,2025-09-26,SP,39,Loja,Cartão
P3423,Tênis Masculino,333.09,180.91,152.18,NF369315,giflkb@email.com,2025-12-02,2025-12-07,RS,M,Loja,Pix
P3424,Calça Feminina,167.99,88.63,79.36,NF642777,dnstjb@email.com,2025-03-27,2025-03-28,SP,P,Loja,Boleto
P3425,Camiseta Feminina,424.36,219.13,205.23,NF245390,olodju@email.com,2025-11-22,2025-11-27,SC,39,Loja,Boleto
P3426,Tênis Feminino,469.84,253.38,216.46,NF834479,ulhzae@email.com,2025-08-31,2025-09-05,PB,40,Online,Pix
P3427,Camiseta Masculina,377.88,189.69,188.19,NF759867,hgtmtq@email.com,2026-04-17,2026-04-20,RS,P,Loja,Dinheiro
P3428,Tênis Masculino,141.96,89.92,52.04,NF495045,wsdogs@email.com,2025-07-02,2025-07-03,BA,39,Online,Pix
P3429,Tênis Masculino,362.73,187.2,175.53,NF578648,bxbopo@email.com,2025-11-06,2025-11-11,BA,P,Loja,Boleto
P3430,Calça Masculina,377.92,236.46,141.46,NF926387,gxbkkp@email.com,2025-04-01,2025-04-05,PE,M,Loja,Cartão
P3431,Camiseta Feminina,159.54,91.37,68.17,NF153459,gecuoz@email.com,2025-01-26,2025-01-29,MG,G,Online,Cartão
P3432,Camiseta Masculina,456.74,295.48,161.26,NF604280,kpvkgd@email.com,2025-03-21,2025-03-25,RS,41,Loja,Boleto
P3433,Camiseta Masculina,265.09,218.03,47.06,NF288185,hwepkk@email.com,2025-01-23,2025-01-28,PE,39,Online,Dinheiro
P3434,Camiseta Feminina,438.57,251.38,187.19,NF520114,lguyny@email.com,2025-09-20,2025-09-25,PR,38,Loja,Boleto
P3435,Camiseta Masculina,512.93,289.2,223.73,NF263436,uxyecc@email.com,2025-05-26,2025-05-31,PR,42,Online,Cartão
P3436,Camiseta Feminina,163.87,82.76,81.11,NF210451,pzoxex@email.com,2025-02-23,2025-02-27,SC,G,Online,Cartão
P3437,Calça Feminina,281.6,205.92,75.68,NF776302,zucqeq@email.com,2025-02-13,2025-02-18,CE,38,Loja,Cartão
P3438,Camiseta Feminina,179.5,134.34,45.16,NF133935,wskokb@email.com,2025-02-01,2025-02-01,MG,40,Loja,Pix
P3439,Tênis Feminino,114.23,94.24,19.99,NF114959,ukdzja@email.com,2025-01-20,2025-01-25,PB,P,Loja,Dinheiro
P3440,Calça Masculina,148.64,88.73,59.91,NF556513,ulndbf@email.com,2025-11-13,2025-11-15,SC,36,Loja,Boleto
P3441,Tênis Feminino,281.29,208.36,72.93,NF753162,vicbdh@email.com,2025-11-15,2025-11-15,MG,G,Online,Dinheiro
P3442,Tênis Masculino,164.44,116.09,48.35,NF517702,ugdpob@email.com,2026-02-12,2026-02-16,PR,40,Loja,Cartão
P3443,Calça Feminina,314.38,214.77,99.61,NF766802,imjrub@email.com,2026-01-07,2026-01-10,MG,P,Loja,Pix
P3444,Calça Feminina,326.14,242.08,84.06,NF921018,yjuzfp@email.com,2025-10-13,2025-10-16,CE,G,Online,Boleto
P3445,Camiseta Feminina,104.07,61.43,42.64,NF739109,naiuiv@email.com,2025-02-21,2025-02-23,PR,36,Loja,Boleto
P3446,Camiseta Feminina,255.66,172.33,83.33,NF789248,kfudtz@email.com,2025-07-10,2025-07-15,MG,40,Online,Cartão
P3447,Calça Feminina,185.16,142.51,42.65,NF250589,nxxlfc@email.com,2025-11-25,2025-11-28,MG,39,Online,Pix
P3448,Calça Feminina,105.11,75.18,29.93,NF436628,eygvdm@email.com,2025-12-19,2025-12-20,PR,P,Online,Dinheiro
P3449,Tênis Masculino,249.83,142.89,106.94,NF350139,ezhnjw@email.com,2025-08-08,2025-08-10,PB,40,Loja,Pix
P3450,Calça Feminina,227.66,146.15,81.51,NF135901,aqhuat@email.com,2026-03-22,2026-03-23,PB,42,Online,Pix
P3451,Calça Feminina,124.17,94.72,29.45,NF147974,rlrbne@email.com,2025-09-16,2025-09-18,RS,36,Loja,Pix
P3452,Tênis Masculino,379.0,246.23,132.77,NF828324,myytnu@email.com,2025-04-21,2025-04-25,SP,36,Loja,Pix
P3453,Calça Masculina,259.99,167.45,92.54,NF893651,eewgwd@email.com,2025-10-20,2025-10-24,BA,P,Loja,Pix
P3454,Calça Feminina,514.4,274.96,239.44,NF233444,uzjlto@email.com,2025-11-12,2025-11-16,PR,P,Loja,Dinheiro
P3455,Calça Feminina,327.66,209.61,118.05,NF494418,xvzshz@email.com,2026-02-05,2026-02-07,PB,G,Online,Boleto
P3456,Calça Feminina,155.98,105.24,50.74,NF171687,nquqaw@email.com,2026-03-01,2026-03-04,PE,P,Online,Pix
P3457,Camiseta Masculina,203.72,132.05,71.67,NF858016,jjjmnu@email.com,2025-04-15,2025-04-18,RJ,38,Online,Dinheiro
P3458,Tênis Masculino,309.0,197.15,111.85,NF444872,gpuvts@email.com,2025-11-20,2025-11-21,MG,41,Online,Cartão
P3459,Calça Masculina,208.29,150.5,57.79,NF550390,mtagvk@email.com,2025-11-03,2025-11-08,MG,37,Online,Boleto
P3460,Camiseta Masculina,376.26,205.51,170.75,NF688923,ishqmb@email.com,2025-01-03,2025-01-04,SC,P,Online,Cartão
P3461,Calça Feminina,335.96,168.27,167.69,NF804319,yrxjxy@email.com,2025-11-21,2025-11-24,RJ,42,Loja,Cartão
P3462,Tênis Masculino,233.47,120.02,113.45,NF833412,jeiljw@email.com,2025-02-23,2025-02-24,PE,P,Loja,Cartão
P3463,Camiseta Feminina,94.34,64.91,29.43,NF294476,aftdgx@email.com,2025-01-11,2025-01-15,SC,40,Loja,Boleto
P3464,Tênis Feminino,282.74,232.79,49.95,NF320843,ivvreo@email.com,2025-04-12,2025-04-16,SC,G,Loja,Cartão
P3465,Camiseta Masculina,281.87,140.96,140.91,NF657460,zvcscu@email.com,2025-03-14,2025-03-19,RS,40,Loja,Cartão
P3466,Calça Masculina,235.5,167.73,67.77,NF254826,lraztc@email.com,2026-03-03,2026-03-04,PB,38,Loja,Boleto
P3467,Camiseta Masculina,137.11,113.35,23.76,NF797540,egpvbl@email.com,2026-04-14,2026-04-14,MG,40,Online,Cartão
P3468,Calça Masculina,172.11,104.34,67.77,NF380471,fguxpx@email.com,2025-09-18,2025-09-20,SC,37,Loja,Pix
P3469,Tênis Feminino,119.43,60.95,58.48,NF939026,zrgccj@email.com,2025-10-28,2025-11-01,BA,P,Loja,Pix
P3470,Camiseta Feminina,312.48,194.26,118.22,NF789424,pzumhr@email.com,2025-09-30,2025-10-02,PB,40,Loja,Cartão
P3471,Calça Masculina,192.82,135.05,57.77,NF703399,tbkefh@email.com,2025-05-25,2025-05-26,PR,G,Loja,Cartão
P3472,Tênis Feminino,264.47,219.77,44.7,NF356034,ucmoen@email.com,2026-04-01,2026-04-04,PB,36,Loja,Dinheiro
P3473,Tênis Feminino,289.91,182.86,107.05,NF692164,jkzllu@email.com,2025-11-19,2025-11-21,MG,39,Loja,Cartão
P3474,Tênis Feminino,169.48,98.91,70.57,NF542656,tzdjdf@email.com,2025-01-29,2025-02-03,RS,P,Online,Pix
P3475,Calça Masculina,445.26,229.78,215.48,NF513319,kuqoas@email.com,2025-09-12,2025-09-13,BA,39,Online,Pix
P3476,Calça Masculina,478.35,275.05,203.3,NF933955,ioytrl@email.com,2025-01-23,2025-01-23,PR,38,Loja,Cartão
P3477,Tênis Masculino,319.81,175.76,144.05,NF170821,rbzeci@email.com,2025-03-21,2025-03-26,PE,36,Online,Cartão
P3478,Calça Feminina,67.54,52.7,14.84,NF875166,icmvhk@email.com,2025-04-10,2025-04-10,MG,42,Loja,Pix
P3479,Tênis Masculino,290.56,204.42,86.14,NF701910,cfvjow@email.com,2025-09-11,2025-09-13,RJ,M,Online,Pix
P3480,Calça Masculina,399.73,262.67,137.06,NF382643,gefizz@email.com,2025-02-25,2025-02-25,BA,38,Loja,Pix
P3481,Calça Feminina,186.13,101.29,84.84,NF563282,hcbrdg@email.com,2026-01-15,2026-01-17,PE,41,Online,Boleto
P3482,Tênis Masculino,154.82,95.4,59.42,NF547587,lbjoqw@email.com,2025-09-04,2025-09-05,PR,38,Online,Boleto
P3483,Camiseta Feminina,497.26,293.17,204.09,NF639998,zwzbwu@email.com,2025-06-25,2025-06-29,RS,42,Online,Pix
P3484,Camiseta Feminina,146.51,94.21,52.3,NF941654,zzzmvu@email.com,2025-08-06,2025-08-06,MG,39,Loja,Cartão
P3485,Calça Masculina,178.44,144.55,33.89,NF845399,cvirmm@email.com,2026-04-08,2026-04-08,PR,37,Online,Pix
P3486,Tênis Feminino,317.53,163.52,154.01,NF315969,wppdzd@email.com,2025-08-29,2025-08-31,SC,36,Online,Dinheiro
P3487,Tênis Feminino,402.07,272.85,129.22,NF431326,plisxd@email.com,2025-04-07,2025-04-08,BA,42,Loja,Dinheiro
P3488,Calça Feminina,315.77,208.57,107.2,NF558264,meikwi@email.com,2025-01-09,2025-01-10,CE,G,Online,Cartão
P3489,Camiseta Feminina,313.62,242.41,71.21,NF408859,arbnmi@email.com,2025-03-31,2025-04-01,SP,37,Loja,Boleto
P3490,Tênis Masculino,371.67,195.86,175.81,NF998465,akdaqo@email.com,2025-12-13,2025-12-14,BA,M,Loja,Cartão
P3491,Tênis Feminino,215.41,113.72,101.69,NF672643,utdtze@email.com,2025-07-09,2025-07-14,PR,36,Online,Cartão
P3492,Tênis Masculino,391.5,267.84,123.66,NF883801,udbrqc@email.com,2025-05-22,2025-05-22,MG,37,Online,Pix
P3493,Camiseta Masculina,149.29,82.56,66.73,NF789761,tjlicx@email.com,2025-07-06,2025-07-10,CE,40,Loja,Cartão
P3494,Tênis Feminino,218.78,122.41,96.37,NF512253,zoofmg@email.com,2025-09-05,2025-09-07,PB,38,Online,Pix
P3495,Tênis Feminino,420.03,259.29,160.74,NF425212,xitcdv@email.com,2026-03-11,2026-03-13,RJ,G,Loja,Cartão
P3496,Camiseta Masculina,364.16,215.27,148.89,NF752400,jexbts@email.com,2025-08-06,2025-08-07,BA,41,Loja,Pix
P3497,Camiseta Masculina,79.81,51.01,28.8,NF340797,sodtvv@email.com,2025-03-22,2025-03-22,PR,M,Online,Cartão
P3498,Tênis Feminino,249.37,204.55,44.82,NF646565,hbspuw@email.com,2026-02-01,2026-02-01,RJ,41,Loja,Cartão
P3499,Calça Feminina,526.19,281.63,244.56,NF871191,pnrndl@email.com,2025-10-06,2025-10-08,PR,M,Online,Boleto
P3500,Tênis Masculino,277.89,151.94,125.95,NF914976,ybpkjn@email.com,2025-02-15,2025-02-17,PE,38,Online,Dinheiro
P3501,Camiseta Masculina,315.32,214.47,100.85,NF427038,dnkpit@email.com,2026-04-12,2026-04-17,PR,40,Online,Pix
P3502,Calça Masculina,115.9,91.2,24.7,NF366647,ihoasw@email.com,2026-01-25,2026-01-27,SP,P,Loja,Cartão
P3503,Camiseta Masculina,165.54,83.41,82.13,NF178277,qddsjr@email.com,2025-06-03,2025-06-07,BA,G,Loja,Boleto
P3504,Camiseta Masculina,380.0,282.31,97.69,NF862360,apvdou@email.com,2026-04-09,2026-04-09,SP,38,Online,Dinheiro
P3505,Calça Masculina,238.16,159.8,78.36,NF404262,muvjcc@email.com,2025-12-10,2025-12-15,CE,P,Online,Dinheiro
P3506,Camiseta Masculina,280.02,167.08,112.94,NF714731,jolawi@email.com,2026-04-05,2026-04-08,RJ,M,Loja,Pix
P3507,Calça Masculina,222.04,121.97,100.07,NF112120,dprnfj@email.com,2025-05-22,2025-05-26,CE,37,Loja,Dinheiro
P3508,Tênis Feminino,85.24,53.55,31.69,NF552905,mpyjjo@email.com,2025-09-20,2025-09-21,SC,36,Loja,Dinheiro
P3509,Camiseta Masculina,244.93,128.62,116.31,NF704131,fbrbxc@email.com,2025-08-13,2025-08-13,PR,M,Loja,Boleto
P3510,Tênis Masculino,244.06,137.1,106.96,NF800533,bbqhex@email.com,2025-10-06,2025-10-06,PE,P,Loja,Pix
P3511,Tênis Feminino,102.82,73.71,29.11,NF862111,guqvqc@email.com,2025-10-24,2025-10-24,CE,36,Online,Cartão
P3512,Camiseta Masculina,336.3,244.66,91.64,NF606382,ytdibn@email.com,2025-03-22,2025-03-24,PE,37,Online,Pix
P3513,Tênis Masculino,396.77,281.56,115.21,NF972781,xckufe@email.com,2025-10-06,2025-10-11,MG,37,Loja,Boleto
P3514,Tênis Masculino,138.74,106.29,32.45,NF488600,grvlmd@email.com,2025-11-10,2025-11-13,PR,37,Online,Cartão
P3515,Camiseta Masculina,369.16,255.5,113.66,NF953464,useodo@email.com,2025-11-21,2025-11-23,SP,38,Loja,Cartão
P3516,Camiseta Feminina,119.78,62.77,57.01,NF799017,pymfpx@email.com,2025-08-24,2025-08-28,PR,41,Online,Cartão
P3517,Tênis Masculino,390.87,233.82,157.05,NF513845,ehrldi@email.com,2026-03-24,2026-03-27,RS,P,Online,Pix
P3518,Tênis Feminino,76.27,50.15,26.12,NF956761,rncezc@email.com,2025-02-26,2025-02-26,CE,39,Online,Pix
P3519,Camiseta Feminina,119.55,72.55,47.0,NF913009,onfxxd@email.com,2025-03-29,2025-04-02,BA,38,Online,Cartão
P3520,Calça Feminina,353.34,194.14,159.2,NF800975,roabsg@email.com,2025-03-28,2025-03-31,SC,G,Online,Pix
P3521,Camiseta Feminina,476.01,266.76,209.25,NF836146,cjpmlk@email.com,2026-04-22,2026-04-24,RS,40,Online,Pix
P3522,Tênis Masculino,160.09,100.15,59.94,NF873089,rtyilu@email.com,2025-12-18,2025-12-23,MG,42,Loja,Boleto
P3523,Tênis Masculino,211.45,125.93,85.52,NF238523,babcyt@email.com,2026-04-29,2026-05-04,PE,38,Loja,Pix
P3524,Tênis Feminino,212.05,136.27,75.78,NF751297,zhqhva@email.com,2025-04-11,2025-04-13,PB,42,Online,Boleto
P3525,Camiseta Masculina,481.34,245.42,235.92,NF526185,anlfet@email.com,2026-04-01,2026-04-05,SC,39,Loja,Cartão
P3526,Camiseta Feminina,137.7,96.3,41.4,NF776362,yjhjrs@email.com,2026-01-26,2026-01-31,MG,40,Online,Pix
P3527,Tênis Feminino,130.34,92.53,37.81,NF454829,nerzqx@email.com,2025-05-16,2025-05-19,SP,42,Loja,Cartão
P3528,Tênis Masculino,255.64,149.4,106.24,NF625187,ktptem@email.com,2026-04-18,2026-04-20,PB,P,Online,Pix
P3529,Camiseta Masculina,410.87,269.59,141.28,NF372318,ywaqdy@email.com,2025-08-28,2025-08-30,MG,37,Online,Pix
P3530,Calça Masculina,228.36,182.79,45.57,NF467785,dzywas@email.com,2025-08-14,2025-08-19,SC,38,Loja,Cartão
P3531,Camiseta Masculina,195.88,120.42,75.46,NF538437,chmqsp@email.com,2025-11-26,2025-11-27,MG,P,Online,Cartão
P3532,Tênis Masculino,340.78,278.04,62.74,NF327486,dtdeag@email.com,2025-07-16,2025-07-18,PR,G,Loja,Cartão
P3533,Tênis Feminino,277.57,225.68,51.89,NF674231,phlhfc@email.com,2025-10-21,2025-10-26,PE,P,Loja,Cartão
P3534,Calça Masculina,313.2,177.83,135.37,NF742248,bkotpb@email.com,2025-02-22,2025-02-26,CE,42,Loja,Pix
P3535,Camiseta Feminina,326.17,269.61,56.56,NF506078,uzjdtr@email.com,2026-02-09,2026-02-13,BA,38,Loja,Boleto
P3536,Tênis Feminino,202.48,129.43,73.05,NF923635,ryudkp@email.com,2025-05-07,2025-05-09,PR,41,Online,Dinheiro
P3537,Camiseta Masculina,415.1,285.57,129.53,NF246601,gfhepm@email.com,2026-02-28,2026-03-02,SP,42,Loja,Boleto
P3538,Tênis Masculino,395.32,220.1,175.22,NF494327,iwivxf@email.com,2025-01-28,2025-02-02,PB,G,Online,Boleto
P3539,Tênis Masculino,332.4,195.13,137.27,NF645751,wzygoc@email.com,2025-06-24,2025-06-25,SP,G,Online,Cartão
P3540,Camiseta Masculina,124.04,101.29,22.75,NF570951,fflcvv@email.com,2025-03-22,2025-03-22,MG,M,Online,Dinheiro
P3541,Camiseta Feminina,334.4,193.29,141.11,NF769146,jfpjwf@email.com,2026-02-26,2026-02-28,CE,M,Online,Boleto
P3542,Calça Feminina,525.66,274.29,251.37,NF423656,lotvlk@email.com,2025-10-03,2025-10-04,CE,36,Loja,Cartão
P3543,Camiseta Masculina,275.34,138.83,136.51,NF370228,wjqnhq@email.com,2025-06-14,2025-06-18,MG,41,Online,Pix
P3544,Calça Feminina,252.18,133.51,118.67,NF454059,aefece@email.com,2025-12-11,2025-12-12,PB,G,Online,Pix
P3545,Calça Feminina,122.37,75.84,46.53,NF900653,kihodf@email.com,2025-03-10,2025-03-11,BA,G,Online,Cartão
P3546,Camiseta Masculina,302.19,226.6,75.59,NF115559,klbzvc@email.com,2025-11-20,2025-11-20,PE,G,Loja,Dinheiro
P3547,Calça Feminina,346.59,274.8,71.79,NF760624,enadxu@email.com,2025-06-17,2025-06-18,MG,36,Online,Cartão
P3548,Camiseta Masculina,302.13,192.79,109.34,NF737682,ltgefi@email.com,2026-01-01,2026-01-01,CE,38,Online,Cartão
P3549,Tênis Feminino,276.45,141.01,135.44,NF725117,sukycl@email.com,2025-03-01,2025-03-02,RJ,41,Loja,Pix
P3550,Camiseta Feminina,248.25,170.42,77.83,NF250497,cewiww@email.com,2025-03-09,2025-03-14,PR,40,Online,Cartão
P3551,Calça Masculina,252.08,141.37,110.71,NF506875,npzmle@email.com,2025-03-21,2025-03-24,RS,42,Loja,Boleto
P3552,Calça Feminina,257.17,153.95,103.22,NF211650,jeutbs@email.com,2026-02-01,2026-02-04,RS,40,Loja,Cartão
P3553,Tênis Feminino,433.06,256.65,176.41,NF982679,knzsaq@email.com,2025-08-09,2025-08-10,CE,38,Loja,Pix
P3554,Camiseta Feminina,320.81,260.76,60.05,NF425209,oqnxfq@email.com,2025-04-02,2025-04-03,PB,37,Online,Pix
P3555,Tênis Masculino,260.64,191.3,69.34,NF712728,mrcynf@email.com,2025-11-09,2025-11-11,PR,38,Loja,Boleto
P3556,Camiseta Feminina,425.02,268.11,156.91,NF576175,ebwcsd@email.com,2025-09-02,2025-09-02,MG,38,Loja,Cartão
P3557,Calça Feminina,244.44,145.16,99.28,NF179481,mjduci@email.com,2025-08-27,2025-08-30,SP,38,Online,Dinheiro
P3558,Tênis Masculino,290.31,181.39,108.92,NF623460,nuwybj@email.com,2025-09-26,2025-09-28,RS,37,Loja,Boleto
P3559,Calça Masculina,230.31,122.38,107.93,NF259939,wbdcnw@email.com,2026-01-13,2026-01-15,PE,42,Online,Cartão
P3560,Tênis Masculino,259.27,132.65,126.62,NF990255,rfhqse@email.com,2025-02-16,2025-02-17,CE,40,Online,Dinheiro
P3561,Camiseta Feminina,259.04,156.7,102.34,NF965798,xknsnu@email.com,2026-04-15,2026-04-19,BA,41,Online,Dinheiro
P3562,Tênis Masculino,166.96,116.3,50.66,NF677192,owduel@email.com,2025-02-24,2025-02-26,PR,42,Online,Dinheiro
P3563,Calça Feminina,247.68,154.2,93.48,NF547907,cghmce@email.com,2025-09-14,2025-09-14,BA,40,Loja,Boleto
P3564,Camiseta Feminina,110.32,55.33,54.99,NF260563,qebqwq@email.com,2026-04-17,2026-04-17,PB,M,Online,Boleto
P3565,Tênis Feminino,522.09,296.94,225.15,NF259574,vaskmp@email.com,2026-04-03,2026-04-06,PB,37,Online,Dinheiro
P3566,Tênis Masculino,245.54,177.44,68.1,NF132093,kbeawf@email.com,2025-12-05,2025-12-07,RJ,37,Loja,Cartão
P3567,Calça Feminina,446.64,296.0,150.64,NF620715,nstdnj@email.com,2025-10-06,2025-10-08,SP,M,Loja,Pix
P3568,Camiseta Feminina,142.9,73.87,69.03,NF456670,xpkipp@email.com,2026-01-04,2026-01-08,MG,41,Loja,Boleto
P3569,Calça Masculina,331.59,177.89,153.7,NF315610,cutdfc@email.com,2025-07-27,2025-07-30,BA,38,Loja,Cartão
P3570,Camiseta Masculina,291.02,192.42,98.6,NF471939,rynnzy@email.com,2026-03-03,2026-03-08,PB,39,Loja,Cartão
P3571,Camiseta Feminina,260.42,161.64,98.78,NF381578,bhtfcc@email.com,2025-09-24,2025-09-28,PR,40,Online,Pix
P3572,Calça Feminina,206.43,137.68,68.75,NF162134,nskipm@email.com,2025-07-30,2025-07-30,SP,39,Loja,Boleto
P3573,Camiseta Feminina,537.3,289.7,247.6,NF229849,simbgq@email.com,2026-04-15,2026-04-17,SP,P,Online,Boleto
P3574,Tênis Masculino,425.25,291.75,133.5,NF167922,qcwikr@email.com,2025-10-11,2025-10-16,SC,36,Online,Cartão
P3575,Tênis Feminino,306.82,246.28,60.54,NF394103,rdqwss@email.com,2025-03-11,2025-03-16,RJ,M,Loja,Boleto
P3576,Calça Masculina,357.29,242.18,115.11,NF964486,xoramh@email.com,2025-03-12,2025-03-16,PR,M,Online,Cartão
P3577,Camiseta Masculina,231.69,168.97,62.72,NF905597,baukja@email.com,2025-12-03,2025-12-08,SP,42,Online,Pix
P3578,Camiseta Masculina,246.91,182.03,64.88,NF266368,pboerk@email.com,2025-11-30,2025-12-05,BA,37,Online,Boleto
P3579,Tênis Masculino,257.3,195.42,61.88,NF594197,kxmpky@email.com,2025-05-28,2025-05-31,RS,42,Loja,Cartão
P3580,Tênis Masculino,330.45,242.23,88.22,NF141349,ypofae@email.com,2026-03-08,2026-03-12,SC,P,Online,Pix
P3581,Camiseta Feminina,228.8,114.88,113.92,NF592408,zxrqip@email.com,2026-02-26,2026-03-02,BA,G,Online,Pix
P3582,Camiseta Masculina,142.29,89.3,52.99,NF212801,fseswz@email.com,2025-07-23,2025-07-24,BA,36,Online,Dinheiro
P3583,Camiseta Masculina,515.71,292.7,223.01,NF792548,cgknan@email.com,2026-03-13,2026-03-13,PR,42,Loja,Boleto
P3584,Tênis Masculino,281.73,221.39,60.34,NF550792,dvsbok@email.com,2025-12-21,2025-12-26,RJ,M,Online,Cartão
P3585,Tênis Masculino,154.18,107.84,46.34,NF520271,dacpbo@email.com,2025-02-07,2025-02-10,PE,42,Loja,Pix
P3586,Camiseta Masculina,512.89,264.65,248.24,NF163291,patpeh@email.com,2026-03-03,2026-03-08,RJ,36,Loja,Cartão
P3587,Calça Masculina,445.72,241.0,204.72,NF281993,scoolq@email.com,2026-04-02,2026-04-05,RJ,37,Loja,Pix
P3588,Camiseta Masculina,486.25,297.05,189.2,NF574443,ysybla@email.com,2025-10-17,2025-10-21,BA,42,Online,Boleto
P3589,Calça Feminina,110.89,58.57,52.32,NF998585,bpwzvj@email.com,2025-04-15,2025-04-17,MG,G,Online,Pix
P3590,Camiseta Masculina,342.22,284.85,57.37,NF245645,nugccb@email.com,2025-05-31,2025-06-05,PE,G,Online,Dinheiro
P3591,Calça Masculina,120.23,73.74,46.49,NF152385,chpexy@email.com,2025-03-17,2025-03-20,SC,38,Online,Boleto
P3592,Tênis Masculino,545.47,290.45,255.02,NF915188,otrydf@email.com,2026-02-09,2026-02-13,PR,41,Online,Pix
P3593,Camiseta Masculina,259.12,135.85,123.27,NF968739,teggrs@email.com,2025-05-25,2025-05-29,BA,P,Loja,Pix
P3594,Tênis Feminino,306.65,176.69,129.96,NF370020,rkipqc@email.com,2026-04-05,2026-04-08,BA,39,Online,Dinheiro
P3595,Camiseta Feminina,317.31,161.68,155.63,NF739529,ishuth@email.com,2025-07-07,2025-07-11,PB,P,Online,Dinheiro
P3596,Camiseta Feminina,405.22,261.1,144.12,NF845429,rdyqpq@email.com,2026-02-21,2026-02-25,SC,G,Online,Pix
P3597,Camiseta Masculina,266.36,165.59,100.77,NF736397,ptymfe@email.com,2025-03-29,2025-04-03,PE,42,Loja,Cartão
P3598,Tênis Feminino,311.87,170.21,141.66,NF703058,uyzeek@email.com,2025-01-18,2025-01-23,RJ,39,Loja,Pix
P3599,Calça Masculina,107.67,70.26,37.41,NF752636,elzxyb@email.com,2025-03-19,2025-03-20,PB,38,Online,Pix
P3600,Tênis Masculino,496.05,250.75,245.3,NF643505,lkvrqu@email.com,2026-04-23,2026-04-26,RS,41,Loja,Pix
P3601,Camiseta Masculina,81.68,51.29,30.39,NF902797,pcshqc@email.com,2025-11-19,2025-11-19,BA,38,Loja,Dinheiro
P3602,Camiseta Masculina,186.98,151.99,34.99,NF722363,nziywm@email.com,2025-10-19,2025-10-20,MG,G,Online,Boleto
P3603,Tênis Feminino,440.86,266.19,174.67,NF119577,jvdine@email.com,2026-03-02,2026-03-04,SC,38,Online,Dinheiro
P3604,Calça Feminina,560.21,284.32,275.89,NF991533,succqc@email.com,2026-03-09,2026-03-10,RS,41,Loja,Pix
P3605,Calça Feminina,207.97,113.34,94.63,NF242006,vlsdih@email.com,2025-05-12,2025-05-17,SP,37,Online,Boleto
P3606,Tênis Feminino,142.38,78.96,63.42,NF886699,wjoxvm@email.com,2026-02-26,2026-02-27,CE,P,Loja,Cartão
P3607,Calça Feminina,127.01,75.1,51.91,NF191230,gkxfff@email.com,2025-06-19,2025-06-24,PB,39,Loja,Pix
P3608,Tênis Masculino,156.4,110.88,45.52,NF679014,lqehnr@email.com,2025-05-23,2025-05-25,CE,39,Loja,Pix
P3609,Tênis Masculino,508.13,288.52,219.61,NF326331,aldqxf@email.com,2025-12-24,2025-12-25,SC,M,Loja,Dinheiro
P3610,Tênis Feminino,344.39,243.39,101.0,NF779234,deepzf@email.com,2025-06-13,2025-06-16,BA,41,Online,Cartão
P3611,Camiseta Masculina,507.5,285.09,222.41,NF969866,sxgnws@email.com,2025-03-24,2025-03-25,RJ,M,Online,Boleto
P3612,Tênis Masculino,181.43,93.74,87.69,NF259797,xetjkn@email.com,2025-05-22,2025-05-27,RS,36,Loja,Cartão
P3613,Camiseta Feminina,188.37,119.65,68.72,NF175193,yqsjtc@email.com,2025-10-14,2025-10-18,RS,37,Loja,Dinheiro
P3614,Camiseta Feminina,314.7,241.5,73.2,NF923156,tmtgdd@email.com,2025-09-29,2025-10-02,BA,P,Loja,Dinheiro
P3615,Camiseta Masculina,403.19,255.08,148.11,NF753391,wyiixu@email.com,2025-03-20,2025-03-20,SP,41,Loja,Dinheiro
P3616,Calça Feminina,459.42,270.73,188.69,NF336850,prvzdi@email.com,2025-06-15,2025-06-20,BA,G,Online,Boleto
P3617,Calça Feminina,288.6,205.36,83.24,NF961503,owzpkp@email.com,2025-03-21,2025-03-22,SP,38,Loja,Cartão
P3618,Camiseta Feminina,104.66,66.46,38.2,NF852876,jeangj@email.com,2025-02-02,2025-02-05,MG,39,Online,Boleto
P3619,Camiseta Masculina,457.31,292.45,164.86,NF614789,tiacge@email.com,2025-02-11,2025-02-14,MG,37,Online,Cartão
P3620,Camiseta Masculina,226.39,124.83,101.56,NF825679,bwfeie@email.com,2025-06-14,2025-06-18,SP,41,Online,Cartão
P3621,Camiseta Masculina,354.63,274.11,80.52,NF725243,aslstj@email.com,2025-12-30,2025-12-31,RS,37,Online,Dinheiro
P3622,Tênis Feminino,273.17,157.78,115.39,NF796807,xbkeit@email.com,2025-02-22,2025-02-26,PB,41,Loja,Boleto
P3623,Camiseta Masculina,176.16,117.6,58.56,NF869951,dqpnyi@email.com,2025-07-02,2025-07-02,PB,38,Online,Dinheiro
P3624,Tênis Feminino,212.52,144.54,67.98,NF644405,uzkddu@email.com,2026-01-17,2026-01-17,RJ,42,Loja,Boleto
P3625,Camiseta Masculina,205.33,146.17,59.16,NF666813,leqkbp@email.com,2025-11-05,2025-11-10,PR,36,Online,Cartão
P3626,Tênis Masculino,159.54,81.19,78.35,NF717612,zpdszy@email.com,2025-06-29,2025-06-30,SP,42,Loja,Cartão
P3627,Tênis Masculino,455.37,269.89,185.48,NF823958,hwokcf@email.com,2025-02-18,2025-02-18,SC,M,Loja,Pix
P3628,Tênis Masculino,97.38,59.15,38.23,NF132543,ykytsn@email.com,2025-01-07,2025-01-10,CE,40,Loja,Dinheiro
P3629,Camiseta Masculina,159.18,86.9,72.28,NF178951,lucydg@email.com,2025-01-29,2025-01-30,RJ,42,Loja,Boleto
P3630,Calça Masculina,260.73,172.27,88.46,NF679003,jozcgo@email.com,2026-01-02,2026-01-06,PR,39,Online,Cartão
P3631,Camiseta Feminina,123.71,81.66,42.05,NF235835,hvdetu@email.com,2026-03-22,2026-03-23,PR,M,Online,Dinheiro
P3632,Camiseta Feminina,199.24,101.22,98.02,NF314802,kjjqxa@email.com,2025-01-30,2025-02-03,SC,41,Online,Pix
P3633,Calça Masculina,176.09,139.06,37.03,NF492110,engqti@email.com,2025-12-05,2025-12-09,SP,G,Online,Pix
P3634,Tênis Feminino,447.66,288.8,158.86,NF344253,uvvjul@email.com,2025-11-19,2025-11-19,RS,M,Online,Cartão
P3635,Tênis Feminino,266.75,162.73,104.02,NF376228,glczth@email.com,2025-05-29,2025-06-03,RS,39,Loja,Boleto
P3636,Tênis Masculino,177.5,137.31,40.19,NF111321,rcgeyu@email.com,2025-03-10,2025-03-14,MG,P,Loja,Pix
P3637,Tênis Masculino,85.92,53.13,32.79,NF415645,awwgjb@email.com,2025-09-26,2025-09-27,PR,42,Loja,Cartão
P3638,Camiseta Feminina,486.23,283.08,203.15,NF296944,lodjpg@email.com,2026-03-07,2026-03-12,PR,G,Loja,Dinheiro
P3639,Camiseta Feminina,527.71,282.75,244.96,NF858099,beqwzo@email.com,2025-02-01,2025-02-03,MG,41,Loja,Pix
P3640,Camiseta Masculina,248.6,188.88,59.72,NF589041,nchani@email.com,2026-03-12,2026-03-13,PB,41,Loja,Dinheiro
P3641,Calça Masculina,231.89,120.0,111.89,NF882396,mwyscz@email.com,2026-01-25,2026-01-27,SC,37,Loja,Cartão
P3642,Camiseta Masculina,349.92,235.7,114.22,NF553567,rbnrky@email.com,2026-02-22,2026-02-26,RJ,41,Loja,Cartão
P3643,Tênis Feminino,80.15,54.69,25.46,NF965421,pyhnnx@email.com,2026-02-17,2026-02-20,CE,M,Online,Boleto
P3644,Tênis Feminino,354.49,206.09,148.4,NF853721,dtjmbx@email.com,2025-12-06,2025-12-09,SP,37,Loja,Cartão
P3645,Calça Feminina,157.46,94.05,63.41,NF970248,cnvned@email.com,2025-05-02,2025-05-06,MG,37,Loja,Cartão
P3646,Calça Masculina,344.35,244.66,99.69,NF916312,mrytdc@email.com,2025-02-22,2025-02-25,PR,40,Online,Cartão
P3647,Tênis Feminino,483.54,290.44,193.1,NF870344,scrjzw@email.com,2025-10-31,2025-10-31,SC,39,Loja,Dinheiro
P3648,Calça Masculina,89.45,50.8,38.65,NF797247,mglllh@email.com,2025-11-02,2025-11-02,CE,37,Loja,Cartão
P3649,Camiseta Masculina,300.9,242.99,57.91,NF576133,mwypen@email.com,2025-08-08,2025-08-08,RJ,37,Loja,Cartão
P3650,Tênis Masculino,402.56,211.39,191.17,NF890009,bexftd@email.com,2025-05-17,2025-05-21,RJ,38,Online,Boleto
P3651,Camiseta Masculina,135.66,87.79,47.87,NF570670,ljgcmn@email.com,2026-01-16,2026-01-18,SC,M,Loja,Cartão
P3652,Tênis Feminino,219.59,140.88,78.71,NF311614,gglvbi@email.com,2026-03-15,2026-03-18,RS,41,Online,Cartão
P3653,Tênis Masculino,507.96,256.91,251.05,NF796704,cxadtx@email.com,2025-11-03,2025-11-03,SP,38,Loja,Pix
P3654,Tênis Masculino,119.37,75.46,43.91,NF830733,dsqoyw@email.com,2025-11-04,2025-11-04,MG,41,Loja,Boleto
P3655,Camiseta Feminina,204.34,130.24,74.1,NF185893,ibydwu@email.com,2025-12-07,2025-12-10,MG,38,Online,Pix
P3656,Calça Feminina,211.37,114.01,97.36,NF860156,sfdhit@email.com,2025-04-24,2025-04-28,RJ,37,Online,Dinheiro
P3657,Calça Masculina,316.13,225.0,91.13,NF708006,msetan@email.com,2025-08-17,2025-08-20,SC,39,Online,Cartão
P3658,Camiseta Feminina,339.35,239.05,100.3,NF106567,rdobra@email.com,2025-08-12,2025-08-16,SP,G,Loja,Dinheiro
P3659,Calça Masculina,134.96,100.0,34.96,NF393132,fwrgfh@email.com,2025-04-04,2025-04-04,PR,41,Loja,Pix
P3660,Tênis Masculino,121.87,62.87,59.0,NF122554,zncqzb@email.com,2025-08-30,2025-09-02,PE,42,Online,Dinheiro
P3661,Camiseta Feminina,193.12,145.37,47.75,NF399227,soyhjy@email.com,2025-06-19,2025-06-21,PR,M,Loja,Boleto
P3662,Camiseta Feminina,278.88,173.85,105.03,NF759309,nmuizl@email.com,2025-05-10,2025-05-12,SC,42,Loja,Dinheiro
P3663,Tênis Feminino,194.94,118.53,76.41,NF719177,xexvuh@email.com,2026-02-06,2026-02-06,SC,39,Loja,Dinheiro
P3664,Tênis Feminino,501.67,255.73,245.94,NF827777,iaawjo@email.com,2025-01-06,2025-01-08,BA,39,Online,Boleto
P3665,Camiseta Masculina,407.59,240.52,167.07,NF408566,idxpuy@email.com,2025-11-20,2025-11-21,SC,42,Loja,Pix
P3666,Calça Masculina,154.48,79.67,74.81,NF667836,smxjsl@email.com,2025-02-27,2025-03-01,PR,42,Online,Boleto
P3667,Calça Masculina,302.45,208.51,93.94,NF113812,ttwakz@email.com,2025-03-08,2025-03-13,SC,M,Online,Dinheiro
P3668,Camiseta Masculina,287.33,180.63,106.7,NF274742,zzojtb@email.com,2026-03-22,2026-03-23,BA,P,Online,Boleto
P3669,Tênis Masculino,137.49,91.32,46.17,NF744080,lotvwq@email.com,2025-05-22,2025-05-24,PR,42,Online,Pix
P3670,Camiseta Masculina,270.67,199.94,70.73,NF901609,kcikdi@email.com,2026-04-07,2026-04-10,PE,42,Loja,Boleto
P3671,Tênis Masculino,422.64,260.95,161.69,NF810819,vhuzxw@email.com,2025-05-20,2025-05-25,PB,37,Loja,Boleto
P3672,Camiseta Feminina,293.07,204.43,88.64,NF347466,xxzdzc@email.com,2025-09-20,2025-09-22,CE,36,Loja,Pix
P3673,Camiseta Masculina,101.14,78.94,22.2,NF854521,cbtoew@email.com,2025-06-12,2025-06-12,PR,M,Online,Cartão
P3674,Calça Masculina,152.34,91.67,60.67,NF547043,zwvguy@email.com,2025-05-28,2025-05-28,MG,M,Loja,Dinheiro
P3675,Camiseta Masculina,368.38,265.31,103.07,NF641823,fukars@email.com,2025-09-03,2025-09-07,PB,37,Online,Boleto
P3676,Calça Feminina,108.71,58.9,49.81,NF318171,ruukuv@email.com,2025-05-02,2025-05-06,SP,G,Online,Dinheiro
P3677,Camiseta Feminina,121.82,75.96,45.86,NF628254,prohgz@email.com,2025-08-06,2025-08-07,RS,39,Online,Pix
P3678,Calça Feminina,248.15,162.36,85.79,NF350411,kvfjys@email.com,2026-04-06,2026-04-06,CE,M,Loja,Dinheiro
P3679,Tênis Masculino,335.17,240.7,94.47,NF824619,ybqsyn@email.com,2025-12-12,2025-12-14,SP,M,Loja,Cartão
P3680,Camiseta Feminina,279.01,221.52,57.49,NF384595,pcnnim@email.com,2025-09-05,2025-09-10,BA,37,Online,Pix
P3681,Calça Feminina,135.79,99.24,36.55,NF352863,giqneo@email.com,2025-03-13,2025-03-14,RJ,37,Online,Cartão
P3682,Calça Feminina,331.72,185.68,146.04,NF997626,riymcy@email.com,2025-04-11,2025-04-13,PE,37,Online,Dinheiro
P3683,Camiseta Masculina,442.65,276.25,166.4,NF390222,mqprfu@email.com,2025-09-14,2025-09-17,RJ,42,Loja,Pix
P3684,Calça Masculina,97.17,80.4,16.77,NF908561,eiuigq@email.com,2025-09-15,2025-09-18,PR,42,Loja,Pix
P3685,Camiseta Feminina,88.5,60.3,28.2,NF152981,ynmske@email.com,2026-03-01,2026-03-02,MG,42,Online,Dinheiro
P3686,Camiseta Masculina,107.8,78.38,29.42,NF918781,yespds@email.com,2026-03-11,2026-03-13,PE,39,Online,Boleto
P3687,Camiseta Masculina,157.82,91.6,66.22,NF893964,jpomoq@email.com,2025-11-30,2025-11-30,RS,41,Online,Cartão
P3688,Calça Masculina,170.76,128.47,42.29,NF232705,nevwno@email.com,2026-04-26,2026-04-28,PB,37,Online,Pix
P3689,Camiseta Feminina,428.93,228.57,200.36,NF512005,mzqqgz@email.com,2025-10-11,2025-10-15,PE,41,Loja,Pix
P3690,Camiseta Feminina,349.94,243.13,106.81,NF135931,ppwbzt@email.com,2026-02-13,2026-02-16,MG,37,Loja,Cartão
P3691,Calça Feminina,403.89,237.01,166.88,NF985864,rwzzec@email.com,2025-04-22,2025-04-25,CE,42,Online,Dinheiro
P3692,Camiseta Feminina,332.25,173.45,158.8,NF951648,qpsito@email.com,2025-04-12,2025-04-13,PB,37,Loja,Boleto
P3693,Camiseta Feminina,434.63,280.26,154.37,NF962902,gqcjqo@email.com,2025-06-16,2025-06-18,CE,G,Online,Pix
P3694,Calça Masculina,162.85,119.44,43.41,NF991298,eyklpw@email.com,2025-04-25,2025-04-29,BA,42,Loja,Cartão
P3695,Camiseta Masculina,152.25,106.12,46.13,NF597124,ijjmnc@email.com,2026-04-20,2026-04-20,SP,M,Online,Dinheiro
P3696,Camiseta Feminina,192.79,149.78,43.01,NF790698,jcvupi@email.com,2025-01-04,2025-01-06,CE,P,Loja,Pix
P3697,Camiseta Feminina,309.3,176.56,132.74,NF918156,prwlcs@email.com,2025-08-07,2025-08-09,MG,M,Loja,Cartão
P3698,Calça Feminina,276.27,147.46,128.81,NF113324,qvfhyw@email.com,2025-06-22,2025-06-26,MG,37,Online,Cartão
P3699,Calça Feminina,146.15,113.07,33.08,NF186178,atearc@email.com,2025-07-20,2025-07-20,CE,P,Loja,Boleto
P3700,Tênis Masculino,380.15,240.03,140.12,NF741708,srzmxl@email.com,2025-06-08,2025-06-12,PB,G,Online,Pix
P3701,Calça Feminina,277.43,195.13,82.3,NF434365,mvobpv@email.com,2025-01-16,2025-01-18,SC,G,Online,Cartão
P3702,Tênis Masculino,301.2,250.01,51.19,NF748527,pbezgb@email.com,2025-02-16,2025-02-18,SP,M,Online,Cartão
P3703,Calça Feminina,390.72,223.27,167.45,NF821446,iilqmu@email.com,2025-02-21,2025-02-25,BA,40,Loja,Boleto
P3704,Camiseta Feminina,392.31,207.25,185.06,NF113987,wsnhna@email.com,2025-02-25,2025-03-02,SC,G,Loja,Boleto
P3705,Camiseta Masculina,445.33,234.44,210.89,NF722879,sljbpi@email.com,2025-02-16,2025-02-16,PR,41,Online,Cartão
P3706,Calça Masculina,487.81,253.4,234.41,NF808545,emvdum@email.com,2025-08-29,2025-09-02,SC,36,Online,Dinheiro
P3707,Calça Masculina,99.36,50.37,48.99,NF149412,bcrzsv@email.com,2025-02-13,2025-02-15,PR,40,Online,Pix
P3708,Camiseta Feminina,426.74,294.63,132.11,NF315531,yilgew@email.com,2025-09-16,2025-09-20,PB,39,Loja,Boleto
P3709,Calça Feminina,214.03,118.19,95.84,NF987505,wfnhrl@email.com,2025-09-21,2025-09-25,CE,41,Online,Boleto
P3710,Tênis Feminino,365.77,251.57,114.2,NF376621,unotfp@email.com,2025-11-02,2025-11-02,PE,39,Loja,Cartão
P3711,Camiseta Masculina,402.16,256.74,145.42,NF417824,ymvasx@email.com,2025-09-15,2025-09-17,SC,39,Loja,Cartão
P3712,Tênis Feminino,142.55,101.36,41.19,NF528212,xyuvmh@email.com,2025-06-07,2025-06-08,PE,39,Loja,Cartão
P3713,Tênis Feminino,245.54,194.92,50.62,NF509619,gymytr@email.com,2025-12-04,2025-12-09,PB,36,Online,Boleto
P3714,Calça Feminina,281.47,188.47,93.0,NF156080,uhtepz@email.com,2025-06-20,2025-06-24,MG,38,Online,Cartão
P3715,Tênis Masculino,470.88,252.07,218.81,NF418883,hbsrlw@email.com,2025-04-13,2025-04-16,SC,36,Online,Pix
P3716,Calça Feminina,454.95,290.38,164.57,NF987470,bdztrq@email.com,2026-01-07,2026-01-08,RJ,36,Online,Cartão
P3717,Calça Masculina,297.63,237.95,59.68,NF701212,kdvnvw@email.com,2026-03-23,2026-03-25,PE,41,Loja,Pix
P3718,Calça Masculina,543.27,297.74,245.53,NF286474,rlalyl@email.com,2025-08-23,2025-08-24,PE,41,Online,Pix
P3719,Camiseta Masculina,190.57,115.76,74.81,NF695040,ksquyp@email.com,2025-01-28,2025-02-02,BA,39,Loja,Pix
P3720,Camiseta Feminina,379.83,199.2,180.63,NF497901,akhqqk@email.com,2025-04-08,2025-04-11,BA,40,Online,Dinheiro
P3721,Tênis Masculino,293.82,210.11,83.71,NF764170,ubfrzs@email.com,2025-04-24,2025-04-26,PB,38,Online,Boleto
P3722,Tênis Feminino,488.59,290.3,198.29,NF184961,crcheq@email.com,2025-01-08,2025-01-10,SC,G,Loja,Cartão
P3723,Tênis Feminino,150.64,111.94,38.7,NF997808,wxpuzm@email.com,2026-02-11,2026-02-16,PE,42,Loja,Boleto
P3724,Camiseta Feminina,219.62,130.99,88.63,NF796354,tjnvxp@email.com,2025-02-04,2025-02-04,PB,41,Online,Boleto
P3725,Camiseta Feminina,121.44,72.46,48.98,NF898917,ubxtxx@email.com,2025-07-11,2025-07-12,PR,M,Loja,Boleto
P3726,Tênis Masculino,131.82,83.09,48.73,NF745840,pqjeri@email.com,2025-08-24,2025-08-28,CE,37,Online,Boleto
P3727,Calça Masculina,136.42,107.15,29.27,NF687061,ukiemz@email.com,2025-03-09,2025-03-09,PE,38,Online,Dinheiro
P3728,Camiseta Masculina,390.42,256.69,133.73,NF908052,sjnioq@email.com,2025-04-20,2025-04-22,SP,M,Online,Dinheiro
P3729,Calça Masculina,382.24,212.74,169.5,NF998020,noqzae@email.com,2026-01-26,2026-01-26,RS,M,Online,Cartão
P3730,Calça Masculina,256.52,213.58,42.94,NF537132,xuhjkc@email.com,2025-09-20,2025-09-22,PB,G,Loja,Pix
P3731,Tênis Feminino,344.55,212.27,132.28,NF857213,vnhhgx@email.com,2025-01-04,2025-01-08,RJ,42,Online,Dinheiro
P3732,Calça Feminina,363.79,268.63,95.16,NF395003,unhvwb@email.com,2026-02-21,2026-02-25,PR,G,Loja,Boleto
P3733,Tênis Masculino,256.63,146.18,110.45,NF790593,fxjbbs@email.com,2025-07-26,2025-07-28,SC,G,Loja,Dinheiro
P3734,Tênis Masculino,227.65,134.64,93.01,NF623297,yedslx@email.com,2025-10-29,2025-10-31,RJ,38,Loja,Dinheiro
P3735,Tênis Feminino,136.29,85.35,50.94,NF690626,dexfou@email.com,2026-04-06,2026-04-09,PB,37,Loja,Cartão
P3736,Tênis Masculino,179.13,115.56,63.57,NF101879,zcgqda@email.com,2025-02-16,2025-02-17,RJ,G,Loja,Pix
P3737,Camiseta Masculina,157.39,129.28,28.11,NF575580,chgrgc@email.com,2025-04-27,2025-05-02,BA,40,Loja,Dinheiro
P3738,Tênis Masculino,376.63,207.09,169.54,NF726833,qhdhrd@email.com,2025-08-30,2025-08-30,BA,38,Online,Cartão
P3739,Calça Feminina,341.93,186.94,154.99,NF908323,uwihhq@email.com,2025-05-03,2025-05-03,MG,P,Online,Boleto
P3740,Tênis Masculino,345.71,282.06,63.65,NF134642,gjjrik@email.com,2026-02-06,2026-02-07,RJ,40,Loja,Pix
P3741,Calça Masculina,115.65,81.25,34.4,NF822395,kwxcci@email.com,2025-07-10,2025-07-13,SP,P,Loja,Cartão
P3742,Tênis Masculino,191.26,98.74,92.52,NF892145,xjfmar@email.com,2025-10-11,2025-10-11,SC,41,Online,Cartão
P3743,Tênis Feminino,334.36,181.1,153.26,NF420003,zwqqco@email.com,2025-08-10,2025-08-10,SP,37,Online,Pix
P3744,Camiseta Feminina,107.4,65.34,42.06,NF737696,jgfgra@email.com,2025-09-27,2025-10-01,SC,37,Online,Pix
P3745,Camiseta Feminina,414.71,251.36,163.35,NF771338,cgvzrb@email.com,2025-07-22,2025-07-25,CE,M,Loja,Cartão
P3746,Tênis Masculino,198.45,106.17,92.28,NF556504,zkgjlu@email.com,2025-05-21,2025-05-23,PB,39,Online,Pix
P3747,Calça Feminina,297.32,160.7,136.62,NF607796,bvyxcv@email.com,2026-02-18,2026-02-19,SP,37,Loja,Dinheiro
P3748,Tênis Masculino,94.28,53.86,40.42,NF947744,ihrxdz@email.com,2025-03-02,2025-03-05,PE,37,Online,Cartão
P3749,Tênis Feminino,348.26,217.49,130.77,NF790966,cxrtix@email.com,2026-01-25,2026-01-27,SC,39,Online,Pix
P3750,Camiseta Feminina,484.84,247.62,237.22,NF487484,bcbehq@email.com,2025-07-31,2025-08-03,PR,G,Loja,Cartão
P3751,Calça Masculina,312.01,250.04,61.97,NF993095,kouwwt@email.com,2025-12-21,2025-12-23,CE,38,Loja,Pix
P3752,Calça Masculina,335.97,194.11,141.86,NF758043,mrcdsz@email.com,2025-05-18,2025-05-18,PR,38,Loja,Boleto
P3753,Calça Feminina,335.99,239.17,96.82,NF185523,xpcmwv@email.com,2025-12-30,2026-01-02,PR,G,Loja,Boleto
P3754,Tênis Masculino,410.46,273.54,136.92,NF398649,jsbweo@email.com,2025-01-02,2025-01-02,PB,G,Loja,Cartão
P3755,Camiseta Feminina,157.19,112.04,45.15,NF299478,uetwdd@email.com,2025-10-25,2025-10-27,PE,G,Loja,Pix
P3756,Calça Feminina,96.69,54.1,42.59,NF918952,odleep@email.com,2025-03-17,2025-03-18,SC,G,Online,Dinheiro
P3757,Calça Feminina,323.79,189.37,134.42,NF807204,rscsqp@email.com,2025-04-03,2025-04-08,SC,G,Loja,Dinheiro
P3758,Tênis Feminino,103.18,84.87,18.31,NF973946,csvakj@email.com,2025-06-07,2025-06-10,PR,39,Online,Dinheiro
P3759,Camiseta Masculina,146.74,109.71,37.03,NF228904,kenqll@email.com,2025-11-05,2025-11-10,SP,G,Online,Dinheiro
P3760,Camiseta Feminina,277.51,191.59,85.92,NF648147,akhcdt@email.com,2025-07-11,2025-07-13,RS,P,Loja,Dinheiro
P3761,Calça Masculina,224.37,119.08,105.29,NF969196,ejipbo@email.com,2025-06-10,2025-06-14,MG,M,Online,Cartão
P3762,Tênis Masculino,276.62,139.03,137.59,NF717148,gxxyoq@email.com,2025-06-28,2025-06-28,SP,37,Online,Pix
P3763,Camiseta Masculina,491.09,297.51,193.58,NF203291,bmdwid@email.com,2025-01-21,2025-01-23,BA,39,Loja,Boleto
P3764,Calça Feminina,138.12,98.97,39.15,NF235448,hkdcrp@email.com,2025-09-23,2025-09-26,PR,G,Loja,Boleto
P3765,Calça Feminina,335.23,197.85,137.38,NF329870,ekkara@email.com,2025-08-12,2025-08-16,PR,38,Loja,Pix
P3766,Tênis Masculino,188.1,137.54,50.56,NF818800,cyvzua@email.com,2025-07-29,2025-08-03,SC,40,Loja,Pix
P3767,Calça Masculina,328.49,231.86,96.63,NF116296,zqtbya@email.com,2025-10-10,2025-10-14,RJ,G,Online,Pix
P3768,Tênis Masculino,219.46,151.84,67.62,NF665329,tlojlv@email.com,2025-10-25,2025-10-28,PE,G,Online,Boleto
P3769,Calça Masculina,148.09,109.47,38.62,NF760646,xzymhn@email.com,2025-10-11,2025-10-12,MG,G,Online,Dinheiro
P3770,Calça Masculina,457.74,284.44,173.3,NF439816,ddeelk@email.com,2025-11-27,2025-12-01,SC,39,Loja,Pix
P3771,Calça Feminina,392.19,252.04,140.15,NF301840,rqfvzj@email.com,2025-07-08,2025-07-08,PE,39,Loja,Boleto
P3772,Calça Masculina,334.38,197.62,136.76,NF298899,kwvcio@email.com,2025-07-06,2025-07-10,SP,P,Loja,Boleto
P3773,Tênis Feminino,456.17,273.02,183.15,NF425877,zhgast@email.com,2025-01-27,2025-02-01,RS,38,Online,Boleto
P3774,Camiseta Feminina,197.39,105.41,91.98,NF392999,dihbzu@email.com,2026-04-01,2026-04-01,CE,G,Loja,Boleto
P3775,Tênis Feminino,402.24,233.31,168.93,NF817994,hxrbpl@email.com,2025-11-17,2025-11-21,RS,G,Loja,Cartão
P3776,Tênis Feminino,371.67,256.94,114.73,NF176100,vygdzt@email.com,2025-04-30,2025-05-05,CE,39,Online,Cartão
P3777,Calça Feminina,312.29,191.51,120.78,NF321419,kbfrwq@email.com,2025-08-16,2025-08-17,SP,39,Loja,Boleto
P3778,Camiseta Masculina,204.73,136.06,68.67,NF828024,qdtewe@email.com,2025-04-22,2025-04-24,SC,37,Online,Cartão
P3779,Camiseta Masculina,203.63,137.61,66.02,NF348719,ompxur@email.com,2025-03-19,2025-03-22,PE,39,Online,Pix
P3780,Camiseta Masculina,186.32,110.7,75.62,NF410877,jrfewd@email.com,2025-04-25,2025-04-30,RJ,G,Online,Dinheiro
P3781,Tênis Feminino,460.35,267.45,192.9,NF714195,krunzb@email.com,2026-01-24,2026-01-25,MG,39,Online,Boleto
P3782,Camiseta Feminina,163.14,98.86,64.28,NF191177,nozbpq@email.com,2026-01-02,2026-01-05,CE,41,Loja,Boleto
P3783,Calça Masculina,521.25,280.08,241.17,NF848049,apbnut@email.com,2025-11-12,2025-11-16,MG,40,Loja,Boleto
P3784,Camiseta Masculina,150.8,97.65,53.15,NF375692,dddouc@email.com,2025-04-10,2025-04-13,SP,40,Online,Pix
P3785,Tênis Feminino,129.34,97.89,31.45,NF783597,vapyvi@email.com,2026-03-03,2026-03-08,BA,37,Loja,Dinheiro
P3786,Calça Feminina,98.27,80.46,17.81,NF613949,yhupyw@email.com,2026-03-18,2026-03-18,PR,G,Loja,Dinheiro
P3787,Calça Masculina,398.04,246.13,151.91,NF650784,wcuvlb@email.com,2025-05-22,2025-05-26,PE,38,Loja,Dinheiro
P3788,Calça Feminina,389.75,287.52,102.23,NF432548,otyxbx@email.com,2025-06-19,2025-06-23,RS,P,Online,Dinheiro
P3789,Tênis Feminino,385.79,210.71,175.08,NF158003,ekgzwb@email.com,2025-04-26,2025-04-29,PR,M,Loja,Cartão
P3790,Tênis Masculino,115.68,68.87,46.81,NF424499,wxczhd@email.com,2025-08-19,2025-08-24,SP,M,Online,Cartão
P3791,Calça Feminina,147.48,76.6,70.88,NF546710,oqxggl@email.com,2025-07-02,2025-07-05,CE,G,Loja,Dinheiro
P3792,Camiseta Feminina,201.28,140.77,60.51,NF147206,dxorqq@email.com,2026-02-23,2026-02-23,CE,36,Loja,Cartão
P3793,Tênis Feminino,495.47,275.45,220.02,NF380280,iuxywg@email.com,2025-07-23,2025-07-27,RJ,38,Loja,Dinheiro
P3794,Camiseta Feminina,296.92,174.95,121.97,NF290712,hpomvz@email.com,2025-03-25,2025-03-25,PR,36,Loja,Boleto
P3795,Camiseta Masculina,274.61,189.62,84.99,NF882338,qstvin@email.com,2025-06-05,2025-06-08,RJ,39,Loja,Cartão
P3796,Tênis Masculino,278.33,156.64,121.69,NF501765,ltlkzl@email.com,2025-10-23,2025-10-24,CE,37,Online,Cartão
P3797,Tênis Masculino,378.55,221.08,157.47,NF989128,rtsxeg@email.com,2026-01-25,2026-01-30,PE,41,Online,Pix
P3798,Calça Feminina,180.15,106.63,73.52,NF732282,cboyfd@email.com,2025-02-25,2025-03-02,RJ,G,Online,Boleto
P3799,Calça Masculina,237.72,130.6,107.12,NF975003,wmoyyj@email.com,2026-03-27,2026-03-31,CE,37,Loja,Boleto
P3800,Calça Feminina,387.6,256.57,131.03,NF968352,fxxyjh@email.com,2025-04-27,2025-04-30,RS,40,Loja,Boleto
P3801,Tênis Feminino,203.56,102.14,101.42,NF890224,totlpv@email.com,2026-01-13,2026-01-16,PR,42,Online,Pix
P3802,Camiseta Masculina,289.13,158.46,130.67,NF570056,swdfiy@email.com,2025-12-26,2025-12-28,SP,37,Loja,Cartão
P3803,Calça Masculina,338.85,279.61,59.24,NF835049,xnwaih@email.com,2025-02-16,2025-02-18,SC,40,Loja,Dinheiro
P3804,Tênis Masculino,538.7,299.29,239.41,NF796502,rhjmtr@email.com,2025-09-12,2025-09-13,RJ,G,Loja,Boleto
P3805,Calça Masculina,223.42,129.46,93.96,NF430352,rxjmml@email.com,2025-04-02,2025-04-04,SP,39,Loja,Pix
P3806,Calça Feminina,148.64,123.61,25.03,NF931144,gfteyl@email.com,2025-05-02,2025-05-03,PE,42,Loja,Cartão
P3807,Tênis Masculino,337.16,198.69,138.47,NF572952,wbedgj@email.com,2025-12-20,2025-12-25,CE,37,Loja,Dinheiro
P3808,Camiseta Feminina,330.55,252.36,78.19,NF999510,ablavz@email.com,2026-04-19,2026-04-22,MG,G,Online,Boleto
P3809,Tênis Feminino,413.69,294.26,119.43,NF579668,jigmku@email.com,2026-04-10,2026-04-12,PR,37,Loja,Pix
P3810,Tênis Masculino,502.77,262.84,239.93,NF484584,uhonht@email.com,2026-01-06,2026-01-08,CE,42,Loja,Cartão
P3811,Calça Feminina,154.04,81.22,72.82,NF644809,pbxwsx@email.com,2026-04-16,2026-04-18,CE,G,Online,Dinheiro
P3812,Calça Feminina,345.32,182.17,163.15,NF171038,xvrucy@email.com,2026-01-04,2026-01-05,BA,G,Online,Pix
P3813,Camiseta Feminina,156.03,108.6,47.43,NF957960,jfqqfs@email.com,2025-03-10,2025-03-12,SP,36,Online,Boleto
P3814,Camiseta Feminina,328.03,179.02,149.01,NF142907,mnuwnd@email.com,2025-10-08,2025-10-10,PE,41,Loja,Cartão
P3815,Camiseta Masculina,109.44,65.43,44.01,NF658185,dlsyem@email.com,2025-02-04,2025-02-09,SC,42,Online,Boleto
P3816,Tênis Masculino,205.29,158.01,47.28,NF625514,tjljcr@email.com,2025-03-10,2025-03-11,RJ,38,Loja,Boleto
P3817,Tênis Masculino,95.79,54.12,41.67,NF560818,usfggd@email.com,2026-01-01,2026-01-01,PB,36,Online,Cartão
P3818,Tênis Masculino,82.61,59.68,22.93,NF305074,mgtaqc@email.com,2025-05-09,2025-05-14,SP,M,Loja,Dinheiro
P3819,Tênis Masculino,136.58,102.62,33.96,NF781435,xxkvfe@email.com,2025-05-16,2025-05-16,RS,M,Loja,Cartão
P3820,Camiseta Masculina,298.35,239.82,58.53,NF579983,cfxsxp@email.com,2025-03-27,2025-03-29,SP,39,Online,Boleto
P3821,Calça Feminina,366.91,216.46,150.45,NF924134,tdrexq@email.com,2026-01-20,2026-01-20,BA,36,Online,Dinheiro
P3822,Camiseta Feminina,291.64,230.93,60.71,NF256484,xgoevc@email.com,2025-09-02,2025-09-03,PB,39,Online,Boleto
P3823,Camiseta Feminina,93.34,68.33,25.01,NF948021,omlnwe@email.com,2025-08-16,2025-08-21,SP,36,Online,Cartão
P3824,Calça Masculina,286.46,163.19,123.27,NF456532,qudugn@email.com,2025-11-14,2025-11-16,MG,41,Loja,Pix
P3825,Tênis Masculino,194.35,137.81,56.54,NF696320,chllws@email.com,2025-09-17,2025-09-22,MG,G,Loja,Boleto
P3826,Calça Feminina,155.42,89.94,65.48,NF909495,cwvbny@email.com,2025-05-24,2025-05-24,BA,37,Loja,Boleto
P3827,Camiseta Feminina,487.76,292.72,195.04,NF491449,teohvn@email.com,2025-01-18,2025-01-19,PE,G,Online,Pix
P3828,Calça Masculina,238.93,165.75,73.18,NF387670,oqyped@email.com,2025-09-24,2025-09-25,BA,37,Online,Pix
P3829,Camiseta Feminina,345.79,276.45,69.34,NF459563,jlzuuh@email.com,2025-08-06,2025-08-06,PR,P,Loja,Dinheiro
P3830,Calça Masculina,452.55,231.62,220.93,NF213506,pguiiq@email.com,2025-11-01,2025-11-02,SC,41,Online,Cartão
P3831,Tênis Feminino,77.6,58.48,19.12,NF793873,gdkoid@email.com,2025-08-28,2025-08-30,CE,37,Loja,Cartão
P3832,Calça Masculina,122.1,99.29,22.81,NF454619,fhevne@email.com,2025-04-02,2025-04-05,SC,39,Loja,Cartão
P3833,Tênis Masculino,123.62,65.58,58.04,NF288930,wkoobh@email.com,2025-10-18,2025-10-18,SP,P,Online,Dinheiro
P3834,Tênis Masculino,119.1,97.61,21.49,NF702839,juisxr@email.com,2026-01-30,2026-02-03,RJ,P,Loja,Boleto
P3835,Calça Feminina,435.76,232.76,203.0,NF405311,ejmoad@email.com,2025-06-04,2025-06-05,RJ,42,Loja,Dinheiro
P3836,Tênis Masculino,241.34,171.71,69.63,NF589381,rahfyo@email.com,2026-03-13,2026-03-18,PE,M,Loja,Dinheiro
P3837,Calça Masculina,262.82,154.38,108.44,NF317885,cannvy@email.com,2026-02-11,2026-02-15,PR,40,Online,Pix
P3838,Calça Masculina,285.47,190.73,94.74,NF112874,xvbnwi@email.com,2025-05-18,2025-05-21,RS,36,Online,Dinheiro
P3839,Tênis Feminino,107.99,84.87,23.12,NF695470,pnezlm@email.com,2026-03-19,2026-03-24,SC,37,Loja,Cartão
P3840,Calça Masculina,364.11,250.69,113.42,NF587949,zmiums@email.com,2025-05-23,2025-05-24,SC,36,Online,Cartão
P3841,Camiseta Feminina,250.81,153.54,97.27,NF720608,zcedvy@email.com,2025-05-10,2025-05-11,RS,G,Online,Dinheiro
P3842,Camiseta Masculina,187.28,137.64,49.64,NF789607,vjqxqi@email.com,2025-02-05,2025-02-05,BA,37,Online,Pix
P3843,Camiseta Feminina,446.17,236.02,210.15,NF179453,utekmo@email.com,2025-07-20,2025-07-20,PB,37,Loja,Pix
P3844,Calça Feminina,384.92,294.7,90.22,NF407408,vflerp@email.com,2025-06-14,2025-06-18,MG,40,Loja,Cartão
P3845,Camiseta Feminina,295.43,170.39,125.04,NF582910,lpctfq@email.com,2026-02-21,2026-02-21,RJ,P,Online,Cartão
P3846,Tênis Masculino,394.69,214.6,180.09,NF397496,ofeaue@email.com,2025-12-20,2025-12-24,BA,41,Loja,Boleto
P3847,Calça Masculina,369.82,230.85,138.97,NF351360,fltlmf@email.com,2025-11-14,2025-11-19,PR,39,Loja,Cartão
P3848,Calça Masculina,369.22,262.05,107.17,NF536106,pwmucw@email.com,2026-04-09,2026-04-14,RS,38,Loja,Pix
P3849,Tênis Feminino,484.17,258.65,225.52,NF525145,fpledx@email.com,2025-04-24,2025-04-26,RJ,P,Online,Boleto
P3850,Tênis Masculino,379.34,254.2,125.14,NF196481,fwwryb@email.com,2026-02-07,2026-02-12,PR,41,Online,Cartão
P3851,Calça Feminina,93.82,64.41,29.41,NF535348,emdvew@email.com,2025-04-09,2025-04-09,CE,37,Loja,Pix
P3852,Camiseta Masculina,398.68,218.17,180.51,NF439470,nlvfbm@email.com,2026-03-18,2026-03-18,SC,M,Online,Cartão
P3853,Camiseta Masculina,162.42,106.87,55.55,NF133130,wdqsxq@email.com,2026-01-29,2026-01-29,SC,G,Online,Boleto
P3854,Calça Feminina,491.96,297.45,194.51,NF817964,teajlg@email.com,2025-01-20,2025-01-25,RS,42,Online,Cartão
P3855,Calça Masculina,357.18,189.57,167.61,NF142987,ghthjj@email.com,2025-03-24,2025-03-27,PB,39,Loja,Dinheiro
P3856,Calça Feminina,534.31,285.14,249.17,NF192913,rramfv@email.com,2026-04-05,2026-04-09,SP,36,Online,Pix
P3857,Calça Feminina,455.14,252.85,202.29,NF502233,wcrkjj@email.com,2025-05-14,2025-05-17,PB,P,Online,Boleto
P3858,Camiseta Feminina,172.9,119.78,53.12,NF414197,iavmon@email.com,2026-04-02,2026-04-05,PR,42,Online,Boleto
P3859,Tênis Masculino,361.47,221.42,140.05,NF823657,urnvqr@email.com,2026-01-05,2026-01-09,SP,P,Loja,Boleto
P3860,Calça Masculina,342.64,261.11,81.53,NF431372,ffspzg@email.com,2025-03-08,2025-03-08,PR,42,Loja,Pix
P3861,Camiseta Feminina,330.73,212.58,118.15,NF198171,yjgmpu@email.com,2025-03-29,2025-03-31,BA,42,Loja,Pix
P3862,Calça Masculina,156.55,117.51,39.04,NF515772,lbcwfx@email.com,2025-08-03,2025-08-04,PB,41,Loja,Boleto
P3863,Tênis Masculino,415.86,227.01,188.85,NF724484,omykxb@email.com,2025-11-14,2025-11-16,BA,41,Loja,Pix
P3864,Calça Masculina,356.41,247.27,109.14,NF235038,akjchp@email.com,2026-03-02,2026-03-03,SP,41,Online,Cartão
P3865,Tênis Masculino,230.8,129.78,101.02,NF727328,ywbrgm@email.com,2026-02-01,2026-02-03,SP,39,Loja,Dinheiro
P3866,Camiseta Feminina,436.24,243.26,192.98,NF322378,fcygww@email.com,2025-12-19,2025-12-23,PB,38,Loja,Dinheiro
P3867,Calça Feminina,247.29,169.69,77.6,NF154685,srevws@email.com,2025-06-26,2025-07-01,RS,41,Loja,Boleto
P3868,Tênis Masculino,420.49,295.19,125.3,NF954920,awwyuq@email.com,2025-11-29,2025-12-01,PE,39,Online,Boleto
P3869,Calça Feminina,267.51,170.71,96.8,NF797735,legtde@email.com,2025-03-14,2025-03-17,PR,36,Online,Cartão
P3870,Camiseta Masculina,268.58,209.48,59.1,NF709517,oppqjp@email.com,2025-04-19,2025-04-22,CE,36,Online,Dinheiro
P3871,Calça Masculina,387.84,228.79,159.05,NF753991,lpptut@email.com,2026-04-17,2026-04-20,RJ,P,Loja,Dinheiro
P3872,Camiseta Masculina,331.79,237.82,93.97,NF839823,uzzfhh@email.com,2025-02-02,2025-02-02,BA,G,Online,Dinheiro
P3873,Calça Feminina,85.53,57.75,27.78,NF741372,kbpvxk@email.com,2025-05-18,2025-05-23,PB,41,Loja,Dinheiro
P3874,Calça Masculina,171.39,90.7,80.69,NF456976,cozkdp@email.com,2026-03-18,2026-03-18,SC,G,Online,Dinheiro
P3875,Camiseta Masculina,315.67,163.35,152.32,NF511297,jmairh@email.com,2025-01-21,2025-01-22,PE,39,Online,Dinheiro
P3876,Calça Feminina,229.37,132.8,96.57,NF567257,fwchre@email.com,2025-07-18,2025-07-22,CE,M,Loja,Boleto
P3877,Calça Feminina,308.3,216.65,91.65,NF844136,toewft@email.com,2025-10-04,2025-10-04,PB,G,Online,Dinheiro
P3878,Calça Feminina,382.15,297.86,84.29,NF677824,udivuw@email.com,2025-10-05,2025-10-05,RS,42,Online,Pix
P3879,Tênis Masculino,319.79,171.12,148.67,NF578450,dhyjnr@email.com,2025-04-04,2025-04-05,RJ,36,Online,Boleto
P3880,Calça Feminina,222.8,114.48,108.32,NF135592,olfizn@email.com,2025-09-23,2025-09-26,PB,41,Loja,Pix
P3881,Camiseta Masculina,285.64,236.56,49.08,NF150652,lzwcyw@email.com,2025-09-24,2025-09-26,CE,37,Loja,Pix
P3882,Camiseta Masculina,104.27,64.94,39.33,NF449196,ydfaqx@email.com,2025-11-19,2025-11-24,MG,39,Loja,Dinheiro
P3883,Tênis Feminino,306.46,179.08,127.38,NF762166,rfxuuu@email.com,2025-05-26,2025-05-30,BA,40,Online,Boleto
P3884,Calça Feminina,144.14,88.86,55.28,NF448496,hhryds@email.com,2025-03-28,2025-03-28,PB,P,Online,Boleto
P3885,Calça Feminina,348.95,231.5,117.45,NF909154,pkdvdk@email.com,2025-08-20,2025-08-22,BA,G,Loja,Pix
P3886,Camiseta Masculina,388.98,205.51,183.47,NF414580,hdiwuy@email.com,2026-01-23,2026-01-24,RS,40,Online,Dinheiro
P3887,Calça Feminina,431.62,223.52,208.1,NF895794,uymkbr@email.com,2025-07-26,2025-07-30,RJ,36,Online,Cartão
P3888,Tênis Feminino,340.95,206.88,134.07,NF101499,gpeprq@email.com,2025-07-24,2025-07-28,MG,42,Loja,Boleto
P3889,Camiseta Feminina,146.72,115.95,30.77,NF812901,azvkki@email.com,2025-05-09,2025-05-10,PR,36,Online,Boleto
P3890,Calça Feminina,355.87,209.01,146.86,NF990681,uctovr@email.com,2025-03-31,2025-04-05,BA,36,Loja,Cartão
P3891,Tênis Feminino,131.57,70.63,60.94,NF776126,sfvbst@email.com,2025-07-25,2025-07-27,SP,36,Loja,Dinheiro
P3892,Calça Masculina,150.78,95.42,55.36,NF736045,rlterj@email.com,2025-11-09,2025-11-09,SC,38,Online,Pix
P3893,Camiseta Masculina,276.36,153.68,122.68,NF130638,qhmhnd@email.com,2025-03-25,2025-03-29,RJ,42,Loja,Cartão
P3894,Tênis Feminino,75.03,50.19,24.84,NF388049,ueumuj@email.com,2025-04-08,2025-04-13,RS,P,Loja,Pix
P3895,Tênis Masculino,367.33,185.04,182.29,NF280550,ihfdgt@email.com,2025-06-15,2025-06-16,SP,36,Loja,Cartão
P3896,Calça Feminina,168.74,88.22,80.52,NF189133,ulehur@email.com,2026-02-04,2026-02-07,BA,40,Online,Boleto
P3897,Calça Feminina,107.8,83.18,24.62,NF845904,gfitkm@email.com,2025-07-28,2025-07-28,SP,38,Online,Cartão
P3898,Calça Feminina,133.18,89.84,43.34,NF559740,hrclhk@email.com,2026-03-12,2026-03-17,SC,G,Loja,Cartão
P3899,Tênis Masculino,122.55,71.2,51.35,NF427222,wykkev@email.com,2025-11-17,2025-11-19,PE,38,Loja,Boleto
P3900,Calça Masculina,305.16,190.63,114.53,NF182217,mzaehp@email.com,2025-06-16,2025-06-16,PE,41,Loja,Pix
P3901,Tênis Feminino,225.85,149.85,76.0,NF630437,nzktkp@email.com,2025-04-06,2025-04-11,RJ,42,Online,Dinheiro
P3902,Tênis Masculino,242.84,155.22,87.62,NF281008,lzmlzb@email.com,2025-10-24,2025-10-25,BA,G,Online,Boleto
P3903,Camiseta Masculina,276.04,182.34,93.7,NF931724,fiyupt@email.com,2025-12-22,2025-12-22,SP,38,Online,Cartão
P3904,Camiseta Feminina,219.13,121.37,97.76,NF494224,ztmcef@email.com,2026-03-17,2026-03-19,RS,42,Online,Boleto
P3905,Calça Masculina,282.08,147.34,134.74,NF839845,eyxdvv@email.com,2026-01-11,2026-01-11,PB,36,Online,Boleto
P3906,Tênis Feminino,137.06,88.29,48.77,NF948539,ffjcwf@email.com,2025-09-16,2025-09-21,MG,40,Loja,Dinheiro
P3907,Calça Masculina,147.39,105.65,41.74,NF127996,snvwqw@email.com,2026-02-28,2026-03-04,RJ,39,Loja,Cartão
P3908,Tênis Feminino,192.21,133.06,59.15,NF396638,jwkfip@email.com,2025-05-20,2025-05-20,RJ,42,Online,Dinheiro
P3909,Calça Masculina,98.08,74.28,23.8,NF252328,xdgmkm@email.com,2025-07-19,2025-07-23,SP,37,Loja,Boleto
P3910,Tênis Feminino,229.89,182.99,46.9,NF245470,beizei@email.com,2025-06-18,2025-06-22,RS,37,Loja,Pix
P3911,Calça Masculina,456.6,261.98,194.62,NF354701,sbldgp@email.com,2025-06-28,2025-06-28,RJ,39,Loja,Pix
P3912,Camiseta Masculina,387.63,213.45,174.18,NF796432,bfekdj@email.com,2025-05-28,2025-05-28,BA,42,Online,Cartão
P3913,Tênis Masculino,71.86,58.7,13.16,NF999252,ajhats@email.com,2025-12-13,2025-12-13,SC,M,Loja,Pix
P3914,Camiseta Masculina,178.24,94.33,83.91,NF600800,nufmmg@email.com,2025-02-04,2025-02-04,PE,38,Online,Cartão
P3915,Tênis Masculino,191.65,113.51,78.14,NF206386,wxkoxy@email.com,2025-09-28,2025-10-03,PB,39,Loja,Pix
P3916,Tênis Feminino,477.1,261.31,215.79,NF252118,hjltlc@email.com,2026-04-30,2026-05-05,SC,37,Online,Boleto
P3917,Tênis Masculino,407.87,270.06,137.81,NF602192,ggsnah@email.com,2025-08-12,2025-08-15,PE,39,Online,Pix
P3918,Calça Masculina,358.01,200.26,157.75,NF584389,qfhpxp@email.com,2025-10-27,2025-10-27,CE,36,Online,Cartão
P3919,Tênis Masculino,138.16,76.85,61.31,NF647005,tvauar@email.com,2025-02-13,2025-02-17,SC,M,Online,Boleto
P3920,Calça Masculina,192.49,119.09,73.4,NF449941,dxysma@email.com,2025-01-24,2025-01-26,PB,P,Loja,Boleto
P3921,Camiseta Masculina,136.98,90.69,46.29,NF424830,pdfcxy@email.com,2025-07-22,2025-07-26,PE,39,Loja,Boleto
P3922,Camiseta Feminina,406.92,263.39,143.53,NF536837,laadtq@email.com,2025-11-01,2025-11-02,PB,G,Online,Cartão
P3923,Tênis Masculino,250.91,185.47,65.44,NF117615,kopven@email.com,2025-05-02,2025-05-07,RS,37,Loja,Dinheiro
P3924,Tênis Feminino,270.62,201.26,69.36,NF493304,rstagb@email.com,2025-03-29,2025-03-29,PE,M,Online,Cartão
P3925,Tênis Feminino,183.83,131.34,52.49,NF175241,rfkera@email.com,2025-08-24,2025-08-29,SP,P,Loja,Pix
P3926,Tênis Masculino,186.78,106.93,79.85,NF172868,wcrewn@email.com,2025-03-19,2025-03-24,BA,40,Loja,Cartão
P3927,Camiseta Masculina,250.14,160.36,89.78,NF260981,rbmfht@email.com,2026-02-24,2026-02-27,PR,41,Online,Pix
P3928,Calça Feminina,325.85,218.48,107.37,NF622132,okjewl@email.com,2025-05-12,2025-05-16,MG,36,Loja,Pix
P3929,Calça Feminina,99.22,56.29,42.93,NF790697,qsdpxc@email.com,2025-07-07,2025-07-07,MG,M,Online,Dinheiro
P3930,Tênis Feminino,463.29,246.3,216.99,NF958723,eauxky@email.com,2026-02-28,2026-02-28,SP,P,Loja,Cartão
P3931,Camiseta Masculina,257.54,202.03,55.51,NF378607,bsllan@email.com,2025-06-16,2025-06-21,MG,41,Loja,Boleto
P3932,Camiseta Feminina,325.83,183.23,142.6,NF285354,ieydpk@email.com,2025-06-21,2025-06-24,RJ,38,Online,Pix
P3933,Tênis Feminino,255.77,167.08,88.69,NF643490,hucmuo@email.com,2025-08-31,2025-09-05,PE,39,Loja,Boleto
P3934,Camiseta Masculina,302.1,153.35,148.75,NF443810,mhplrj@email.com,2025-12-07,2025-12-11,RS,42,Online,Boleto
P3935,Camiseta Masculina,357.38,262.8,94.58,NF871279,mnrqmv@email.com,2025-04-16,2025-04-18,CE,37,Online,Boleto
P3936,Camiseta Feminina,117.23,67.82,49.41,NF620918,ggnrbs@email.com,2025-03-11,2025-03-13,SP,42,Online,Boleto
P3937,Calça Feminina,320.02,236.39,83.63,NF343972,twhuen@email.com,2025-05-09,2025-05-13,PR,G,Loja,Boleto
P3938,Tênis Feminino,184.32,98.91,85.41,NF507902,jzfiue@email.com,2025-11-08,2025-11-08,RJ,36,Online,Dinheiro
P3939,Tênis Feminino,160.2,128.18,32.02,NF133358,paxrkr@email.com,2025-11-03,2025-11-06,SC,P,Loja,Cartão
P3940,Tênis Feminino,253.78,139.5,114.28,NF544992,sbizsl@email.com,2025-10-26,2025-10-30,CE,40,Loja,Dinheiro
P3941,Tênis Feminino,396.39,206.6,189.79,NF277538,xjzvap@email.com,2025-10-31,2025-11-03,PR,37,Loja,Dinheiro
P3942,Camiseta Feminina,161.37,111.27,50.1,NF147749,wbwyrd@email.com,2025-05-08,2025-05-11,RJ,G,Loja,Cartão
P3943,Camiseta Masculina,117.58,69.37,48.21,NF905519,nehrvv@email.com,2025-06-28,2025-07-02,RS,41,Online,Cartão
P3944,Calça Masculina,189.79,117.45,72.34,NF930808,vzgcsp@email.com,2025-05-24,2025-05-28,BA,39,Loja,Cartão
P3945,Tênis Feminino,195.86,127.51,68.35,NF705423,yebvlw@email.com,2026-02-03,2026-02-03,MG,40,Online,Pix
P3946,Calça Feminina,399.1,275.53,123.57,NF678905,jjcmcq@email.com,2025-10-28,2025-11-02,SP,37,Online,Dinheiro
P3947,Camiseta Feminina,511.25,262.03,249.22,NF487331,imjwhk@email.com,2025-08-29,2025-08-29,SC,38,Online,Boleto
P3948,Tênis Feminino,211.01,152.95,58.06,NF291115,jhanvx@email.com,2025-10-27,2025-10-28,SC,36,Loja,Dinheiro
P3949,Camiseta Masculina,108.95,82.88,26.07,NF294050,abwhhu@email.com,2025-09-29,2025-09-29,PB,38,Loja,Pix
P3950,Camiseta Masculina,119.75,90.5,29.25,NF244104,jxkbyu@email.com,2025-06-10,2025-06-10,SP,38,Online,Dinheiro
P3951,Calça Masculina,94.04,57.1,36.94,NF799800,vylscs@email.com,2025-09-04,2025-09-09,SP,40,Loja,Cartão
P3952,Tênis Masculino,149.76,88.24,61.52,NF878534,ztodav@email.com,2025-06-29,2025-06-29,SP,39,Loja,Dinheiro
P3953,Tênis Masculino,231.87,118.16,113.71,NF399518,zolzcy@email.com,2025-03-14,2025-03-14,RS,G,Loja,Pix
P3954,Tênis Masculino,235.05,162.11,72.94,NF546649,daezxq@email.com,2025-04-17,2025-04-21,PR,P,Loja,Dinheiro
P3955,Camiseta Masculina,112.07,63.82,48.25,NF207881,qbgvci@email.com,2025-05-07,2025-05-08,PE,M,Loja,Dinheiro
P3956,Camiseta Feminina,533.04,277.5,255.54,NF263660,jspiaq@email.com,2025-09-22,2025-09-24,PB,P,Online,Dinheiro
P3957,Camiseta Masculina,79.22,56.06,23.16,NF722620,fworog@email.com,2025-05-09,2025-05-14,PE,M,Online,Dinheiro
P3958,Calça Feminina,536.94,280.67,256.27,NF242561,sooffr@email.com,2026-04-13,2026-04-13,SP,P,Loja,Cartão
P3959,Camiseta Feminina,248.59,144.13,104.46,NF896775,yszmmg@email.com,2025-01-13,2025-01-17,RJ,G,Loja,Dinheiro
P3960,Tênis Feminino,128.96,73.56,55.4,NF340168,dlyath@email.com,2025-07-13,2025-07-16,PE,37,Online,Cartão
P3961,Tênis Masculino,434.79,258.47,176.32,NF446584,yymvkt@email.com,2025-05-10,2025-05-15,PR,37,Online,Cartão
P3962,Calça Masculina,108.53,68.94,39.59,NF868025,vwiqfn@email.com,2025-08-08,2025-08-13,SP,37,Loja,Dinheiro
P3963,Camiseta Masculina,99.32,60.84,38.48,NF795942,nfbtnv@email.com,2025-06-20,2025-06-24,BA,41,Loja,Pix
P3964,Camiseta Masculina,110.81,56.43,54.38,NF347316,nuwnst@email.com,2025-04-24,2025-04-29,BA,G,Loja,Pix
P3965,Camiseta Feminina,119.04,70.36,48.68,NF969432,juzqdq@email.com,2025-07-15,2025-07-15,PE,39,Online,Boleto
P3966,Tênis Feminino,316.24,214.91,101.33,NF493744,lzvjnd@email.com,2025-01-21,2025-01-22,MG,38,Loja,Cartão
P3967,Tênis Masculino,91.7,63.35,28.35,NF504861,vahdjf@email.com,2026-04-20,2026-04-23,PE,M,Online,Cartão
P3968,Calça Feminina,287.59,146.29,141.3,NF383538,ujrdyz@email.com,2026-04-26,2026-04-29,RJ,40,Online,Dinheiro
P3969,Tênis Masculino,170.59,140.6,29.99,NF941931,znsefr@email.com,2025-07-02,2025-07-03,SP,41,Loja,Pix
P3970,Calça Feminina,177.97,138.96,39.01,NF161068,plvyvl@email.com,2025-10-28,2025-11-01,SP,42,Loja,Dinheiro
P3971,Camiseta Masculina,177.53,100.0,77.53,NF678754,vlwfxq@email.com,2025-09-15,2025-09-16,PE,36,Loja,Boleto
P3972,Calça Feminina,200.13,102.95,97.18,NF525832,plfies@email.com,2025-03-11,2025-03-16,CE,37,Online,Dinheiro
P3973,Camiseta Masculina,267.66,199.19,68.47,NF894619,tloouv@email.com,2025-07-31,2025-08-01,BA,39,Online,Cartão
P3974,Tênis Masculino,277.09,220.13,56.96,NF404674,hitucj@email.com,2025-08-30,2025-09-02,BA,36,Online,Pix
P3975,Camiseta Masculina,220.82,152.56,68.26,NF945573,zttfob@email.com,2025-11-01,2025-11-04,RJ,38,Loja,Dinheiro
P3976,Camiseta Feminina,298.39,151.31,147.08,NF161007,ramlhh@email.com,2025-10-15,2025-10-20,SC,36,Online,Pix
P3977,Calça Feminina,419.44,288.8,130.64,NF876740,lahyok@email.com,2025-07-16,2025-07-21,RJ,42,Loja,Cartão
P3978,Camiseta Masculina,352.27,208.15,144.12,NF596200,sptkzi@email.com,2025-07-31,2025-08-03,PR,38,Loja,Dinheiro
P3979,Calça Feminina,134.28,98.91,35.37,NF348519,hmbpha@email.com,2025-04-07,2025-04-07,BA,37,Online,Cartão
P3980,Calça Masculina,224.97,171.19,53.78,NF800950,shhftr@email.com,2025-11-04,2025-11-07,BA,42,Online,Cartão
P3981,Camiseta Feminina,93.6,55.31,38.29,NF848117,wiiavt@email.com,2026-02-17,2026-02-22,PR,40,Loja,Pix
P3982,Tênis Feminino,441.75,229.89,211.86,NF659299,yopipl@email.com,2025-11-14,2025-11-16,SC,36,Loja,Pix
P3983,Camiseta Feminina,405.45,239.72,165.73,NF614257,ohqskl@email.com,2025-05-13,2025-05-13,SC,41,Online,Boleto
P3984,Tênis Feminino,118.52,64.91,53.61,NF864843,yayhfx@email.com,2025-03-31,2025-04-04,PB,39,Loja,Cartão
P3985,Calça Masculina,101.21,58.29,42.92,NF357635,mfmcbd@email.com,2025-08-18,2025-08-18,PE,36,Online,Pix
P3986,Calça Masculina,167.03,115.7,51.33,NF213355,dtoigc@email.com,2026-01-10,2026-01-12,PB,40,Online,Cartão
P3987,Calça Masculina,224.76,158.21,66.55,NF642615,iqikhj@email.com,2025-09-21,2025-09-23,RS,M,Loja,Pix
P3988,Camiseta Feminina,150.96,118.65,32.31,NF787698,tsbfgw@email.com,2025-02-16,2025-02-20,PE,41,Loja,Cartão
P3989,Calça Feminina,489.47,258.31,231.16,NF912963,gmwrul@email.com,2025-02-24,2025-02-27,PR,40,Loja,Boleto
P3990,Tênis Feminino,98.58,57.36,41.22,NF290759,unixrt@email.com,2025-08-18,2025-08-22,RJ,36,Loja,Cartão
P3991,Camiseta Feminina,477.6,264.46,213.14,NF837149,xnwvha@email.com,2025-09-28,2025-09-28,CE,37,Online,Pix
P3992,Camiseta Feminina,122.65,62.66,59.99,NF232628,kitmim@email.com,2025-05-27,2025-05-28,PB,38,Loja,Boleto
P3993,Calça Feminina,80.11,55.73,24.38,NF339328,cdvehs@email.com,2025-02-15,2025-02-17,PR,37,Loja,Pix
P3994,Calça Feminina,241.69,158.45,83.24,NF407605,dnlsen@email.com,2025-10-23,2025-10-27,MG,G,Loja,Boleto
P3995,Calça Feminina,357.69,242.46,115.23,NF650748,ihoumz@email.com,2025-12-27,2025-12-31,BA,38,Online,Dinheiro
P3996,Calça Masculina,513.46,299.47,213.99,NF253898,qudfxu@email.com,2025-03-09,2025-03-12,MG,P,Loja,Boleto
P3997,Camiseta Masculina,397.04,275.65,121.39,NF759556,prpxwz@email.com,2025-10-30,2025-10-30,MG,M,Online,Cartão
P3998,Tênis Feminino,319.77,172.08,147.69,NF302927,hvuwjm@email.com,2025-05-10,2025-05-11,MG,36,Online,Pix
P3999,Tênis Feminino,428.22,225.05,203.17,NF952975,zkcjxx@email.com,2025-05-09,2025-05-09,PB,40,Online,Cartão
P4000,Calça Masculina,277.91,186.17,91.74,NF226714,yewemi@email.com,2026-03-28,2026-03-29,SP,39,Loja,Cartão
P4001,Camiseta Feminina,542.51,279.1,263.41,NF245304,zbydkn@email.com,2026-01-25,2026-01-30,MG,36,Online,Cartão
P4002,Camiseta Feminina,255.62,148.26,107.36,NF252085,vxbljr@email.com,2026-03-29,2026-04-01,RS,M,Loja,Boleto
P4003,Camiseta Feminina,530.66,296.87,233.79,NF690099,nvbhwc@email.com,2025-11-08,2025-11-12,SP,36,Online,Pix
P4004,Tênis Masculino,218.35,129.68,88.67,NF996087,zwfacs@email.com,2026-01-24,2026-01-28,BA,38,Online,Pix
P4005,Calça Feminina,253.9,142.15,111.75,NF156812,qifpje@email.com,2026-03-05,2026-03-07,BA,36,Online,Dinheiro
P4006,Camiseta Masculina,169.17,92.68,76.49,NF554397,omkcvp@email.com,2025-05-25,2025-05-30,BA,39,Loja,Pix
P4007,Tênis Feminino,182.73,135.93,46.8,NF515964,jpnhsw@email.com,2025-06-29,2025-07-04,SP,40,Online,Pix
P4008,Camiseta Masculina,443.84,294.8,149.04,NF951470,kqwqti@email.com,2026-03-23,2026-03-25,RJ,39,Online,Dinheiro
P4009,Calça Feminina,135.84,68.45,67.39,NF999522,vsdvxx@email.com,2025-04-18,2025-04-20,SP,40,Online,Pix
P4010,Tênis Masculino,234.25,132.69,101.56,NF244476,gzmmik@email.com,2025-08-06,2025-08-09,PE,40,Online,Cartão
P4011,Camiseta Feminina,524.15,277.48,246.67,NF348684,kjeont@email.com,2025-08-31,2025-09-01,PE,37,Loja,Boleto
P4012,Calça Masculina,400.12,248.76,151.36,NF252473,pxzirr@email.com,2025-08-28,2025-09-02,PE,39,Online,Pix
P4013,Tênis Feminino,287.21,172.4,114.81,NF523907,kzzfxl@email.com,2025-07-26,2025-07-29,RS,36,Loja,Pix
P4014,Tênis Feminino,309.41,166.14,143.27,NF486337,jilzar@email.com,2025-01-29,2025-01-31,CE,42,Loja,Pix
P4015,Calça Feminina,138.15,112.33,25.82,NF762374,qovcna@email.com,2025-11-16,2025-11-19,SP,39,Loja,Boleto
P4016,Tênis Masculino,149.21,102.55,46.66,NF405933,hbkclp@email.com,2025-12-27,2026-01-01,SP,36,Online,Pix
P4017,Camiseta Masculina,210.09,174.13,35.96,NF774626,zelzeo@email.com,2025-09-04,2025-09-06,PR,39,Online,Boleto
P4018,Calça Masculina,217.98,154.52,63.46,NF649963,husnqv@email.com,2026-02-15,2026-02-20,SP,G,Online,Cartão
P4019,Calça Masculina,547.52,276.14,271.38,NF498144,yfksft@email.com,2025-09-23,2025-09-25,SP,41,Loja,Boleto
P4020,Calça Masculina,113.52,56.92,56.6,NF262228,tkfawj@email.com,2025-11-09,2025-11-10,RJ,M,Loja,Cartão
P4021,Tênis Masculino,256.71,180.57,76.14,NF129577,yeblph@email.com,2025-03-30,2025-04-03,CE,P,Online,Pix
P4022,Camiseta Masculina,414.02,220.37,193.65,NF129073,ivcbwq@email.com,2025-10-27,2025-10-27,PR,38,Online,Boleto
P4023,Calça Feminina,403.79,271.65,132.14,NF816088,oizjei@email.com,2025-08-25,2025-08-27,PE,P,Online,Boleto
P4024,Camiseta Masculina,326.04,168.67,157.37,NF934094,vxtaas@email.com,2025-04-23,2025-04-28,PE,M,Online,Cartão
P4025,Tênis Masculino,267.9,173.79,94.11,NF282257,dleigc@email.com,2025-02-05,2025-02-07,SC,36,Online,Pix
P4026,Camiseta Feminina,545.73,295.58,250.15,NF239236,lhinrh@email.com,2026-02-08,2026-02-09,MG,36,Loja,Boleto
P4027,Tênis Feminino,262.53,177.27,85.26,NF656319,sjcnte@email.com,2026-04-02,2026-04-05,MG,37,Loja,Boleto
P4028,Calça Feminina,255.85,213.01,42.84,NF172818,ctjdpm@email.com,2026-03-27,2026-04-01,RJ,40,Loja,Pix
P4029,Tênis Feminino,317.96,253.39,64.57,NF764247,iudovg@email.com,2025-02-20,2025-02-24,PB,41,Online,Dinheiro
P4030,Tênis Feminino,215.54,128.3,87.24,NF483019,ujcdsw@email.com,2025-02-18,2025-02-22,PE,40,Online,Pix
P4031,Tênis Masculino,226.32,124.16,102.16,NF870519,mzvzeq@email.com,2025-01-01,2025-01-01,SC,41,Online,Dinheiro
P4032,Calça Masculina,288.9,155.55,133.35,NF645849,vqbtsp@email.com,2025-02-27,2025-03-02,SC,36,Online,Dinheiro
P4033,Tênis Masculino,321.03,162.22,158.81,NF724259,iliosv@email.com,2025-06-19,2025-06-22,MG,41,Online,Pix
P4034,Tênis Masculino,201.03,163.53,37.5,NF879966,fjnmuq@email.com,2025-05-31,2025-05-31,PE,40,Online,Dinheiro
P4035,Calça Masculina,177.95,89.59,88.36,NF687874,swyhkq@email.com,2025-12-12,2025-12-17,PB,36,Loja,Dinheiro
P4036,Camiseta Feminina,274.48,196.15,78.33,NF276813,yopdvm@email.com,2025-10-06,2025-10-11,BA,41,Loja,Boleto
P4037,Camiseta Masculina,146.36,120.14,26.22,NF676841,uumypg@email.com,2026-01-24,2026-01-26,CE,42,Online,Cartão
P4038,Tênis Masculino,104.4,53.48,50.92,NF516677,ktsyms@email.com,2026-02-11,2026-02-16,RJ,40,Loja,Cartão
P4039,Camiseta Feminina,243.28,136.44,106.84,NF118872,kyavgb@email.com,2025-05-15,2025-05-15,MG,42,Online,Boleto
P4040,Camiseta Masculina,126.03,72.38,53.65,NF536611,akvzfn@email.com,2025-12-28,2025-12-28,PR,39,Online,Boleto
P4041,Tênis Feminino,101.16,52.3,48.86,NF813193,woibgx@email.com,2025-06-17,2025-06-17,RJ,41,Loja,Dinheiro
P4042,Camiseta Feminina,381.48,290.92,90.56,NF537336,wbmtuv@email.com,2025-12-08,2025-12-08,RJ,40,Online,Cartão
P4043,Tênis Masculino,556.51,297.66,258.85,NF688149,gobkgu@email.com,2025-03-28,2025-04-01,PB,37,Loja,Pix
P4044,Calça Feminina,295.6,151.65,143.95,NF825028,tshnoa@email.com,2025-06-24,2025-06-27,BA,P,Loja,Boleto
P4045,Tênis Feminino,113.38,63.7,49.68,NF705560,xgmmkz@email.com,2025-06-14,2025-06-19,CE,P,Online,Cartão
P4046,Tênis Feminino,281.02,226.6,54.42,NF431829,muckbo@email.com,2025-01-07,2025-01-10,RJ,P,Loja,Boleto
P4047,Camiseta Feminina,145.8,116.49,29.31,NF396790,desazf@email.com,2025-11-29,2025-12-01,RS,41,Loja,Pix
P4048,Tênis Masculino,271.88,215.22,56.66,NF952383,bdimrt@email.com,2025-03-29,2025-04-03,PR,G,Loja,Pix
P4049,Camiseta Masculina,242.3,171.06,71.24,NF774856,mgofuq@email.com,2026-04-13,2026-04-17,PE,37,Online,Dinheiro
P4050,Tênis Masculino,400.65,205.86,194.79,NF830212,lmqibf@email.com,2025-09-25,2025-09-26,PE,40,Loja,Boleto
P4051,Tênis Masculino,69.2,53.1,16.1,NF488120,npwcif@email.com,2025-06-29,2025-07-02,PR,38,Online,Dinheiro
P4052,Calça Masculina,278.9,192.79,86.11,NF575873,mgcbqf@email.com,2025-08-10,2025-08-13,PR,37,Online,Boleto
P4053,Tênis Feminino,327.52,253.65,73.87,NF707886,agqvqq@email.com,2025-10-07,2025-10-09,PB,39,Loja,Boleto
P4054,Tênis Masculino,558.12,284.56,273.56,NF246769,abxagk@email.com,2025-08-26,2025-08-28,SC,36,Online,Dinheiro
P4055,Calça Masculina,145.23,100.11,45.12,NF897154,clzjqh@email.com,2026-01-31,2026-02-03,RJ,M,Loja,Cartão
P4056,Tênis Feminino,127.01,67.52,59.49,NF987746,pufode@email.com,2025-10-10,2025-10-10,BA,42,Loja,Cartão
P4057,Camiseta Masculina,445.95,223.88,222.07,NF910021,rvpvhj@email.com,2025-11-17,2025-11-19,PE,39,Online,Cartão
P4058,Camiseta Feminina,511.03,298.51,212.52,NF299533,vlzuar@email.com,2025-07-24,2025-07-24,MG,41,Online,Boleto
P4059,Camiseta Masculina,121.91,79.61,42.3,NF190485,npohhs@email.com,2025-12-01,2025-12-05,SC,P,Online,Pix
P4060,Calça Masculina,511.14,257.52,253.62,NF773491,rvgohs@email.com,2026-03-28,2026-03-29,PR,M,Online,Cartão
P4061,Tênis Masculino,258.55,173.51,85.04,NF145251,groitd@email.com,2025-08-01,2025-08-06,PR,M,Loja,Cartão
P4062,Calça Masculina,139.02,104.54,34.48,NF966180,bxejpe@email.com,2025-07-09,2025-07-14,MG,M,Online,Dinheiro
P4063,Camiseta Feminina,262.72,146.9,115.82,NF857919,siivyi@email.com,2025-06-21,2025-06-25,MG,37,Online,Boleto
P4064,Camiseta Masculina,365.05,295.03,70.02,NF955292,acrxxj@email.com,2025-03-09,2025-03-10,MG,37,Loja,Dinheiro
P4065,Calça Feminina,196.46,142.32,54.14,NF968673,sokwcu@email.com,2025-06-23,2025-06-24,RS,M,Loja,Dinheiro
P4066,Calça Masculina,184.41,104.89,79.52,NF590792,pdkvmi@email.com,2026-01-29,2026-02-03,BA,G,Loja,Cartão
P4067,Tênis Masculino,257.91,133.27,124.64,NF133986,olgfjj@email.com,2025-06-23,2025-06-23,RS,M,Online,Boleto
P4068,Tênis Feminino,223.26,126.35,96.91,NF289610,qxshjw@email.com,2025-09-14,2025-09-19,RS,M,Online,Dinheiro
P4069,Tênis Masculino,343.58,191.03,152.55,NF713915,jaougb@email.com,2025-10-02,2025-10-07,SP,41,Loja,Boleto
P4070,Calça Masculina,250.96,137.57,113.39,NF830037,wiztuz@email.com,2025-09-07,2025-09-07,RJ,42,Loja,Boleto
P4071,Camiseta Feminina,116.85,93.29,23.56,NF283356,dutvzt@email.com,2026-03-21,2026-03-22,CE,P,Online,Dinheiro
P4072,Camiseta Masculina,283.68,231.33,52.35,NF196433,xlwtno@email.com,2025-02-22,2025-02-24,RJ,38,Loja,Cartão
P4073,Tênis Feminino,194.35,99.36,94.99,NF560764,tgqtxl@email.com,2025-01-21,2025-01-26,BA,38,Loja,Cartão
P4074,Tênis Feminino,345.31,254.63,90.68,NF118732,yplemk@email.com,2025-10-14,2025-10-16,MG,39,Online,Boleto
P4075,Camiseta Feminina,278.03,198.07,79.96,NF109781,uyxsmf@email.com,2025-04-18,2025-04-18,SC,G,Loja,Pix
P4076,Calça Masculina,288.62,147.49,141.13,NF576516,rafipi@email.com,2025-07-16,2025-07-20,PR,M,Loja,Dinheiro
P4077,Tênis Feminino,329.16,166.94,162.22,NF668824,tfxnsx@email.com,2025-09-07,2025-09-11,RJ,37,Online,Dinheiro
P4078,Calça Masculina,499.84,254.81,245.03,NF970320,pzpdcc@email.com,2025-08-17,2025-08-20,SC,41,Loja,Dinheiro
P4079,Camiseta Feminina,350.02,201.97,148.05,NF507343,qqqhfl@email.com,2025-04-28,2025-04-29,BA,37,Online,Boleto
P4080,Camiseta Feminina,391.15,197.54,193.61,NF407157,rqjuay@email.com,2025-01-23,2025-01-23,SP,42,Online,Boleto
P4081,Tênis Masculino,378.53,271.52,107.01,NF412192,ahhvtk@email.com,2026-01-15,2026-01-20,SP,38,Loja,Dinheiro
P4082,Calça Feminina,141.39,78.4,62.99,NF314520,jtlzwr@email.com,2025-10-05,2025-10-10,MG,36,Online,Pix
P4083,Camiseta Feminina,474.27,244.81,229.46,NF362598,buxrpd@email.com,2025-05-17,2025-05-21,MG,G,Loja,Boleto
P4084,Calça Masculina,110.27,59.35,50.92,NF781013,ephnti@email.com,2025-07-06,2025-07-11,MG,P,Loja,Dinheiro
P4085,Tênis Feminino,367.39,195.02,172.37,NF216561,ygnaev@email.com,2025-02-06,2025-02-06,RS,38,Online,Dinheiro
P4086,Tênis Masculino,367.03,187.59,179.44,NF502810,wahqgp@email.com,2026-02-05,2026-02-06,SC,M,Loja,Boleto
P4087,Camiseta Masculina,302.1,189.44,112.66,NF596237,qxfhia@email.com,2025-01-15,2025-01-20,SP,39,Loja,Dinheiro
P4088,Camiseta Masculina,217.29,150.33,66.96,NF478864,nvkbeg@email.com,2026-01-23,2026-01-27,RJ,42,Loja,Pix
P4089,Camiseta Masculina,313.57,161.48,152.09,NF125321,epdars@email.com,2025-06-26,2025-06-30,BA,M,Online,Pix
P4090,Camiseta Feminina,318.58,210.11,108.47,NF575855,mmmwef@email.com,2025-02-12,2025-02-17,SC,M,Loja,Pix
P4091,Calça Masculina,299.84,208.98,90.86,NF771649,weuymg@email.com,2026-01-16,2026-01-17,PR,G,Online,Boleto
P4092,Camiseta Masculina,356.14,205.83,150.31,NF160319,aplmhz@email.com,2025-06-28,2025-07-01,PB,P,Online,Pix
P4093,Calça Masculina,232.77,142.1,90.67,NF654378,xbzlhy@email.com,2026-03-23,2026-03-25,SC,38,Online,Cartão
P4094,Calça Feminina,282.04,145.35,136.69,NF658233,awvccp@email.com,2025-11-26,2025-12-01,CE,P,Loja,Boleto
P4095,Tênis Masculino,283.41,159.71,123.7,NF728111,smjnfu@email.com,2025-12-28,2026-01-02,MG,42,Loja,Cartão
P4096,Camiseta Masculina,241.62,200.28,41.34,NF643091,xndsem@email.com,2025-07-09,2025-07-10,RJ,G,Online,Boleto
P4097,Tênis Masculino,144.5,90.68,53.82,NF360686,gkulwk@email.com,2025-01-13,2025-01-17,MG,38,Online,Boleto
P4098,Camiseta Feminina,323.25,168.6,154.65,NF842545,eidyql@email.com,2026-03-09,2026-03-14,PB,41,Online,Boleto
P4099,Tênis Masculino,207.56,156.21,51.35,NF487908,zqxkrf@email.com,2026-01-24,2026-01-28,SP,G,Online,Boleto
P4100,Camiseta Feminina,491.96,276.67,215.29,NF714621,xditgs@email.com,2026-01-30,2026-01-30,SC,36,Online,Pix
P4101,Camiseta Feminina,304.04,167.45,136.59,NF394259,obvoec@email.com,2026-01-20,2026-01-20,SP,36,Online,Boleto
P4102,Camiseta Masculina,150.36,106.19,44.17,NF398726,ngjczg@email.com,2025-05-24,2025-05-26,RJ,M,Loja,Boleto
P4103,Calça Feminina,262.94,163.04,99.9,NF691390,gjuolg@email.com,2026-02-20,2026-02-21,RJ,41,Online,Cartão
P4104,Calça Masculina,211.7,175.05,36.65,NF441006,xoukcz@email.com,2025-07-19,2025-07-22,RS,37,Loja,Dinheiro
P4105,Camiseta Masculina,305.72,226.76,78.96,NF186674,qmsfkf@email.com,2025-05-16,2025-05-20,SP,39,Online,Boleto
P4106,Calça Masculina,135.41,105.6,29.81,NF676870,ydgtah@email.com,2025-12-20,2025-12-23,BA,P,Loja,Boleto
P4107,Calça Masculina,214.3,176.42,37.88,NF277801,dchsbg@email.com,2025-07-07,2025-07-08,SP,40,Loja,Pix
P4108,Camiseta Masculina,364.4,200.77,163.63,NF229972,tzcfsh@email.com,2025-12-28,2025-12-30,MG,39,Online,Boleto
P4109,Camiseta Feminina,487.12,247.33,239.79,NF236800,pufseb@email.com,2025-04-24,2025-04-24,RS,38,Loja,Cartão
P4110,Tênis Masculino,560.44,293.51,266.93,NF161155,qxieem@email.com,2026-02-26,2026-03-01,RS,G,Online,Boleto
P4111,Camiseta Feminina,482.15,279.81,202.34,NF706370,sanees@email.com,2025-03-21,2025-03-22,SC,41,Online,Pix
P4112,Tênis Masculino,237.2,193.33,43.87,NF889560,wownus@email.com,2025-01-22,2025-01-22,RJ,38,Online,Dinheiro
P4113,Calça Masculina,219.32,156.6,62.72,NF767925,hnzyei@email.com,2026-02-19,2026-02-21,SC,37,Online,Boleto
P4114,Calça Masculina,112.55,77.5,35.05,NF585534,qbgcnv@email.com,2025-05-15,2025-05-19,PR,G,Loja,Dinheiro
P4115,Tênis Feminino,307.15,202.34,104.81,NF401606,oreviz@email.com,2025-11-17,2025-11-18,MG,36,Loja,Boleto
P4116,Tênis Feminino,338.8,280.83,57.97,NF291003,dzglkn@email.com,2026-03-15,2026-03-17,BA,42,Loja,Dinheiro
P4117,Camiseta Feminina,407.52,270.38,137.14,NF551805,islvoi@email.com,2026-01-28,2026-01-30,SC,38,Loja,Pix
P4118,Tênis Masculino,346.76,201.48,145.28,NF863147,elvwbs@email.com,2025-07-27,2025-07-29,PB,38,Online,Boleto
P4119,Camiseta Feminina,329.63,178.06,151.57,NF358886,kymsmv@email.com,2026-02-22,2026-02-26,MG,M,Loja,Boleto
P4120,Tênis Masculino,213.85,148.29,65.56,NF492575,tntorp@email.com,2026-04-11,2026-04-16,PE,36,Online,Pix
P4121,Calça Feminina,346.79,201.59,145.2,NF348496,siayfo@email.com,2025-07-07,2025-07-08,CE,G,Loja,Dinheiro
P4122,Tênis Masculino,170.82,127.66,43.16,NF305884,joahby@email.com,2026-01-30,2026-02-04,RJ,39,Online,Dinheiro
P4123,Calça Feminina,313.74,162.04,151.7,NF942938,zjlrtd@email.com,2026-01-01,2026-01-04,BA,36,Loja,Dinheiro
P4124,Tênis Masculino,238.17,165.51,72.66,NF806827,qmxwrv@email.com,2025-11-20,2025-11-25,RS,41,Online,Pix
P4125,Camiseta Masculina,191.06,134.73,56.33,NF260538,qefkvh@email.com,2026-02-02,2026-02-03,CE,42,Loja,Dinheiro
P4126,Tênis Masculino,158.14,80.84,77.3,NF260080,fazvib@email.com,2026-04-05,2026-04-07,BA,G,Loja,Cartão
P4127,Camiseta Masculina,149.99,105.0,44.99,NF629090,lgeska@email.com,2025-05-21,2025-05-26,PR,42,Loja,Dinheiro
P4128,Camiseta Feminina,259.05,192.58,66.47,NF186040,nyxqxh@email.com,2026-04-14,2026-04-17,BA,38,Online,Pix
P4129,Calça Feminina,156.7,96.67,60.03,NF312848,wkfcje@email.com,2025-12-30,2026-01-04,PE,G,Online,Cartão
P4130,Calça Masculina,358.12,183.19,174.93,NF166645,utkrvu@email.com,2025-06-22,2025-06-22,PR,41,Online,Pix
P4131,Calça Feminina,166.49,98.57,67.92,NF279112,fyovpc@email.com,2025-02-15,2025-02-15,PB,40,Online,Pix
P4132,Calça Masculina,206.22,147.27,58.95,NF232744,ftoxgm@email.com,2025-06-27,2025-06-28,CE,37,Loja,Dinheiro
P4133,Tênis Masculino,155.47,82.59,72.88,NF561373,munupv@email.com,2025-04-18,2025-04-21,PE,38,Online,Boleto
P4134,Camiseta Feminina,81.45,54.76,26.69,NF179301,zdkjmo@email.com,2026-01-14,2026-01-19,PB,38,Online,Cartão
P4135,Camiseta Masculina,278.26,208.77,69.49,NF183480,doyomw@email.com,2025-08-19,2025-08-24,CE,P,Loja,Boleto
P4136,Calça Feminina,234.63,120.38,114.25,NF368156,jmbulz@email.com,2025-07-10,2025-07-13,PB,38,Online,Pix
P4137,Calça Masculina,183.9,102.63,81.27,NF440528,fuqtxl@email.com,2025-07-16,2025-07-16,SC,37,Online,Pix
P4138,Calça Masculina,89.19,54.91,34.28,NF724805,mhisjq@email.com,2026-03-27,2026-03-28,CE,42,Loja,Cartão
P4139,Camiseta Feminina,173.54,99.37,74.17,NF229957,wpgjzu@email.com,2026-01-17,2026-01-20,RJ,37,Online,Pix
P4140,Tênis Feminino,201.35,114.42,86.93,NF978087,yavsca@email.com,2025-04-21,2025-04-22,PE,38,Online,Cartão
P4141,Calça Feminina,290.06,188.45,101.61,NF287530,lzsodp@email.com,2025-09-02,2025-09-06,PB,36,Online,Dinheiro
P4142,Camiseta Masculina,346.26,285.49,60.77,NF211198,lifisu@email.com,2025-04-23,2025-04-26,CE,40,Loja,Dinheiro
P4143,Calça Masculina,76.82,61.58,15.24,NF616749,vkqjwe@email.com,2025-11-02,2025-11-02,RJ,M,Online,Pix
P4144,Calça Feminina,83.62,63.2,20.42,NF402325,sbdglo@email.com,2026-04-14,2026-04-15,SP,39,Loja,Cartão
P4145,Camiseta Masculina,194.33,124.22,70.11,NF696938,znaokv@email.com,2025-12-05,2025-12-06,SP,39,Loja,Cartão
P4146,Tênis Feminino,161.69,121.11,40.58,NF422974,hytkdt@email.com,2026-04-16,2026-04-20,CE,36,Loja,Boleto
P4147,Tênis Masculino,157.13,79.68,77.45,NF228053,eenymn@email.com,2025-06-12,2025-06-16,BA,41,Online,Cartão
P4148,Camiseta Masculina,189.09,150.72,38.37,NF507231,vekoqq@email.com,2025-08-13,2025-08-18,BA,42,Online,Boleto
P4149,Tênis Feminino,358.38,244.99,113.39,NF572255,gmirvs@email.com,2025-05-30,2025-06-03,RS,P,Loja,Cartão
P4150,Camiseta Feminina,335.5,178.98,156.52,NF278150,cqgknr@email.com,2025-02-03,2025-02-03,RJ,39,Loja,Pix
P4151,Camiseta Masculina,172.75,115.11,57.64,NF738028,ksajcr@email.com,2025-08-30,2025-09-02,PE,37,Loja,Dinheiro
P4152,Tênis Feminino,318.53,182.27,136.26,NF864749,zzuaqi@email.com,2026-04-13,2026-04-15,PB,P,Online,Cartão
P4153,Camiseta Feminina,486.66,295.44,191.22,NF419969,sqktqr@email.com,2026-01-01,2026-01-05,RJ,37,Online,Cartão
P4154,Calça Masculina,74.49,50.98,23.51,NF975626,bvvtst@email.com,2025-12-19,2025-12-20,SP,40,Loja,Cartão
P4155,Tênis Masculino,354.79,243.49,111.3,NF620849,snzjph@email.com,2025-11-07,2025-11-07,PR,42,Online,Dinheiro
P4156,Tênis Feminino,479.13,242.6,236.53,NF297955,iypixy@email.com,2025-02-25,2025-03-02,PB,39,Loja,Dinheiro
P4157,Tênis Masculino,326.07,209.62,116.45,NF733457,yhydjt@email.com,2025-01-26,2025-01-29,CE,G,Online,Cartão
P4158,Camiseta Feminina,261.34,141.65,119.69,NF963540,iapskz@email.com,2025-11-20,2025-11-23,RJ,41,Online,Pix
P4159,Tênis Feminino,216.65,178.91,37.74,NF528811,amgtju@email.com,2025-02-13,2025-02-16,SP,37,Online,Pix
P4160,Camiseta Feminina,150.54,102.51,48.03,NF255029,ydcfaq@email.com,2026-01-30,2026-01-30,SP,41,Loja,Boleto
P4161,Camiseta Feminina,174.32,137.22,37.1,NF892189,lhcopb@email.com,2025-11-03,2025-11-04,BA,40,Loja,Cartão
P4162,Calça Masculina,171.81,94.95,76.86,NF179680,hnvapm@email.com,2026-03-13,2026-03-17,SP,40,Online,Boleto
P4163,Tênis Masculino,201.39,141.32,60.07,NF284139,uelhhr@email.com,2025-01-13,2025-01-17,RJ,36,Online,Pix
P4164,Tênis Feminino,167.68,113.25,54.43,NF431409,ihqlkd@email.com,2025-07-07,2025-07-11,MG,P,Loja,Dinheiro
P4165,Camiseta Feminina,334.77,211.1,123.67,NF525380,msatsv@email.com,2025-09-11,2025-09-16,PB,39,Loja,Pix
P4166,Calça Masculina,237.09,179.27,57.82,NF107027,tgambc@email.com,2026-03-17,2026-03-22,BA,G,Loja,Dinheiro
P4167,Tênis Feminino,400.67,259.26,141.41,NF107948,afepdv@email.com,2025-02-23,2025-02-23,SC,41,Loja,Dinheiro
P4168,Camiseta Feminina,331.23,197.56,133.67,NF171137,qcgzks@email.com,2026-03-10,2026-03-14,RJ,G,Online,Cartão
P4169,Calça Feminina,118.04,86.42,31.62,NF776958,afrhvi@email.com,2025-05-17,2025-05-18,SC,42,Online,Pix
P4170,Camiseta Feminina,309.18,199.35,109.83,NF197509,frudrk@email.com,2025-04-24,2025-04-24,PB,G,Online,Boleto
P4171,Camiseta Masculina,365.59,203.9,161.69,NF721039,polgox@email.com,2025-12-25,2025-12-26,SP,41,Loja,Pix
P4172,Calça Feminina,210.68,154.85,55.83,NF192378,ykrcmu@email.com,2025-02-07,2025-02-07,RS,38,Loja,Dinheiro
P4173,Camiseta Masculina,326.89,251.68,75.21,NF411356,eahzop@email.com,2025-12-20,2025-12-22,CE,P,Online,Boleto
P4174,Camiseta Masculina,129.86,92.71,37.15,NF627104,rpovez@email.com,2025-04-24,2025-04-29,RS,M,Online,Boleto
P4175,Tênis Masculino,384.34,203.91,180.43,NF355020,rnmzbe@email.com,2025-06-10,2025-06-15,PE,39,Online,Pix
P4176,Camiseta Feminina,278.94,147.29,131.65,NF214709,bkqryz@email.com,2025-01-05,2025-01-10,SP,42,Loja,Pix
P4177,Calça Feminina,459.86,255.3,204.56,NF471908,pcfiub@email.com,2025-10-17,2025-10-20,SP,41,Online,Cartão
P4178,Calça Masculina,87.43,50.07,37.36,NF181546,swlrbo@email.com,2025-09-22,2025-09-27,RS,39,Loja,Cartão
P4179,Tênis Feminino,296.72,204.81,91.91,NF289995,rnoiet@email.com,2026-02-23,2026-02-28,PR,36,Loja,Pix
P4180,Calça Masculina,405.18,214.61,190.57,NF476700,cpaqcp@email.com,2025-12-29,2026-01-02,SC,39,Loja,Pix
P4181,Calça Feminina,115.31,69.22,46.09,NF979138,epleqg@email.com,2025-04-15,2025-04-20,BA,41,Loja,Boleto
P4182,Camiseta Masculina,522.71,294.67,228.04,NF569731,pcxtim@email.com,2025-03-26,2025-03-31,SP,40,Online,Boleto
P4183,Calça Masculina,112.89,61.53,51.36,NF110638,gefgoo@email.com,2025-06-06,2025-06-08,RJ,41,Online,Boleto
P4184,Calça Masculina,358.42,188.52,169.9,NF983316,ydclrr@email.com,2025-08-23,2025-08-25,MG,40,Loja,Pix
P4185,Camiseta Feminina,209.71,142.43,67.28,NF952828,tfaebd@email.com,2025-06-19,2025-06-20,BA,40,Loja,Cartão
P4186,Calça Feminina,177.04,144.48,32.56,NF939731,vugoqv@email.com,2025-03-03,2025-03-04,PE,36,Online,Boleto
P4187,Camiseta Masculina,104.02,58.16,45.86,NF719528,ysuoat@email.com,2025-08-07,2025-08-08,SP,38,Online,Cartão
P4188,Calça Feminina,212.25,156.67,55.58,NF444256,hsvnws@email.com,2026-01-11,2026-01-16,RS,40,Loja,Dinheiro
P4189,Calça Feminina,159.02,107.91,51.11,NF406057,neaxbu@email.com,2025-05-22,2025-05-23,SC,42,Online,Cartão
P4190,Calça Masculina,107.67,57.39,50.28,NF259990,tsfxev@email.com,2025-01-31,2025-01-31,SP,39,Online,Boleto
P4191,Calça Feminina,173.81,89.54,84.27,NF154024,woprwz@email.com,2025-04-18,2025-04-20,RJ,P,Online,Cartão
P4192,Calça Masculina,87.22,72.04,15.18,NF670579,cmnggl@email.com,2025-05-19,2025-05-22,SC,38,Online,Pix
P4193,Camiseta Feminina,444.78,274.22,170.56,NF189910,qwotyp@email.com,2026-01-17,2026-01-21,MG,M,Online,Boleto
P4194,Calça Masculina,306.45,189.56,116.89,NF809866,ubswpc@email.com,2025-03-23,2025-03-23,BA,G,Online,Cartão
P4195,Tênis Feminino,343.07,186.11,156.96,NF652392,jpdpip@email.com,2026-02-14,2026-02-15,PE,36,Loja,Pix
P4196,Tênis Feminino,119.31,60.49,58.82,NF892560,sjswms@email.com,2025-09-18,2025-09-20,BA,39,Loja,Dinheiro
P4197,Tênis Masculino,97.96,59.54,38.42,NF645128,bdpydb@email.com,2026-04-06,2026-04-10,PB,39,Online,Dinheiro
P4198,Camiseta Feminina,248.92,206.86,42.06,NF416435,rvwqfh@email.com,2025-05-20,2025-05-25,MG,M,Online,Cartão
P4199,Tênis Feminino,388.55,279.16,109.39,NF233483,rpxxme@email.com,2025-01-03,2025-01-06,RJ,M,Loja,Pix
P4200,Calça Feminina,168.19,100.91,67.28,NF894135,yzfxhz@email.com,2025-11-23,2025-11-23,RJ,36,Online,Boleto
P4201,Tênis Masculino,182.78,148.41,34.37,NF838241,xtbgyj@email.com,2025-05-29,2025-05-31,PR,42,Online,Boleto
P4202,Calça Feminina,144.7,92.05,52.65,NF781221,nxkwdf@email.com,2025-03-19,2025-03-21,PR,M,Loja,Dinheiro
P4203,Tênis Masculino,85.38,56.13,29.25,NF263996,unollc@email.com,2025-06-18,2025-06-22,PR,P,Online,Dinheiro
P4204,Camiseta Masculina,383.75,230.87,152.88,NF421335,lpwuhy@email.com,2025-04-19,2025-04-19,PR,P,Online,Boleto
P4205,Tênis Feminino,169.44,110.17,59.27,NF178774,rvgbzo@email.com,2025-10-12,2025-10-16,CE,38,Loja,Pix
P4206,Tênis Feminino,391.47,251.38,140.09,NF706234,tsmjma@email.com,2026-04-08,2026-04-09,PR,P,Loja,Dinheiro
P4207,Camiseta Masculina,399.62,298.52,101.1,NF976262,zdavja@email.com,2025-02-15,2025-02-16,PB,36,Online,Dinheiro
P4208,Calça Masculina,382.48,198.71,183.77,NF932638,hhxxfq@email.com,2025-06-15,2025-06-17,RS,37,Loja,Dinheiro
P4209,Camiseta Feminina,310.13,166.07,144.06,NF279337,yirrbb@email.com,2025-07-28,2025-08-01,BA,P,Online,Dinheiro
P4210,Tênis Feminino,152.59,111.03,41.56,NF889481,iyglrj@email.com,2025-12-11,2025-12-14,CE,38,Loja,Pix
P4211,Camiseta Masculina,319.37,211.75,107.62,NF608874,tittiv@email.com,2025-01-28,2025-01-29,SP,42,Loja,Boleto
P4212,Calça Feminina,116.84,84.29,32.55,NF730407,ydieli@email.com,2026-01-13,2026-01-14,PB,37,Loja,Cartão
P4213,Camiseta Feminina,231.81,130.62,101.19,NF358969,qhvdov@email.com,2025-03-11,2025-03-13,PR,P,Loja,Boleto
P4214,Calça Masculina,122.14,72.39,49.75,NF592136,egdifa@email.com,2025-12-31,2026-01-02,RS,41,Loja,Pix
P4215,Calça Masculina,251.72,177.88,73.84,NF897125,koceja@email.com,2026-01-31,2026-02-03,PE,42,Loja,Boleto
P4216,Camiseta Masculina,98.27,63.22,35.05,NF415822,ytcuvd@email.com,2025-07-16,2025-07-21,RJ,M,Online,Dinheiro
P4217,Camiseta Feminina,277.81,163.26,114.55,NF134867,tidcvv@email.com,2025-11-20,2025-11-25,CE,M,Loja,Boleto
P4218,Camiseta Masculina,323.49,210.35,113.14,NF299984,etuyzd@email.com,2025-10-01,2025-10-01,PB,39,Loja,Pix
P4219,Camiseta Masculina,121.65,71.95,49.7,NF638149,wdahqt@email.com,2025-04-08,2025-04-12,PE,40,Loja,Boleto
P4220,Camiseta Feminina,542.76,282.44,260.32,NF184604,rztzpy@email.com,2025-07-04,2025-07-05,PE,39,Loja,Boleto
P4221,Calça Feminina,302.29,179.99,122.3,NF483078,hksqto@email.com,2025-09-29,2025-10-03,BA,M,Online,Boleto
P4222,Tênis Masculino,84.39,61.08,23.31,NF954007,ncimzm@email.com,2025-05-25,2025-05-29,MG,41,Loja,Boleto
P4223,Calça Masculina,388.96,283.93,105.03,NF778969,ksrpaf@email.com,2025-12-15,2025-12-17,BA,41,Online,Boleto
P4224,Calça Masculina,133.69,77.05,56.64,NF625327,vgvtxb@email.com,2025-06-14,2025-06-19,PB,39,Loja,Dinheiro
P4225,Calça Masculina,221.69,124.63,97.06,NF614381,dyvedc@email.com,2025-01-06,2025-01-09,RS,39,Online,Boleto
P4226,Camiseta Masculina,125.78,103.19,22.59,NF468906,jmspfc@email.com,2025-01-27,2025-01-28,SC,38,Online,Dinheiro
P4227,Tênis Masculino,237.14,125.21,111.93,NF345420,aovpke@email.com,2025-12-21,2025-12-23,SC,42,Loja,Boleto
P4228,Calça Masculina,272.15,144.02,128.13,NF666246,onmxov@email.com,2025-08-12,2025-08-17,PE,42,Loja,Dinheiro
P4229,Calça Masculina,309.73,168.35,141.38,NF233331,mcawjm@email.com,2025-09-06,2025-09-11,PE,37,Loja,Pix
P4230,Tênis Masculino,227.94,121.33,106.61,NF932179,cptsym@email.com,2025-08-01,2025-08-03,MG,40,Online,Boleto
P4231,Calça Masculina,226.27,116.94,109.33,NF806179,yxfidj@email.com,2025-11-08,2025-11-09,CE,G,Online,Dinheiro
P4232,Calça Masculina,84.08,69.17,14.91,NF131514,ezxvzn@email.com,2025-04-08,2025-04-13,BA,37,Online,Cartão
P4233,Tênis Feminino,206.24,114.54,91.7,NF936115,stdcpu@email.com,2025-12-07,2025-12-09,SP,39,Loja,Boleto
P4234,Camiseta Feminina,78.22,54.66,23.56,NF934475,yxiizn@email.com,2025-12-31,2025-12-31,PE,40,Loja,Pix
P4235,Camiseta Feminina,281.45,153.28,128.17,NF342006,emtwwv@email.com,2025-12-17,2025-12-17,PB,G,Loja,Cartão
P4236,Camiseta Masculina,268.97,139.79,129.18,NF306568,yyxffm@email.com,2025-02-28,2025-03-02,SP,40,Loja,Dinheiro
P4237,Calça Feminina,148.41,102.53,45.88,NF904542,bkyogf@email.com,2026-02-11,2026-02-12,BA,37,Loja,Boleto
P4238,Camiseta Feminina,335.24,171.84,163.4,NF511094,djfzzi@email.com,2026-02-19,2026-02-23,PB,38,Online,Pix
P4239,Camiseta Masculina,447.31,284.05,163.26,NF562083,bjfghd@email.com,2025-02-10,2025-02-13,CE,P,Online,Boleto
P4240,Tênis Masculino,434.46,243.04,191.42,NF195961,zfcukx@email.com,2025-03-03,2025-03-06,BA,G,Loja,Pix
P4241,Tênis Masculino,417.15,209.45,207.7,NF346915,hwcudv@email.com,2026-02-20,2026-02-25,PR,41,Loja,Boleto
P4242,Calça Feminina,281.61,221.86,59.75,NF567796,kszwel@email.com,2025-12-30,2026-01-02,RS,P,Loja,Cartão
P4243,Tênis Masculino,95.61,64.25,31.36,NF807046,zckdfh@email.com,2026-03-20,2026-03-22,PE,P,Loja,Pix
P4244,Tênis Feminino,315.12,242.88,72.24,NF653916,mdlprp@email.com,2025-09-21,2025-09-26,PR,P,Loja,Cartão
P4245,Calça Feminina,291.2,178.7,112.5,NF612382,zhzkiq@email.com,2025-07-16,2025-07-20,PR,41,Loja,Dinheiro
P4246,Tênis Masculino,356.96,196.01,160.95,NF152876,xwhdyq@email.com,2025-07-03,2025-07-04,RS,36,Loja,Cartão
P4247,Calça Masculina,217.28,131.33,85.95,NF253573,dmvzfd@email.com,2025-05-08,2025-05-12,SC,37,Online,Dinheiro
P4248,Calça Masculina,316.13,219.65,96.48,NF186785,lamenx@email.com,2026-03-11,2026-03-14,SP,41,Online,Boleto
P4249,Camiseta Feminina,408.78,247.12,161.66,NF921735,kzyvok@email.com,2025-12-12,2025-12-12,BA,41,Online,Pix
P4250,Camiseta Masculina,164.36,106.23,58.13,NF807945,uvpwzt@email.com,2026-03-19,2026-03-21,PB,39,Online,Pix
P4251,Camiseta Feminina,162.58,89.42,73.16,NF250734,vwsmlp@email.com,2025-08-14,2025-08-15,MG,M,Online,Pix
P4252,Tênis Masculino,458.86,242.66,216.2,NF392571,igskdd@email.com,2025-09-19,2025-09-24,PE,37,Loja,Cartão
P4253,Tênis Feminino,101.61,64.7,36.91,NF291601,ytktcx@email.com,2025-03-25,2025-03-30,CE,42,Loja,Cartão
P4254,Tênis Masculino,122.33,81.04,41.29,NF959424,fnnziy@email.com,2026-03-10,2026-03-12,CE,41,Loja,Boleto
P4255,Camiseta Feminina,102.3,64.78,37.52,NF459433,uuqawh@email.com,2025-07-03,2025-07-05,BA,38,Online,Boleto
P4256,Calça Masculina,376.27,257.59,118.68,NF152428,sdzyoo@email.com,2025-08-11,2025-08-16,MG,41,Online,Boleto
P4257,Camiseta Masculina,124.72,92.13,32.59,NF439066,tqcxlz@email.com,2025-12-15,2025-12-20,PR,40,Loja,Dinheiro
P4258,Calça Masculina,205.61,121.56,84.05,NF840261,dphanv@email.com,2025-11-12,2025-11-17,BA,G,Loja,Cartão
P4259,Tênis Masculino,401.57,208.99,192.58,NF492584,vahmmb@email.com,2025-07-04,2025-07-08,SP,40,Online,Pix
P4260,Camiseta Feminina,494.02,263.78,230.24,NF209508,zviipb@email.com,2026-04-28,2026-04-29,PR,36,Online,Dinheiro
P4261,Camiseta Feminina,162.12,97.06,65.06,NF569508,qbmdxa@email.com,2026-04-07,2026-04-12,CE,M,Online,Dinheiro
P4262,Camiseta Feminina,375.95,278.56,97.39,NF242085,ujwjpl@email.com,2025-01-27,2025-01-29,MG,41,Loja,Cartão
P4263,Calça Feminina,442.39,296.88,145.51,NF372437,veiflj@email.com,2025-06-20,2025-06-25,SC,M,Online,Cartão
P4264,Tênis Masculino,283.61,193.58,90.03,NF202829,pkbavf@email.com,2026-03-23,2026-03-28,SP,38,Loja,Boleto
P4265,Camiseta Feminina,127.41,67.86,59.55,NF578546,uqnvrh@email.com,2025-05-24,2025-05-24,SP,41,Online,Pix
P4266,Tênis Masculino,98.05,54.05,44.0,NF548591,jnfezf@email.com,2025-11-29,2025-12-01,BA,40,Online,Boleto
P4267,Tênis Feminino,286.01,193.65,92.36,NF775918,dmojba@email.com,2026-01-27,2026-01-30,SC,40,Online,Boleto
P4268,Calça Masculina,385.44,261.34,124.1,NF803324,ztwleo@email.com,2025-11-14,2025-11-19,CE,42,Online,Dinheiro
P4269,Tênis Masculino,144.32,116.79,27.53,NF413594,pxizli@email.com,2026-02-17,2026-02-19,RS,M,Loja,Pix
P4270,Tênis Feminino,174.99,90.91,84.08,NF334935,pajpcr@email.com,2025-08-22,2025-08-23,RS,41,Loja,Cartão
P4271,Camiseta Feminina,352.72,277.31,75.41,NF959666,apgqja@email.com,2026-02-06,2026-02-11,SP,39,Online,Boleto
P4272,Tênis Feminino,102.95,64.9,38.05,NF687372,mwulil@email.com,2025-07-11,2025-07-13,RS,P,Loja,Cartão
P4273,Tênis Masculino,206.31,163.49,42.82,NF456157,qmhkga@email.com,2025-09-07,2025-09-12,MG,42,Loja,Cartão
P4274,Camiseta Feminina,385.46,204.54,180.92,NF768371,cetdek@email.com,2025-09-17,2025-09-17,SC,G,Online,Boleto
P4275,Calça Feminina,340.63,258.88,81.75,NF560698,zumfzs@email.com,2025-04-25,2025-04-25,RJ,36,Online,Boleto
P4276,Calça Feminina,274.32,225.47,48.85,NF291031,jhcrlg@email.com,2026-01-21,2026-01-23,MG,41,Online,Boleto
P4277,Camiseta Masculina,390.63,211.13,179.5,NF763146,qegmeu@email.com,2025-05-20,2025-05-22,PE,40,Online,Dinheiro
P4278,Camiseta Feminina,259.43,183.34,76.09,NF511740,biiclg@email.com,2025-12-04,2025-12-08,SC,42,Online,Boleto
P4279,Camiseta Feminina,196.74,162.85,33.89,NF862558,lpbpox@email.com,2026-01-10,2026-01-10,CE,38,Online,Boleto
P4280,Tênis Feminino,146.46,73.53,72.93,NF538387,icghen@email.com,2026-02-10,2026-02-14,PE,36,Loja,Pix
P4281,Tênis Feminino,403.9,298.24,105.66,NF221469,urpmww@email.com,2026-02-28,2026-03-04,CE,39,Loja,Boleto
P4282,Camiseta Feminina,347.11,254.88,92.23,NF106671,kjkhoi@email.com,2025-08-20,2025-08-22,PB,38,Online,Boleto
P4283,Camiseta Feminina,392.08,273.81,118.27,NF218389,ichkzv@email.com,2025-01-27,2025-01-30,RJ,42,Loja,Dinheiro
P4284,Tênis Feminino,424.58,261.83,162.75,NF226230,batgss@email.com,2025-11-24,2025-11-28,RJ,38,Loja,Dinheiro
P4285,Calça Feminina,237.61,148.71,88.9,NF903462,sephgr@email.com,2025-02-08,2025-02-11,RS,39,Online,Boleto
P4286,Tênis Feminino,102.72,64.21,38.51,NF754042,rsiirt@email.com,2025-06-23,2025-06-25,PE,42,Online,Pix
P4287,Camiseta Masculina,377.82,222.57,155.25,NF507224,qgtgfr@email.com,2025-06-03,2025-06-06,PE,36,Loja,Boleto
P4288,Calça Masculina,293.6,237.02,56.58,NF793789,xkpxcg@email.com,2026-02-12,2026-02-12,RS,P,Online,Dinheiro
P4289,Calça Masculina,453.88,295.77,158.11,NF351065,vhhqiv@email.com,2025-05-23,2025-05-26,SC,42,Online,Cartão
P4290,Camiseta Masculina,227.41,188.56,38.85,NF394157,bvyqid@email.com,2026-04-09,2026-04-14,SP,42,Online,Cartão
P4291,Tênis Masculino,87.58,69.23,18.35,NF703078,ydvvyg@email.com,2025-12-13,2025-12-13,SC,36,Online,Cartão
P4292,Calça Masculina,372.92,286.9,86.02,NF140866,pefcaj@email.com,2026-01-12,2026-01-12,PB,39,Loja,Cartão
P4293,Calça Masculina,264.12,156.94,107.18,NF868838,hdvjua@email.com,2025-03-19,2025-03-19,PB,M,Loja,Boleto
P4294,Tênis Masculino,279.23,230.28,48.95,NF805931,xoymlj@email.com,2026-01-11,2026-01-15,SP,36,Online,Pix
P4295,Calça Masculina,349.99,205.25,144.74,NF761294,peghce@email.com,2025-04-26,2025-04-26,RS,37,Online,Dinheiro
P4296,Camiseta Feminina,287.63,148.04,139.59,NF976581,maumfv@email.com,2025-06-23,2025-06-24,SC,39,Loja,Boleto
P4297,Camiseta Feminina,350.85,190.14,160.71,NF648728,rtjbxy@email.com,2025-06-25,2025-06-28,MG,G,Loja,Pix
P4298,Camiseta Feminina,194.63,99.31,95.32,NF666021,yypwdm@email.com,2025-12-08,2025-12-12,CE,36,Loja,Pix
P4299,Tênis Feminino,131.86,70.07,61.79,NF527962,mvyzcp@email.com,2025-01-14,2025-01-19,RS,40,Online,Boleto
P4300,Camiseta Masculina,192.7,120.47,72.23,NF306964,qvnjzp@email.com,2026-04-28,2026-04-30,BA,37,Online,Dinheiro
P4301,Camiseta Masculina,155.09,120.69,34.4,NF527829,rdyawx@email.com,2026-03-14,2026-03-14,RS,G,Loja,Dinheiro
P4302,Tênis Feminino,235.01,121.59,113.42,NF266382,tgwqrh@email.com,2025-01-02,2025-01-04,SC,G,Loja,Cartão
P4303,Tênis Masculino,139.78,75.08,64.7,NF785627,zkwmex@email.com,2025-09-02,2025-09-07,RS,P,Online,Cartão
P4304,Tênis Masculino,414.94,266.77,148.17,NF578778,dvlwim@email.com,2025-05-11,2025-05-15,RS,G,Loja,Dinheiro
P4305,Calça Feminina,381.14,221.05,160.09,NF804307,ltesev@email.com,2025-11-21,2025-11-24,SP,42,Loja,Dinheiro
P4306,Tênis Masculino,435.11,283.76,151.35,NF488797,nburlj@email.com,2025-03-22,2025-03-22,SC,M,Online,Boleto
P4307,Calça Feminina,259.47,196.16,63.31,NF436980,hzgcnf@email.com,2025-09-15,2025-09-16,SC,P,Online,Cartão
P4308,Camiseta Feminina,204.15,124.49,79.66,NF648575,pceusr@email.com,2025-02-17,2025-02-20,SC,42,Online,Pix
P4309,Tênis Feminino,387.22,193.86,193.36,NF334251,pbxccp@email.com,2025-04-21,2025-04-21,PB,39,Online,Dinheiro
P4310,Tênis Masculino,486.41,296.79,189.62,NF280615,xzhjhs@email.com,2025-09-04,2025-09-09,SP,42,Loja,Cartão
P4311,Calça Feminina,429.78,240.67,189.11,NF271372,iufpxu@email.com,2025-02-28,2025-03-01,BA,37,Loja,Boleto
P4312,Calça Masculina,302.05,215.11,86.94,NF851875,tsxjvm@email.com,2025-11-16,2025-11-16,PE,42,Online,Boleto
P4313,Camiseta Feminina,297.24,170.15,127.09,NF751642,gmtgux@email.com,2026-02-14,2026-02-15,PR,40,Online,Boleto
P4314,Camiseta Feminina,141.0,85.25,55.75,NF452339,mujqmr@email.com,2025-08-31,2025-08-31,MG,40,Loja,Dinheiro
P4315,Camiseta Feminina,451.22,245.72,205.5,NF228617,llsgdh@email.com,2025-06-08,2025-06-09,PB,P,Loja,Boleto
P4316,Camiseta Feminina,286.53,193.85,92.68,NF734918,rfrlfr@email.com,2025-07-01,2025-07-01,PE,39,Loja,Dinheiro
P4317,Tênis Feminino,286.72,164.02,122.7,NF237670,ykayrp@email.com,2025-12-12,2025-12-13,PR,41,Online,Pix
P4318,Tênis Masculino,235.44,121.33,114.11,NF413532,yucjsl@email.com,2025-07-29,2025-07-29,CE,P,Online,Boleto
P4319,Camiseta Feminina,307.17,159.39,147.78,NF263185,wpptnf@email.com,2025-05-29,2025-06-03,RJ,41,Online,Cartão
P4320,Tênis Feminino,311.01,205.97,105.04,NF926991,oaklje@email.com,2025-01-23,2025-01-28,RJ,37,Loja,Boleto
P4321,Tênis Feminino,471.19,272.37,198.82,NF135349,ybjiuv@email.com,2025-08-14,2025-08-19,RJ,P,Loja,Dinheiro
P4322,Camiseta Masculina,395.41,236.58,158.83,NF368372,ehyeqv@email.com,2025-05-22,2025-05-23,BA,G,Online,Dinheiro
P4323,Tênis Masculino,283.21,179.91,103.3,NF706048,xkvbjn@email.com,2025-03-13,2025-03-15,PR,42,Online,Pix
P4324,Tênis Feminino,391.17,224.56,166.61,NF514309,pxhldr@email.com,2025-09-19,2025-09-21,RS,M,Loja,Dinheiro
P4325,Tênis Feminino,555.2,286.75,268.45,NF322204,qntrxv@email.com,2025-11-20,2025-11-22,PE,37,Loja,Boleto
P4326,Tênis Feminino,302.22,249.78,52.44,NF978339,xnkjdy@email.com,2025-12-10,2025-12-13,CE,38,Online,Boleto
P4327,Camiseta Feminina,167.72,99.33,68.39,NF838776,jsplxo@email.com,2025-11-30,2025-12-03,RS,P,Online,Boleto
P4328,Tênis Feminino,526.5,267.29,259.21,NF244658,ofyidv@email.com,2026-01-17,2026-01-22,CE,42,Online,Dinheiro
P4329,Camiseta Feminina,439.99,297.22,142.77,NF937592,yetmhb@email.com,2026-02-12,2026-02-15,SC,P,Online,Dinheiro
P4330,Tênis Feminino,196.47,111.47,85.0,NF513729,apewkh@email.com,2025-03-28,2025-03-30,RS,M,Loja,Boleto
P4331,Camiseta Feminina,358.33,218.22,140.11,NF466605,zyqdiu@email.com,2026-03-29,2026-04-01,RS,39,Online,Cartão
P4332,Tênis Feminino,136.94,81.77,55.17,NF838252,yymffp@email.com,2025-05-28,2025-05-30,PR,37,Online,Pix
P4333,Calça Feminina,196.87,105.35,91.52,NF155495,lsaipb@email.com,2025-12-02,2025-12-03,RJ,41,Online,Dinheiro
P4334,Calça Masculina,289.98,172.74,117.24,NF778450,rmiorg@email.com,2025-09-29,2025-10-03,PR,42,Online,Pix
P4335,Camiseta Feminina,374.06,238.08,135.98,NF206527,gshlzy@email.com,2026-03-12,2026-03-12,PR,36,Online,Pix
P4336,Calça Feminina,375.4,243.3,132.1,NF192603,oqcbyz@email.com,2025-08-10,2025-08-10,PE,37,Loja,Pix
P4337,Calça Feminina,320.78,212.07,108.71,NF423084,qayzzb@email.com,2025-03-19,2025-03-20,RS,40,Online,Boleto
P4338,Calça Masculina,424.27,229.92,194.35,NF804413,sublbe@email.com,2025-12-04,2025-12-05,SP,39,Online,Pix
P4339,Camiseta Feminina,332.4,194.55,137.85,NF556383,wewqxl@email.com,2025-08-07,2025-08-09,MG,37,Loja,Boleto
P4340,Tênis Feminino,177.44,122.15,55.29,NF350292,qdmhom@email.com,2026-01-15,2026-01-16,BA,40,Online,Dinheiro
P4341,Calça Masculina,367.18,228.43,138.75,NF697729,xcvorg@email.com,2026-04-10,2026-04-14,PB,37,Online,Cartão
P4342,Camiseta Feminina,418.59,254.77,163.82,NF492975,suxjio@email.com,2026-02-02,2026-02-06,SP,M,Loja,Boleto
P4343,Calça Feminina,121.61,92.05,29.56,NF988702,hxsomp@email.com,2025-04-13,2025-04-18,PR,40,Loja,Dinheiro
P4344,Camiseta Masculina,477.22,270.96,206.26,NF491501,ytmahv@email.com,2025-08-01,2025-08-02,SP,36,Loja,Dinheiro
P4345,Calça Masculina,282.55,199.14,83.41,NF121589,xvzyhq@email.com,2025-10-14,2025-10-14,PE,P,Loja,Boleto
P4346,Tênis Feminino,349.2,266.75,82.45,NF290533,qjknmf@email.com,2025-12-28,2026-01-02,CE,38,Loja,Pix
P4347,Camiseta Feminina,399.52,250.1,149.42,NF232955,nkscfi@email.com,2025-08-07,2025-08-12,SC,M,Online,Cartão
P4348,Tênis Masculino,151.04,93.38,57.66,NF292897,obinrv@email.com,2025-04-05,2025-04-10,SP,M,Online,Cartão
P4349,Calça Feminina,236.84,173.93,62.91,NF628661,scvtoh@email.com,2025-08-29,2025-09-02,SP,41,Loja,Pix
P4350,Tênis Feminino,118.3,97.48,20.82,NF832663,jobjox@email.com,2025-12-19,2025-12-22,MG,36,Loja,Boleto
P4351,Calça Feminina,255.35,204.21,51.14,NF884060,aphicj@email.com,2025-12-13,2025-12-13,BA,M,Online,Cartão
P4352,Calça Feminina,305.63,217.22,88.41,NF404599,eyibhq@email.com,2025-02-28,2025-03-03,PB,M,Loja,Cartão
P4353,Tênis Feminino,353.35,220.58,132.77,NF757488,wxlrcm@email.com,2025-04-29,2025-05-01,PB,38,Loja,Boleto
P4354,Tênis Masculino,539.88,273.78,266.1,NF576544,cpigib@email.com,2025-08-31,2025-08-31,MG,40,Online,Pix
P4355,Calça Feminina,227.2,135.28,91.92,NF719568,qcrbua@email.com,2026-02-24,2026-03-01,RJ,41,Loja,Boleto
P4356,Tênis Masculino,214.89,166.89,48.0,NF812331,iccuhy@email.com,2025-10-16,2025-10-21,MG,38,Online,Pix
P4357,Tênis Feminino,143.98,77.58,66.4,NF864290,njrqkw@email.com,2025-10-31,2025-11-03,RS,G,Loja,Dinheiro
P4358,Camiseta Feminina,247.55,196.03,51.52,NF660398,ijxukr@email.com,2026-04-05,2026-04-06,SP,38,Online,Dinheiro
P4359,Calça Masculina,323.76,198.12,125.64,NF360734,ctazhk@email.com,2025-05-28,2025-05-31,MG,39,Loja,Boleto
P4360,Camiseta Feminina,259.9,178.81,81.09,NF336013,bhrmen@email.com,2025-08-24,2025-08-28,MG,P,Online,Boleto
P4361,Tênis Feminino,119.29,92.12,27.17,NF372302,nbfiwu@email.com,2025-01-26,2025-01-27,PR,39,Loja,Boleto
P4362,Tênis Masculino,182.1,98.85,83.25,NF393141,efzpul@email.com,2025-05-18,2025-05-22,SP,41,Loja,Pix
P4363,Tênis Feminino,246.76,154.26,92.5,NF594503,jhnytd@email.com,2025-10-02,2025-10-04,MG,37,Loja,Dinheiro
P4364,Calça Masculina,337.89,252.32,85.57,NF377456,clyrgw@email.com,2025-08-24,2025-08-29,RJ,39,Loja,Dinheiro
P4365,Tênis Masculino,196.55,115.42,81.13,NF522738,uehdbq@email.com,2025-08-05,2025-08-10,RS,P,Online,Pix
P4366,Calça Feminina,141.29,101.81,39.48,NF619933,sxrrkk@email.com,2025-07-12,2025-07-12,PE,G,Loja,Dinheiro
P4367,Calça Feminina,78.57,58.37,20.2,NF520996,bwmrqm@email.com,2025-09-13,2025-09-16,MG,40,Loja,Cartão
P4368,Camiseta Feminina,443.01,283.99,159.02,NF546612,kxbxxm@email.com,2025-04-12,2025-04-15,RJ,P,Loja,Cartão
P4369,Camiseta Masculina,361.08,239.61,121.47,NF340099,nisbzf@email.com,2025-03-08,2025-03-12,CE,38,Loja,Dinheiro
P4370,Tênis Masculino,491.73,257.0,234.73,NF142048,qzwnzm@email.com,2025-05-10,2025-05-11,MG,39,Loja,Pix
P4371,Tênis Feminino,300.7,156.4,144.3,NF761518,symxtn@email.com,2025-11-19,2025-11-19,RS,38,Online,Boleto
P4372,Calça Masculina,79.27,52.88,26.39,NF102280,fcnltl@email.com,2026-04-21,2026-04-22,CE,41,Loja,Pix
P4373,Calça Feminina,79.5,58.86,20.64,NF282416,kmxtyu@email.com,2025-07-09,2025-07-14,PB,G,Loja,Pix
P4374,Tênis Masculino,330.49,171.39,159.1,NF590434,hcwexc@email.com,2025-08-05,2025-08-08,SC,36,Online,Dinheiro
P4375,Tênis Feminino,436.99,245.3,191.69,NF539837,exfbcw@email.com,2025-01-02,2025-01-04,PE,42,Online,Boleto
P4376,Tênis Masculino,364.77,231.34,133.43,NF221450,ljxkpj@email.com,2026-03-01,2026-03-03,SP,39,Online,Cartão
P4377,Tênis Feminino,326.54,230.57,95.97,NF251567,tdrxxk@email.com,2025-11-23,2025-11-28,RJ,40,Loja,Pix
P4378,Calça Masculina,293.43,173.42,120.01,NF827570,ecnfrk@email.com,2025-12-28,2025-12-28,PB,38,Loja,Pix
P4379,Calça Masculina,354.42,258.05,96.37,NF628166,zqorfb@email.com,2025-02-19,2025-02-20,BA,40,Loja,Cartão
P4380,Tênis Masculino,189.61,131.81,57.8,NF176916,altcpg@email.com,2025-11-14,2025-11-14,BA,P,Online,Dinheiro
P4381,Camiseta Masculina,256.49,212.32,44.17,NF922180,hcbzmu@email.com,2025-10-08,2025-10-09,BA,40,Loja,Cartão
P4382,Calça Feminina,143.06,72.19,70.87,NF158589,ncqzyw@email.com,2025-06-04,2025-06-04,PE,41,Online,Pix
P4383,Calça Feminina,196.12,111.22,84.9,NF472252,xzqkqh@email.com,2025-03-15,2025-03-19,MG,36,Loja,Boleto
P4384,Tênis Feminino,372.51,259.45,113.06,NF457414,vdorek@email.com,2025-09-09,2025-09-10,PR,37,Loja,Dinheiro
P4385,Tênis Masculino,301.92,204.15,97.77,NF392622,ometbn@email.com,2025-09-11,2025-09-14,MG,38,Loja,Boleto
P4386,Calça Masculina,128.3,82.0,46.3,NF887535,zurdnc@email.com,2025-01-31,2025-02-02,SP,M,Online,Pix
P4387,Camiseta Masculina,210.96,164.2,46.76,NF489034,xqqysg@email.com,2025-05-08,2025-05-11,SP,M,Online,Boleto
P4388,Tênis Masculino,541.64,293.72,247.92,NF720678,vmvgbo@email.com,2025-02-02,2025-02-02,PE,37,Online,Boleto
P4389,Calça Masculina,199.83,149.61,50.22,NF962739,agszlg@email.com,2025-09-03,2025-09-05,MG,M,Loja,Dinheiro
P4390,Camiseta Masculina,174.2,139.17,35.03,NF338237,ajkuco@email.com,2025-09-14,2025-09-15,PE,40,Loja,Cartão
P4391,Calça Feminina,136.36,80.73,55.63,NF123425,nudtfh@email.com,2025-09-11,2025-09-14,RS,36,Loja,Boleto
P4392,Camiseta Masculina,182.5,102.43,80.07,NF869971,vslmej@email.com,2026-02-13,2026-02-16,PE,42,Loja,Pix
P4393,Calça Feminina,312.24,189.66,122.58,NF504831,fmbnph@email.com,2025-04-15,2025-04-16,SC,G,Online,Cartão
P4394,Tênis Feminino,434.02,229.74,204.28,NF440695,cgynam@email.com,2026-02-12,2026-02-15,PR,39,Online,Cartão
P4395,Calça Feminina,117.35,85.12,32.23,NF524998,xvtvjg@email.com,2025-06-05,2025-06-08,RJ,37,Online,Boleto
P4396,Camiseta Feminina,280.66,228.32,52.34,NF874085,xjjswd@email.com,2025-01-21,2025-01-23,RJ,36,Online,Pix
P4397,Tênis Feminino,344.52,254.07,90.45,NF713168,awveyl@email.com,2026-01-16,2026-01-18,PB,37,Online,Dinheiro
P4398,Camiseta Masculina,446.99,292.48,154.51,NF638035,ovhbck@email.com,2025-04-15,2025-04-20,RS,38,Online,Dinheiro
P4399,Calça Feminina,185.41,120.18,65.23,NF523648,gtfkcq@email.com,2025-10-01,2025-10-02,RS,40,Online,Cartão
P4400,Calça Feminina,231.33,163.1,68.23,NF587016,qrztgs@email.com,2025-11-02,2025-11-07,RJ,G,Loja,Cartão
P4401,Camiseta Feminina,254.55,202.98,51.57,NF660942,huotlh@email.com,2025-07-19,2025-07-19,RJ,38,Online,Boleto
P4402,Camiseta Feminina,324.23,205.98,118.25,NF587798,eignma@email.com,2025-06-25,2025-06-27,MG,37,Loja,Boleto
P4403,Tênis Masculino,323.78,267.61,56.17,NF820655,gcipqk@email.com,2025-09-08,2025-09-13,PE,G,Online,Cartão
P4404,Camiseta Masculina,179.82,149.32,30.5,NF964518,svoabm@email.com,2025-01-07,2025-01-11,RJ,41,Loja,Boleto
P4405,Tênis Feminino,179.28,137.28,42.0,NF903293,xoecrd@email.com,2025-05-28,2025-05-29,PB,38,Online,Cartão
P4406,Tênis Feminino,172.44,143.62,28.82,NF792659,tstvxk@email.com,2025-12-06,2025-12-11,SP,42,Online,Dinheiro
P4407,Camiseta Feminina,147.52,92.61,54.91,NF677288,cgrsto@email.com,2025-12-09,2025-12-12,SC,42,Loja,Dinheiro
P4408,Camiseta Masculina,335.17,214.41,120.76,NF214852,ymxpce@email.com,2025-11-04,2025-11-06,PE,G,Loja,Pix
P4409,Tênis Feminino,114.49,64.88,49.61,NF359878,nnjrmz@email.com,2026-03-19,2026-03-19,CE,M,Loja,Pix
P4410,Camiseta Masculina,225.39,122.75,102.64,NF638836,ptdxja@email.com,2025-05-03,2025-05-07,MG,38,Loja,Boleto
P4411,Camiseta Masculina,378.26,296.95,81.31,NF447815,jhmwcf@email.com,2025-04-08,2025-04-09,PR,G,Loja,Boleto
P4412,Calça Feminina,296.74,189.27,107.47,NF843398,dwbtzl@email.com,2025-05-22,2025-05-23,PB,P,Online,Boleto
P4413,Camiseta Feminina,320.53,173.39,147.14,NF243484,gxvdhi@email.com,2025-07-24,2025-07-26,RJ,37,Online,Boleto
P4414,Tênis Masculino,449.56,230.95,218.61,NF674485,ounrms@email.com,2025-10-14,2025-10-14,RJ,38,Loja,Boleto
P4415,Calça Masculina,325.75,165.16,160.59,NF764410,mzwvjq@email.com,2026-01-21,2026-01-23,RS,38,Loja,Boleto
P4416,Calça Feminina,514.2,290.5,223.7,NF858786,cdbrni@email.com,2026-04-23,2026-04-27,RS,M,Loja,Dinheiro
P4417,Camiseta Masculina,120.55,78.51,42.04,NF462872,jxbjgn@email.com,2025-07-11,2025-07-12,BA,41,Online,Dinheiro
P4418,Calça Feminina,274.89,165.83,109.06,NF718087,yxtcxu@email.com,2026-03-07,2026-03-09,RJ,37,Online,Dinheiro
P4419,Tênis Feminino,461.94,286.26,175.68,NF691150,ivhnsx@email.com,2025-03-27,2025-04-01,CE,40,Loja,Boleto
P4420,Tênis Masculino,165.29,99.29,66.0,NF951992,motpdb@email.com,2025-06-17,2025-06-17,PE,P,Loja,Boleto
P4421,Camiseta Masculina,99.33,55.29,44.04,NF283443,ubvctb@email.com,2025-11-24,2025-11-28,CE,G,Loja,Cartão
P4422,Tênis Masculino,278.27,166.74,111.53,NF348183,dngmew@email.com,2025-10-21,2025-10-25,PR,37,Loja,Cartão
P4423,Tênis Masculino,355.44,231.75,123.69,NF954234,bvtyed@email.com,2025-09-18,2025-09-21,SC,42,Online,Cartão
P4424,Tênis Feminino,284.05,145.54,138.51,NF108247,ppmmyg@email.com,2025-12-16,2025-12-21,CE,36,Loja,Pix
P4425,Camiseta Feminina,361.6,236.8,124.8,NF807591,jbepii@email.com,2025-02-10,2025-02-12,PB,38,Loja,Dinheiro
P4426,Camiseta Feminina,258.9,178.29,80.61,NF238089,bztsyw@email.com,2026-03-21,2026-03-25,BA,36,Loja,Pix
P4427,Calça Feminina,223.45,124.82,98.63,NF851529,xehqeu@email.com,2026-01-15,2026-01-17,PE,G,Loja,Cartão
P4428,Camiseta Feminina,270.48,175.53,94.95,NF136633,mkqozg@email.com,2026-01-13,2026-01-17,CE,G,Loja,Cartão
P4429,Tênis Masculino,330.67,196.21,134.46,NF493879,ejhlah@email.com,2025-06-14,2025-06-17,MG,M,Online,Dinheiro
P4430,Tênis Feminino,277.06,144.86,132.2,NF437807,ewruzg@email.com,2025-03-03,2025-03-05,PR,41,Online,Cartão
P4431,Camiseta Feminina,514.45,282.31,232.14,NF767165,mmiqko@email.com,2025-07-11,2025-07-16,SC,40,Loja,Dinheiro
P4432,Calça Feminina,308.55,185.66,122.89,NF895201,hhswyq@email.com,2025-12-10,2025-12-12,PB,42,Loja,Boleto
P4433,Camiseta Masculina,92.54,61.82,30.72,NF874348,dexrby@email.com,2026-01-20,2026-01-22,PR,M,Loja,Cartão
P4434,Calça Feminina,197.82,99.44,98.38,NF994504,fuflgk@email.com,2025-05-15,2025-05-17,RJ,42,Loja,Boleto
P4435,Camiseta Masculina,140.1,89.75,50.35,NF482918,bvbubf@email.com,2025-06-17,2025-06-21,CE,M,Online,Cartão
P4436,Camiseta Masculina,232.46,132.43,100.03,NF919283,jozytm@email.com,2026-04-05,2026-04-08,PE,38,Loja,Dinheiro
P4437,Calça Masculina,274.47,152.89,121.58,NF177680,jdagjh@email.com,2026-02-18,2026-02-19,PB,M,Online,Dinheiro
P4438,Calça Masculina,395.18,227.65,167.53,NF879302,knwpxa@email.com,2025-12-04,2025-12-08,SC,38,Online,Boleto
P4439,Tênis Masculino,186.04,95.06,90.98,NF746843,mlbdes@email.com,2025-09-16,2025-09-19,SC,37,Loja,Boleto
P4440,Tênis Feminino,136.32,69.83,66.49,NF196887,crbylh@email.com,2025-02-05,2025-02-08,PB,36,Loja,Boleto
P4441,Camiseta Feminina,228.01,167.23,60.78,NF389902,cbqtxh@email.com,2025-10-23,2025-10-28,SP,39,Loja,Dinheiro
P4442,Camiseta Feminina,243.38,137.63,105.75,NF217052,qdmfxw@email.com,2026-04-06,2026-04-11,MG,M,Loja,Pix
P4443,Tênis Feminino,182.03,139.54,42.49,NF727261,kqaemp@email.com,2025-12-01,2025-12-02,PB,P,Loja,Cartão
P4444,Camiseta Masculina,245.95,156.05,89.9,NF803643,jzuntd@email.com,2025-01-01,2025-01-02,RS,38,Loja,Pix
P4445,Calça Masculina,505.95,262.8,243.15,NF505302,rwyocs@email.com,2026-01-04,2026-01-05,SC,40,Online,Dinheiro
P4446,Tênis Masculino,140.75,106.6,34.15,NF725202,msfnof@email.com,2026-01-17,2026-01-22,MG,38,Online,Dinheiro
P4447,Calça Feminina,428.1,247.18,180.92,NF358581,ynjjkv@email.com,2025-10-23,2025-10-27,PE,41,Online,Boleto
P4448,Calça Masculina,121.15,71.94,49.21,NF716482,myjtts@email.com,2025-07-19,2025-07-19,MG,39,Loja,Dinheiro
P4449,Tênis Masculino,198.75,125.21,73.54,NF353895,lqlmkt@email.com,2025-09-29,2025-10-02,SP,P,Loja,Boleto
P4450,Camiseta Feminina,99.39,79.82,19.57,NF753909,sccxds@email.com,2025-11-01,2025-11-04,CE,37,Online,Dinheiro
P4451,Tênis Masculino,175.65,144.59,31.06,NF107654,chczhs@email.com,2025-07-09,2025-07-14,RS,M,Online,Cartão
P4452,Tênis Masculino,351.82,203.55,148.27,NF942038,fgyeda@email.com,2025-07-24,2025-07-24,MG,41,Loja,Dinheiro
P4453,Tênis Masculino,150.52,94.86,55.66,NF674654,haurrc@email.com,2025-05-14,2025-05-14,RS,37,Online,Cartão
P4454,Tênis Masculino,272.94,171.79,101.15,NF442601,eknlzj@email.com,2026-02-11,2026-02-13,BA,41,Loja,Cartão
P4455,Tênis Masculino,289.36,179.41,109.95,NF531570,fpfyrw@email.com,2026-03-19,2026-03-20,PE,42,Loja,Cartão
P4456,Camiseta Masculina,377.39,189.47,187.92,NF583531,idtlvc@email.com,2025-03-17,2025-03-17,SC,37,Loja,Cartão
P4457,Calça Masculina,139.95,92.4,47.55,NF700452,kwneez@email.com,2025-09-19,2025-09-19,MG,40,Online,Pix
P4458,Calça Masculina,321.79,192.54,129.25,NF868641,vhmliq@email.com,2025-05-26,2025-05-26,RJ,40,Loja,Pix
P4459,Calça Masculina,124.77,77.52,47.25,NF521423,wuvtzx@email.com,2025-02-28,2025-03-03,SP,40,Online,Boleto
P4460,Calça Masculina,383.01,289.16,93.85,NF231299,kzgicb@email.com,2025-12-03,2025-12-07,CE,41,Online,Cartão
P4461,Camiseta Masculina,196.37,122.42,73.95,NF298364,fwjxdh@email.com,2025-12-14,2025-12-19,RJ,42,Loja,Dinheiro
P4462,Tênis Masculino,143.31,82.63,60.68,NF210445,sgauda@email.com,2025-06-18,2025-06-22,MG,38,Online,Dinheiro
P4463,Calça Masculina,158.12,111.91,46.21,NF822328,cklhcq@email.com,2025-01-27,2025-01-28,BA,36,Loja,Boleto
P4464,Calça Feminina,547.52,277.05,270.47,NF353362,flnjxl@email.com,2026-01-31,2026-02-01,SC,38,Loja,Cartão
P4465,Camiseta Masculina,397.79,272.98,124.81,NF725899,ysdbws@email.com,2025-06-25,2025-06-28,CE,36,Loja,Dinheiro
P4466,Camiseta Feminina,355.16,178.39,176.77,NF228914,lyeqvy@email.com,2025-10-07,2025-10-09,PR,42,Online,Cartão
P4467,Calça Masculina,244.01,143.76,100.25,NF417383,itztda@email.com,2025-01-26,2025-01-27,PR,36,Loja,Cartão
P4468,Calça Feminina,120.17,64.0,56.17,NF874080,ibwqgd@email.com,2025-05-29,2025-06-01,SP,G,Online,Boleto
P4469,Tênis Masculino,363.1,290.21,72.89,NF551193,cpqhth@email.com,2025-08-21,2025-08-22,BA,41,Online,Pix
P4470,Tênis Masculino,353.46,178.08,175.38,NF999213,ofqqul@email.com,2025-09-13,2025-09-17,PE,39,Loja,Dinheiro
P4471,Tênis Feminino,334.86,177.27,157.59,NF553482,kzpnmo@email.com,2026-01-13,2026-01-14,PB,40,Online,Pix
P4472,Tênis Masculino,384.97,229.88,155.09,NF398359,bkcxbx@email.com,2026-03-17,2026-03-22,RS,G,Online,Dinheiro
P4473,Calça Feminina,398.85,225.91,172.94,NF730220,geidsd@email.com,2025-02-28,2025-02-28,BA,39,Online,Boleto
P4474,Camiseta Masculina,382.98,199.17,183.81,NF181971,wrfyer@email.com,2025-07-21,2025-07-24,CE,38,Loja,Dinheiro
P4475,Tênis Feminino,362.95,211.71,151.24,NF843615,hwrykt@email.com,2025-11-11,2025-11-13,PE,42,Loja,Dinheiro
P4476,Calça Feminina,263.21,144.94,118.27,NF140984,dilfse@email.com,2026-01-17,2026-01-17,PR,42,Loja,Cartão
P4477,Camiseta Feminina,164.69,112.28,52.41,NF196660,nkkyws@email.com,2025-02-17,2025-02-21,BA,42,Online,Boleto
P4478,Calça Masculina,269.13,213.98,55.15,NF810067,bmwjkm@email.com,2025-01-10,2025-01-11,RS,39,Loja,Dinheiro
P4479,Tênis Masculino,64.24,52.59,11.65,NF640709,ofcvov@email.com,2025-10-16,2025-10-21,PR,36,Online,Boleto
P4480,Tênis Feminino,268.68,143.16,125.52,NF906241,ubmpoo@email.com,2026-04-05,2026-04-06,PE,38,Loja,Cartão
P4481,Camiseta Feminina,281.69,194.07,87.62,NF312066,fsdouw@email.com,2025-06-14,2025-06-16,PE,41,Online,Cartão
P4482,Camiseta Feminina,179.35,97.45,81.9,NF594211,rkbnid@email.com,2025-11-07,2025-11-11,RS,37,Loja,Dinheiro
P4483,Calça Feminina,334.07,224.72,109.35,NF193524,qclxhz@email.com,2025-06-08,2025-06-10,BA,P,Loja,Boleto
P4484,Tênis Masculino,363.05,213.36,149.69,NF325601,kclgdu@email.com,2025-08-01,2025-08-02,SP,37,Loja,Pix
P4485,Calça Masculina,500.74,278.12,222.62,NF545030,koxhzq@email.com,2025-10-13,2025-10-15,MG,36,Loja,Cartão
P4486,Calça Feminina,421.71,239.69,182.02,NF406767,syntkb@email.com,2026-02-14,2026-02-15,SP,38,Online,Dinheiro
P4487,Calça Feminina,327.87,219.57,108.3,NF695198,kzczuf@email.com,2025-03-12,2025-03-13,SP,38,Loja,Dinheiro
P4488,Camiseta Feminina,463.64,280.25,183.39,NF574598,jmqfka@email.com,2025-08-11,2025-08-13,SP,P,Loja,Dinheiro
P4489,Camiseta Feminina,285.42,222.58,62.84,NF552909,tatsrs@email.com,2025-07-10,2025-07-11,CE,G,Online,Boleto
P4490,Tênis Feminino,110.42,79.65,30.77,NF234052,eufpoz@email.com,2025-02-18,2025-02-18,SC,37,Online,Dinheiro
P4491,Camiseta Masculina,88.68,73.0,15.68,NF497847,gtnbfh@email.com,2026-02-03,2026-02-03,BA,41,Loja,Pix
P4492,Camiseta Masculina,292.92,242.17,50.75,NF555745,tsmhkf@email.com,2025-05-01,2025-05-06,SP,M,Online,Dinheiro
P4493,Tênis Masculino,117.73,74.51,43.22,NF875130,vdzvla@email.com,2025-07-08,2025-07-11,SC,39,Online,Dinheiro
P4494,Camiseta Masculina,81.06,60.34,20.72,NF806588,gfdxim@email.com,2025-04-10,2025-04-13,SP,39,Online,Pix
P4495,Tênis Masculino,141.46,78.02,63.44,NF190434,wqzqnc@email.com,2025-09-23,2025-09-23,SC,M,Online,Dinheiro
P4496,Calça Feminina,186.72,125.02,61.7,NF382335,vdyaww@email.com,2025-04-28,2025-05-01,BA,M,Loja,Boleto
P4497,Tênis Feminino,128.05,70.81,57.24,NF979424,cupyho@email.com,2025-05-18,2025-05-18,MG,37,Loja,Pix
P4498,Calça Feminina,334.24,174.14,160.1,NF229478,eacvim@email.com,2025-03-12,2025-03-17,BA,40,Online,Boleto
P4499,Tênis Feminino,363.44,203.75,159.69,NF192083,ryttrv@email.com,2025-01-05,2025-01-08,BA,G,Loja,Dinheiro
P4500,Camiseta Masculina,177.29,94.58,82.71,NF641333,gobynu@email.com,2025-06-22,2025-06-22,PB,37,Online,Pix
P4501,Tênis Feminino,133.63,80.69,52.94,NF835557,vvppqw@email.com,2026-01-31,2026-02-01,MG,39,Loja,Boleto
P4502,Tênis Masculino,396.12,292.18,103.94,NF385786,itxbqs@email.com,2025-06-11,2025-06-15,PR,P,Online,Pix
P4503,Camiseta Feminina,321.11,252.07,69.04,NF639715,qabogm@email.com,2025-04-02,2025-04-07,PB,39,Online,Dinheiro
P4504,Calça Feminina,115.64,82.02,33.62,NF620280,xnmrip@email.com,2026-01-25,2026-01-30,RS,P,Loja,Dinheiro
P4505,Calça Masculina,140.52,86.65,53.87,NF995103,kjzcoo@email.com,2025-04-23,2025-04-28,PE,40,Online,Dinheiro
P4506,Camiseta Masculina,354.91,180.97,173.94,NF769715,zwkpwb@email.com,2025-08-07,2025-08-07,PB,42,Loja,Cartão
P4507,Camiseta Feminina,139.38,98.46,40.92,NF244549,ndyuik@email.com,2025-12-09,2025-12-10,RJ,40,Online,Cartão
P4508,Tênis Masculino,132.62,73.17,59.45,NF414117,bfdhaw@email.com,2025-08-04,2025-08-07,PB,M,Loja,Boleto
P4509,Tênis Feminino,441.99,265.53,176.46,NF613361,xzuxnw@email.com,2026-02-09,2026-02-13,CE,38,Loja,Cartão
P4510,Camiseta Masculina,146.16,99.3,46.86,NF933735,apwepw@email.com,2025-04-21,2025-04-23,PB,37,Loja,Pix
P4511,Camiseta Feminina,367.56,270.59,96.97,NF916818,kduqek@email.com,2025-01-08,2025-01-09,RS,P,Online,Dinheiro
P4512,Calça Feminina,175.29,97.06,78.23,NF266827,qnjvdp@email.com,2026-01-17,2026-01-22,PR,36,Online,Pix
P4513,Calça Masculina,213.99,108.81,105.18,NF939054,hptlys@email.com,2025-07-26,2025-07-30,CE,M,Online,Cartão
P4514,Camiseta Feminina,307.4,161.94,145.46,NF931577,izhfkn@email.com,2025-08-23,2025-08-27,PE,M,Loja,Boleto
P4515,Tênis Masculino,173.78,112.29,61.49,NF405452,nephng@email.com,2025-09-09,2025-09-12,RJ,36,Online,Cartão
P4516,Calça Feminina,283.59,179.71,103.88,NF267701,uaesyw@email.com,2025-12-17,2025-12-18,PR,42,Loja,Cartão
P4517,Calça Feminina,316.34,241.85,74.49,NF710891,gcekpl@email.com,2026-04-24,2026-04-25,MG,39,Loja,Cartão
P4518,Camiseta Masculina,271.98,163.58,108.4,NF647607,ediezf@email.com,2026-02-11,2026-02-13,PE,40,Online,Pix
P4519,Camiseta Masculina,516.98,275.97,241.01,NF913098,jpfyih@email.com,2025-10-09,2025-10-11,PB,P,Loja,Cartão
P4520,Camiseta Feminina,365.71,282.91,82.8,NF397628,arpbsx@email.com,2025-01-06,2025-01-09,RJ,42,Loja,Pix
P4521,Calça Masculina,506.26,285.69,220.57,NF460736,rvnula@email.com,2026-03-24,2026-03-24,CE,P,Online,Cartão
P4522,Camiseta Feminina,245.1,153.49,91.61,NF521115,cwiqpk@email.com,2025-08-05,2025-08-06,PE,38,Online,Boleto
P4523,Camiseta Feminina,168.55,127.21,41.34,NF761332,xrzqri@email.com,2025-09-23,2025-09-24,CE,P,Loja,Pix
P4524,Tênis Masculino,221.19,134.06,87.13,NF535738,uineca@email.com,2025-01-11,2025-01-13,PR,40,Loja,Cartão
P4525,Tênis Feminino,82.45,59.07,23.38,NF504115,occkyw@email.com,2025-03-08,2025-03-09,MG,38,Online,Boleto
P4526,Tênis Masculino,239.83,143.83,96.0,NF550143,ncrnxz@email.com,2025-04-21,2025-04-25,RS,40,Online,Pix
P4527,Tênis Feminino,488.0,260.3,227.7,NF271420,vclgmh@email.com,2025-03-16,2025-03-18,BA,P,Loja,Dinheiro
P4528,Tênis Masculino,389.18,223.03,166.15,NF652720,fhimfm@email.com,2025-08-17,2025-08-20,BA,42,Loja,Pix
P4529,Camiseta Masculina,406.83,274.78,132.05,NF314515,ilwsti@email.com,2025-01-16,2025-01-19,SP,M,Loja,Boleto
P4530,Tênis Feminino,302.79,161.72,141.07,NF773684,ftpoko@email.com,2025-01-06,2025-01-11,RS,G,Loja,Dinheiro
P4531,Tênis Masculino,306.94,188.02,118.92,NF638433,mxsgtu@email.com,2025-04-05,2025-04-05,SC,M,Online,Dinheiro
P4532,Tênis Masculino,254.53,151.28,103.25,NF347444,jvfsso@email.com,2025-04-14,2025-04-16,PE,G,Loja,Cartão
P4533,Camiseta Masculina,326.63,216.09,110.54,NF140575,xaoqcd@email.com,2026-03-11,2026-03-11,PR,37,Online,Cartão
P4534,Calça Feminina,467.28,299.26,168.02,NF445208,bnzuwh@email.com,2025-01-21,2025-01-24,RJ,M,Online,Pix
P4535,Camiseta Feminina,321.39,193.0,128.39,NF804517,pnwcgm@email.com,2026-01-01,2026-01-05,MG,38,Loja,Pix
P4536,Calça Feminina,306.42,206.06,100.36,NF388668,nbrzee@email.com,2026-01-08,2026-01-12,RS,41,Loja,Boleto
P4537,Calça Feminina,342.82,225.77,117.05,NF176386,sccecc@email.com,2026-03-06,2026-03-06,RJ,39,Online,Pix
P4538,Camiseta Masculina,110.16,89.81,20.35,NF420202,vzyeyg@email.com,2026-04-18,2026-04-22,SP,42,Online,Cartão
P4539,Calça Masculina,402.0,211.97,190.03,NF332736,dulfmw@email.com,2025-01-29,2025-02-01,MG,P,Online,Pix
P4540,Camiseta Masculina,184.89,103.45,81.44,NF955439,lelwts@email.com,2025-09-02,2025-09-05,PB,G,Online,Boleto
P4541,Calça Masculina,339.26,189.2,150.06,NF262788,yoeqwu@email.com,2025-09-29,2025-10-03,SC,40,Online,Cartão
P4542,Tênis Feminino,111.61,82.75,28.86,NF922247,hqwhwq@email.com,2025-06-03,2025-06-06,MG,37,Loja,Cartão
P4543,Tênis Feminino,256.59,198.84,57.75,NF306106,quxcae@email.com,2025-06-02,2025-06-04,PB,36,Loja,Boleto
P4544,Tênis Masculino,429.92,291.53,138.39,NF622134,dmvalb@email.com,2025-11-08,2025-11-13,SC,41,Online,Cartão
P4545,Calça Feminina,119.3,66.79,52.51,NF877694,mtandq@email.com,2026-02-24,2026-02-26,PR,38,Loja,Dinheiro
P4546,Camiseta Feminina,581.99,297.93,284.06,NF675324,olmtro@email.com,2025-09-06,2025-09-07,PR,37,Loja,Dinheiro
P4547,Camiseta Feminina,83.13,56.36,26.77,NF865169,qiurnp@email.com,2026-03-06,2026-03-11,PB,G,Loja,Cartão
P4548,Camiseta Masculina,374.86,276.43,98.43,NF743774,pnnaii@email.com,2025-07-06,2025-07-11,SC,M,Loja,Dinheiro
P4549,Calça Feminina,326.05,236.71,89.34,NF512420,ucnerj@email.com,2025-04-05,2025-04-08,RS,39,Online,Cartão
P4550,Calça Feminina,261.29,175.35,85.94,NF920880,ihcdek@email.com,2025-01-13,2025-01-17,PE,M,Online,Dinheiro
P4551,Camiseta Masculina,244.87,173.4,71.47,NF636644,wcodew@email.com,2025-05-14,2025-05-19,RS,36,Online,Boleto
P4552,Tênis Feminino,356.6,201.5,155.1,NF458108,uqdqvp@email.com,2025-05-10,2025-05-11,CE,38,Loja,Boleto
P4553,Tênis Masculino,302.06,158.47,143.59,NF530901,siioch@email.com,2025-06-13,2025-06-13,CE,M,Online,Dinheiro
P4554,Tênis Feminino,378.91,288.21,90.7,NF578984,foszqg@email.com,2026-02-15,2026-02-15,PB,38,Online,Dinheiro
P4555,Calça Masculina,311.62,253.01,58.61,NF918731,dhellj@email.com,2025-03-07,2025-03-12,PR,G,Loja,Cartão
P4556,Calça Masculina,182.15,128.56,53.59,NF564030,ycednc@email.com,2025-10-18,2025-10-20,PB,M,Loja,Boleto
P4557,Camiseta Feminina,222.82,111.82,111.0,NF813448,kqtwyq@email.com,2025-04-20,2025-04-21,CE,39,Online,Pix
P4558,Calça Masculina,432.75,217.53,215.22,NF115821,rrtbsb@email.com,2026-01-02,2026-01-06,CE,41,Loja,Boleto
P4559,Calça Feminina,259.73,157.72,102.01,NF861490,vzplek@email.com,2025-01-09,2025-01-14,PR,P,Loja,Pix
P4560,Calça Masculina,289.03,234.98,54.05,NF691936,qkhhji@email.com,2025-11-10,2025-11-14,PB,38,Online,Boleto
P4561,Calça Masculina,120.6,93.35,27.25,NF173244,iqiaqz@email.com,2025-06-07,2025-06-09,SC,42,Loja,Cartão
P4562,Tênis Masculino,157.96,131.38,26.58,NF632106,npnilw@email.com,2025-12-24,2025-12-25,SP,37,Loja,Dinheiro
P4563,Camiseta Feminina,532.11,295.5,236.61,NF562433,ozrcgi@email.com,2025-06-15,2025-06-16,PB,42,Online,Cartão
P4564,Camiseta Masculina,230.51,159.51,71.0,NF365752,ckskbs@email.com,2025-02-16,2025-02-16,SP,41,Online,Pix
P4565,Camiseta Masculina,491.57,258.85,232.72,NF137722,wvftas@email.com,2025-11-28,2025-12-02,SP,P,Online,Cartão
P4566,Calça Masculina,297.22,241.13,56.09,NF541018,rzkcms@email.com,2025-06-10,2025-06-10,PR,36,Loja,Pix
P4567,Calça Feminina,301.05,177.85,123.2,NF565196,pdluut@email.com,2025-07-11,2025-07-12,CE,41,Loja,Dinheiro
P4568,Calça Feminina,67.35,50.63,16.72,NF934762,xgykzk@email.com,2025-11-07,2025-11-07,MG,42,Online,Boleto
P4569,Tênis Masculino,101.93,75.24,26.69,NF397027,ryxrif@email.com,2025-11-04,2025-11-09,PE,39,Online,Pix
P4570,Calça Feminina,471.97,295.02,176.95,NF721484,lawcks@email.com,2026-01-13,2026-01-13,RJ,M,Online,Dinheiro
P4571,Camiseta Feminina,172.44,103.03,69.41,NF298959,xwkiso@email.com,2025-06-04,2025-06-06,MG,39,Loja,Boleto
P4572,Camiseta Feminina,143.38,72.21,71.17,NF557527,qzgdtw@email.com,2025-10-21,2025-10-23,SC,G,Online,Dinheiro
P4573,Camiseta Feminina,212.08,115.11,96.97,NF921686,dfezjh@email.com,2025-04-16,2025-04-21,MG,42,Online,Dinheiro
P4574,Camiseta Masculina,310.44,184.23,126.21,NF756330,poyivk@email.com,2026-03-14,2026-03-15,PE,39,Loja,Cartão
P4575,Camiseta Feminina,400.48,212.81,187.67,NF436823,ofdyxa@email.com,2025-02-06,2025-02-09,SC,M,Online,Pix
P4576,Tênis Masculino,385.65,193.69,191.96,NF941608,ztvsvy@email.com,2026-01-17,2026-01-22,RJ,41,Online,Pix
P4577,Calça Feminina,276.47,223.17,53.3,NF532758,kxidzq@email.com,2026-01-26,2026-01-31,SC,39,Online,Pix
P4578,Calça Feminina,162.83,133.18,29.65,NF203496,egnaol@email.com,2025-01-13,2025-01-15,MG,40,Online,Boleto
P4579,Tênis Feminino,187.26,113.08,74.18,NF799653,wmmems@email.com,2025-01-15,2025-01-20,PE,41,Online,Pix
P4580,Calça Feminina,331.16,168.47,162.69,NF353519,gdagsc@email.com,2026-04-21,2026-04-21,PE,39,Loja,Dinheiro
P4581,Tênis Masculino,124.01,75.74,48.27,NF515013,mdhflx@email.com,2025-11-01,2025-11-06,SC,M,Online,Dinheiro
P4582,Tênis Masculino,264.84,171.11,93.73,NF537612,kgjcpe@email.com,2025-12-06,2025-12-06,SC,41,Loja,Cartão
P4583,Tênis Feminino,109.65,60.2,49.45,NF550173,rdpmoe@email.com,2026-03-25,2026-03-25,PE,M,Online,Boleto
P4584,Tênis Masculino,550.66,289.88,260.78,NF745187,fgthgp@email.com,2026-03-09,2026-03-14,RJ,36,Loja,Dinheiro
P4585,Tênis Masculino,176.93,110.29,66.64,NF280232,oesutv@email.com,2025-12-13,2025-12-17,RJ,36,Online,Boleto
P4586,Calça Masculina,340.19,180.58,159.61,NF930460,jpqpzq@email.com,2026-03-10,2026-03-12,MG,42,Loja,Cartão
P4587,Tênis Feminino,454.15,267.76,186.39,NF819922,usfuoj@email.com,2026-03-16,2026-03-17,RS,38,Loja,Boleto
P4588,Camiseta Masculina,227.53,129.07,98.46,NF449524,yuegqe@email.com,2025-07-22,2025-07-26,BA,P,Online,Pix
P4589,Tênis Masculino,224.99,141.66,83.33,NF185483,xtuysu@email.com,2025-06-27,2025-07-01,PE,37,Loja,Boleto
P4590,Tênis Masculino,203.05,138.51,64.54,NF234477,cfgoto@email.com,2026-01-20,2026-01-25,PR,37,Online,Pix
P4591,Calça Masculina,251.38,137.89,113.49,NF819173,wjyfgd@email.com,2026-02-18,2026-02-19,SP,40,Loja,Pix
P4592,Calça Feminina,210.91,173.11,37.8,NF584779,sdnfki@email.com,2025-08-25,2025-08-29,RS,39,Online,Boleto
P4593,Camiseta Feminina,546.01,280.04,265.97,NF299639,ozyqlg@email.com,2026-01-30,2026-02-04,RJ,42,Online,Cartão
P4594,Camiseta Masculina,163.84,98.17,65.67,NF861471,fgfusi@email.com,2025-11-25,2025-11-27,PE,M,Online,Cartão
P4595,Camiseta Feminina,357.64,220.37,137.27,NF239827,apqxzk@email.com,2025-04-13,2025-04-18,RS,37,Online,Dinheiro
P4596,Calça Feminina,152.9,86.83,66.07,NF846168,rxczvs@email.com,2025-02-11,2025-02-12,CE,M,Loja,Boleto
P4597,Tênis Masculino,186.54,103.56,82.98,NF634213,uiirvo@email.com,2026-01-05,2026-01-06,PB,P,Loja,Dinheiro
P4598,Camiseta Masculina,71.12,58.93,12.19,NF154639,idqglh@email.com,2025-02-04,2025-02-05,PR,42,Online,Cartão
P4599,Tênis Masculino,192.48,115.29,77.19,NF723957,kkwipm@email.com,2025-04-05,2025-04-05,BA,38,Online,Boleto
P4600,Camiseta Feminina,383.49,263.27,120.22,NF109795,vwtcjb@email.com,2026-03-09,2026-03-12,PB,37,Online,Boleto
P4601,Camiseta Masculina,75.65,57.63,18.02,NF996399,mlfamz@email.com,2025-11-19,2025-11-20,CE,39,Online,Boleto
P4602,Camiseta Masculina,70.97,50.45,20.52,NF488686,ustiak@email.com,2025-10-09,2025-10-14,SP,40,Online,Pix
P4603,Camiseta Masculina,409.6,227.1,182.5,NF335308,dbrpdc@email.com,2025-10-09,2025-10-12,PE,36,Online,Dinheiro
P4604,Camiseta Masculina,160.42,124.73,35.69,NF658318,aqitct@email.com,2025-04-08,2025-04-13,RS,P,Online,Pix
P4605,Tênis Masculino,555.01,280.65,274.36,NF732493,kdfhft@email.com,2025-09-03,2025-09-07,SP,37,Online,Dinheiro
P4606,Calça Feminina,218.88,130.77,88.11,NF100931,dgsned@email.com,2025-09-24,2025-09-28,SC,G,Online,Cartão
P4607,Camiseta Feminina,87.81,70.22,17.59,NF208311,axxadh@email.com,2026-01-11,2026-01-11,RJ,P,Online,Boleto
P4608,Tênis Masculino,271.24,190.7,80.54,NF145920,dzxgga@email.com,2025-12-18,2025-12-19,SC,M,Loja,Pix
P4609,Calça Masculina,129.55,80.51,49.04,NF504240,fqgaqu@email.com,2025-08-28,2025-09-02,PE,M,Loja,Dinheiro
P4610,Tênis Masculino,319.15,219.27,99.88,NF278670,pqfttk@email.com,2025-10-01,2025-10-03,BA,G,Online,Boleto
P4611,Tênis Feminino,185.79,93.44,92.35,NF151408,gwgfpy@email.com,2025-08-30,2025-09-02,PB,G,Online,Boleto
P4612,Calça Masculina,94.28,53.38,40.9,NF793740,qqfawg@email.com,2025-10-09,2025-10-14,BA,36,Loja,Pix
P4613,Tênis Feminino,544.2,299.2,245.0,NF308127,abxwza@email.com,2026-04-10,2026-04-14,PR,41,Online,Cartão
P4614,Tênis Masculino,170.35,124.5,45.85,NF240479,hggujl@email.com,2025-04-05,2025-04-07,PR,G,Loja,Boleto
P4615,Camiseta Feminina,174.44,123.76,50.68,NF798200,guhaqg@email.com,2026-04-29,2026-04-30,RS,P,Online,Cartão
P4616,Tênis Masculino,199.53,125.03,74.5,NF853281,yybres@email.com,2026-01-19,2026-01-19,MG,P,Loja,Boleto
P4617,Tênis Masculino,429.36,235.01,194.35,NF770333,wccxyl@email.com,2026-01-15,2026-01-18,SC,G,Loja,Dinheiro
P4618,Tênis Masculino,422.49,234.32,188.17,NF754840,skibaa@email.com,2025-12-07,2025-12-10,SP,P,Online,Pix
P4619,Camiseta Masculina,294.3,239.34,54.96,NF152731,hwvkha@email.com,2025-01-19,2025-01-22,SC,37,Online,Boleto
P4620,Calça Feminina,409.04,243.34,165.7,NF128107,maqxyc@email.com,2025-08-16,2025-08-19,MG,42,Loja,Pix
P4621,Camiseta Masculina,423.8,223.41,200.39,NF986721,bvgfzt@email.com,2025-07-26,2025-07-27,BA,37,Loja,Boleto
P4622,Calça Feminina,445.55,245.22,200.33,NF894183,xbxela@email.com,2026-01-24,2026-01-29,PR,G,Loja,Dinheiro
P4623,Calça Feminina,166.88,85.92,80.96,NF650870,vjvzzr@email.com,2025-09-10,2025-09-12,PB,M,Loja,Boleto
P4624,Tênis Feminino,191.45,119.28,72.17,NF852014,lxcyxy@email.com,2025-02-27,2025-03-02,PR,P,Online,Pix
P4625,Tênis Feminino,362.03,209.53,152.5,NF405666,gtdjkl@email.com,2025-02-10,2025-02-11,SC,37,Online,Cartão
P4626,Calça Feminina,113.45,69.93,43.52,NF990299,pnarej@email.com,2026-01-07,2026-01-09,PR,39,Online,Cartão
P4627,Tênis Feminino,176.25,97.49,78.76,NF216025,bkwhcn@email.com,2026-01-03,2026-01-08,SC,41,Loja,Dinheiro
P4628,Calça Masculina,213.81,115.51,98.3,NF859101,jwcufg@email.com,2025-12-11,2025-12-15,PB,40,Online,Pix
P4629,Tênis Masculino,249.47,188.79,60.68,NF671872,byjnsi@email.com,2025-10-12,2025-10-16,PB,38,Online,Pix
P4630,Camiseta Masculina,284.35,194.59,89.76,NF146685,rfryai@email.com,2025-11-17,2025-11-21,BA,39,Loja,Dinheiro
P4631,Calça Feminina,182.96,135.99,46.97,NF763744,qsogke@email.com,2026-02-09,2026-02-13,MG,M,Online,Pix
P4632,Tênis Masculino,373.72,267.04,106.68,NF238601,klxpsz@email.com,2025-02-12,2025-02-14,RJ,P,Loja,Boleto
P4633,Calça Feminina,403.16,292.88,110.28,NF384265,yezksf@email.com,2026-01-14,2026-01-16,BA,P,Loja,Pix
P4634,Calça Masculina,94.1,75.23,18.87,NF149562,wwufpv@email.com,2025-07-14,2025-07-17,CE,41,Online,Pix
P4635,Tênis Feminino,333.74,205.06,128.68,NF530158,mupnep@email.com,2025-06-21,2025-06-25,RJ,42,Online,Boleto
P4636,Calça Feminina,117.13,96.77,20.36,NF530091,tdvvii@email.com,2025-03-25,2025-03-30,PB,40,Online,Boleto
P4637,Calça Feminina,384.99,223.52,161.47,NF615621,kcyvnn@email.com,2025-09-29,2025-10-02,MG,M,Loja,Dinheiro
P4638,Calça Masculina,144.08,74.9,69.18,NF462367,evzjpu@email.com,2025-09-10,2025-09-12,PE,38,Loja,Cartão
P4639,Tênis Feminino,371.86,294.61,77.25,NF437420,bkwulu@email.com,2025-11-08,2025-11-12,PB,38,Loja,Cartão
P4640,Calça Masculina,442.8,225.58,217.22,NF837636,rqdehe@email.com,2025-10-20,2025-10-25,SP,40,Online,Boleto
P4641,Tênis Masculino,360.66,289.27,71.39,NF753005,tvchju@email.com,2025-01-15,2025-01-20,RJ,41,Online,Pix
P4642,Camiseta Feminina,538.12,293.89,244.23,NF472836,mkthvq@email.com,2026-03-14,2026-03-16,SP,36,Online,Cartão
P4643,Camiseta Masculina,344.87,281.02,63.85,NF791606,xebhsc@email.com,2025-08-17,2025-08-22,SC,38,Loja,Dinheiro
P4644,Tênis Masculino,409.9,216.33,193.57,NF984765,lzyzoy@email.com,2025-09-07,2025-09-11,PE,42,Loja,Dinheiro
P4645,Calça Feminina,213.75,132.39,81.36,NF610986,bamexc@email.com,2025-07-18,2025-07-19,CE,37,Online,Cartão
P4646,Calça Feminina,221.39,144.13,77.26,NF420945,ywizgb@email.com,2025-07-16,2025-07-16,SP,G,Online,Pix
P4647,Camiseta Masculina,160.81,128.18,32.63,NF547000,pxotfe@email.com,2025-09-13,2025-09-16,BA,39,Online,Dinheiro
P4648,Calça Masculina,88.03,60.94,27.09,NF512507,laykob@email.com,2026-04-24,2026-04-24,BA,42,Online,Cartão
P4649,Tênis Feminino,249.14,177.12,72.02,NF889088,cobjmr@email.com,2025-05-31,2025-06-05,BA,42,Loja,Boleto
P4650,Calça Masculina,238.11,136.82,101.29,NF610080,qtfyvr@email.com,2025-01-21,2025-01-25,BA,39,Loja,Boleto
P4651,Tênis Masculino,111.91,57.07,54.84,NF753454,nlpsiq@email.com,2025-10-05,2025-10-10,RS,40,Online,Boleto
P4652,Tênis Masculino,437.72,251.34,186.38,NF408392,pupzpe@email.com,2026-04-18,2026-04-20,PR,G,Online,Dinheiro
P4653,Tênis Masculino,443.81,246.71,197.1,NF189568,kdahrv@email.com,2025-02-18,2025-02-19,SC,37,Online,Dinheiro
P4654,Calça Feminina,115.55,69.33,46.22,NF885245,kwhveo@email.com,2025-04-28,2025-05-02,RS,36,Online,Boleto
P4655,Calça Feminina,383.44,271.98,111.46,NF303731,krypij@email.com,2025-03-31,2025-04-02,PB,36,Online,Dinheiro
P4656,Calça Masculina,355.57,286.99,68.58,NF374713,ujjdjj@email.com,2025-02-25,2025-03-01,RJ,41,Loja,Pix
P4657,Tênis Feminino,167.26,127.79,39.47,NF297168,wxpacm@email.com,2025-08-28,2025-09-02,PB,41,Online,Dinheiro
P4658,Tênis Masculino,325.63,259.11,66.52,NF438070,xncglj@email.com,2025-02-08,2025-02-12,SP,G,Online,Pix
P4659,Calça Feminina,295.71,160.86,134.85,NF164786,yqiaky@email.com,2026-04-25,2026-04-26,RS,G,Loja,Cartão
P4660,Tênis Feminino,175.4,126.28,49.12,NF111444,zrcwyu@email.com,2025-02-08,2025-02-08,BA,38,Online,Pix
P4661,Camiseta Feminina,320.98,235.63,85.35,NF377613,llzptf@email.com,2026-02-14,2026-02-16,PR,P,Online,Dinheiro
P4662,Calça Masculina,253.35,138.68,114.67,NF689746,kcsvau@email.com,2025-05-18,2025-05-20,RJ,40,Loja,Dinheiro
P4663,Calça Masculina,128.31,91.59,36.72,NF674267,zrwuzj@email.com,2025-11-27,2025-11-30,PB,38,Loja,Dinheiro
P4664,Camiseta Masculina,127.18,92.4,34.78,NF932981,qmjvze@email.com,2026-04-04,2026-04-09,PE,41,Online,Boleto
P4665,Tênis Feminino,209.26,153.74,55.52,NF527404,xgkxgc@email.com,2025-09-14,2025-09-18,PE,36,Online,Dinheiro
P4666,Tênis Feminino,273.79,204.49,69.3,NF778701,cqkohh@email.com,2026-02-23,2026-02-24,RJ,G,Online,Boleto
P4667,Calça Feminina,288.02,175.66,112.36,NF264231,tqnhfz@email.com,2026-01-02,2026-01-07,SP,P,Online,Pix
P4668,Camiseta Masculina,286.69,181.5,105.19,NF226650,plpkha@email.com,2025-03-03,2025-03-04,MG,P,Loja,Cartão
P4669,Tênis Masculino,385.4,205.28,180.12,NF986097,msmikq@email.com,2025-04-20,2025-04-20,RJ,37,Loja,Boleto
P4670,Calça Masculina,174.2,97.38,76.82,NF566513,abcgse@email.com,2025-09-19,2025-09-20,BA,G,Online,Pix
P4671,Calça Masculina,170.42,134.78,35.64,NF953519,tubrbe@email.com,2025-08-22,2025-08-22,PR,36,Online,Pix
P4672,Camiseta Feminina,123.01,71.14,51.87,NF219438,uzxdfp@email.com,2025-04-15,2025-04-16,SP,P,Online,Pix
P4673,Calça Feminina,396.97,220.18,176.79,NF372692,dyhnss@email.com,2025-08-04,2025-08-08,RS,P,Loja,Dinheiro
P4674,Camiseta Masculina,97.57,61.58,35.99,NF238441,iwnyms@email.com,2025-10-13,2025-10-18,PE,36,Loja,Cartão
P4675,Tênis Feminino,411.66,266.01,145.65,NF915855,jtzcpr@email.com,2025-03-27,2025-03-31,CE,39,Online,Cartão
P4676,Calça Masculina,298.81,212.43,86.38,NF770467,jlkmig@email.com,2025-07-09,2025-07-09,RJ,M,Loja,Pix
P4677,Calça Feminina,197.12,128.0,69.12,NF142067,qvahfj@email.com,2025-09-25,2025-09-27,RJ,39,Online,Pix
P4678,Tênis Feminino,488.68,270.02,218.66,NF666879,njbbgt@email.com,2026-03-29,2026-03-31,MG,42,Online,Pix
P4679,Tênis Feminino,288.87,186.99,101.88,NF334591,ecllbw@email.com,2025-02-13,2025-02-16,PB,36,Online,Dinheiro
P4680,Camiseta Masculina,250.9,151.62,99.28,NF706326,pisyfj@email.com,2025-02-22,2025-02-22,BA,37,Loja,Cartão
P4681,Camiseta Feminina,288.51,176.56,111.95,NF575617,nhtruw@email.com,2025-09-16,2025-09-21,PR,M,Online,Cartão
P4682,Tênis Masculino,207.49,123.99,83.5,NF162042,bwijzx@email.com,2026-01-07,2026-01-08,BA,G,Online,Pix
P4683,Camiseta Feminina,133.05,82.93,50.12,NF742293,chnaxd@email.com,2025-09-02,2025-09-07,CE,37,Online,Cartão
P4684,Calça Feminina,179.45,135.18,44.27,NF141929,ffmguq@email.com,2026-04-29,2026-04-29,PB,41,Online,Pix
P4685,Tênis Masculino,222.72,134.24,88.48,NF203553,ldgyvw@email.com,2025-01-26,2025-01-26,PR,G,Loja,Cartão
P4686,Camiseta Feminina,362.58,218.95,143.63,NF655779,rcadij@email.com,2026-01-07,2026-01-10,SC,P,Online,Boleto
P4687,Camiseta Feminina,327.8,178.57,149.23,NF516109,pokbld@email.com,2025-06-22,2025-06-22,RJ,37,Online,Boleto
P4688,Tênis Masculino,194.69,99.23,95.46,NF729313,qfbfci@email.com,2025-12-01,2025-12-02,PB,42,Online,Cartão
P4689,Camiseta Masculina,143.45,92.68,50.77,NF922272,wixobz@email.com,2026-03-16,2026-03-21,CE,42,Online,Cartão
P4690,Tênis Masculino,458.63,274.59,184.04,NF487009,lukwlt@email.com,2025-09-13,2025-09-13,SC,39,Online,Pix
P4691,Camiseta Masculina,133.04,86.37,46.67,NF497226,yqhipi@email.com,2025-02-28,2025-03-04,PB,42,Loja,Cartão
P4692,Tênis Masculino,379.49,282.72,96.77,NF900172,upnjzd@email.com,2025-01-19,2025-01-23,SP,36,Loja,Cartão
P4693,Camiseta Feminina,218.29,159.65,58.64,NF184128,ucvuuk@email.com,2025-04-05,2025-04-09,PR,42,Online,Dinheiro
P4694,Tênis Masculino,239.79,139.05,100.74,NF728383,qrkwsn@email.com,2025-04-02,2025-04-05,SC,40,Online,Pix
P4695,Camiseta Masculina,213.69,165.5,48.19,NF194729,efrazh@email.com,2025-05-07,2025-05-09,RJ,M,Loja,Cartão
P4696,Camiseta Masculina,88.45,57.61,30.84,NF325034,hshyxk@email.com,2025-03-12,2025-03-14,RJ,P,Loja,Pix
P4697,Calça Masculina,201.39,147.93,53.46,NF432940,wctfil@email.com,2026-02-23,2026-02-28,RS,G,Online,Cartão
P4698,Tênis Masculino,112.92,66.86,46.06,NF515869,kkvycj@email.com,2025-03-26,2025-03-26,PE,40,Loja,Boleto
P4699,Calça Feminina,179.64,112.68,66.96,NF449212,dmqncx@email.com,2026-01-02,2026-01-04,SP,38,Loja,Pix
P4700,Camiseta Feminina,161.72,114.42,47.3,NF963720,elbclp@email.com,2025-08-02,2025-08-02,RS,41,Loja,Boleto
P4701,Camiseta Masculina,488.82,290.51,198.31,NF436721,qkudxk@email.com,2025-10-13,2025-10-14,SC,40,Online,Dinheiro
P4702,Tênis Feminino,335.8,250.56,85.24,NF105352,roksfi@email.com,2026-02-17,2026-02-21,RJ,37,Online,Cartão
P4703,Tênis Feminino,187.75,117.3,70.45,NF582250,luijue@email.com,2025-06-25,2025-06-26,SP,G,Online,Boleto
P4704,Calça Masculina,288.1,161.94,126.16,NF112826,moznit@email.com,2025-12-28,2025-12-31,PE,38,Loja,Cartão
P4705,Calça Feminina,255.24,131.62,123.62,NF131345,zknwms@email.com,2026-04-20,2026-04-22,CE,42,Online,Cartão
P4706,Camiseta Masculina,339.81,214.35,125.46,NF103888,xtziie@email.com,2025-05-06,2025-05-06,SP,40,Loja,Cartão
P4707,Camiseta Masculina,245.77,197.14,48.63,NF602773,xthwei@email.com,2025-05-13,2025-05-16,PR,G,Loja,Boleto
P4708,Calça Feminina,102.53,79.14,23.39,NF665067,pytude@email.com,2025-06-22,2025-06-27,CE,40,Online,Dinheiro
P4709,Camiseta Masculina,282.4,230.07,52.33,NF157262,qqfgvn@email.com,2025-01-14,2025-01-14,SC,P,Online,Cartão
P4710,Calça Masculina,376.29,279.69,96.6,NF864784,yvdeex@email.com,2025-10-24,2025-10-25,MG,39,Loja,Boleto
P4711,Calça Masculina,75.78,62.86,12.92,NF973035,sfgnjl@email.com,2025-09-09,2025-09-11,MG,41,Online,Boleto
P4712,Calça Feminina,472.94,249.54,223.4,NF220862,waphvd@email.com,2025-10-07,2025-10-12,PR,G,Loja,Dinheiro
P4713,Camiseta Masculina,187.58,107.55,80.03,NF356521,prgage@email.com,2026-03-31,2026-04-05,CE,41,Online,Boleto
P4714,Tênis Masculino,429.31,232.99,196.32,NF775453,ugmhmq@email.com,2026-04-12,2026-04-16,CE,36,Online,Boleto
P4715,Calça Masculina,154.64,117.81,36.83,NF977538,lwszyl@email.com,2025-12-08,2025-12-08,BA,41,Online,Dinheiro
P4716,Calça Feminina,392.47,241.13,151.34,NF112539,ihpnwq@email.com,2025-09-28,2025-09-30,CE,37,Online,Boleto
P4717,Tênis Feminino,237.32,197.14,40.18,NF351695,sbterp@email.com,2025-06-23,2025-06-24,PE,39,Online,Boleto
P4718,Camiseta Feminina,91.15,50.92,40.23,NF930276,uthnix@email.com,2025-10-17,2025-10-17,MG,40,Online,Dinheiro
P4719,Tênis Feminino,162.74,86.37,76.37,NF337260,ldwzlr@email.com,2025-04-29,2025-05-02,PB,40,Loja,Pix
P4720,Tênis Feminino,375.0,234.4,140.6,NF511154,udqeua@email.com,2025-05-22,2025-05-24,RJ,37,Loja,Pix
P4721,Tênis Feminino,291.32,149.53,141.79,NF115145,pakxpc@email.com,2025-12-24,2025-12-28,PB,P,Online,Cartão
P4722,Calça Masculina,390.39,220.78,169.61,NF403485,ktyeji@email.com,2026-01-26,2026-01-26,RJ,36,Loja,Pix
P4723,Camiseta Masculina,424.86,271.13,153.73,NF683165,mjllxq@email.com,2025-09-06,2025-09-09,CE,38,Loja,Boleto
P4724,Camiseta Masculina,293.43,217.98,75.45,NF402929,decpsg@email.com,2025-10-10,2025-10-13,RS,M,Online,Pix
P4725,Camiseta Feminina,353.39,239.03,114.36,NF411266,tzgwrk@email.com,2026-04-27,2026-04-30,CE,P,Online,Pix
P4726,Tênis Masculino,203.4,141.22,62.18,NF876629,ylxiyd@email.com,2025-07-16,2025-07-18,BA,41,Online,Cartão
P4727,Calça Masculina,73.85,50.07,23.78,NF213802,bugqdh@email.com,2025-01-18,2025-01-23,PR,41,Loja,Boleto
P4728,Camiseta Feminina,269.35,141.51,127.84,NF248939,mdnxln@email.com,2025-05-05,2025-05-07,RS,G,Loja,Cartão
P4729,Camiseta Feminina,384.26,262.17,122.09,NF503901,etjwoy@email.com,2025-12-25,2025-12-28,RJ,M,Loja,Dinheiro
P4730,Tênis Feminino,334.76,238.83,95.93,NF594566,yotboq@email.com,2025-11-15,2025-11-15,PR,37,Loja,Cartão
P4731,Camiseta Masculina,156.39,94.36,62.03,NF550748,amtqet@email.com,2026-04-24,2026-04-24,PR,38,Loja,Dinheiro
P4732,Tênis Feminino,237.17,180.2,56.97,NF752143,njjsgx@email.com,2025-02-21,2025-02-24,RS,39,Loja,Cartão
P4733,Calça Masculina,223.73,170.87,52.86,NF811530,pwwlpk@email.com,2025-09-16,2025-09-17,RJ,M,Loja,Cartão
P4734,Tênis Masculino,470.64,293.19,177.45,NF718954,dkkxae@email.com,2026-03-14,2026-03-18,SP,M,Loja,Dinheiro
P4735,Tênis Masculino,307.35,166.76,140.59,NF376172,vfmmtp@email.com,2025-08-27,2025-08-28,MG,40,Online,Dinheiro
P4736,Calça Feminina,259.39,165.25,94.14,NF269835,jqmhss@email.com,2025-11-24,2025-11-24,BA,G,Online,Pix
P4737,Camiseta Masculina,250.93,183.83,67.1,NF659396,ckbfjw@email.com,2025-04-26,2025-05-01,PE,M,Loja,Cartão
P4738,Calça Masculina,186.61,110.25,76.36,NF804394,owggrd@email.com,2025-03-08,2025-03-08,BA,39,Loja,Cartão
P4739,Tênis Feminino,445.92,260.02,185.9,NF763517,ayblcs@email.com,2025-04-18,2025-04-19,PB,42,Loja,Cartão
P4740,Tênis Masculino,474.82,272.12,202.7,NF587958,isujvs@email.com,2025-11-21,2025-11-21,PE,37,Online,Boleto
P4741,Camiseta Feminina,278.05,169.61,108.44,NF962489,qywfto@email.com,2025-12-25,2025-12-26,RJ,G,Online,Boleto
P4742,Tênis Masculino,274.28,190.66,83.62,NF145800,gzkrfm@email.com,2025-03-08,2025-03-11,SP,M,Loja,Pix
P4743,Calça Feminina,232.25,192.78,39.47,NF988267,fdwqut@email.com,2025-02-26,2025-02-28,MG,P,Online,Dinheiro
P4744,Tênis Feminino,105.77,55.33,50.44,NF830560,ympjox@email.com,2026-02-12,2026-02-17,MG,P,Online,Cartão
P4745,Tênis Masculino,444.43,293.32,151.11,NF331101,jicjag@email.com,2025-09-06,2025-09-11,SP,40,Loja,Boleto
P4746,Tênis Masculino,286.9,206.5,80.4,NF523918,qgmfsy@email.com,2025-06-03,2025-06-06,RJ,40,Loja,Dinheiro
P4747,Tênis Masculino,394.52,276.08,118.44,NF372889,hlgple@email.com,2025-02-04,2025-02-09,PE,39,Online,Cartão
P4748,Tênis Feminino,372.34,276.59,95.75,NF649682,dpfdxk@email.com,2025-09-03,2025-09-08,PB,40,Loja,Cartão
P4749,Tênis Masculino,217.82,165.29,52.53,NF812127,qucvep@email.com,2026-02-12,2026-02-12,BA,G,Online,Cartão
P4750,Tênis Feminino,199.5,134.35,65.15,NF348471,epyyyt@email.com,2025-08-01,2025-08-03,PR,38,Loja,Pix
P4751,Calça Feminina,153.02,117.63,35.39,NF361580,fdaqva@email.com,2025-02-07,2025-02-08,SC,M,Online,Pix
P4752,Calça Feminina,309.62,254.05,55.57,NF828005,xeyipc@email.com,2025-03-02,2025-03-04,MG,42,Online,Cartão
P4753,Calça Feminina,478.45,277.42,201.03,NF876504,pedbop@email.com,2025-06-20,2025-06-23,PE,41,Loja,Dinheiro
P4754,Calça Masculina,129.1,94.24,34.86,NF212206,sqplpm@email.com,2025-03-07,2025-03-12,PE,40,Loja,Dinheiro
P4755,Camiseta Feminina,444.05,242.46,201.59,NF681646,rhefxs@email.com,2025-09-03,2025-09-03,SP,38,Loja,Pix
P4756,Tênis Feminino,183.87,95.31,88.56,NF375226,fzjjxs@email.com,2025-07-17,2025-07-17,SC,39,Online,Cartão
P4757,Calça Feminina,277.07,147.6,129.47,NF731304,tyatrj@email.com,2026-02-12,2026-02-12,RJ,41,Online,Pix
P4758,Tênis Masculino,383.73,282.87,100.86,NF984552,greobt@email.com,2025-09-12,2025-09-16,BA,P,Loja,Boleto
P4759,Tênis Masculino,246.2,198.12,48.08,NF844649,gqcnsd@email.com,2025-11-17,2025-11-21,RJ,39,Loja,Pix
P4760,Camiseta Masculina,321.94,171.67,150.27,NF881658,epklbs@email.com,2025-03-11,2025-03-16,MG,37,Loja,Dinheiro
P4761,Tênis Feminino,451.36,248.88,202.48,NF210488,sjbdob@email.com,2025-01-06,2025-01-09,CE,39,Loja,Dinheiro
P4762,Camiseta Masculina,212.31,122.1,90.21,NF627845,bcpxzw@email.com,2025-12-10,2025-12-12,SC,39,Loja,Boleto
P4763,Tênis Feminino,80.13,56.29,23.84,NF929246,isxsqn@email.com,2025-06-15,2025-06-20,SC,39,Loja,Dinheiro
P4764,Camiseta Feminina,332.77,196.93,135.84,NF772166,kmiutw@email.com,2026-01-01,2026-01-06,SC,G,Online,Dinheiro
P4765,Camiseta Feminina,263.46,139.79,123.67,NF275820,ewelhr@email.com,2025-06-03,2025-06-08,PE,41,Online,Dinheiro
P4766,Calça Masculina,302.43,233.76,68.67,NF761608,slhcwe@email.com,2025-01-29,2025-02-01,MG,39,Online,Boleto
P4767,Calça Feminina,392.91,236.97,155.94,NF876021,kmbprk@email.com,2026-02-11,2026-02-13,CE,42,Loja,Pix
P4768,Tênis Masculino,320.65,178.97,141.68,NF778431,mzwzga@email.com,2025-11-06,2025-11-06,PB,39,Loja,Pix
P4769,Camiseta Masculina,380.23,201.9,178.33,NF501117,xzprfo@email.com,2026-03-07,2026-03-11,PE,36,Online,Pix
P4770,Calça Masculina,187.95,114.16,73.79,NF818735,fefdpt@email.com,2025-01-20,2025-01-23,RS,37,Online,Boleto
P4771,Calça Feminina,261.12,151.86,109.26,NF723297,ryilcr@email.com,2025-05-06,2025-05-09,PE,41,Online,Dinheiro
P4772,Tênis Masculino,459.0,283.16,175.84,NF719739,thlsos@email.com,2025-04-23,2025-04-26,SP,39,Online,Boleto
P4773,Tênis Feminino,423.05,297.98,125.07,NF161739,lgvyep@email.com,2025-03-15,2025-03-18,RS,39,Loja,Pix
P4774,Tênis Masculino,351.53,271.68,79.85,NF428700,xwfwhh@email.com,2025-07-10,2025-07-13,RJ,M,Loja,Cartão
P4775,Camiseta Feminina,521.6,282.67,238.93,NF528031,ulmowx@email.com,2026-04-18,2026-04-18,CE,M,Loja,Boleto
P4776,Calça Masculina,152.84,80.1,72.74,NF531368,kgqutz@email.com,2025-09-11,2025-09-13,RJ,37,Loja,Boleto
P4777,Tênis Masculino,330.1,175.82,154.28,NF904912,jyxikg@email.com,2025-06-08,2025-06-08,PR,P,Loja,Cartão
P4778,Tênis Masculino,97.44,69.6,27.84,NF237796,ovofiw@email.com,2025-02-18,2025-02-20,RS,42,Online,Boleto
P4779,Calça Masculina,561.0,286.03,274.97,NF157256,rnisqm@email.com,2025-12-21,2025-12-26,PB,42,Loja,Dinheiro
P4780,Camiseta Feminina,324.55,268.05,56.5,NF628561,tchsvf@email.com,2025-06-22,2025-06-26,RS,P,Online,Pix
P4781,Camiseta Feminina,274.94,179.59,95.35,NF329683,zovqwj@email.com,2026-02-11,2026-02-16,PE,40,Online,Dinheiro
P4782,Camiseta Feminina,412.2,247.47,164.73,NF242982,dlpxfp@email.com,2025-07-26,2025-07-27,BA,41,Online,Cartão
P4783,Camiseta Masculina,367.81,215.18,152.63,NF984521,dvrkhs@email.com,2025-04-16,2025-04-18,PB,37,Loja,Cartão
P4784,Tênis Feminino,357.51,220.8,136.71,NF831602,yfrzrw@email.com,2025-11-19,2025-11-19,SP,P,Loja,Boleto
P4785,Camiseta Feminina,428.24,285.07,143.17,NF463224,kbammy@email.com,2026-04-19,2026-04-22,SP,39,Loja,Cartão
P4786,Camiseta Masculina,209.47,124.27,85.2,NF927496,zhaugr@email.com,2025-02-02,2025-02-07,PR,38,Online,Cartão
P4787,Camiseta Masculina,495.02,257.86,237.16,NF486982,zhqmmx@email.com,2025-03-10,2025-03-10,RS,M,Online,Boleto
P4788,Tênis Masculino,77.39,63.93,13.46,NF481914,edsroi@email.com,2025-12-16,2025-12-17,RS,40,Loja,Dinheiro
P4789,Calça Feminina,148.4,97.68,50.72,NF488550,ihjgmi@email.com,2025-12-10,2025-12-13,CE,41,Loja,Boleto
P4790,Calça Masculina,120.28,75.3,44.98,NF539212,ppnqxk@email.com,2026-01-20,2026-01-21,RS,38,Loja,Pix
P4791,Tênis Masculino,151.1,104.08,47.02,NF565292,pbjyyy@email.com,2025-04-11,2025-04-13,RS,36,Loja,Boleto
P4792,Camiseta Feminina,382.33,194.91,187.42,NF665029,lffvia@email.com,2025-05-10,2025-05-14,SP,39,Loja,Cartão
P4793,Camiseta Masculina,325.15,190.9,134.25,NF562360,mrhqzo@email.com,2026-03-05,2026-03-05,RS,M,Loja,Dinheiro
P4794,Tênis Feminino,433.37,298.84,134.53,NF132881,ceattt@email.com,2025-06-04,2025-06-06,PB,42,Loja,Cartão
P4795,Tênis Masculino,183.9,94.55,89.35,NF615113,oqgsuh@email.com,2026-01-22,2026-01-25,RS,P,Loja,Boleto
P4796,Tênis Masculino,388.85,257.24,131.61,NF239287,ndzshc@email.com,2025-02-17,2025-02-19,PR,40,Loja,Boleto
P4797,Tênis Masculino,294.29,159.67,134.62,NF281175,ahdwhb@email.com,2026-04-07,2026-04-11,CE,36,Loja,Pix
P4798,Camiseta Masculina,197.44,147.85,49.59,NF292876,vujljx@email.com,2025-07-05,2025-07-08,BA,41,Loja,Pix
P4799,Tênis Masculino,131.86,99.32,32.54,NF144435,jxgpjq@email.com,2025-11-20,2025-11-24,SP,P,Online,Pix
P4800,Calça Feminina,531.69,297.84,233.85,NF355592,epifqe@email.com,2026-03-31,2026-04-05,CE,42,Online,Dinheiro
P4801,Tênis Masculino,123.01,80.65,42.36,NF156523,ydumpd@email.com,2025-11-15,2025-11-20,PE,M,Online,Cartão
P4802,Camiseta Feminina,327.1,164.34,162.76,NF345648,dfivku@email.com,2025-02-28,2025-03-02,PR,G,Loja,Dinheiro
P4803,Calça Masculina,467.4,252.83,214.57,NF430249,aifipb@email.com,2025-08-14,2025-08-18,SP,42,Online,Dinheiro
P4804,Camiseta Masculina,108.1,83.78,24.32,NF772247,vyglds@email.com,2026-02-12,2026-02-14,SP,36,Loja,Pix
P4805,Camiseta Masculina,221.01,182.88,38.13,NF130096,dtdkvn@email.com,2025-07-10,2025-07-10,PE,38,Loja,Dinheiro
P4806,Calça Masculina,420.83,273.33,147.5,NF197571,heyaas@email.com,2025-02-24,2025-03-01,SP,39,Online,Pix
P4807,Tênis Masculino,329.74,187.11,142.63,NF636974,tdoseo@email.com,2026-02-07,2026-02-11,PR,41,Loja,Cartão
P4808,Calça Masculina,111.87,90.39,21.48,NF888892,wckwzz@email.com,2025-03-20,2025-03-25,MG,G,Loja,Cartão
P4809,Calça Masculina,272.44,158.89,113.55,NF994297,jwgtiy@email.com,2026-02-23,2026-02-26,RS,38,Online,Dinheiro
P4810,Tênis Masculino,494.42,287.99,206.43,NF873002,ykblxf@email.com,2025-07-01,2025-07-05,CE,40,Online,Boleto
P4811,Camiseta Masculina,139.05,83.92,55.13,NF139275,mvbvrn@email.com,2025-08-01,2025-08-05,RJ,M,Loja,Boleto
P4812,Tênis Masculino,106.42,87.67,18.75,NF733269,xgbvzv@email.com,2025-02-22,2025-02-23,CE,M,Online,Boleto
P4813,Tênis Feminino,319.04,212.31,106.73,NF587288,mfcgct@email.com,2025-07-15,2025-07-18,PR,37,Loja,Pix
P4814,Tênis Feminino,254.7,189.44,65.26,NF755622,ruhuzj@email.com,2025-12-08,2025-12-09,PE,G,Online,Cartão
P4815,Calça Feminina,342.99,219.94,123.05,NF171244,cmjdck@email.com,2025-04-27,2025-05-02,PE,39,Online,Dinheiro
P4816,Camiseta Feminina,205.67,140.62,65.05,NF973612,lweyjg@email.com,2025-02-19,2025-02-20,MG,40,Loja,Dinheiro
P4817,Tênis Feminino,191.23,103.65,87.58,NF384957,hectjr@email.com,2025-05-29,2025-05-31,MG,P,Loja,Cartão
P4818,Tênis Masculino,202.86,157.52,45.34,NF892026,qtajrs@email.com,2025-02-19,2025-02-19,SC,37,Loja,Cartão
P4819,Tênis Masculino,154.45,119.02,35.43,NF565188,khkypf@email.com,2025-04-06,2025-04-08,CE,42,Loja,Cartão
P4820,Camiseta Feminina,269.99,149.39,120.6,NF544534,rgvkjz@email.com,2025-06-16,2025-06-17,MG,37,Loja,Boleto
P4821,Camiseta Feminina,166.01,115.91,50.1,NF588983,sxamsp@email.com,2025-08-11,2025-08-13,SP,P,Loja,Pix
P4822,Camiseta Masculina,219.99,110.9,109.09,NF564853,lblzkc@email.com,2025-05-14,2025-05-16,BA,37,Loja,Cartão
P4823,Tênis Feminino,383.13,275.72,107.41,NF489255,gzinuo@email.com,2026-03-14,2026-03-14,PR,37,Loja,Cartão
P4824,Camiseta Feminina,83.82,58.2,25.62,NF404288,gubnjk@email.com,2025-11-18,2025-11-18,CE,G,Online,Dinheiro
P4825,Camiseta Masculina,202.05,126.04,76.01,NF664605,cugezh@email.com,2025-07-20,2025-07-25,CE,M,Loja,Pix
P4826,Tênis Feminino,223.0,149.39,73.61,NF250680,jcfpok@email.com,2025-05-28,2025-05-29,RJ,39,Loja,Pix
P4827,Calça Feminina,498.24,287.15,211.09,NF585338,jgskln@email.com,2025-07-11,2025-07-14,RJ,M,Loja,Pix
P4828,Calça Masculina,117.94,82.91,35.03,NF427956,ksayxg@email.com,2026-04-13,2026-04-15,RJ,G,Online,Pix
P4829,Camiseta Masculina,110.88,81.1,29.78,NF661971,snaufu@email.com,2025-11-22,2025-11-27,RS,42,Loja,Cartão
P4830,Calça Feminina,390.03,284.0,106.03,NF693984,hbckyt@email.com,2026-02-21,2026-02-25,BA,42,Online,Dinheiro
P4831,Camiseta Feminina,124.03,70.84,53.19,NF359799,qtcpbg@email.com,2025-04-25,2025-04-27,SC,37,Loja,Boleto
P4832,Camiseta Masculina,253.95,191.49,62.46,NF828227,dcsofg@email.com,2025-11-02,2025-11-04,BA,41,Loja,Pix
P4833,Tênis Masculino,302.89,153.69,149.2,NF958312,yzhykp@email.com,2025-11-19,2025-11-19,CE,G,Loja,Pix
P4834,Camiseta Feminina,111.37,74.35,37.02,NF950619,qvuvvw@email.com,2026-01-05,2026-01-08,PE,G,Loja,Cartão
P4835,Tênis Masculino,171.82,138.05,33.77,NF822343,tufwsk@email.com,2025-07-11,2025-07-16,SC,G,Loja,Cartão
P4836,Tênis Feminino,238.62,162.33,76.29,NF894810,lrikoo@email.com,2025-05-03,2025-05-08,BA,M,Online,Boleto
P4837,Calça Masculina,231.45,162.22,69.23,NF336942,nibkcd@email.com,2025-07-07,2025-07-12,RJ,P,Online,Cartão
P4838,Camiseta Masculina,574.78,291.6,283.18,NF779603,zjebda@email.com,2025-03-08,2025-03-13,PB,G,Online,Boleto
P4839,Camiseta Masculina,97.52,53.57,43.95,NF420800,kdhwlj@email.com,2026-02-02,2026-02-03,RS,36,Online,Dinheiro
P4840,Camiseta Masculina,228.54,143.73,84.81,NF650168,jfrxky@email.com,2025-11-15,2025-11-16,SC,38,Loja,Pix
P4841,Tênis Feminino,318.32,221.31,97.01,NF421360,fggcno@email.com,2025-10-17,2025-10-21,PE,42,Online,Dinheiro
P4842,Calça Feminina,162.64,117.47,45.17,NF838727,mpdqvz@email.com,2025-03-26,2025-03-29,BA,42,Online,Dinheiro
P4843,Calça Feminina,157.07,84.86,72.21,NF972394,bqpape@email.com,2026-03-14,2026-03-17,CE,41,Loja,Boleto
P4844,Camiseta Masculina,252.13,197.08,55.05,NF664625,uygngk@email.com,2026-01-28,2026-01-28,PR,38,Loja,Pix
P4845,Tênis Masculino,99.18,71.25,27.93,NF797463,tsccip@email.com,2025-02-04,2025-02-06,CE,P,Online,Dinheiro
P4846,Camiseta Masculina,222.54,125.49,97.05,NF104936,aypkso@email.com,2025-08-15,2025-08-15,PR,P,Online,Dinheiro
P4847,Calça Feminina,361.65,230.45,131.2,NF596066,fgsuqy@email.com,2026-02-13,2026-02-18,CE,40,Loja,Dinheiro
P4848,Camiseta Feminina,414.85,284.82,130.03,NF808018,vwckxl@email.com,2026-03-19,2026-03-19,CE,G,Online,Cartão
P4849,Camiseta Feminina,134.85,109.04,25.81,NF237046,znqcme@email.com,2025-06-21,2025-06-25,RS,P,Loja,Boleto
P4850,Tênis Feminino,433.48,224.43,209.05,NF465107,jsayii@email.com,2025-03-14,2025-03-18,BA,39,Online,Cartão
P4851,Camiseta Masculina,220.69,116.4,104.29,NF414508,lxtvfw@email.com,2026-01-02,2026-01-05,SP,M,Online,Pix
P4852,Camiseta Masculina,549.05,289.58,259.47,NF307899,ustyhn@email.com,2026-04-27,2026-04-29,RS,38,Loja,Boleto
P4853,Calça Masculina,314.27,238.91,75.36,NF112718,ejgpzk@email.com,2025-02-19,2025-02-24,SC,G,Loja,Boleto
P4854,Tênis Masculino,443.06,227.27,215.79,NF166067,pzfsva@email.com,2025-01-16,2025-01-19,SC,40,Loja,Boleto
P4855,Tênis Feminino,289.34,228.99,60.35,NF263491,uuhhfv@email.com,2025-07-18,2025-07-23,CE,P,Loja,Pix
P4856,Calça Masculina,289.45,207.46,81.99,NF592154,bfywln@email.com,2026-04-06,2026-04-06,CE,39,Online,Pix
P4857,Tênis Masculino,559.5,290.87,268.63,NF378763,gwbyek@email.com,2025-03-17,2025-03-22,CE,36,Online,Pix
P4858,Calça Feminina,315.94,242.6,73.34,NF777365,lbybyt@email.com,2025-02-06,2025-02-09,PR,39,Loja,Pix
P4859,Camiseta Masculina,100.31,77.64,22.67,NF850011,rranuv@email.com,2026-03-28,2026-04-02,MG,41,Online,Boleto
P4860,Camiseta Feminina,224.64,162.64,62.0,NF995855,kbapmz@email.com,2025-09-22,2025-09-26,MG,G,Online,Dinheiro
P4861,Tênis Feminino,123.39,69.45,53.94,NF753412,mnvdxe@email.com,2026-04-07,2026-04-12,RJ,M,Online,Cartão
P4862,Camiseta Masculina,457.71,277.4,180.31,NF998684,jzjotj@email.com,2025-08-22,2025-08-27,RJ,38,Loja,Pix
P4863,Calça Feminina,324.37,259.2,65.17,NF151954,vsroya@email.com,2025-07-15,2025-07-16,SC,42,Online,Cartão
P4864,Camiseta Masculina,477.48,298.62,178.86,NF879113,vzbzsq@email.com,2025-03-11,2025-03-11,RS,42,Online,Cartão
P4865,Camiseta Feminina,428.91,275.16,153.75,NF605822,xyknsi@email.com,2025-05-27,2025-05-31,SP,38,Online,Pix
P4866,Camiseta Masculina,521.57,282.6,238.97,NF126308,jltufi@email.com,2025-12-31,2026-01-01,PR,41,Online,Pix
P4867,Tênis Feminino,382.89,298.69,84.2,NF173714,gvydpf@email.com,2026-02-07,2026-02-07,PB,G,Online,Boleto
P4868,Calça Masculina,171.5,101.82,69.68,NF759607,kvvwuw@email.com,2025-12-26,2025-12-29,SP,42,Loja,Dinheiro
P4869,Camiseta Feminina,95.44,73.3,22.14,NF935675,ulhiou@email.com,2025-08-07,2025-08-08,MG,P,Loja,Dinheiro
P4870,Tênis Feminino,458.46,264.91,193.55,NF245265,igwepo@email.com,2025-12-26,2025-12-30,PE,G,Loja,Pix
P4871,Calça Feminina,369.67,290.87,78.8,NF580003,defvrr@email.com,2025-06-18,2025-06-18,PR,39,Loja,Pix
P4872,Tênis Masculino,246.46,132.8,113.66,NF601449,rbkrod@email.com,2026-04-30,2026-05-02,PE,39,Loja,Pix
P4873,Tênis Masculino,200.87,141.85,59.02,NF285353,aajaka@email.com,2026-03-29,2026-03-31,RS,37,Online,Dinheiro
P4874,Calça Masculina,331.57,209.59,121.98,NF376302,uyrsow@email.com,2025-08-29,2025-09-01,RJ,37,Online,Boleto
P4875,Camiseta Feminina,81.66,51.41,30.25,NF294777,vsytgm@email.com,2025-05-08,2025-05-13,RS,40,Online,Cartão
P4876,Tênis Masculino,408.05,223.65,184.4,NF711180,bloofr@email.com,2025-03-01,2025-03-04,BA,37,Loja,Pix
P4877,Camiseta Masculina,121.53,62.62,58.91,NF891396,nbrnit@email.com,2025-06-20,2025-06-25,BA,42,Online,Boleto
P4878,Calça Masculina,272.92,225.73,47.19,NF518907,namlje@email.com,2025-01-26,2025-01-31,RJ,38,Loja,Pix
P4879,Camiseta Masculina,119.81,70.11,49.7,NF832376,vhyriv@email.com,2025-10-11,2025-10-11,PR,P,Loja,Cartão
P4880,Camiseta Feminina,125.23,67.05,58.18,NF333331,pearla@email.com,2026-01-12,2026-01-16,PE,P,Online,Dinheiro
P4881,Camiseta Feminina,202.04,163.15,38.89,NF541158,cprcpj@email.com,2025-07-31,2025-08-01,SP,P,Online,Boleto
P4882,Calça Feminina,224.38,166.75,57.63,NF666099,tltndo@email.com,2025-09-06,2025-09-08,PB,37,Online,Dinheiro
P4883,Tênis Feminino,352.24,189.14,163.1,NF634529,cumnyn@email.com,2025-11-09,2025-11-12,PR,G,Loja,Dinheiro
P4884,Tênis Masculino,357.35,275.25,82.1,NF653793,qybtpy@email.com,2025-01-28,2025-01-29,BA,39,Online,Dinheiro
P4885,Calça Feminina,374.59,214.37,160.22,NF679845,omtsjp@email.com,2026-03-25,2026-03-26,PR,G,Online,Pix
P4886,Tênis Masculino,247.69,180.65,67.04,NF126632,ucdcqk@email.com,2025-06-15,2025-06-17,MG,M,Loja,Boleto
P4887,Tênis Feminino,178.41,128.49,49.92,NF550452,ymdqlr@email.com,2025-11-07,2025-11-11,SP,38,Loja,Pix
P4888,Tênis Masculino,111.21,73.73,37.48,NF158977,jenkli@email.com,2025-11-18,2025-11-23,SC,M,Online,Dinheiro
P4889,Camiseta Feminina,431.29,228.96,202.33,NF908870,kqnddb@email.com,2025-07-10,2025-07-13,PR,39,Loja,Cartão
P4890,Camiseta Masculina,178.19,109.12,69.07,NF601930,utpcio@email.com,2025-11-08,2025-11-09,PB,40,Loja,Boleto
P4891,Camiseta Feminina,402.11,289.64,112.47,NF690168,ypnyje@email.com,2025-08-22,2025-08-26,CE,38,Loja,Dinheiro
P4892,Tênis Feminino,252.27,205.79,46.48,NF795890,uceuni@email.com,2025-01-10,2025-01-14,SP,36,Loja,Dinheiro
P4893,Tênis Masculino,354.84,215.82,139.02,NF950641,qlhacs@email.com,2025-10-05,2025-10-05,MG,M,Loja,Dinheiro
P4894,Camiseta Masculina,189.17,127.8,61.37,NF721008,limxma@email.com,2025-10-29,2025-11-02,PR,M,Online,Dinheiro
P4895,Tênis Feminino,295.58,167.86,127.72,NF759071,vuzrfm@email.com,2025-12-01,2025-12-05,PB,38,Online,Dinheiro
P4896,Camiseta Masculina,266.37,158.85,107.52,NF759880,msopxk@email.com,2026-01-19,2026-01-22,SP,M,Online,Boleto
P4897,Tênis Masculino,362.73,249.85,112.88,NF136636,iumqvd@email.com,2025-09-27,2025-10-01,MG,38,Online,Dinheiro
P4898,Camiseta Masculina,429.65,256.58,173.07,NF674039,txiiqi@email.com,2026-03-31,2026-04-01,PE,P,Online,Pix
P4899,Calça Feminina,385.09,265.61,119.48,NF585968,hnfllf@email.com,2025-04-17,2025-04-17,SC,40,Online,Boleto
P4900,Calça Masculina,320.47,175.79,144.68,NF438223,wujshx@email.com,2025-04-01,2025-04-06,RJ,G,Online,Dinheiro
P4901,Tênis Masculino,293.89,148.72,145.17,NF394877,ehaflt@email.com,2026-04-26,2026-04-30,PB,38,Loja,Cartão
P4902,Calça Masculina,454.26,251.85,202.41,NF303568,fpsagw@email.com,2026-04-23,2026-04-27,PR,41,Loja,Boleto
P4903,Camiseta Feminina,404.45,228.96,175.49,NF402228,zmfbzm@email.com,2026-02-04,2026-02-06,MG,M,Online,Dinheiro
P4904,Calça Feminina,106.25,86.32,19.93,NF780814,svkgww@email.com,2025-11-02,2025-11-06,PR,P,Loja,Dinheiro
P4905,Tênis Feminino,159.7,96.44,63.26,NF496423,mhwsey@email.com,2025-03-31,2025-04-05,PB,M,Online,Dinheiro
P4906,Camiseta Masculina,452.09,227.87,224.22,NF517542,qdrvyp@email.com,2025-05-19,2025-05-19,PE,36,Loja,Pix
P4907,Camiseta Masculina,141.63,95.13,46.5,NF723012,hbmehr@email.com,2025-07-06,2025-07-08,SP,40,Loja,Pix
P4908,Tênis Feminino,519.62,282.85,236.77,NF827310,mssnhe@email.com,2025-03-22,2025-03-27,SC,G,Online,Dinheiro
P4909,Tênis Masculino,331.18,202.68,128.5,NF676137,kkztzn@email.com,2025-02-14,2025-02-19,RS,42,Online,Dinheiro
P4910,Tênis Masculino,423.99,243.22,180.77,NF999544,siuoca@email.com,2026-02-18,2026-02-22,PB,42,Online,Pix
P4911,Tênis Masculino,322.88,192.83,130.05,NF308230,swbppg@email.com,2025-02-03,2025-02-08,SC,40,Loja,Cartão
P4912,Tênis Masculino,79.43,65.16,14.27,NF255396,wplwsz@email.com,2025-09-20,2025-09-24,PB,41,Online,Cartão
P4913,Calça Masculina,379.55,225.87,153.68,NF616027,kcxven@email.com,2025-05-08,2025-05-10,PB,40,Loja,Cartão
P4914,Tênis Feminino,267.67,165.85,101.82,NF529762,nfwmtg@email.com,2025-05-02,2025-05-04,PB,P,Loja,Pix
P4915,Tênis Masculino,410.24,229.07,181.17,NF938920,llihni@email.com,2025-08-31,2025-08-31,PB,41,Loja,Cartão
P4916,Tênis Masculino,469.17,250.85,218.32,NF557066,cjzalz@email.com,2026-03-17,2026-03-21,PE,37,Online,Cartão
P4917,Calça Masculina,213.98,177.09,36.89,NF226322,flhezs@email.com,2025-09-23,2025-09-23,PE,37,Online,Cartão
P4918,Tênis Masculino,533.2,285.4,247.8,NF681231,lhdeio@email.com,2025-01-05,2025-01-07,MG,38,Online,Dinheiro
P4919,Camiseta Feminina,479.77,291.4,188.37,NF254448,wcmunl@email.com,2025-06-21,2025-06-22,CE,42,Loja,Dinheiro
P4920,Camiseta Masculina,222.26,158.46,63.8,NF119322,govpvy@email.com,2025-11-01,2025-11-06,SP,36,Loja,Pix
P4921,Camiseta Feminina,448.23,286.59,161.64,NF523962,xebxjz@email.com,2025-12-10,2025-12-10,PR,M,Loja,Pix
P4922,Camiseta Masculina,163.9,122.96,40.94,NF147664,lvphin@email.com,2026-03-17,2026-03-21,SP,40,Online,Cartão
P4923,Calça Feminina,95.76,52.03,43.73,NF420586,qmoiug@email.com,2025-08-03,2025-08-04,PE,38,Online,Cartão
P4924,Calça Feminina,269.44,213.87,55.57,NF737549,hjfwdp@email.com,2025-10-26,2025-10-30,SC,41,Online,Pix
P4925,Calça Masculina,218.79,124.56,94.23,NF223372,feuief@email.com,2025-03-26,2025-03-28,RS,37,Loja,Cartão
P4926,Tênis Feminino,123.8,69.37,54.43,NF910619,snqyam@email.com,2025-08-15,2025-08-19,MG,41,Online,Dinheiro
P4927,Camiseta Masculina,500.14,298.56,201.58,NF791208,otcmoz@email.com,2026-02-27,2026-03-02,PR,P,Loja,Dinheiro
P4928,Tênis Feminino,130.09,104.03,26.06,NF509073,lddqvo@email.com,2025-02-15,2025-02-17,SP,41,Loja,Dinheiro
P4929,Camiseta Masculina,99.33,59.53,39.8,NF337705,mnflax@email.com,2025-04-16,2025-04-17,BA,38,Loja,Pix
P4930,Calça Masculina,491.17,279.58,211.59,NF914965,vjgepf@email.com,2025-11-14,2025-11-17,PR,39,Online,Boleto
P4931,Tênis Masculino,431.97,251.36,180.61,NF675696,wmnuon@email.com,2025-04-03,2025-04-04,PE,39,Online,Dinheiro
P4932,Tênis Masculino,462.3,265.44,196.86,NF593582,cchqch@email.com,2025-10-11,2025-10-12,PE,41,Online,Boleto
P4933,Camiseta Feminina,149.09,94.65,54.44,NF305220,uaqvpf@email.com,2025-09-24,2025-09-29,SP,40,Loja,Cartão
P4934,Camiseta Feminina,101.21,67.19,34.02,NF717736,kwwobd@email.com,2025-05-14,2025-05-14,PR,38,Online,Pix
P4935,Camiseta Masculina,85.3,56.15,29.15,NF514853,qkvywe@email.com,2025-02-01,2025-02-06,SC,G,Loja,Pix
P4936,Camiseta Masculina,280.96,201.44,79.52,NF280197,znzrpd@email.com,2026-04-20,2026-04-25,RJ,38,Loja,Boleto
P4937,Camiseta Feminina,378.58,273.22,105.36,NF861194,pzoyat@email.com,2025-01-02,2025-01-04,SP,41,Loja,Boleto
P4938,Calça Masculina,352.67,283.75,68.92,NF873548,lmjyyw@email.com,2025-08-26,2025-08-31,MG,37,Loja,Cartão
P4939,Tênis Masculino,351.95,207.82,144.13,NF266927,zvguxh@email.com,2026-04-26,2026-04-27,PE,38,Loja,Dinheiro
P4940,Calça Feminina,210.09,115.41,94.68,NF355783,yskkso@email.com,2026-03-26,2026-03-29,MG,36,Loja,Cartão
P4941,Tênis Feminino,176.17,104.87,71.3,NF925750,tyrbcx@email.com,2025-05-23,2025-05-23,SC,41,Online,Dinheiro
P4942,Calça Feminina,488.48,256.3,232.18,NF727290,zygmki@email.com,2025-05-16,2025-05-16,CE,38,Online,Dinheiro
P4943,Tênis Masculino,368.76,283.91,84.85,NF607156,bdorjw@email.com,2025-10-03,2025-10-07,BA,38,Online,Pix
P4944,Tênis Feminino,262.38,150.92,111.46,NF128569,rubxen@email.com,2025-05-20,2025-05-24,PE,P,Online,Boleto
P4945,Camiseta Masculina,210.69,146.43,64.26,NF552065,ajeyki@email.com,2025-11-28,2025-12-02,CE,M,Online,Pix
P4946,Camiseta Feminina,338.84,203.14,135.7,NF916852,nxdjst@email.com,2026-04-29,2026-05-04,MG,40,Loja,Boleto
P4947,Tênis Feminino,319.12,220.72,98.4,NF728272,rasgen@email.com,2025-12-19,2025-12-19,PB,39,Loja,Dinheiro
P4948,Camiseta Masculina,366.53,225.6,140.93,NF400111,bjqixo@email.com,2025-03-26,2025-03-30,PR,37,Online,Dinheiro
P4949,Tênis Feminino,125.86,63.73,62.13,NF504516,acrpzq@email.com,2025-07-06,2025-07-07,SC,40,Online,Boleto
P4950,Tênis Feminino,398.35,232.94,165.41,NF922355,fsqxnw@email.com,2025-03-17,2025-03-22,BA,36,Loja,Pix
P4951,Tênis Feminino,379.69,224.07,155.62,NF702624,noagnr@email.com,2025-12-17,2025-12-18,RJ,G,Loja,Dinheiro
P4952,Calça Masculina,99.16,61.08,38.08,NF296818,jngyxz@email.com,2025-11-22,2025-11-23,PE,P,Online,Dinheiro
P4953,Calça Masculina,168.98,140.41,28.57,NF584821,nfyhms@email.com,2026-04-11,2026-04-16,RS,41,Loja,Dinheiro
P4954,Calça Masculina,418.1,268.28,149.82,NF411257,ptjknc@email.com,2025-10-01,2025-10-05,SC,41,Online,Pix
P4955,Camiseta Masculina,103.62,80.8,22.82,NF378517,ftgyco@email.com,2026-02-15,2026-02-15,PR,39,Online,Dinheiro
P4956,Camiseta Feminina,146.35,95.27,51.08,NF199311,gdtifn@email.com,2026-01-28,2026-01-30,RS,M,Online,Cartão
P4957,Camiseta Feminina,394.48,248.84,145.64,NF955292,djndnn@email.com,2025-08-14,2025-08-14,SC,42,Loja,Dinheiro
P4958,Camiseta Masculina,489.41,271.95,217.46,NF530819,eguzfy@email.com,2026-03-07,2026-03-09,SC,42,Loja,Pix
P4959,Tênis Feminino,409.6,281.1,128.5,NF351514,oyuqwf@email.com,2025-07-07,2025-07-08,SP,38,Loja,Boleto
P4960,Tênis Masculino,227.87,125.09,102.78,NF772954,agvvcj@email.com,2025-12-20,2025-12-25,MG,40,Loja,Cartão
P4961,Camiseta Feminina,95.92,55.43,40.49,NF810637,buxeou@email.com,2025-06-13,2025-06-13,PR,P,Loja,Dinheiro
P4962,Tênis Masculino,264.49,176.62,87.87,NF985427,cxivgq@email.com,2025-08-22,2025-08-24,BA,37,Online,Dinheiro
P4963,Camiseta Feminina,362.62,240.75,121.87,NF118815,jcajrl@email.com,2026-01-17,2026-01-22,RS,36,Loja,Cartão
P4964,Calça Feminina,208.81,117.39,91.42,NF813751,xrxcoa@email.com,2025-05-09,2025-05-13,PR,40,Loja,Pix
P4965,Calça Masculina,429.03,235.61,193.42,NF843829,vqnlyx@email.com,2025-10-01,2025-10-05,PB,36,Online,Dinheiro
P4966,Calça Feminina,118.39,70.01,48.38,NF454081,ijqakt@email.com,2026-04-15,2026-04-17,PR,38,Loja,Pix
P4967,Calça Masculina,201.6,148.36,53.24,NF614390,cysxjm@email.com,2025-10-17,2025-10-18,PB,39,Loja,Dinheiro
P4968,Camiseta Feminina,505.46,287.86,217.6,NF747792,xnpwzx@email.com,2025-11-30,2025-12-05,SC,M,Online,Boleto
P4969,Camiseta Feminina,315.74,209.58,106.16,NF386055,uybxja@email.com,2025-11-01,2025-11-02,MG,37,Online,Boleto
P4970,Camiseta Masculina,130.84,88.67,42.17,NF735190,gmkguz@email.com,2025-12-03,2025-12-07,SC,42,Online,Cartão
P4971,Camiseta Masculina,260.07,190.91,69.16,NF887262,ypabtv@email.com,2025-01-16,2025-01-19,RS,M,Loja,Dinheiro
P4972,Calça Feminina,170.38,127.98,42.4,NF116617,wqscln@email.com,2025-02-09,2025-02-12,PB,41,Loja,Boleto
P4973,Calça Masculina,302.67,180.32,122.35,NF712615,kuqvff@email.com,2025-09-02,2025-09-02,RS,40,Online,Boleto
P4974,Calça Feminina,367.06,293.8,73.26,NF536448,ygpnix@email.com,2025-03-09,2025-03-11,PB,G,Online,Dinheiro
P4975,Calça Feminina,337.75,249.56,88.19,NF571399,owvusk@email.com,2025-10-11,2025-10-16,MG,40,Online,Dinheiro
P4976,Calça Masculina,363.53,289.22,74.31,NF576994,awkjhs@email.com,2025-01-11,2025-01-11,RS,P,Loja,Pix
P4977,Tênis Feminino,349.5,214.19,135.31,NF275320,mbiliy@email.com,2026-01-06,2026-01-07,PB,36,Online,Cartão
P4978,Tênis Feminino,192.91,114.98,77.93,NF194287,kezcro@email.com,2026-01-13,2026-01-17,RS,37,Online,Pix
P4979,Calça Feminina,324.38,226.85,97.53,NF189530,ulkilf@email.com,2026-01-03,2026-01-05,PR,41,Online,Pix
P4980,Tênis Masculino,123.67,94.56,29.11,NF115613,nllihw@email.com,2025-12-08,2025-12-11,SP,40,Loja,Dinheiro
P4981,Calça Feminina,219.13,146.1,73.03,NF489678,obphya@email.com,2025-09-15,2025-09-18,CE,37,Loja,Boleto
P4982,Camiseta Feminina,425.44,215.95,209.49,NF105497,niciao@email.com,2025-12-09,2025-12-12,PB,38,Loja,Cartão
P4983,Calça Feminina,487.56,298.55,189.01,NF417992,ihdfij@email.com,2025-01-12,2025-01-17,MG,40,Loja,Cartão
P4984,Calça Masculina,95.35,77.38,17.97,NF360847,hdqgec@email.com,2025-01-06,2025-01-08,PB,P,Loja,Dinheiro
P4985,Camiseta Feminina,100.11,74.45,25.66,NF634783,zmnvvc@email.com,2025-11-24,2025-11-29,SP,P,Loja,Boleto
P4986,Calça Feminina,486.27,270.05,216.22,NF368405,lvyjut@email.com,2025-06-17,2025-06-18,SP,P,Loja,Boleto
P4987,Calça Masculina,146.18,117.38,28.8,NF396974,sqxjac@email.com,2026-02-12,2026-02-17,MG,39,Online,Pix
P4988,Calça Feminina,235.55,142.2,93.35,NF622520,dwezep@email.com,2026-04-26,2026-04-28,PE,G,Online,Dinheiro
P4989,Calça Masculina,184.56,123.43,61.13,NF672689,lzxfgz@email.com,2026-04-27,2026-04-30,PE,37,Online,Dinheiro
P4990,Camiseta Masculina,291.26,227.22,64.04,NF743140,asctob@email.com,2025-03-10,2025-03-15,CE,42,Online,Boleto
P4991,Camiseta Masculina,305.74,246.98,58.76,NF387851,yyhhzr@email.com,2025-05-20,2025-05-24,PB,P,Online,Boleto
P4992,Calça Feminina,145.69,103.12,42.57,NF410813,dzapro@email.com,2025-11-20,2025-11-25,PE,39,Loja,Cartão
P4993,Tênis Feminino,109.84,55.94,53.9,NF247685,pmtyts@email.com,2025-03-22,2025-03-25,PB,42,Loja,Pix
P4994,Tênis Masculino,204.15,120.81,83.34,NF467230,gbhdib@email.com,2025-07-12,2025-07-14,PB,41,Online,Boleto
P4995,Camiseta Feminina,241.32,148.37,92.95,NF561671,pybzcn@email.com,2025-02-14,2025-02-14,RJ,42,Loja,Boleto
P4996,Tênis Feminino,273.97,224.47,49.5,NF577342,utfbdn@email.com,2025-06-02,2025-06-03,SC,37,Loja,Cartão
P4997,Camiseta Feminina,94.76,55.15,39.61,NF339437,qsmazk@email.com,2025-03-18,2025-03-18,RS,40,Loja,Pix
P4998,Tênis Feminino,528.27,273.31,254.96,NF876143,gassqr@email.com,2026-02-04,2026-02-05,SP,42,Loja,Boleto
P4999,Tênis Feminino,369.48,276.15,93.33,NF157104,ncfopt@email.com,2025-07-06,2025-07-11,PB,P,Loja,Cartão
P5000,Calça Feminina,145.18,108.67,36.51,NF636566,kugdxc@email.com,2025-01-30,2025-02-04,SC,M,Online,Boleto
P5001,Camiseta Masculina,332.2,246.96,85.24,NF705029,ldrcpe@email.com,2025-07-18,2025-07-21,SP,P,Loja,Boleto
P5002,Camiseta Feminina,284.61,174.22,110.39,NF498248,bcwmpi@email.com,2025-04-11,2025-04-16,RS,37,Online,Pix
P5003,Tênis Feminino,133.94,91.66,42.28,NF258778,gkdjym@email.com,2025-10-14,2025-10-14,MG,38,Loja,Pix
P5004,Camiseta Masculina,100.69,58.6,42.09,NF824905,lgtskb@email.com,2025-07-17,2025-07-17,PR,39,Online,Cartão
P5005,Tênis Masculino,516.22,298.48,217.74,NF944165,ktnucj@email.com,2025-04-08,2025-04-11,PR,38,Online,Pix
P5006,Calça Feminina,167.87,113.73,54.14,NF942597,xgukpa@email.com,2025-11-05,2025-11-10,SC,41,Online,Dinheiro
P5007,Calça Feminina,335.34,209.67,125.67,NF503756,awcvhi@email.com,2025-03-19,2025-03-20,PR,38,Online,Boleto
P5008,Camiseta Feminina,265.21,196.78,68.43,NF607224,zakabg@email.com,2026-02-03,2026-02-05,MG,38,Loja,Boleto
P5009,Tênis Feminino,86.74,71.92,14.82,NF180823,neemxd@email.com,2025-01-01,2025-01-05,SC,36,Online,Cartão
P5010,Camiseta Masculina,117.25,86.23,31.02,NF155381,tsecbz@email.com,2025-01-25,2025-01-26,BA,40,Online,Cartão
P5011,Calça Masculina,350.83,216.89,133.94,NF339559,kzqyrc@email.com,2026-04-14,2026-04-19,PR,39,Online,Dinheiro
P5012,Camiseta Masculina,283.11,161.18,121.93,NF687497,iemhpm@email.com,2025-05-01,2025-05-03,SC,P,Online,Cartão
P5013,Calça Feminina,396.6,243.93,152.67,NF623744,brmamc@email.com,2025-03-10,2025-03-10,MG,42,Online,Pix
P5014,Camiseta Feminina,110.41,82.18,28.23,NF303822,tcgsee@email.com,2025-01-11,2025-01-13,CE,M,Loja,Boleto
P5015,Calça Feminina,346.23,231.76,114.47,NF332996,zprcud@email.com,2025-09-17,2025-09-22,SP,P,Online,Cartão
P5016,Calça Masculina,252.87,142.9,109.97,NF234225,tzhwqf@email.com,2025-05-31,2025-06-05,PB,P,Loja,Dinheiro
P5017,Tênis Feminino,340.4,204.27,136.13,NF693604,hrcugf@email.com,2026-04-13,2026-04-17,PB,42,Online,Boleto
P5018,Camiseta Feminina,344.4,203.08,141.32,NF219668,mjdmcd@email.com,2025-06-06,2025-06-09,CE,41,Loja,Dinheiro
P5019,Camiseta Masculina,286.54,167.95,118.59,NF742041,flewdf@email.com,2026-03-23,2026-03-28,PE,G,Loja,Pix
P5020,Camiseta Masculina,268.66,199.91,68.75,NF736013,yjyedx@email.com,2025-09-05,2025-09-08,RS,37,Loja,Cartão
P5021,Calça Feminina,265.82,142.41,123.41,NF782707,jyuniw@email.com,2025-08-12,2025-08-12,RS,39,Online,Boleto
P5022,Camiseta Feminina,457.08,237.61,219.47,NF349657,zdkcsg@email.com,2025-08-26,2025-08-31,SC,37,Loja,Boleto
P5023,Camiseta Feminina,308.58,183.42,125.16,NF204601,vyupuu@email.com,2025-03-06,2025-03-08,CE,38,Online,Pix
P5024,Calça Masculina,269.48,160.25,109.23,NF328062,vimhzc@email.com,2025-04-07,2025-04-09,BA,36,Online,Boleto
P5025,Camiseta Masculina,165.92,97.09,68.83,NF296046,fizcxz@email.com,2025-11-29,2025-12-02,SC,37,Online,Boleto
P5026,Camiseta Feminina,429.82,294.43,135.39,NF831637,opltux@email.com,2025-06-28,2025-06-29,PE,36,Loja,Pix
P5027,Tênis Feminino,197.58,156.13,41.45,NF190995,lzczrd@email.com,2025-02-11,2025-02-14,RJ,36,Loja,Cartão
P5028,Tênis Feminino,189.52,107.79,81.73,NF928824,iwkgls@email.com,2025-05-08,2025-05-11,MG,39,Online,Boleto
P5029,Calça Feminina,195.44,122.68,72.76,NF791470,sqzbnh@email.com,2025-09-05,2025-09-08,PE,M,Online,Dinheiro
P5030,Calça Masculina,119.66,84.54,35.12,NF665970,pdyrpa@email.com,2025-12-13,2025-12-14,RS,M,Online,Dinheiro
P5031,Calça Feminina,115.18,86.38,28.8,NF422144,zdhprm@email.com,2025-08-22,2025-08-22,BA,39,Loja,Boleto
P5032,Tênis Masculino,306.28,244.43,61.85,NF755240,lmfwkw@email.com,2026-02-24,2026-02-26,SC,42,Loja,Cartão
P5033,Camiseta Masculina,207.5,118.7,88.8,NF337308,vwiuqy@email.com,2026-02-13,2026-02-14,SC,P,Loja,Pix
P5034,Camiseta Masculina,343.77,226.76,117.01,NF128932,cquhue@email.com,2026-04-03,2026-04-05,PR,36,Online,Dinheiro
P5035,Tênis Feminino,501.15,276.19,224.96,NF265878,ceeyme@email.com,2025-12-10,2025-12-11,PE,G,Online,Cartão
P5036,Tênis Masculino,125.67,79.52,46.15,NF889730,vwqmnz@email.com,2025-04-02,2025-04-03,BA,41,Loja,Boleto
P5037,Tênis Masculino,324.94,194.34,130.6,NF998073,yqieuq@email.com,2026-02-08,2026-02-11,BA,42,Loja,Pix
P5038,Calça Masculina,467.07,267.84,199.23,NF431816,muatet@email.com,2026-03-05,2026-03-09,SC,P,Online,Boleto
P5039,Calça Feminina,289.42,182.24,107.18,NF910236,xmtkuw@email.com,2025-01-14,2025-01-18,PR,M,Loja,Dinheiro
P5040,Camiseta Masculina,175.43,92.34,83.09,NF754361,ccwrsm@email.com,2025-11-11,2025-11-15,SC,40,Online,Boleto
P5041,Calça Masculina,571.52,291.56,279.96,NF443983,ibotqf@email.com,2025-02-18,2025-02-23,RS,M,Loja,Cartão
P5042,Camiseta Feminina,227.5,149.79,77.71,NF293455,ydpnmu@email.com,2025-04-10,2025-04-10,PB,41,Online,Cartão
P5043,Calça Feminina,170.28,91.54,78.74,NF844448,ortwep@email.com,2025-12-01,2025-12-03,PB,37,Online,Cartão
P5044,Camiseta Masculina,311.33,202.29,109.04,NF845767,mmlyvs@email.com,2025-04-12,2025-04-16,PE,41,Online,Cartão
P5045,Calça Feminina,300.83,159.89,140.94,NF428441,bsqpxu@email.com,2025-03-13,2025-03-14,BA,37,Online,Cartão
P5046,Tênis Masculino,342.66,257.47,85.19,NF150062,lojqgd@email.com,2025-10-02,2025-10-03,RJ,G,Online,Boleto
P5047,Tênis Masculino,245.35,133.68,111.67,NF219932,ueohyi@email.com,2025-09-16,2025-09-18,MG,37,Online,Boleto
P5048,Calça Masculina,324.04,215.97,108.07,NF501388,pwjosh@email.com,2026-04-13,2026-04-17,CE,M,Loja,Boleto
P5049,Camiseta Masculina,78.24,56.44,21.8,NF103321,kheppj@email.com,2025-07-10,2025-07-15,CE,38,Online,Dinheiro
P5050,Calça Masculina,91.28,50.8,40.48,NF986955,tohtna@email.com,2026-03-03,2026-03-08,PB,G,Online,Boleto
P5051,Camiseta Feminina,288.64,197.55,91.09,NF760976,kerrua@email.com,2025-11-30,2025-12-03,BA,40,Online,Pix
P5052,Camiseta Masculina,350.17,251.33,98.84,NF391884,vjtcol@email.com,2025-02-01,2025-02-02,MG,41,Loja,Pix
P5053,Calça Feminina,349.21,192.96,156.25,NF386842,xlhupp@email.com,2025-07-07,2025-07-07,SC,36,Loja,Cartão
P5054,Tênis Masculino,428.71,289.0,139.71,NF568173,fxzwco@email.com,2025-11-05,2025-11-09,RJ,P,Online,Boleto
P5055,Camiseta Masculina,195.3,112.05,83.25,NF899965,tqziha@email.com,2025-10-24,2025-10-25,SP,P,Loja,Cartão
P5056,Tênis Feminino,425.23,223.91,201.32,NF468114,bbimdp@email.com,2025-08-07,2025-08-10,RS,42,Loja,Pix
P5057,Calça Feminina,350.84,205.29,145.55,NF232185,dcuxnf@email.com,2025-06-27,2025-07-02,RS,39,Online,Pix
P5058,Camiseta Masculina,100.73,60.29,40.44,NF175166,bkhmsn@email.com,2025-05-01,2025-05-02,RJ,36,Online,Dinheiro
P5059,Tênis Feminino,390.47,297.4,93.07,NF231860,auitxc@email.com,2025-11-28,2025-12-02,BA,40,Online,Pix
P5060,Calça Masculina,243.51,183.85,59.66,NF196228,oedlat@email.com,2025-03-25,2025-03-28,BA,M,Loja,Cartão
P5061,Camiseta Masculina,247.38,154.35,93.03,NF670008,amzrgh@email.com,2026-04-23,2026-04-28,SC,M,Loja,Pix
P5062,Tênis Masculino,490.94,270.32,220.62,NF594201,nnliam@email.com,2025-12-26,2025-12-31,CE,39,Loja,Pix
P5063,Tênis Masculino,331.72,243.82,87.9,NF695868,aupdsn@email.com,2026-04-30,2026-05-02,PE,P,Loja,Dinheiro
P5064,Calça Masculina,81.66,65.13,16.53,NF258521,qxchfs@email.com,2025-05-06,2025-05-11,PE,36,Loja,Dinheiro
P5065,Calça Feminina,354.86,201.62,153.24,NF712523,vaahkb@email.com,2025-08-18,2025-08-21,RS,36,Online,Cartão
P5066,Camiseta Feminina,293.66,181.77,111.89,NF926819,jncuft@email.com,2025-03-31,2025-04-03,PE,G,Online,Pix
P5067,Camiseta Masculina,355.25,224.65,130.6,NF703997,nzbwkd@email.com,2025-01-12,2025-01-12,RS,42,Online,Boleto
P5068,Calça Masculina,451.08,274.73,176.35,NF404921,usiavx@email.com,2025-01-18,2025-01-23,RJ,42,Loja,Boleto
P5069,Tênis Feminino,171.54,106.13,65.41,NF935213,mtgscr@email.com,2025-10-22,2025-10-25,SP,38,Online,Cartão
P5070,Calça Feminina,278.04,158.3,119.74,NF782947,ctdfda@email.com,2026-03-26,2026-03-30,SC,37,Online,Cartão
P5071,Tênis Masculino,271.33,146.53,124.8,NF151206,tjdiui@email.com,2025-08-17,2025-08-18,BA,38,Loja,Dinheiro
P5072,Calça Masculina,199.49,158.19,41.3,NF916499,hmluvi@email.com,2025-08-16,2025-08-20,CE,41,Online,Boleto
P5073,Calça Feminina,271.83,139.58,132.25,NF947126,evcqip@email.com,2025-11-30,2025-12-02,BA,G,Online,Cartão
P5074,Calça Masculina,179.5,95.96,83.54,NF696546,lxiihp@email.com,2026-01-22,2026-01-22,CE,41,Online,Dinheiro
P5075,Calça Masculina,557.84,286.62,271.22,NF453513,zogbmh@email.com,2025-05-25,2025-05-29,PE,41,Online,Boleto
P5076,Tênis Masculino,354.06,217.09,136.97,NF452904,orlfql@email.com,2025-12-21,2025-12-24,RS,40,Loja,Dinheiro
P5077,Tênis Feminino,486.76,261.41,225.35,NF764626,wvytqq@email.com,2025-05-29,2025-05-30,RJ,P,Online,Pix
P5078,Camiseta Feminina,453.56,230.69,222.87,NF131150,pdgybb@email.com,2025-11-09,2025-11-14,PE,40,Online,Pix
P5079,Camiseta Masculina,308.39,180.08,128.31,NF168927,gteceo@email.com,2025-02-02,2025-02-05,RJ,40,Online,Cartão
P5080,Calça Masculina,293.86,159.23,134.63,NF555654,yfcdas@email.com,2026-01-06,2026-01-08,PB,40,Online,Pix
P5081,Tênis Feminino,399.34,234.7,164.64,NF324426,hgocqx@email.com,2025-11-09,2025-11-13,PR,41,Loja,Dinheiro
P5082,Calça Feminina,497.28,265.43,231.85,NF531743,zsuloo@email.com,2025-10-31,2025-11-02,MG,36,Online,Boleto
P5083,Tênis Masculino,358.43,208.05,150.38,NF642900,drglnv@email.com,2025-07-20,2025-07-25,RS,39,Online,Cartão
P5084,Tênis Feminino,223.76,123.06,100.7,NF880818,dcouob@email.com,2025-05-04,2025-05-05,PR,40,Online,Pix
P5085,Tênis Feminino,431.84,261.82,170.02,NF461896,lqddmt@email.com,2025-11-02,2025-11-03,PR,40,Online,Pix
P5086,Camiseta Masculina,231.34,174.17,57.17,NF976246,yuvlkf@email.com,2025-10-21,2025-10-24,MG,42,Loja,Pix
P5087,Calça Masculina,361.47,193.75,167.72,NF354941,jtryut@email.com,2025-07-03,2025-07-04,RS,41,Loja,Boleto
P5088,Tênis Masculino,112.85,69.3,43.55,NF210551,sdydlz@email.com,2026-03-05,2026-03-10,PR,36,Loja,Pix
P5089,Tênis Masculino,138.69,93.13,45.56,NF558343,qzwgjl@email.com,2025-10-20,2025-10-24,RJ,41,Online,Cartão
P5090,Camiseta Feminina,256.31,158.0,98.31,NF890896,yxkwwz@email.com,2025-12-05,2025-12-09,CE,40,Loja,Pix
P5091,Tênis Masculino,414.1,236.45,177.65,NF102101,kgqssl@email.com,2025-04-17,2025-04-20,PB,36,Loja,Cartão
P5092,Tênis Masculino,464.4,251.62,212.78,NF218329,yccjkr@email.com,2026-01-10,2026-01-15,BA,40,Loja,Dinheiro
P5093,Camiseta Masculina,309.28,230.17,79.11,NF390169,xgitdp@email.com,2026-04-16,2026-04-16,SP,38,Online,Cartão
P5094,Tênis Masculino,131.55,101.94,29.61,NF845297,vvvlah@email.com,2026-02-03,2026-02-06,CE,41,Loja,Dinheiro
P5095,Camiseta Masculina,520.48,268.79,251.69,NF880297,nytfdc@email.com,2025-11-21,2025-11-25,PE,M,Online,Dinheiro
P5096,Camiseta Feminina,219.06,146.14,72.92,NF738099,ajkqgy@email.com,2026-02-12,2026-02-15,SC,42,Loja,Cartão
P5097,Tênis Masculino,180.38,146.87,33.51,NF266152,jfpjqm@email.com,2026-03-13,2026-03-16,PE,38,Online,Cartão
P5098,Camiseta Masculina,149.08,107.62,41.46,NF346850,agkulh@email.com,2025-04-11,2025-04-16,SC,P,Online,Boleto
P5099,Tênis Feminino,295.65,199.1,96.55,NF703852,jndirr@email.com,2025-09-25,2025-09-29,BA,40,Loja,Pix
P5100,Calça Feminina,407.68,248.01,159.67,NF332492,akjqbx@email.com,2026-04-02,2026-04-02,CE,P,Loja,Cartão
P5101,Camiseta Feminina,182.67,117.94,64.73,NF193860,akalhn@email.com,2025-10-11,2025-10-16,SC,P,Loja,Boleto
P5102,Tênis Masculino,393.25,246.03,147.22,NF687883,scjvcy@email.com,2026-03-23,2026-03-27,SP,39,Loja,Pix
P5103,Calça Feminina,349.23,180.03,169.2,NF296166,mfkspc@email.com,2025-05-22,2025-05-25,MG,G,Loja,Pix
P5104,Tênis Feminino,274.56,151.99,122.57,NF158261,miyedw@email.com,2025-06-06,2025-06-10,PR,38,Loja,Cartão
P5105,Camiseta Masculina,266.89,142.61,124.28,NF812869,ztqqrw@email.com,2025-02-02,2025-02-06,CE,P,Online,Cartão
P5106,Tênis Masculino,142.96,102.27,40.69,NF222273,jiosps@email.com,2026-04-02,2026-04-03,PE,38,Online,Cartão
P5107,Tênis Masculino,161.97,98.2,63.77,NF692840,dpeshr@email.com,2025-11-29,2025-12-02,SC,39,Loja,Cartão
P5108,Calça Feminina,209.47,106.88,102.59,NF793633,vvhmrg@email.com,2025-03-05,2025-03-10,SP,P,Online,Cartão
P5109,Camiseta Masculina,116.52,80.23,36.29,NF166614,ccxiym@email.com,2025-06-17,2025-06-21,RJ,P,Online,Dinheiro
P5110,Tênis Masculino,123.09,100.04,23.05,NF677665,emccko@email.com,2025-05-21,2025-05-24,PE,40,Loja,Boleto
P5111,Tênis Feminino,392.62,257.3,135.32,NF146131,jofiyj@email.com,2025-07-04,2025-07-08,CE,36,Online,Cartão
P5112,Calça Masculina,215.7,158.61,57.09,NF551514,ggootk@email.com,2025-06-19,2025-06-22,PE,38,Loja,Cartão
P5113,Calça Feminina,371.6,190.04,181.56,NF366458,rgvgtp@email.com,2025-08-01,2025-08-06,PB,37,Loja,Pix
P5114,Camiseta Masculina,359.52,276.4,83.12,NF196275,axnqff@email.com,2025-08-30,2025-09-03,SP,41,Loja,Pix
P5115,Calça Masculina,433.65,256.33,177.32,NF103446,kkyejv@email.com,2025-10-20,2025-10-23,MG,42,Online,Pix
P5116,Calça Masculina,319.79,251.4,68.39,NF244695,dqoccq@email.com,2026-04-22,2026-04-24,PR,M,Loja,Pix
P5117,Camiseta Feminina,454.14,254.84,199.3,NF838203,dfrvah@email.com,2026-02-06,2026-02-10,MG,G,Online,Cartão
P5118,Tênis Feminino,294.05,200.97,93.08,NF389148,wqdpbl@email.com,2025-05-24,2025-05-29,BA,M,Loja,Boleto
P5119,Camiseta Feminina,158.45,109.6,48.85,NF764234,ykmxoq@email.com,2025-08-20,2025-08-20,CE,39,Loja,Pix
P5120,Tênis Feminino,109.22,90.73,18.49,NF482998,oyxhsw@email.com,2025-01-07,2025-01-11,RS,36,Online,Dinheiro
P5121,Camiseta Masculina,163.31,85.52,77.79,NF522694,qyxfuw@email.com,2025-03-26,2025-03-29,RJ,P,Loja,Pix
P5122,Camiseta Masculina,249.77,190.73,59.04,NF871714,lfeeaq@email.com,2025-11-13,2025-11-17,RS,41,Online,Cartão
P5123,Calça Masculina,247.17,196.24,50.93,NF730011,paqtek@email.com,2025-11-09,2025-11-10,SP,38,Online,Boleto
P5124,Tênis Feminino,335.49,259.01,76.48,NF320115,vlpmdg@email.com,2025-08-04,2025-08-05,RJ,36,Loja,Boleto
P5125,Camiseta Masculina,244.01,139.35,104.66,NF901718,vqehla@email.com,2026-04-04,2026-04-07,MG,39,Loja,Dinheiro
P5126,Calça Feminina,239.13,119.89,119.24,NF529816,jrvbuf@email.com,2026-04-25,2026-04-29,SC,G,Loja,Pix
P5127,Camiseta Feminina,171.98,109.87,62.11,NF518820,gdnpyy@email.com,2025-08-23,2025-08-24,RS,M,Loja,Dinheiro
P5128,Calça Feminina,185.63,112.47,73.16,NF170993,ilvniw@email.com,2025-07-23,2025-07-28,RS,39,Online,Dinheiro
P5129,Calça Feminina,112.32,90.84,21.48,NF800736,xxwhyn@email.com,2025-03-31,2025-04-01,PE,P,Loja,Dinheiro
P5130,Camiseta Masculina,94.74,70.95,23.79,NF372763,zivnde@email.com,2026-01-11,2026-01-14,BA,36,Loja,Pix
P5131,Camiseta Masculina,216.99,152.77,64.22,NF361472,dnpibi@email.com,2025-03-30,2025-03-31,BA,37,Loja,Cartão
P5132,Tênis Feminino,321.38,190.95,130.43,NF926875,bfaamx@email.com,2025-06-28,2025-06-30,SC,P,Loja,Boleto
P5133,Camiseta Masculina,446.5,245.53,200.97,NF246128,oxzeft@email.com,2026-04-24,2026-04-25,RJ,P,Online,Cartão
P5134,Camiseta Feminina,137.85,97.13,40.72,NF153420,ptvtrm@email.com,2026-04-06,2026-04-11,SC,P,Loja,Boleto
P5135,Camiseta Feminina,537.01,271.85,265.16,NF115411,irwbmu@email.com,2025-07-10,2025-07-11,RJ,39,Loja,Boleto
P5136,Calça Feminina,184.85,131.93,52.92,NF922650,jjdiuq@email.com,2026-03-12,2026-03-14,SC,37,Online,Boleto
P5137,Camiseta Masculina,459.99,273.27,186.72,NF467911,amcaha@email.com,2026-01-09,2026-01-14,CE,39,Online,Dinheiro
P5138,Camiseta Feminina,307.07,248.46,58.61,NF630547,rifwbw@email.com,2025-05-01,2025-05-03,PR,36,Loja,Pix
P5139,Camiseta Masculina,414.62,292.86,121.76,NF379032,qkxwow@email.com,2025-04-29,2025-04-30,PB,36,Online,Boleto
P5140,Tênis Masculino,423.47,286.14,137.33,NF440903,glrrsx@email.com,2025-05-16,2025-05-21,PR,36,Loja,Dinheiro
P5141,Camiseta Masculina,271.31,187.4,83.91,NF296816,jyoawc@email.com,2025-06-05,2025-06-06,SP,38,Online,Dinheiro
P5142,Calça Masculina,202.18,157.3,44.88,NF560565,xjbilc@email.com,2025-03-24,2025-03-25,CE,37,Online,Dinheiro
P5143,Tênis Feminino,262.57,147.46,115.11,NF543237,mpfkhn@email.com,2025-03-12,2025-03-16,PB,G,Loja,Dinheiro
P5144,Camiseta Masculina,103.7,76.04,27.66,NF521863,qthqza@email.com,2026-01-20,2026-01-24,RS,39,Online,Pix
P5145,Tênis Feminino,135.07,85.28,49.79,NF896998,laqqoz@email.com,2025-10-22,2025-10-23,PE,38,Online,Cartão
P5146,Calça Feminina,227.07,182.57,44.5,NF887369,thoqok@email.com,2025-02-07,2025-02-11,RJ,P,Loja,Cartão
P5147,Calça Masculina,132.21,92.65,39.56,NF582846,aqlywe@email.com,2026-03-06,2026-03-07,SC,36,Loja,Pix
P5148,Tênis Masculino,86.01,59.13,26.88,NF396105,msymda@email.com,2025-03-11,2025-03-11,SC,39,Loja,Boleto
P5149,Camiseta Masculina,377.28,246.54,130.74,NF605543,qfwsoj@email.com,2025-01-22,2025-01-27,MG,41,Loja,Dinheiro
P5150,Tênis Feminino,246.45,167.0,79.45,NF130257,hztrnn@email.com,2026-04-28,2026-04-30,RJ,42,Online,Cartão
P5151,Calça Feminina,420.85,247.37,173.48,NF812953,zcdihc@email.com,2025-03-23,2025-03-23,RS,P,Online,Boleto
P5152,Camiseta Feminina,246.98,144.84,102.14,NF230335,ebmmgv@email.com,2025-12-03,2025-12-03,CE,42,Online,Cartão
P5153,Calça Feminina,385.57,258.99,126.58,NF567696,uwjpmc@email.com,2025-03-14,2025-03-19,PB,36,Loja,Pix
P5154,Calça Masculina,357.89,243.66,114.23,NF214982,mbpgky@email.com,2026-03-28,2026-03-31,MG,42,Online,Boleto
P5155,Calça Masculina,170.15,91.78,78.37,NF824875,xnbxbu@email.com,2025-09-17,2025-09-18,RS,42,Online,Boleto
P5156,Tênis Feminino,286.18,229.87,56.31,NF550438,sgzrkb@email.com,2025-01-22,2025-01-23,BA,42,Loja,Pix
P5157,Calça Masculina,333.07,231.74,101.33,NF291893,nlicst@email.com,2025-02-09,2025-02-09,PR,37,Loja,Dinheiro
P5158,Tênis Masculino,63.85,51.1,12.75,NF233169,tteage@email.com,2025-11-11,2025-11-13,SP,36,Loja,Dinheiro
P5159,Camiseta Masculina,121.09,66.17,54.92,NF716579,aossku@email.com,2025-01-29,2025-01-31,PR,40,Loja,Cartão
P5160,Tênis Feminino,256.35,207.02,49.33,NF801643,iqjltf@email.com,2025-03-08,2025-03-11,SP,37,Online,Dinheiro
P5161,Camiseta Masculina,279.67,175.01,104.66,NF694164,atnaqw@email.com,2025-09-19,2025-09-22,RJ,42,Loja,Dinheiro
P5162,Camiseta Masculina,356.93,257.09,99.84,NF883977,stcacy@email.com,2025-06-01,2025-06-03,PB,M,Loja,Cartão
P5163,Calça Masculina,322.14,173.06,149.08,NF632650,ohfcio@email.com,2026-01-16,2026-01-20,PB,P,Online,Cartão
P5164,Camiseta Feminina,147.5,89.85,57.65,NF587621,dqrjkb@email.com,2025-05-07,2025-05-08,PB,42,Online,Dinheiro
P5165,Tênis Masculino,435.71,264.01,171.7,NF887164,afpqym@email.com,2025-04-01,2025-04-01,SP,40,Online,Boleto
P5166,Camiseta Feminina,87.42,53.58,33.84,NF505425,ucazrn@email.com,2025-07-02,2025-07-02,SC,38,Loja,Dinheiro
P5167,Camiseta Masculina,209.84,108.55,101.29,NF235069,vuvdnq@email.com,2025-10-10,2025-10-13,PR,38,Loja,Pix
P5168,Calça Feminina,218.33,117.23,101.1,NF864364,xjmdje@email.com,2025-03-08,2025-03-10,PR,36,Online,Pix
P5169,Tênis Masculino,118.26,71.31,46.95,NF167161,vbnuir@email.com,2025-01-01,2025-01-02,PR,40,Loja,Pix
P5170,Camiseta Masculina,285.37,156.56,128.81,NF307248,xmiqba@email.com,2026-02-03,2026-02-06,BA,36,Online,Cartão
P5171,Camiseta Masculina,75.72,53.51,22.21,NF596518,qwpsfy@email.com,2025-05-14,2025-05-17,RJ,G,Loja,Dinheiro
P5172,Calça Masculina,470.23,290.74,179.49,NF789136,pfzrmd@email.com,2025-05-18,2025-05-21,MG,G,Online,Cartão
P5173,Camiseta Masculina,184.06,119.55,64.51,NF195492,btixak@email.com,2025-09-02,2025-09-03,SP,42,Loja,Boleto
P5174,Camiseta Feminina,153.93,103.92,50.01,NF892512,yrhwmn@email.com,2025-01-31,2025-02-01,PB,39,Loja,Boleto
P5175,Camiseta Feminina,169.54,139.73,29.81,NF607677,qbytqf@email.com,2026-03-12,2026-03-17,BA,P,Loja,Pix
P5176,Calça Masculina,144.53,110.41,34.12,NF475905,ajghta@email.com,2026-02-03,2026-02-08,PB,36,Loja,Dinheiro
P5177,Calça Masculina,95.64,62.87,32.77,NF378315,dmahgu@email.com,2025-01-31,2025-02-04,PB,37,Online,Dinheiro
P5178,Camiseta Masculina,285.58,192.47,93.11,NF705532,pwlrmr@email.com,2026-03-18,2026-03-20,RS,37,Loja,Boleto
P5179,Camiseta Masculina,445.29,272.44,172.85,NF763647,bfhprd@email.com,2025-02-22,2025-02-25,SC,P,Online,Pix
P5180,Tênis Masculino,550.06,298.93,251.13,NF737092,waimlr@email.com,2025-05-21,2025-05-25,PR,G,Loja,Dinheiro
P5181,Camiseta Feminina,188.56,126.84,61.72,NF597696,uhyycz@email.com,2025-01-31,2025-02-03,SP,41,Loja,Dinheiro
P5182,Calça Feminina,284.73,177.25,107.48,NF262012,dzxazs@email.com,2025-04-21,2025-04-26,MG,P,Online,Cartão
P5183,Tênis Masculino,370.43,258.0,112.43,NF528435,qkroae@email.com,2025-04-07,2025-04-07,RJ,G,Loja,Pix
P5184,Tênis Masculino,373.81,298.36,75.45,NF132325,nznlhr@email.com,2025-08-18,2025-08-19,PE,37,Online,Cartão
P5185,Tênis Masculino,321.16,211.68,109.48,NF164260,knbkpx@email.com,2025-04-13,2025-04-15,RS,37,Loja,Boleto
P5186,Calça Feminina,416.07,229.39,186.68,NF552904,cehsea@email.com,2025-10-22,2025-10-22,SC,37,Online,Pix
P5187,Calça Masculina,258.45,172.77,85.68,NF828485,vvurhx@email.com,2025-02-18,2025-02-18,RJ,P,Loja,Pix
P5188,Tênis Masculino,199.74,145.19,54.55,NF774404,tznmpm@email.com,2025-04-22,2025-04-26,RJ,41,Online,Cartão
P5189,Tênis Masculino,192.82,99.11,93.71,NF449504,zpchfj@email.com,2025-08-06,2025-08-11,PB,37,Online,Boleto
P5190,Tênis Feminino,217.54,157.1,60.44,NF211748,ilahar@email.com,2025-06-01,2025-06-02,RJ,41,Loja,Boleto
P5191,Camiseta Feminina,320.69,260.76,59.93,NF762544,yesruk@email.com,2025-07-18,2025-07-20,SC,40,Loja,Pix
P5192,Calça Feminina,155.58,94.39,61.19,NF694562,pbxpoc@email.com,2025-08-27,2025-08-27,RS,P,Loja,Cartão
P5193,Calça Feminina,113.93,73.32,40.61,NF770541,ztjana@email.com,2025-09-14,2025-09-17,PB,40,Online,Boleto
P5194,Tênis Masculino,375.75,233.06,142.69,NF409355,oufubq@email.com,2025-11-19,2025-11-19,PE,38,Loja,Cartão
P5195,Calça Feminina,177.69,92.27,85.42,NF710311,ybbzmx@email.com,2026-04-27,2026-05-01,BA,42,Loja,Boleto
P5196,Tênis Masculino,200.7,142.03,58.67,NF214493,xhpjmg@email.com,2025-04-17,2025-04-18,SP,37,Loja,Pix
P5197,Tênis Feminino,276.25,212.94,63.31,NF368531,uytxhb@email.com,2025-12-11,2025-12-15,RS,37,Online,Boleto
P5198,Calça Feminina,276.64,166.17,110.47,NF847087,iqyqtv@email.com,2025-04-03,2025-04-05,RJ,37,Online,Dinheiro
P5199,Tênis Feminino,443.11,278.73,164.38,NF522399,znnczh@email.com,2026-03-19,2026-03-23,MG,42,Loja,Boleto
P5200,Camiseta Feminina,395.8,208.31,187.49,NF894357,keqcpq@email.com,2025-01-28,2025-02-01,MG,39,Loja,Cartão
P5201,Tênis Masculino,434.75,265.7,169.05,NF667134,lfmduy@email.com,2025-05-24,2025-05-24,RS,37,Online,Pix
P5202,Camiseta Feminina,93.92,50.66,43.26,NF823239,mrxqsj@email.com,2025-10-22,2025-10-25,PR,40,Loja,Cartão
P5203,Tênis Masculino,522.62,287.33,235.29,NF728906,rufmve@email.com,2025-12-22,2025-12-25,MG,M,Loja,Pix
P5204,Camiseta Feminina,142.4,84.06,58.34,NF261724,pahkkg@email.com,2025-02-01,2025-02-03,RS,M,Loja,Pix
P5205,Tênis Feminino,185.25,108.39,76.86,NF587900,fozycy@email.com,2025-08-25,2025-08-27,SC,37,Online,Cartão
P5206,Camiseta Masculina,106.79,69.86,36.93,NF774682,mqdflr@email.com,2026-01-05,2026-01-08,MG,38,Loja,Dinheiro
P5207,Calça Feminina,447.98,238.55,209.43,NF342003,jypabb@email.com,2025-04-23,2025-04-23,RS,38,Loja,Boleto
P5208,Calça Feminina,135.27,91.64,43.63,NF597044,dyipqd@email.com,2025-06-27,2025-06-27,CE,40,Online,Pix
P5209,Calça Masculina,224.14,164.59,59.55,NF391185,geixbe@email.com,2025-10-12,2025-10-17,CE,40,Loja,Dinheiro
P5210,Calça Feminina,258.5,198.53,59.97,NF530024,otaoth@email.com,2025-07-05,2025-07-09,PB,40,Loja,Pix
P5211,Camiseta Masculina,182.08,115.18,66.9,NF995142,vismhf@email.com,2025-03-01,2025-03-01,PB,36,Online,Boleto
P5212,Camiseta Masculina,327.14,170.05,157.09,NF999098,okmlmy@email.com,2026-03-31,2026-03-31,PB,P,Online,Boleto
P5213,Calça Feminina,177.09,115.39,61.7,NF297031,jymqnf@email.com,2025-03-09,2025-03-11,MG,38,Online,Pix
P5214,Tênis Masculino,382.16,223.48,158.68,NF705657,flenaj@email.com,2025-06-03,2025-06-04,MG,42,Online,Pix
P5215,Camiseta Masculina,450.22,245.64,204.58,NF886706,lsekuq@email.com,2026-03-24,2026-03-29,MG,42,Online,Cartão
P5216,Calça Masculina,321.58,175.82,145.76,NF772725,fvphjx@email.com,2026-03-18,2026-03-22,PE,G,Loja,Boleto
P5217,Calça Masculina,416.89,233.42,183.47,NF115259,arcjoi@email.com,2025-09-19,2025-09-22,MG,39,Loja,Pix
P5218,Calça Feminina,531.07,269.88,261.19,NF277745,grrouz@email.com,2025-08-08,2025-08-10,PR,36,Online,Pix
P5219,Calça Feminina,273.04,199.97,73.07,NF155329,azoowr@email.com,2025-07-20,2025-07-20,PR,38,Loja,Pix
P5220,Camiseta Masculina,362.58,287.15,75.43,NF262608,fknfmz@email.com,2025-11-11,2025-11-11,PR,36,Loja,Boleto
P5221,Tênis Masculino,144.0,106.14,37.86,NF538028,duqpbg@email.com,2025-02-02,2025-02-03,CE,39,Loja,Cartão
P5222,Camiseta Feminina,86.71,70.45,16.26,NF507336,nskcov@email.com,2026-04-25,2026-04-25,RJ,P,Loja,Cartão
P5223,Camiseta Masculina,180.61,107.53,73.08,NF956626,ulgeis@email.com,2026-04-29,2026-04-29,RJ,M,Loja,Pix
P5224,Calça Feminina,216.54,159.6,56.94,NF283531,fnizcd@email.com,2025-06-25,2025-06-28,PR,39,Online,Pix
P5225,Camiseta Feminina,181.04,104.49,76.55,NF627593,vszdro@email.com,2025-08-18,2025-08-22,RJ,39,Online,Dinheiro
P5226,Camiseta Masculina,95.67,53.52,42.15,NF416621,ptpjwv@email.com,2025-07-24,2025-07-24,PB,42,Online,Boleto
P5227,Tênis Masculino,159.03,101.51,57.52,NF201004,cqstxy@email.com,2025-09-17,2025-09-19,PE,40,Loja,Pix
P5228,Tênis Masculino,198.48,145.55,52.93,NF432077,lmvstu@email.com,2025-06-09,2025-06-13,CE,40,Loja,Dinheiro
P5229,Calça Feminina,149.33,77.57,71.76,NF500761,huelbt@email.com,2025-07-17,2025-07-22,SC,37,Online,Pix
P5230,Calça Masculina,312.53,171.71,140.82,NF680768,zmcaiq@email.com,2025-05-13,2025-05-18,PB,37,Online,Boleto
P5231,Camiseta Masculina,152.93,88.44,64.49,NF115629,niqxgm@email.com,2025-02-28,2025-03-03,SC,P,Online,Boleto
P5232,Camiseta Feminina,152.11,125.43,26.68,NF744846,pwspix@email.com,2026-02-24,2026-03-01,SC,37,Loja,Boleto
P5233,Tênis Masculino,180.74,137.29,43.45,NF394495,sopads@email.com,2025-05-11,2025-05-14,PE,P,Loja,Boleto
P5234,Calça Feminina,204.47,152.48,51.99,NF730078,jkewli@email.com,2025-11-03,2025-11-08,SP,M,Loja,Cartão
P5235,Calça Feminina,190.13,139.37,50.76,NF807839,patple@email.com,2025-06-22,2025-06-26,CE,42,Online,Boleto
P5236,Tênis Masculino,267.32,136.25,131.07,NF186564,nojujw@email.com,2026-01-11,2026-01-14,RJ,M,Loja,Pix
P5237,Tênis Masculino,135.14,107.56,27.58,NF829767,iggoxy@email.com,2026-03-04,2026-03-06,SC,41,Online,Boleto
P5238,Tênis Feminino,287.78,186.71,101.07,NF590618,aoteql@email.com,2025-09-27,2025-09-28,RS,38,Loja,Cartão
P5239,Camiseta Feminina,158.06,106.06,52.0,NF980141,wfncmt@email.com,2025-01-15,2025-01-16,PB,G,Loja,Pix
P5240,Calça Masculina,436.6,294.63,141.97,NF747906,dmnvus@email.com,2025-02-25,2025-03-01,RS,42,Loja,Cartão
P5241,Camiseta Feminina,402.77,276.9,125.87,NF903837,rkiqsb@email.com,2026-04-24,2026-04-29,BA,39,Online,Cartão
P5242,Camiseta Masculina,159.31,131.33,27.98,NF717774,sbtapi@email.com,2025-11-24,2025-11-29,RJ,36,Online,Dinheiro
P5243,Calça Masculina,276.07,210.47,65.6,NF385932,dtagvu@email.com,2026-01-23,2026-01-23,RJ,41,Online,Pix
P5244,Tênis Feminino,128.08,83.03,45.05,NF887990,rzgkti@email.com,2025-05-27,2025-05-27,SP,M,Online,Boleto
P5245,Camiseta Masculina,369.22,201.51,167.71,NF616999,ffnzxx@email.com,2025-10-25,2025-10-25,PR,36,Loja,Boleto
P5246,Calça Masculina,434.55,233.75,200.8,NF310766,ovgxgi@email.com,2026-04-18,2026-04-22,SP,M,Loja,Dinheiro
P5247,Camiseta Feminina,214.61,155.07,59.54,NF922888,vgaprg@email.com,2025-01-05,2025-01-09,RS,39,Online,Boleto
P5248,Calça Masculina,269.15,155.52,113.63,NF545905,gxszcy@email.com,2025-10-26,2025-10-30,BA,38,Loja,Pix
P5249,Tênis Feminino,154.55,83.24,71.31,NF411408,ohdgbi@email.com,2025-03-04,2025-03-07,PR,37,Loja,Cartão
P5250,Tênis Feminino,237.75,173.6,64.15,NF118585,dournr@email.com,2025-04-17,2025-04-21,BA,37,Loja,Boleto
P5251,Tênis Feminino,81.33,62.65,18.68,NF678273,dovati@email.com,2025-03-15,2025-03-19,BA,G,Online,Boleto
P5252,Tênis Masculino,278.6,163.35,115.25,NF440565,zdltlc@email.com,2025-08-04,2025-08-05,PB,37,Online,Cartão
P5253,Calça Feminina,67.59,50.87,16.72,NF160078,sfjgpj@email.com,2025-09-28,2025-10-02,PB,G,Online,Dinheiro
P5254,Tênis Feminino,194.09,155.23,38.86,NF544538,sappgg@email.com,2025-01-22,2025-01-27,SP,36,Loja,Cartão
P5255,Calça Masculina,348.01,187.11,160.9,NF626502,vngxyp@email.com,2025-03-16,2025-03-21,SP,P,Loja,Boleto
P5256,Camiseta Feminina,217.04,156.26,60.78,NF451208,wbeibr@email.com,2026-01-21,2026-01-22,RS,40,Loja,Cartão
P5257,Tênis Masculino,162.69,129.8,32.89,NF732002,tdkomm@email.com,2025-09-24,2025-09-28,BA,41,Loja,Dinheiro
P5258,Camiseta Feminina,402.17,279.59,122.58,NF773678,dpdvdq@email.com,2025-04-20,2025-04-20,RS,P,Loja,Pix
P5259,Calça Masculina,85.35,59.8,25.55,NF790820,mxbqnq@email.com,2026-03-12,2026-03-17,PE,P,Online,Cartão
P5260,Calça Feminina,213.13,149.91,63.22,NF681316,ooodxg@email.com,2026-04-11,2026-04-11,PE,M,Online,Boleto
P5261,Tênis Masculino,282.37,191.67,90.7,NF617290,eqpkkx@email.com,2025-06-21,2025-06-23,RS,36,Loja,Dinheiro
P5262,Camiseta Feminina,358.31,249.71,108.6,NF623519,lgxvfo@email.com,2025-02-15,2025-02-19,SC,G,Loja,Pix
P5263,Calça Masculina,354.8,277.9,76.9,NF291965,hoheci@email.com,2025-07-14,2025-07-17,SP,G,Loja,Pix
P5264,Tênis Feminino,110.27,87.76,22.51,NF447544,uhhuvs@email.com,2026-04-12,2026-04-16,MG,40,Loja,Cartão
P5265,Tênis Feminino,221.21,182.4,38.81,NF455720,ckizbk@email.com,2025-12-09,2025-12-12,PE,39,Online,Dinheiro
P5266,Camiseta Masculina,321.27,222.66,98.61,NF683169,jplzsb@email.com,2025-04-19,2025-04-21,PB,42,Loja,Dinheiro
P5267,Calça Feminina,184.77,119.54,65.23,NF451713,rvihsp@email.com,2025-04-13,2025-04-15,PB,39,Loja,Dinheiro
P5268,Calça Feminina,190.09,98.31,91.78,NF180484,kzinmx@email.com,2025-02-24,2025-02-28,RJ,42,Loja,Dinheiro
P5269,Camiseta Masculina,455.89,260.57,195.32,NF113758,jqfcwg@email.com,2025-06-01,2025-06-03,RS,37,Loja,Cartão
P5270,Calça Feminina,161.42,91.99,69.43,NF136985,puauft@email.com,2025-11-09,2025-11-14,RJ,39,Online,Cartão
P5271,Tênis Feminino,253.46,163.78,89.68,NF268037,uiuukh@email.com,2025-06-01,2025-06-06,PR,39,Loja,Pix
P5272,Calça Feminina,98.15,53.33,44.82,NF917301,wlmibm@email.com,2026-01-22,2026-01-25,CE,42,Loja,Pix
P5273,Camiseta Masculina,261.18,159.16,102.02,NF781312,tinuxq@email.com,2026-04-14,2026-04-18,RS,38,Online,Cartão
P5274,Tênis Masculino,514.37,258.06,256.31,NF908794,dyoaee@email.com,2025-09-17,2025-09-18,CE,38,Online,Pix
P5275,Tênis Feminino,335.78,262.77,73.01,NF626285,vxmjvf@email.com,2025-10-27,2025-10-31,SP,40,Loja,Pix
P5276,Tênis Feminino,201.02,119.96,81.06,NF479716,esefac@email.com,2026-04-06,2026-04-09,SP,36,Loja,Dinheiro
P5277,Tênis Feminino,325.12,168.55,156.57,NF648081,zhevqg@email.com,2025-12-05,2025-12-05,PB,42,Online,Pix
P5278,Calça Feminina,286.41,162.21,124.2,NF957209,lstjhe@email.com,2025-10-30,2025-10-31,RJ,M,Online,Pix
P5279,Camiseta Masculina,288.28,202.39,85.89,NF190839,oeiude@email.com,2025-03-27,2025-03-31,RJ,36,Loja,Cartão
P5280,Calça Feminina,226.75,188.52,38.23,NF712500,ohhmyb@email.com,2025-11-08,2025-11-12,CE,M,Loja,Dinheiro
P5281,Tênis Feminino,103.42,69.04,34.38,NF672486,mpipkv@email.com,2025-08-21,2025-08-24,BA,P,Online,Cartão
P5282,Tênis Masculino,185.15,149.26,35.89,NF568497,ezjkcv@email.com,2025-09-18,2025-09-20,MG,G,Loja,Dinheiro
P5283,Tênis Feminino,139.94,80.3,59.64,NF614916,irpcgi@email.com,2025-10-21,2025-10-22,PB,40,Online,Boleto
P5284,Calça Masculina,219.01,163.03,55.98,NF226933,uyqzls@email.com,2025-07-20,2025-07-22,PE,P,Loja,Dinheiro
P5285,Tênis Feminino,318.35,178.66,139.69,NF733356,ijxrhe@email.com,2025-07-26,2025-07-29,RS,42,Online,Cartão
P5286,Calça Feminina,151.7,126.23,25.47,NF167080,jaudwc@email.com,2025-01-11,2025-01-14,SP,42,Online,Pix
P5287,Tênis Feminino,122.69,97.34,25.35,NF658516,nqxywr@email.com,2025-09-24,2025-09-24,SC,37,Loja,Dinheiro
P5288,Camiseta Feminina,192.55,141.0,51.55,NF588579,dwietu@email.com,2025-09-18,2025-09-23,SC,36,Loja,Boleto
P5289,Tênis Masculino,154.81,117.75,37.06,NF490621,uqljhx@email.com,2026-03-15,2026-03-20,PE,40,Online,Boleto
P5290,Camiseta Masculina,260.15,193.21,66.94,NF495870,ggogwv@email.com,2025-10-03,2025-10-07,SP,42,Online,Cartão
P5291,Tênis Masculino,506.7,296.04,210.66,NF421414,uftrcw@email.com,2025-03-07,2025-03-08,SP,39,Online,Pix
P5292,Calça Feminina,249.99,175.02,74.97,NF746801,emacyb@email.com,2025-10-14,2025-10-18,MG,G,Loja,Pix
P5293,Camiseta Masculina,257.71,129.76,127.95,NF463560,vsdqxs@email.com,2025-09-28,2025-10-03,RS,39,Loja,Cartão
P5294,Camiseta Masculina,249.74,153.12,96.62,NF467803,mqugrm@email.com,2026-01-03,2026-01-07,CE,G,Loja,Dinheiro
P5295,Camiseta Feminina,207.16,114.45,92.71,NF846027,oledzo@email.com,2025-09-23,2025-09-28,PE,M,Online,Boleto
P5296,Calça Masculina,271.59,220.43,51.16,NF791934,kcteeg@email.com,2025-09-25,2025-09-27,PE,37,Loja,Pix
P5297,Calça Masculina,115.8,93.31,22.49,NF393802,bshhjm@email.com,2025-03-15,2025-03-15,CE,M,Loja,Pix
P5298,Calça Masculina,272.89,174.75,98.14,NF935776,ircsov@email.com,2026-01-25,2026-01-26,PR,G,Loja,Dinheiro
P5299,Calça Feminina,438.14,282.94,155.2,NF313246,dzcyke@email.com,2025-01-10,2025-01-10,SC,37,Online,Cartão
P5300,Calça Feminina,233.98,151.85,82.13,NF824830,gqcgvb@email.com,2025-01-07,2025-01-08,RJ,39,Loja,Dinheiro
P5301,Tênis Feminino,163.03,91.8,71.23,NF712224,qhimsp@email.com,2025-09-15,2025-09-19,MG,42,Online,Dinheiro
P5302,Tênis Feminino,309.24,163.71,145.53,NF703715,xpmkww@email.com,2025-10-23,2025-10-27,RJ,36,Loja,Pix
P5303,Calça Feminina,90.22,69.25,20.97,NF679421,bfcptu@email.com,2025-05-21,2025-05-21,PE,36,Online,Pix
P5304,Calça Masculina,196.52,141.28,55.24,NF625861,gglivt@email.com,2025-12-28,2025-12-28,PR,38,Online,Dinheiro
P5305,Calça Masculina,404.33,209.89,194.44,NF640413,qmmgdw@email.com,2026-02-26,2026-02-26,BA,39,Loja,Boleto
P5306,Calça Masculina,435.08,279.75,155.33,NF413619,pgadqm@email.com,2025-02-06,2025-02-11,RS,M,Online,Dinheiro
P5307,Camiseta Feminina,352.57,278.07,74.5,NF941697,kbsruw@email.com,2026-01-22,2026-01-27,CE,40,Loja,Dinheiro
P5308,Camiseta Masculina,502.67,255.64,247.03,NF940948,acmkuv@email.com,2025-06-28,2025-07-03,BA,37,Online,Cartão
P5309,Camiseta Masculina,190.15,97.4,92.75,NF251852,pzdjcq@email.com,2025-07-25,2025-07-26,RJ,36,Online,Boleto
P5310,Tênis Masculino,198.46,112.74,85.72,NF575486,emvosk@email.com,2025-06-27,2025-07-01,PE,36,Loja,Dinheiro
P5311,Calça Feminina,355.21,292.56,62.65,NF768991,mlmvgo@email.com,2025-09-06,2025-09-08,MG,36,Loja,Pix
P5312,Camiseta Feminina,237.88,167.7,70.18,NF366337,rcuwqf@email.com,2025-04-29,2025-05-02,CE,G,Online,Pix
P5313,Tênis Masculino,206.16,122.1,84.06,NF848081,dpabde@email.com,2025-09-14,2025-09-15,PR,37,Loja,Cartão
P5314,Camiseta Feminina,222.37,166.2,56.17,NF992269,nbkxhe@email.com,2025-03-04,2025-03-07,RS,39,Online,Cartão
P5315,Calça Masculina,142.48,95.02,47.46,NF527299,pvrypz@email.com,2026-04-24,2026-04-26,CE,40,Loja,Pix
P5316,Camiseta Masculina,218.07,162.21,55.86,NF523428,nevsoj@email.com,2026-03-18,2026-03-22,RS,M,Loja,Cartão
P5317,Calça Feminina,500.56,254.48,246.08,NF852725,xdjdgt@email.com,2025-09-25,2025-09-30,SP,37,Loja,Cartão
P5318,Tênis Feminino,152.82,83.38,69.44,NF143328,jkrqkw@email.com,2025-07-15,2025-07-17,CE,37,Online,Cartão
P5319,Camiseta Feminina,429.21,275.36,153.85,NF952217,pnrpmy@email.com,2025-10-23,2025-10-23,BA,P,Online,Pix
P5320,Camiseta Masculina,156.86,101.31,55.55,NF452326,wtykcq@email.com,2026-04-03,2026-04-03,CE,M,Loja,Boleto
P5321,Calça Masculina,247.55,183.25,64.3,NF370770,bfktie@email.com,2025-12-17,2025-12-20,PR,39,Online,Pix
P5322,Camiseta Feminina,87.26,70.99,16.27,NF532189,acveyd@email.com,2025-07-13,2025-07-17,CE,37,Loja,Boleto
P5323,Camiseta Feminina,369.1,211.04,158.06,NF700697,sdratq@email.com,2025-10-16,2025-10-17,SC,39,Loja,Pix
P5324,Camiseta Feminina,109.63,68.57,41.06,NF598957,wogrkv@email.com,2026-02-01,2026-02-03,SP,39,Online,Pix
P5325,Camiseta Masculina,332.7,252.02,80.68,NF869253,fltsrz@email.com,2026-01-02,2026-01-03,BA,42,Loja,Dinheiro
P5326,Camiseta Masculina,355.85,217.38,138.47,NF811464,omoqzy@email.com,2025-11-18,2025-11-18,SP,38,Online,Cartão
P5327,Calça Masculina,289.91,182.72,107.19,NF636301,otokkt@email.com,2026-01-08,2026-01-10,RJ,41,Loja,Boleto
P5328,Camiseta Masculina,349.26,196.14,153.12,NF983323,qonqyd@email.com,2025-10-17,2025-10-22,MG,P,Online,Boleto
P5329,Tênis Feminino,423.75,216.0,207.75,NF273462,fmbtgf@email.com,2026-03-11,2026-03-11,PE,42,Online,Cartão
P5330,Tênis Feminino,168.95,89.79,79.16,NF852726,gtrspr@email.com,2025-11-30,2025-12-05,PB,G,Loja,Dinheiro
P5331,Calça Masculina,475.38,268.47,206.91,NF581879,vvbhrk@email.com,2025-02-19,2025-02-22,RJ,P,Loja,Pix
P5332,Tênis Masculino,422.14,256.66,165.48,NF386835,wzurer@email.com,2026-04-30,2026-05-05,RS,36,Loja,Pix
P5333,Calça Masculina,332.96,226.62,106.34,NF988279,voruxk@email.com,2026-03-03,2026-03-08,SC,P,Online,Cartão
P5334,Tênis Feminino,134.91,84.84,50.07,NF674672,aywzft@email.com,2025-07-09,2025-07-11,PB,36,Loja,Cartão
P5335,Tênis Feminino,273.11,177.44,95.67,NF322922,jgdpls@email.com,2026-04-18,2026-04-21,CE,42,Online,Boleto
P5336,Camiseta Feminina,254.52,158.03,96.49,NF877937,zjuuci@email.com,2026-03-29,2026-04-03,BA,36,Online,Pix
P5337,Calça Masculina,84.96,55.73,29.23,NF435760,dedvpr@email.com,2025-07-30,2025-08-03,RJ,G,Loja,Pix
P5338,Tênis Masculino,199.61,138.55,61.06,NF373831,rvumfx@email.com,2026-03-22,2026-03-27,BA,M,Loja,Cartão
P5339,Calça Feminina,128.54,71.38,57.16,NF112655,cmesxl@email.com,2025-03-17,2025-03-18,SC,41,Online,Cartão
P5340,Calça Feminina,200.44,113.29,87.15,NF971916,otiiaj@email.com,2025-04-23,2025-04-23,SP,40,Online,Cartão
P5341,Camiseta Feminina,487.38,290.39,196.99,NF821044,nlskoj@email.com,2025-03-24,2025-03-25,MG,37,Loja,Boleto
P5342,Calça Feminina,107.65,81.24,26.41,NF832864,jveogq@email.com,2026-04-20,2026-04-24,PB,36,Online,Boleto
P5343,Tênis Feminino,376.2,267.5,108.7,NF424433,ewbcaa@email.com,2025-12-13,2025-12-13,MG,37,Online,Boleto
P5344,Calça Masculina,526.8,281.28,245.52,NF458217,uqmanl@email.com,2026-03-21,2026-03-22,RS,37,Online,Boleto
P5345,Calça Masculina,382.79,198.3,184.49,NF852741,xkotch@email.com,2026-03-31,2026-03-31,RS,37,Online,Cartão
P5346,Tênis Feminino,370.61,206.29,164.32,NF198869,vmgwhk@email.com,2026-01-02,2026-01-03,PB,40,Online,Pix
P5347,Camiseta Masculina,405.48,229.34,176.14,NF659895,jekgon@email.com,2025-07-09,2025-07-09,PR,37,Loja,Pix
P5348,Camiseta Feminina,294.88,239.51,55.37,NF358311,ffuxpe@email.com,2026-03-18,2026-03-21,BA,G,Online,Boleto
P5349,Tênis Masculino,208.14,135.65,72.49,NF212797,xggqep@email.com,2025-01-03,2025-01-03,CE,38,Loja,Boleto
P5350,Tênis Masculino,125.88,70.92,54.96,NF976805,klfudo@email.com,2026-01-23,2026-01-28,SP,P,Online,Boleto
P5351,Tênis Feminino,369.42,193.46,175.96,NF987806,cbtqks@email.com,2026-03-13,2026-03-13,SP,G,Loja,Boleto
P5352,Camiseta Feminina,180.06,116.33,63.73,NF451851,lhejwn@email.com,2025-09-22,2025-09-24,RJ,38,Loja,Cartão
P5353,Tênis Feminino,325.16,215.07,110.09,NF771240,bqixaa@email.com,2025-09-26,2025-09-29,BA,40,Online,Pix
P5354,Camiseta Masculina,288.75,206.51,82.24,NF413262,cahfnn@email.com,2025-09-18,2025-09-23,CE,G,Loja,Dinheiro
P5355,Camiseta Feminina,490.0,299.13,190.87,NF976952,jugyiw@email.com,2026-02-02,2026-02-05,BA,P,Online,Dinheiro
P5356,Tênis Feminino,79.76,55.3,24.46,NF801785,szhcbb@email.com,2025-08-15,2025-08-15,SC,P,Loja,Cartão
P5357,Tênis Feminino,178.53,105.21,73.32,NF697487,hpqrht@email.com,2026-03-06,2026-03-09,RS,42,Online,Dinheiro
P5358,Calça Feminina,346.89,182.19,164.7,NF640499,wafelk@email.com,2026-02-02,2026-02-04,PE,37,Online,Dinheiro
P5359,Calça Masculina,276.63,205.92,70.71,NF937751,lcceqv@email.com,2025-01-11,2025-01-13,RS,41,Loja,Dinheiro
P5360,Tênis Masculino,76.83,57.71,19.12,NF937078,vpszsj@email.com,2025-07-19,2025-07-24,SC,M,Online,Cartão
P5361,Calça Masculina,284.33,179.77,104.56,NF336638,oryfbv@email.com,2025-09-24,2025-09-28,PB,M,Loja,Dinheiro
P5362,Calça Masculina,335.07,175.37,159.7,NF699849,ficqnp@email.com,2025-11-20,2025-11-22,MG,M,Loja,Pix
P5363,Tênis Masculino,309.06,161.87,147.19,NF645425,vylris@email.com,2025-10-31,2025-10-31,PR,M,Online,Pix
P5364,Camiseta Feminina,506.34,290.77,215.57,NF716632,dfxlky@email.com,2025-11-08,2025-11-09,RJ,G,Loja,Pix
P5365,Tênis Masculino,410.72,211.83,198.89,NF982016,pzkskp@email.com,2025-05-06,2025-05-10,MG,37,Loja,Dinheiro
P5366,Camiseta Masculina,368.53,199.17,169.36,NF139620,oczmxj@email.com,2025-08-27,2025-09-01,PB,37,Loja,Cartão
P5367,Camiseta Feminina,293.85,160.86,132.99,NF977683,uaapbp@email.com,2025-05-25,2025-05-29,PB,P,Loja,Cartão
P5368,Calça Masculina,528.08,269.5,258.58,NF659697,pkgfin@email.com,2025-02-25,2025-02-28,RS,37,Online,Pix
P5369,Tênis Masculino,352.68,285.77,66.91,NF701816,krkiyo@email.com,2025-10-20,2025-10-24,RS,36,Online,Dinheiro
P5370,Calça Feminina,272.45,165.16,107.29,NF452539,bcqrxg@email.com,2025-07-12,2025-07-17,SP,39,Loja,Pix
P5371,Calça Feminina,275.77,186.47,89.3,NF525102,oiexvp@email.com,2025-11-03,2025-11-08,PE,36,Online,Dinheiro
P5372,Calça Masculina,328.09,241.7,86.39,NF134505,sahgbz@email.com,2025-01-31,2025-02-01,PB,42,Loja,Pix
P5373,Camiseta Feminina,282.0,151.05,130.95,NF260038,kmiqdp@email.com,2026-01-28,2026-02-02,PR,42,Loja,Pix
P5374,Calça Feminina,366.99,196.03,170.96,NF828794,pvfydh@email.com,2025-06-17,2025-06-17,CE,M,Online,Pix
P5375,Tênis Feminino,339.31,172.82,166.49,NF547524,sckmns@email.com,2025-02-10,2025-02-13,PB,G,Loja,Cartão
P5376,Tênis Masculino,142.53,97.11,45.42,NF650665,qaedpu@email.com,2026-01-16,2026-01-20,PE,P,Online,Boleto
P5377,Camiseta Feminina,122.88,78.53,44.35,NF161899,lmtcht@email.com,2026-03-31,2026-04-05,PR,41,Loja,Pix
P5378,Camiseta Feminina,504.88,284.4,220.48,NF501819,znqlwp@email.com,2025-04-11,2025-04-11,CE,42,Loja,Boleto
P5379,Camiseta Feminina,153.85,96.13,57.72,NF735665,vscxee@email.com,2025-07-09,2025-07-09,SP,G,Online,Boleto
P5380,Tênis Masculino,467.18,279.94,187.24,NF240503,bksvtg@email.com,2025-10-31,2025-11-01,PR,38,Loja,Dinheiro
P5381,Camiseta Masculina,226.87,133.24,93.63,NF618955,mdvbza@email.com,2026-02-06,2026-02-07,SP,41,Loja,Boleto
P5382,Camiseta Masculina,181.29,97.43,83.86,NF619632,wuczwe@email.com,2025-12-20,2025-12-22,SP,42,Loja,Cartão
P5383,Camiseta Feminina,303.17,201.55,101.62,NF980700,olwwkr@email.com,2025-01-18,2025-01-20,CE,M,Online,Dinheiro
P5384,Calça Feminina,262.14,192.86,69.28,NF514646,wctiui@email.com,2025-10-14,2025-10-14,PE,M,Online,Boleto
P5385,Calça Masculina,81.76,53.38,28.38,NF995225,hpfhvh@email.com,2025-11-07,2025-11-10,PB,42,Loja,Pix
P5386,Calça Masculina,434.22,218.54,215.68,NF290757,xhbogq@email.com,2025-02-01,2025-02-04,PB,42,Online,Dinheiro
P5387,Calça Feminina,314.12,179.25,134.87,NF505526,jgktwt@email.com,2025-08-29,2025-08-29,SP,37,Online,Pix
P5388,Calça Feminina,328.93,190.04,138.89,NF549259,ymkokj@email.com,2025-03-15,2025-03-18,PE,36,Loja,Cartão
P5389,Tênis Masculino,274.93,144.42,130.51,NF237471,epshbt@email.com,2026-04-17,2026-04-22,MG,G,Online,Pix
P5390,Camiseta Feminina,152.25,89.4,62.85,NF766438,qhmqrp@email.com,2026-02-01,2026-02-01,PE,P,Online,Boleto
P5391,Tênis Masculino,430.11,275.23,154.88,NF203365,qtjpws@email.com,2025-03-27,2025-03-30,SP,39,Online,Dinheiro
P5392,Tênis Masculino,173.56,139.01,34.55,NF716670,daeprh@email.com,2025-06-13,2025-06-16,RS,41,Loja,Cartão
P5393,Camiseta Masculina,112.92,68.92,44.0,NF132679,ujftgu@email.com,2026-03-21,2026-03-26,CE,41,Loja,Cartão
P5394,Calça Masculina,384.04,215.1,168.94,NF697986,faexvy@email.com,2026-01-18,2026-01-21,PR,40,Loja,Cartão
P5395,Calça Feminina,414.81,219.91,194.9,NF642341,jglfrh@email.com,2025-12-09,2025-12-14,BA,M,Loja,Boleto
P5396,Calça Feminina,171.32,95.39,75.93,NF161527,ocywja@email.com,2026-03-06,2026-03-08,CE,M,Loja,Pix
P5397,Camiseta Feminina,128.35,76.27,52.08,NF104892,ftxuzs@email.com,2025-03-09,2025-03-10,SC,36,Loja,Boleto
P5398,Camiseta Feminina,91.57,60.18,31.39,NF213064,gtiqcc@email.com,2025-02-11,2025-02-14,PR,37,Online,Pix
P5399,Camiseta Masculina,247.15,171.75,75.4,NF248619,nxgevl@email.com,2025-05-01,2025-05-02,CE,P,Online,Dinheiro
P5400,Calça Masculina,295.67,158.36,137.31,NF640713,xiduab@email.com,2025-10-15,2025-10-20,CE,36,Loja,Pix
P5401,Calça Masculina,160.12,116.18,43.94,NF825427,gfhnqj@email.com,2025-11-12,2025-11-13,BA,G,Loja,Pix
P5402,Calça Masculina,469.53,257.62,211.91,NF536961,pjdcyh@email.com,2025-04-29,2025-05-01,MG,36,Online,Dinheiro
P5403,Calça Masculina,210.89,127.95,82.94,NF118459,fzmxel@email.com,2025-01-21,2025-01-26,MG,42,Online,Cartão
P5404,Camiseta Masculina,346.5,243.12,103.38,NF557644,pralbb@email.com,2025-04-11,2025-04-11,RJ,42,Online,Pix
P5405,Camiseta Feminina,245.62,147.04,98.58,NF307855,exxzna@email.com,2025-12-06,2025-12-06,CE,42,Loja,Boleto
P5406,Camiseta Feminina,107.96,69.78,38.18,NF260586,yrucks@email.com,2025-02-28,2025-03-02,RS,38,Online,Boleto
P5407,Camiseta Masculina,96.02,58.4,37.62,NF207549,zphtvk@email.com,2025-09-08,2025-09-09,RS,M,Loja,Boleto
P5408,Calça Masculina,204.69,109.78,94.91,NF720404,yvrkvi@email.com,2026-03-16,2026-03-21,CE,M,Loja,Dinheiro
P5409,Calça Masculina,294.55,238.55,56.0,NF155571,qtqkec@email.com,2025-10-09,2025-10-11,CE,39,Online,Cartão
P5410,Camiseta Feminina,269.85,175.32,94.53,NF478890,bwgtmb@email.com,2025-12-28,2025-12-30,MG,42,Online,Dinheiro
P5411,Tênis Feminino,314.13,215.11,99.02,NF196956,ugtkpo@email.com,2025-12-06,2025-12-06,PR,36,Loja,Cartão
P5412,Tênis Masculino,359.54,223.06,136.48,NF794118,imatth@email.com,2026-04-11,2026-04-11,PR,38,Loja,Dinheiro
P5413,Tênis Feminino,131.6,102.2,29.4,NF752568,qmfasb@email.com,2025-09-14,2025-09-17,RS,38,Loja,Dinheiro
P5414,Tênis Masculino,130.51,88.05,42.46,NF328101,ulzqtz@email.com,2026-03-11,2026-03-16,MG,37,Loja,Dinheiro
P5415,Camiseta Masculina,85.52,51.84,33.68,NF988529,jfpwkc@email.com,2026-01-17,2026-01-20,RS,41,Online,Cartão
P5416,Camiseta Masculina,306.72,253.34,53.38,NF458384,wuwpnv@email.com,2025-11-06,2025-11-08,PE,38,Loja,Boleto
P5417,Calça Feminina,404.47,217.68,186.79,NF954899,wmqvoe@email.com,2025-04-22,2025-04-22,SC,38,Loja,Dinheiro
P5418,Calça Feminina,308.5,221.27,87.23,NF557564,pemoyv@email.com,2025-05-25,2025-05-29,SC,41,Loja,Pix
P5419,Tênis Feminino,237.58,126.75,110.83,NF521132,jpnpvx@email.com,2026-02-26,2026-02-28,RJ,42,Online,Cartão
P5420,Calça Feminina,88.06,56.73,31.33,NF155138,bwszhu@email.com,2025-03-31,2025-03-31,RS,37,Loja,Pix
P5421,Tênis Masculino,450.77,280.76,170.01,NF953409,kggfek@email.com,2025-06-20,2025-06-20,PB,39,Loja,Dinheiro
P5422,Tênis Masculino,69.59,56.61,12.98,NF561223,uyxnbr@email.com,2026-03-14,2026-03-18,MG,41,Loja,Pix
P5423,Camiseta Masculina,142.7,83.2,59.5,NF269148,hrmwbs@email.com,2025-07-24,2025-07-24,PB,37,Online,Cartão
P5424,Tênis Feminino,433.74,232.26,201.48,NF552448,bjpybs@email.com,2026-01-07,2026-01-11,PE,G,Online,Cartão
P5425,Calça Masculina,327.87,178.39,149.48,NF742801,kqwfne@email.com,2025-11-03,2025-11-07,RS,37,Online,Pix
P5426,Tênis Feminino,97.93,73.51,24.42,NF272152,zmgzbv@email.com,2025-08-01,2025-08-04,CE,37,Online,Dinheiro
P5427,Tênis Feminino,230.01,146.27,83.74,NF552799,dctgil@email.com,2025-12-28,2025-12-30,RJ,38,Loja,Cartão
P5428,Camiseta Masculina,174.77,127.79,46.98,NF452577,ktunwi@email.com,2025-07-26,2025-07-26,SC,39,Loja,Dinheiro
P5429,Tênis Masculino,234.41,160.81,73.6,NF345989,rrhfvm@email.com,2025-10-06,2025-10-06,SP,39,Online,Pix
P5430,Tênis Feminino,390.43,269.53,120.9,NF559742,qyqrkm@email.com,2025-08-22,2025-08-25,CE,M,Online,Dinheiro
P5431,Camiseta Feminina,304.18,159.67,144.51,NF293840,yqhaol@email.com,2025-03-29,2025-03-30,SC,G,Loja,Boleto
P5432,Tênis Feminino,298.56,157.26,141.3,NF136276,soprgy@email.com,2025-07-21,2025-07-23,RJ,38,Online,Dinheiro
P5433,Tênis Feminino,472.13,240.52,231.61,NF698047,fbqxvm@email.com,2026-01-27,2026-01-28,RS,G,Loja,Cartão
P5434,Camiseta Masculina,128.73,77.16,51.57,NF317676,pjycfe@email.com,2025-02-16,2025-02-20,PB,39,Online,Pix
P5435,Tênis Feminino,581.24,292.49,288.75,NF612214,mgchnc@email.com,2025-04-19,2025-04-21,PR,41,Online,Pix
P5436,Tênis Masculino,280.2,157.52,122.68,NF601012,wzpisw@email.com,2025-04-07,2025-04-12,RJ,M,Online,Dinheiro
P5437,Tênis Masculino,328.93,172.28,156.65,NF103280,jqrnem@email.com,2025-08-22,2025-08-23,PR,P,Online,Boleto
P5438,Camiseta Masculina,294.54,160.39,134.15,NF320779,aovfcs@email.com,2025-05-24,2025-05-27,RS,P,Loja,Cartão
P5439,Camiseta Feminina,208.71,137.9,70.81,NF492960,iegkmb@email.com,2025-03-28,2025-04-01,PE,P,Online,Dinheiro
P5440,Camiseta Masculina,391.41,239.03,152.38,NF261777,gjwkfv@email.com,2025-02-26,2025-03-02,RS,37,Loja,Dinheiro
P5441,Calça Feminina,228.74,135.57,93.17,NF979969,jimfpp@email.com,2025-01-13,2025-01-17,CE,42,Loja,Boleto
P5442,Tênis Masculino,307.78,158.01,149.77,NF828019,cpraul@email.com,2025-06-11,2025-06-15,MG,40,Online,Boleto
P5443,Calça Masculina,138.24,105.98,32.26,NF891783,jlkwdn@email.com,2025-03-04,2025-03-08,PR,P,Loja,Pix
P5444,Tênis Feminino,108.38,72.11,36.27,NF975083,lodwic@email.com,2025-05-19,2025-05-20,PB,37,Loja,Cartão
P5445,Tênis Masculino,94.49,65.79,28.7,NF214150,prrhix@email.com,2026-03-16,2026-03-18,SC,37,Online,Dinheiro
P5446,Tênis Masculino,421.78,245.02,176.76,NF989845,qglfye@email.com,2025-04-10,2025-04-11,RJ,36,Loja,Boleto
P5447,Tênis Feminino,90.38,58.68,31.7,NF536420,dembyp@email.com,2025-04-02,2025-04-06,SC,M,Loja,Pix
P5448,Tênis Masculino,142.15,76.66,65.49,NF534677,bccbbk@email.com,2025-05-26,2025-05-27,PR,42,Loja,Boleto
P5449,Calça Feminina,173.88,144.82,29.06,NF197842,hyxbbw@email.com,2026-04-04,2026-04-06,BA,38,Loja,Pix
P5450,Camiseta Feminina,259.03,129.83,129.2,NF742121,wosevt@email.com,2025-06-15,2025-06-19,CE,M,Loja,Cartão
P5451,Calça Masculina,520.05,282.73,237.32,NF983971,hcicnw@email.com,2025-10-03,2025-10-03,PR,P,Loja,Pix
P5452,Tênis Masculino,445.2,249.68,195.52,NF706346,orqdwu@email.com,2025-04-21,2025-04-26,PR,M,Online,Boleto
P5453,Calça Masculina,212.73,158.8,53.93,NF274943,rjfenk@email.com,2026-03-22,2026-03-27,RS,40,Online,Dinheiro
P5454,Tênis Feminino,361.12,259.32,101.8,NF858931,snnunn@email.com,2026-03-19,2026-03-19,PR,40,Loja,Boleto
P5455,Camiseta Masculina,328.39,258.28,70.11,NF644269,lumuma@email.com,2025-08-19,2025-08-19,CE,G,Loja,Dinheiro
P5456,Tênis Feminino,328.34,195.54,132.8,NF624384,zkzemz@email.com,2025-03-15,2025-03-15,PR,G,Loja,Boleto
P5457,Camiseta Feminina,149.21,105.93,43.28,NF581936,foneox@email.com,2025-06-13,2025-06-18,PR,41,Loja,Dinheiro
P5458,Tênis Masculino,189.44,127.37,62.07,NF444192,tdhlbk@email.com,2025-10-14,2025-10-14,RS,M,Loja,Pix
P5459,Camiseta Feminina,216.95,171.68,45.27,NF304566,bhigbz@email.com,2025-06-11,2025-06-15,MG,42,Loja,Cartão
P5460,Tênis Feminino,109.3,63.65,45.65,NF457038,ugsckt@email.com,2025-02-18,2025-02-23,SP,P,Loja,Dinheiro
P5461,Tênis Feminino,117.47,91.26,26.21,NF306588,zkeoje@email.com,2025-02-18,2025-02-18,SC,40,Online,Cartão
P5462,Calça Masculina,164.21,104.5,59.71,NF264938,ewfvkg@email.com,2026-04-24,2026-04-29,PB,36,Online,Cartão
P5463,Tênis Feminino,328.93,231.76,97.17,NF730182,svrrts@email.com,2025-06-19,2025-06-23,RJ,39,Loja,Cartão
P5464,Tênis Feminino,503.04,274.46,228.58,NF652497,bgfaye@email.com,2025-07-04,2025-07-08,MG,41,Loja,Dinheiro
P5465,Tênis Feminino,503.13,281.64,221.49,NF892684,rhryop@email.com,2026-03-29,2026-04-01,CE,41,Online,Cartão
P5466,Tênis Masculino,161.76,132.06,29.7,NF418272,pdbgmm@email.com,2025-09-02,2025-09-05,RJ,41,Online,Pix
P5467,Camiseta Feminina,115.63,82.74,32.89,NF802140,moyftl@email.com,2025-09-03,2025-09-07,RJ,38,Online,Dinheiro
P5468,Calça Feminina,451.85,293.46,158.39,NF344492,jkymkd@email.com,2026-01-23,2026-01-26,PE,M,Loja,Pix
P5469,Calça Masculina,257.27,154.03,103.24,NF400563,mmtrix@email.com,2026-04-23,2026-04-23,RJ,37,Online,Boleto
P5470,Calça Feminina,335.31,169.25,166.06,NF635294,aaksvp@email.com,2025-07-04,2025-07-08,PB,G,Online,Dinheiro
P5471,Calça Masculina,367.46,279.08,88.38,NF842755,ralric@email.com,2026-02-24,2026-02-26,PR,39,Online,Cartão
P5472,Tênis Masculino,165.52,94.69,70.83,NF594349,clrsna@email.com,2025-07-14,2025-07-16,PR,38,Online,Dinheiro
P5473,Tênis Masculino,300.44,222.3,78.14,NF122564,emeibe@email.com,2026-04-24,2026-04-28,CE,40,Online,Dinheiro
P5474,Tênis Feminino,143.19,72.52,70.67,NF880305,ftynte@email.com,2025-07-13,2025-07-14,RJ,P,Online,Cartão
P5475,Calça Masculina,448.55,298.62,149.93,NF380250,tcgkag@email.com,2026-03-09,2026-03-12,BA,P,Loja,Dinheiro
P5476,Camiseta Masculina,143.19,101.3,41.89,NF976206,wvrmes@email.com,2026-03-21,2026-03-24,SP,36,Online,Pix
P5477,Camiseta Feminina,164.55,118.28,46.27,NF148803,eftrcn@email.com,2025-07-17,2025-07-22,BA,39,Online,Cartão
P5478,Tênis Feminino,278.94,194.42,84.52,NF298117,edssqo@email.com,2026-02-01,2026-02-01,SP,38,Loja,Pix
P5479,Tênis Feminino,185.57,126.73,58.84,NF498350,skdxcr@email.com,2025-11-18,2025-11-18,SP,39,Online,Boleto
P5480,Camiseta Masculina,287.37,214.44,72.93,NF878367,weonio@email.com,2025-09-24,2025-09-24,PB,36,Loja,Pix
P5481,Camiseta Masculina,146.06,86.99,59.07,NF942510,glosdg@email.com,2025-11-28,2025-11-29,RJ,42,Online,Cartão
P5482,Camiseta Feminina,293.58,186.25,107.33,NF663329,inszfp@email.com,2025-06-22,2025-06-27,PB,42,Online,Cartão
P5483,Calça Feminina,224.49,148.14,76.35,NF455555,jwjsgv@email.com,2025-05-08,2025-05-13,SC,36,Online,Boleto
P5484,Calça Feminina,198.11,144.58,53.53,NF924587,fizgxh@email.com,2025-10-16,2025-10-18,PB,37,Loja,Cartão
P5485,Tênis Masculino,545.06,278.69,266.37,NF216516,iwxucf@email.com,2025-09-23,2025-09-24,MG,39,Loja,Boleto
P5486,Camiseta Masculina,77.93,50.72,27.21,NF795465,tkkuag@email.com,2025-02-23,2025-02-28,PB,M,Loja,Cartão
P5487,Tênis Masculino,372.8,272.17,100.63,NF540954,xrseql@email.com,2026-01-06,2026-01-08,PB,42,Loja,Pix
P5488,Calça Masculina,311.74,186.05,125.69,NF650397,kprhcv@email.com,2026-04-27,2026-05-02,SP,42,Online,Boleto
P5489,Calça Masculina,244.12,181.09,63.03,NF886258,eunkbs@email.com,2025-09-23,2025-09-23,PE,36,Loja,Boleto
P5490,Calça Masculina,409.11,259.25,149.86,NF383035,lrwodk@email.com,2026-01-18,2026-01-21,BA,38,Loja,Cartão
P5491,Calça Feminina,402.88,210.82,192.06,NF591742,khswsw@email.com,2025-09-22,2025-09-25,SP,40,Loja,Boleto
P5492,Calça Feminina,200.89,141.09,59.8,NF448208,ytqswm@email.com,2025-08-16,2025-08-19,PE,P,Online,Boleto
P5493,Tênis Masculino,384.92,295.78,89.14,NF911710,kphxxw@email.com,2026-01-18,2026-01-19,RJ,G,Online,Boleto
P5494,Camiseta Feminina,143.21,91.26,51.95,NF871588,oqdiar@email.com,2026-01-09,2026-01-13,RS,42,Loja,Cartão
P5495,Calça Feminina,134.42,78.3,56.12,NF563214,zllyxc@email.com,2025-08-23,2025-08-27,RS,M,Online,Pix
P5496,Camiseta Masculina,198.8,152.75,46.05,NF811089,asjpkz@email.com,2025-12-28,2025-12-30,SC,36,Loja,Boleto
P5497,Tênis Masculino,352.25,220.97,131.28,NF163819,dzzjyy@email.com,2026-04-20,2026-04-24,PE,G,Loja,Pix
P5498,Tênis Masculino,168.69,96.77,71.92,NF339011,jcyqjc@email.com,2025-03-12,2025-03-13,PB,P,Online,Cartão
P5499,Tênis Feminino,113.26,79.62,33.64,NF114158,wdrwwm@email.com,2026-02-23,2026-02-23,RJ,M,Online,Boleto
P5500,Calça Masculina,504.64,267.37,237.27,NF533663,ehuhzd@email.com,2025-12-07,2025-12-08,SP,36,Loja,Boleto
P5501,Calça Masculina,403.47,203.68,199.79,NF207607,krmjyu@email.com,2025-08-25,2025-08-28,MG,42,Loja,Boleto
P5502,Camiseta Masculina,357.77,207.61,150.16,NF914060,slbwia@email.com,2025-07-18,2025-07-22,SP,40,Loja,Dinheiro
P5503,Calça Masculina,416.81,234.88,181.93,NF583553,gbqnmw@email.com,2025-05-13,2025-05-13,SP,36,Loja,Pix
P5504,Tênis Feminino,276.72,140.29,136.43,NF624935,vhypqo@email.com,2026-04-08,2026-04-12,SC,39,Online,Pix
P5505,Tênis Masculino,159.37,109.35,50.02,NF505878,voprva@email.com,2025-07-30,2025-08-04,SC,40,Loja,Dinheiro
P5506,Calça Feminina,104.11,57.35,46.76,NF426758,pcdptz@email.com,2026-01-11,2026-01-12,PB,42,Online,Cartão
P5507,Calça Masculina,119.92,86.59,33.33,NF771302,wdnkpc@email.com,2025-07-24,2025-07-28,PR,37,Online,Cartão
P5508,Calça Masculina,306.4,189.55,116.85,NF889345,hkmwpr@email.com,2025-01-12,2025-01-17,SC,37,Loja,Pix
P5509,Calça Masculina,411.48,213.66,197.82,NF205663,tqyaoq@email.com,2026-01-13,2026-01-14,RJ,40,Online,Cartão
P5510,Tênis Masculino,258.55,135.58,122.97,NF813739,bqbutv@email.com,2026-03-12,2026-03-15,PE,M,Online,Pix
P5511,Calça Masculina,288.1,176.5,111.6,NF672475,nikcgh@email.com,2025-07-08,2025-07-08,RS,42,Online,Cartão
P5512,Camiseta Masculina,140.56,105.47,35.09,NF206396,squujt@email.com,2025-06-13,2025-06-17,SP,42,Online,Pix
P5513,Tênis Masculino,469.64,282.64,187.0,NF500382,nndkig@email.com,2025-09-11,2025-09-16,SC,38,Online,Boleto
P5514,Calça Feminina,430.49,264.49,166.0,NF437807,zbwkcp@email.com,2025-11-07,2025-11-11,RJ,G,Online,Cartão
P5515,Camiseta Masculina,162.95,119.62,43.33,NF971806,zqfevj@email.com,2026-02-13,2026-02-17,BA,39,Online,Dinheiro
P5516,Camiseta Masculina,267.82,173.86,93.96,NF222423,isedzf@email.com,2025-08-03,2025-08-04,PE,37,Online,Dinheiro
P5517,Tênis Feminino,539.97,294.48,245.49,NF425746,sajqes@email.com,2025-11-25,2025-11-25,MG,42,Loja,Cartão
P5518,Calça Masculina,398.47,253.01,145.46,NF420436,pqgayr@email.com,2025-07-13,2025-07-14,RS,G,Loja,Dinheiro
P5519,Tênis Feminino,367.54,213.13,154.41,NF713177,amogcu@email.com,2025-07-23,2025-07-28,SC,38,Online,Dinheiro
P5520,Tênis Feminino,136.89,101.39,35.5,NF633969,zktlnh@email.com,2025-06-20,2025-06-21,RJ,P,Loja,Pix
P5521,Calça Feminina,244.1,147.09,97.01,NF495431,ibrufn@email.com,2025-07-14,2025-07-14,PE,M,Loja,Dinheiro
P5522,Tênis Feminino,176.2,113.77,62.43,NF111200,kkxifm@email.com,2025-09-24,2025-09-25,BA,37,Loja,Pix
P5523,Calça Feminina,157.32,103.72,53.6,NF287576,ruqejx@email.com,2025-10-19,2025-10-20,PR,42,Online,Cartão
P5524,Calça Feminina,449.87,287.22,162.65,NF217765,abakpp@email.com,2025-05-12,2025-05-17,RJ,42,Online,Dinheiro
P5525,Tênis Feminino,335.53,179.4,156.13,NF514181,ikalux@email.com,2025-09-24,2025-09-29,MG,42,Loja,Dinheiro
P5526,Calça Masculina,197.96,101.31,96.65,NF884098,eoyvfd@email.com,2025-08-05,2025-08-10,BA,G,Loja,Boleto
P5527,Tênis Feminino,149.53,115.89,33.64,NF723449,rovvov@email.com,2025-09-04,2025-09-05,RS,38,Online,Pix
P5528,Calça Masculina,138.91,102.61,36.3,NF494649,whnmcb@email.com,2025-12-05,2025-12-08,SP,36,Online,Dinheiro
P5529,Tênis Masculino,248.11,178.8,69.31,NF902245,dsundj@email.com,2025-04-24,2025-04-28,RS,39,Online,Dinheiro
P5530,Camiseta Masculina,334.03,209.9,124.13,NF847754,upxcih@email.com,2025-10-18,2025-10-23,SP,37,Online,Dinheiro
P5531,Calça Masculina,129.42,105.16,24.26,NF517124,kbzfny@email.com,2026-01-23,2026-01-26,PE,37,Loja,Cartão
P5532,Camiseta Masculina,178.43,108.97,69.46,NF828523,tgjnvj@email.com,2026-03-30,2026-04-04,CE,P,Online,Pix
P5533,Calça Feminina,237.06,140.37,96.69,NF587737,bgvefi@email.com,2025-03-08,2025-03-09,SP,39,Loja,Cartão
P5534,Tênis Feminino,207.05,106.18,100.87,NF365589,mqpdcl@email.com,2025-07-26,2025-07-31,RJ,38,Online,Dinheiro
P5535,Calça Feminina,317.89,189.41,128.48,NF774826,svrzrq@email.com,2026-02-16,2026-02-17,RS,41,Online,Dinheiro
P5536,Tênis Feminino,518.54,283.04,235.5,NF487749,usjumb@email.com,2025-06-11,2025-06-16,MG,G,Online,Dinheiro
P5537,Calça Feminina,155.62,128.74,26.88,NF478576,arnqvs@email.com,2025-12-06,2025-12-07,PE,P,Online,Pix
P5538,Camiseta Masculina,220.77,176.21,44.56,NF768088,ghiafk@email.com,2025-08-04,2025-08-07,PE,G,Loja,Cartão
P5539,Camiseta Feminina,148.06,117.82,30.24,NF292263,zkbrzy@email.com,2025-08-11,2025-08-16,PE,42,Loja,Cartão
P5540,Calça Feminina,95.13,59.58,35.55,NF611157,thwmqb@email.com,2025-09-06,2025-09-06,SP,P,Online,Dinheiro
P5541,Calça Feminina,439.36,236.68,202.68,NF161525,pqeytr@email.com,2026-03-10,2026-03-15,PB,42,Online,Cartão
P5542,Camiseta Masculina,187.89,94.85,93.04,NF130319,qxekng@email.com,2025-07-24,2025-07-27,RJ,37,Online,Dinheiro
P5543,Calça Feminina,437.58,228.77,208.81,NF750520,jqiztb@email.com,2025-11-24,2025-11-24,RS,39,Online,Pix
P5544,Tênis Masculino,70.15,50.19,19.96,NF789016,kvfbux@email.com,2025-06-18,2025-06-21,BA,41,Loja,Pix
P5545,Calça Masculina,358.94,202.15,156.79,NF534640,zbrxam@email.com,2025-07-06,2025-07-11,PB,40,Loja,Boleto
P5546,Camiseta Feminina,248.95,196.09,52.86,NF718456,ejnyva@email.com,2025-07-04,2025-07-05,PE,P,Online,Cartão
P5547,Calça Feminina,503.2,274.06,229.14,NF352796,vmibep@email.com,2025-10-11,2025-10-12,SP,37,Online,Pix
P5548,Tênis Feminino,258.8,180.3,78.5,NF856461,cttoli@email.com,2025-04-16,2025-04-19,PE,M,Loja,Cartão
P5549,Tênis Feminino,303.18,200.89,102.29,NF857057,emphkn@email.com,2025-04-12,2025-04-15,RJ,40,Loja,Boleto
P5550,Calça Feminina,271.79,164.82,106.97,NF115340,rqopqe@email.com,2025-02-26,2025-02-27,RS,40,Loja,Boleto
P5551,Camiseta Masculina,224.29,153.13,71.16,NF220790,bkovqt@email.com,2026-04-26,2026-04-27,RJ,37,Online,Cartão
P5552,Tênis Feminino,80.39,56.69,23.7,NF333210,irdvls@email.com,2025-04-03,2025-04-05,SC,41,Online,Pix
P5553,Tênis Feminino,102.73,52.56,50.17,NF868405,xlzhxt@email.com,2025-06-17,2025-06-22,PR,41,Online,Pix
P5554,Camiseta Feminina,361.27,186.15,175.12,NF856862,hyttxr@email.com,2025-07-05,2025-07-09,PE,40,Loja,Boleto
P5555,Camiseta Masculina,343.86,229.99,113.87,NF744921,imkojk@email.com,2026-02-17,2026-02-17,BA,40,Online,Dinheiro
P5556,Tênis Masculino,222.86,139.09,83.77,NF946708,lpfuhg@email.com,2025-02-06,2025-02-08,SC,P,Loja,Cartão
P5557,Tênis Feminino,214.32,108.5,105.82,NF262331,jbpijo@email.com,2025-12-29,2026-01-03,MG,42,Loja,Cartão
P5558,Calça Feminina,500.21,266.97,233.24,NF719721,ywiqvi@email.com,2026-01-10,2026-01-14,PE,38,Loja,Cartão
P5559,Camiseta Feminina,328.04,193.98,134.06,NF161152,hnucdh@email.com,2026-03-03,2026-03-08,PR,M,Online,Cartão
P5560,Tênis Feminino,79.18,60.62,18.56,NF684989,fwapjy@email.com,2025-02-17,2025-02-21,CE,P,Loja,Boleto
P5561,Calça Masculina,389.51,237.44,152.07,NF741587,nvmbxv@email.com,2025-04-04,2025-04-09,PB,40,Loja,Pix
P5562,Tênis Feminino,235.83,163.71,72.12,NF606455,blwsce@email.com,2025-03-28,2025-04-01,SP,39,Online,Dinheiro
P5563,Camiseta Masculina,72.46,58.09,14.37,NF319427,nnsynn@email.com,2025-11-29,2025-12-01,PE,37,Loja,Boleto
P5564,Tênis Masculino,539.83,284.65,255.18,NF297009,sxuxps@email.com,2025-06-29,2025-06-29,PB,37,Loja,Cartão
P5565,Calça Masculina,90.11,55.04,35.07,NF836511,lvfuex@email.com,2025-03-05,2025-03-05,MG,G,Online,Dinheiro
P5566,Tênis Masculino,359.45,247.04,112.41,NF566685,iwjibo@email.com,2025-01-09,2025-01-12,PE,P,Loja,Dinheiro
P5567,Camiseta Feminina,88.11,63.73,24.38,NF474874,besete@email.com,2025-08-28,2025-09-02,SC,39,Online,Pix
P5568,Camiseta Feminina,187.48,116.15,71.33,NF981048,xcjqpn@email.com,2025-12-13,2025-12-16,RJ,42,Loja,Cartão
P5569,Calça Masculina,258.28,166.18,92.1,NF838118,wzfkgb@email.com,2025-11-02,2025-11-02,PB,41,Loja,Pix
P5570,Camiseta Feminina,473.32,247.16,226.16,NF852202,rtpimv@email.com,2025-04-11,2025-04-13,RS,37,Online,Boleto
P5571,Camiseta Masculina,517.65,262.43,255.22,NF204195,vupfqj@email.com,2025-03-02,2025-03-02,SP,36,Loja,Cartão
P5572,Tênis Masculino,416.43,288.6,127.83,NF233910,fjqccc@email.com,2025-09-26,2025-09-28,MG,G,Online,Boleto
P5573,Tênis Feminino,143.35,96.27,47.08,NF450117,kwlzuq@email.com,2025-05-09,2025-05-10,RS,39,Loja,Pix
P5574,Tênis Feminino,413.23,212.23,201.0,NF962418,yitmla@email.com,2025-11-17,2025-11-21,RS,39,Loja,Dinheiro
P5575,Camiseta Feminina,252.56,132.58,119.98,NF976748,akxnqn@email.com,2025-01-26,2025-01-27,SP,39,Online,Pix
P5576,Camiseta Feminina,422.09,288.21,133.88,NF471321,xrmwdt@email.com,2025-03-09,2025-03-10,SC,M,Online,Cartão
P5577,Camiseta Masculina,383.11,220.12,162.99,NF298746,qdmfsr@email.com,2025-11-11,2025-11-13,PR,38,Online,Cartão
P5578,Calça Masculina,295.27,238.52,56.75,NF533193,wnhrjs@email.com,2025-11-03,2025-11-06,PB,P,Online,Cartão
P5579,Tênis Masculino,237.51,134.42,103.09,NF597087,apmvgg@email.com,2025-04-09,2025-04-13,BA,40,Online,Pix
P5580,Camiseta Masculina,501.55,252.55,249.0,NF612246,fqmudq@email.com,2025-07-25,2025-07-30,PR,G,Loja,Cartão
P5581,Calça Feminina,241.94,143.82,98.12,NF983532,pdjotz@email.com,2025-10-31,2025-11-04,RS,M,Online,Dinheiro
P5582,Camiseta Masculina,302.37,233.91,68.46,NF944889,bbkcyd@email.com,2025-04-29,2025-05-02,PR,P,Loja,Cartão
P5583,Tênis Feminino,153.39,125.29,28.1,NF288848,yrlzta@email.com,2025-02-21,2025-02-23,PR,40,Online,Dinheiro
P5584,Calça Masculina,146.32,103.24,43.08,NF158336,acbeww@email.com,2025-07-25,2025-07-29,PR,42,Loja,Cartão
P5585,Calça Masculina,269.71,135.78,133.93,NF192509,upatpo@email.com,2025-11-24,2025-11-27,SP,P,Online,Cartão
P5586,Tênis Feminino,174.79,135.3,39.49,NF387701,jzgsgf@email.com,2025-01-22,2025-01-25,PB,41,Online,Boleto
P5587,Tênis Feminino,351.89,283.21,68.68,NF181972,ndjglo@email.com,2025-12-12,2025-12-12,PB,P,Online,Dinheiro
P5588,Calça Masculina,386.07,274.52,111.55,NF816626,dgzwgj@email.com,2025-04-28,2025-04-30,PB,36,Online,Dinheiro
P5589,Tênis Feminino,182.69,113.04,69.65,NF633635,vdzccq@email.com,2026-04-26,2026-04-28,SP,39,Online,Dinheiro
P5590,Camiseta Masculina,238.16,154.78,83.38,NF101357,hedagc@email.com,2025-12-16,2025-12-21,RJ,G,Loja,Dinheiro
P5591,Camiseta Feminina,156.41,121.8,34.61,NF316276,cztvfz@email.com,2025-12-22,2025-12-22,MG,37,Online,Cartão
P5592,Tênis Masculino,398.76,264.35,134.41,NF802405,yridpu@email.com,2026-01-11,2026-01-15,RJ,38,Online,Pix
P5593,Camiseta Masculina,76.36,52.74,23.62,NF802175,uyrzts@email.com,2025-11-12,2025-11-12,PR,36,Loja,Pix
P5594,Camiseta Feminina,278.83,143.94,134.89,NF710444,qojkht@email.com,2025-12-12,2025-12-14,PR,G,Online,Dinheiro
P5595,Camiseta Feminina,345.88,197.71,148.17,NF658759,zxnfpe@email.com,2025-07-02,2025-07-05,PR,38,Loja,Boleto
P5596,Calça Feminina,367.19,248.72,118.47,NF506378,ywjzdg@email.com,2025-02-18,2025-02-18,PB,36,Loja,Dinheiro
P5597,Tênis Feminino,455.9,263.91,191.99,NF309950,rrcahp@email.com,2025-12-28,2025-12-31,PB,37,Loja,Pix
P5598,Camiseta Masculina,330.41,258.79,71.62,NF248459,egwncv@email.com,2025-08-09,2025-08-13,PR,G,Loja,Pix
P5599,Calça Masculina,272.37,147.36,125.01,NF431447,rvswsg@email.com,2025-11-02,2025-11-05,SC,37,Online,Pix
P5600,Tênis Masculino,159.23,131.82,27.41,NF311603,pcnxvb@email.com,2025-07-09,2025-07-14,PR,36,Loja,Pix
P5601,Tênis Feminino,125.33,82.93,42.4,NF699601,eegbwo@email.com,2025-01-27,2025-01-28,PE,39,Online,Boleto
P5602,Tênis Masculino,423.51,244.48,179.03,NF799590,estdzh@email.com,2025-10-06,2025-10-08,MG,36,Loja,Cartão
P5603,Calça Masculina,220.98,177.15,43.83,NF498903,crbjot@email.com,2025-10-15,2025-10-16,CE,39,Online,Boleto
P5604,Calça Feminina,116.25,71.62,44.63,NF873269,sabcsd@email.com,2025-02-26,2025-03-03,MG,37,Loja,Dinheiro
P5605,Tênis Masculino,505.17,287.32,217.85,NF651842,ftqjjx@email.com,2025-07-19,2025-07-23,RS,P,Loja,Boleto
P5606,Camiseta Masculina,230.81,145.29,85.52,NF900670,bbhcfz@email.com,2025-04-05,2025-04-09,RS,M,Online,Pix
P5607,Tênis Masculino,102.1,84.51,17.59,NF905549,uxfelt@email.com,2026-03-20,2026-03-23,PB,P,Online,Pix
P5608,Tênis Masculino,232.59,147.66,84.93,NF140662,nncoqy@email.com,2025-12-10,2025-12-10,BA,38,Online,Dinheiro
P5609,Calça Masculina,256.83,167.27,89.56,NF980708,xnoyfl@email.com,2025-05-11,2025-05-15,CE,36,Online,Pix
P5610,Camiseta Masculina,453.24,244.24,209.0,NF766350,ecizwt@email.com,2025-06-25,2025-06-27,PR,36,Loja,Boleto
P5611,Tênis Masculino,352.4,288.54,63.86,NF298178,ulimix@email.com,2025-05-27,2025-05-31,RJ,39,Online,Dinheiro
P5612,Camiseta Feminina,364.68,277.98,86.7,NF123833,kmypbb@email.com,2025-12-08,2025-12-11,SC,42,Loja,Boleto
P5613,Camiseta Masculina,249.42,146.7,102.72,NF695232,iyueqq@email.com,2025-06-14,2025-06-18,PR,42,Loja,Pix
P5614,Camiseta Masculina,390.73,206.73,184.0,NF125027,mhnabc@email.com,2025-03-10,2025-03-15,PR,42,Loja,Dinheiro
P5615,Tênis Feminino,298.55,166.05,132.5,NF852073,cwsdge@email.com,2025-03-22,2025-03-24,PB,G,Loja,Pix
P5616,Camiseta Masculina,102.32,54.58,47.74,NF670858,ielqrs@email.com,2025-02-10,2025-02-14,SC,38,Loja,Boleto
P5617,Calça Feminina,563.48,294.69,268.79,NF151227,gsblkz@email.com,2026-01-20,2026-01-22,PE,M,Online,Pix
P5618,Camiseta Feminina,259.63,180.32,79.31,NF374792,wvcedv@email.com,2025-01-29,2025-01-30,BA,41,Online,Pix
P5619,Tênis Masculino,88.61,67.27,21.34,NF273415,rqzbbp@email.com,2025-05-30,2025-05-31,SP,38,Online,Boleto
P5620,Calça Feminina,122.31,93.99,28.32,NF934573,kztypa@email.com,2026-01-11,2026-01-14,SP,37,Loja,Pix
P5621,Calça Feminina,316.55,233.29,83.26,NF532237,eqhblx@email.com,2026-04-29,2026-05-01,BA,37,Loja,Cartão
P5622,Tênis Feminino,316.79,166.82,149.97,NF677829,qndjsq@email.com,2025-07-11,2025-07-12,PR,42,Loja,Boleto
P5623,Calça Masculina,462.08,238.78,223.3,NF493954,whkglo@email.com,2025-04-07,2025-04-11,RS,G,Online,Boleto
P5624,Camiseta Masculina,411.79,273.16,138.63,NF403853,otqhvl@email.com,2025-09-10,2025-09-11,PB,38,Online,Dinheiro
P5625,Tênis Feminino,446.24,266.59,179.65,NF695462,eoykgj@email.com,2025-09-29,2025-09-29,BA,38,Online,Cartão
P5626,Tênis Masculino,471.74,256.16,215.58,NF577695,zofrzw@email.com,2025-05-02,2025-05-03,MG,42,Online,Pix
P5627,Camiseta Masculina,350.17,246.52,103.65,NF603858,ylzjwk@email.com,2025-04-07,2025-04-08,PB,42,Online,Boleto
P5628,Calça Masculina,337.61,171.5,166.11,NF853771,tsmnsx@email.com,2025-08-29,2025-09-03,MG,37,Online,Cartão
P5629,Camiseta Feminina,122.95,61.72,61.23,NF901853,vtbuqw@email.com,2025-01-23,2025-01-25,PB,37,Online,Cartão
P5630,Camiseta Masculina,119.74,81.12,38.62,NF229546,okuvom@email.com,2025-01-05,2025-01-09,CE,P,Online,Pix
P5631,Tênis Masculino,199.87,103.29,96.58,NF493774,qtpuyb@email.com,2025-02-24,2025-02-27,PE,P,Online,Cartão
P5632,Camiseta Masculina,303.31,245.09,58.22,NF214808,hzjxif@email.com,2026-03-30,2026-04-03,SP,40,Loja,Pix
P5633,Camiseta Masculina,157.87,107.24,50.63,NF600100,hwsjha@email.com,2025-04-09,2025-04-13,RS,P,Loja,Boleto
P5634,Tênis Masculino,144.6,109.52,35.08,NF165703,tibxfc@email.com,2025-08-17,2025-08-17,CE,M,Online,Boleto
P5635,Calça Masculina,465.97,261.13,204.84,NF447976,rqqkve@email.com,2025-06-25,2025-06-27,CE,42,Online,Dinheiro
P5636,Tênis Masculino,504.92,276.28,228.64,NF397324,rdfdxt@email.com,2025-03-06,2025-03-06,PE,38,Online,Cartão
P5637,Tênis Masculino,128.12,68.93,59.19,NF885017,otgykd@email.com,2025-12-10,2025-12-10,RJ,P,Loja,Pix
P5638,Calça Masculina,204.54,128.87,75.67,NF968492,dzrdcw@email.com,2025-12-08,2025-12-10,CE,36,Online,Boleto
P5639,Calça Masculina,367.21,234.53,132.68,NF126229,hyqese@email.com,2025-01-07,2025-01-12,SC,38,Loja,Pix
P5640,Calça Masculina,173.58,96.2,77.38,NF495000,ivwmun@email.com,2025-04-14,2025-04-17,CE,36,Loja,Dinheiro
P5641,Tênis Feminino,422.88,293.31,129.57,NF474613,afkowi@email.com,2025-12-17,2025-12-17,PR,36,Loja,Boleto
P5642,Calça Masculina,398.64,271.39,127.25,NF120186,glaigr@email.com,2025-04-26,2025-04-27,RJ,P,Online,Boleto
P5643,Tênis Feminino,134.17,111.67,22.5,NF653960,kkidyq@email.com,2025-01-25,2025-01-29,RJ,40,Online,Pix
P5644,Calça Feminina,243.26,137.72,105.54,NF466301,daapix@email.com,2026-04-17,2026-04-17,RS,42,Loja,Pix
P5645,Camiseta Feminina,392.81,263.6,129.21,NF979728,lfjqxd@email.com,2026-01-11,2026-01-16,SP,39,Online,Dinheiro
P5646,Tênis Feminino,107.85,70.81,37.04,NF572304,xptorl@email.com,2025-02-27,2025-03-03,SP,P,Loja,Boleto
P5647,Calça Feminina,341.73,210.12,131.61,NF514394,zsrlqr@email.com,2025-04-30,2025-05-05,PB,36,Online,Boleto
P5648,Calça Masculina,142.94,76.83,66.11,NF607800,sgismn@email.com,2025-12-05,2025-12-10,RS,G,Online,Dinheiro
P5649,Calça Feminina,83.81,61.44,22.37,NF114738,sprmbv@email.com,2025-04-09,2025-04-12,RJ,40,Loja,Pix
P5650,Calça Masculina,330.01,189.93,140.08,NF979904,lxgpst@email.com,2025-10-23,2025-10-26,CE,39,Loja,Cartão
P5651,Camiseta Masculina,309.6,200.91,108.69,NF898327,cxocuc@email.com,2025-11-26,2025-11-26,SC,42,Loja,Boleto
P5652,Camiseta Feminina,431.03,261.78,169.25,NF607581,barcng@email.com,2025-03-07,2025-03-07,CE,42,Loja,Cartão
P5653,Tênis Feminino,90.61,68.35,22.26,NF968393,vimrvh@email.com,2026-04-26,2026-04-28,SP,37,Online,Pix
P5654,Tênis Feminino,366.41,189.27,177.14,NF386345,yfvwok@email.com,2025-03-27,2025-04-01,CE,41,Online,Dinheiro
P5655,Calça Feminina,300.41,224.54,75.87,NF747682,bcowyr@email.com,2025-08-21,2025-08-21,PR,42,Online,Cartão
P5656,Tênis Feminino,335.08,206.52,128.56,NF456333,bwivai@email.com,2025-07-25,2025-07-27,RS,M,Online,Dinheiro
P5657,Tênis Masculino,468.04,246.65,221.39,NF339880,npyvtd@email.com,2025-01-06,2025-01-11,SC,41,Loja,Dinheiro
P5658,Tênis Masculino,322.33,235.48,86.85,NF741634,znkgcb@email.com,2025-10-05,2025-10-09,PB,G,Loja,Boleto
P5659,Calça Feminina,339.31,205.08,134.23,NF247407,dyhtdq@email.com,2025-05-22,2025-05-24,SP,41,Loja,Pix
P5660,Tênis Feminino,464.94,260.84,204.1,NF851194,uepyix@email.com,2025-06-11,2025-06-14,CE,39,Online,Boleto
P5661,Tênis Masculino,91.2,57.66,33.54,NF549475,rcgmft@email.com,2026-03-07,2026-03-08,PR,M,Loja,Cartão
P5662,Calça Feminina,366.48,292.23,74.25,NF849728,afughf@email.com,2025-04-17,2025-04-17,RJ,36,Online,Dinheiro
P5663,Calça Masculina,525.63,273.36,252.27,NF618183,jxnkzd@email.com,2025-05-05,2025-05-08,SP,38,Loja,Cartão
P5664,Camiseta Masculina,409.0,276.0,133.0,NF886716,eieshj@email.com,2026-02-05,2026-02-05,SC,40,Online,Pix
P5665,Calça Masculina,170.53,130.88,39.65,NF887933,iekdir@email.com,2025-01-07,2025-01-08,BA,P,Loja,Dinheiro
P5666,Camiseta Masculina,151.91,120.25,31.66,NF758518,ixgfzq@email.com,2025-06-19,2025-06-20,PE,G,Online,Dinheiro
P5667,Calça Feminina,250.42,163.1,87.32,NF371562,lzifar@email.com,2025-01-06,2025-01-06,PB,37,Loja,Pix
P5668,Camiseta Feminina,241.71,150.13,91.58,NF110348,cnsgui@email.com,2025-07-29,2025-08-01,PE,36,Loja,Cartão
P5669,Calça Masculina,493.95,264.17,229.78,NF596177,ikjryw@email.com,2026-03-18,2026-03-19,SP,39,Loja,Pix
P5670,Tênis Feminino,438.19,293.08,145.11,NF554105,piaimc@email.com,2025-09-25,2025-09-26,MG,42,Loja,Boleto
P5671,Calça Masculina,109.54,65.91,43.63,NF475088,ajhlxg@email.com,2025-01-02,2025-01-05,PB,40,Online,Cartão
P5672,Camiseta Masculina,302.27,236.09,66.18,NF162813,ziaqhi@email.com,2025-02-12,2025-02-14,RJ,38,Online,Boleto
P5673,Camiseta Feminina,383.0,248.05,134.95,NF465145,cfplod@email.com,2025-05-28,2025-05-29,MG,G,Loja,Pix
P5674,Tênis Masculino,231.88,132.42,99.46,NF382381,jpspla@email.com,2025-12-19,2025-12-19,CE,39,Loja,Boleto
P5675,Tênis Feminino,321.09,253.56,67.53,NF474081,wxvvwu@email.com,2025-01-09,2025-01-12,SP,G,Online,Pix
P5676,Calça Masculina,106.9,57.95,48.95,NF612828,eyepod@email.com,2025-05-13,2025-05-14,PB,37,Loja,Cartão
P5677,Tênis Feminino,85.82,55.98,29.84,NF276369,mywsxo@email.com,2026-01-15,2026-01-16,RJ,M,Online,Boleto
P5678,Calça Masculina,127.42,83.2,44.22,NF755406,vggnhk@email.com,2026-03-07,2026-03-10,SP,P,Online,Pix
P5679,Camiseta Masculina,291.09,149.32,141.77,NF152032,lcmtsl@email.com,2026-03-29,2026-04-03,PB,36,Online,Dinheiro
P5680,Camiseta Masculina,299.24,238.0,61.24,NF491714,jamzwm@email.com,2025-05-10,2025-05-13,RS,M,Online,Pix
P5681,Calça Feminina,361.39,268.68,92.71,NF799426,yzvmer@email.com,2025-07-16,2025-07-20,BA,40,Loja,Pix
P5682,Camiseta Feminina,363.14,215.41,147.73,NF158344,hvxqac@email.com,2025-01-15,2025-01-19,PR,39,Online,Boleto
P5683,Camiseta Masculina,319.96,167.83,152.13,NF308377,lfsthm@email.com,2025-11-28,2025-11-28,BA,42,Loja,Boleto
P5684,Tênis Masculino,390.9,218.23,172.67,NF195201,peawcg@email.com,2025-09-03,2025-09-04,BA,41,Online,Cartão
P5685,Tênis Masculino,317.38,181.36,136.02,NF866627,yokfxz@email.com,2025-05-26,2025-05-26,RJ,41,Online,Boleto
P5686,Camiseta Feminina,312.34,187.69,124.65,NF965287,jiymlm@email.com,2026-02-22,2026-02-27,RS,42,Loja,Cartão
P5687,Calça Masculina,286.51,170.73,115.78,NF885654,ersgbt@email.com,2025-04-28,2025-05-01,SC,G,Online,Boleto
P5688,Calça Masculina,447.67,294.59,153.08,NF755445,rlwabw@email.com,2025-08-23,2025-08-28,SC,36,Online,Dinheiro
P5689,Tênis Feminino,283.59,234.0,49.59,NF365330,wtxney@email.com,2026-03-31,2026-03-31,PB,42,Loja,Cartão
P5690,Camiseta Masculina,173.87,128.62,45.25,NF785091,lvopvy@email.com,2026-03-08,2026-03-13,BA,40,Online,Boleto
P5691,Tênis Masculino,83.91,55.57,28.34,NF940892,ebhslb@email.com,2025-10-28,2025-11-02,RJ,41,Loja,Pix
P5692,Camiseta Feminina,429.77,297.03,132.74,NF748546,vvcfnr@email.com,2025-12-22,2025-12-23,RJ,37,Loja,Cartão
P5693,Camiseta Masculina,487.13,298.07,189.06,NF461870,bzrijt@email.com,2026-04-05,2026-04-09,CE,41,Loja,Boleto
P5694,Tênis Feminino,342.34,273.42,68.92,NF742657,wdlnip@email.com,2025-02-12,2025-02-13,RJ,40,Online,Cartão
P5695,Calça Feminina,445.12,237.31,207.81,NF602748,bmcpit@email.com,2025-12-24,2025-12-28,PR,P,Loja,Boleto
P5696,Calça Masculina,376.71,203.35,173.36,NF515461,pwhbbm@email.com,2025-08-31,2025-08-31,PB,39,Online,Dinheiro
P5697,Tênis Masculino,510.51,258.26,252.25,NF102204,mqxumq@email.com,2025-04-04,2025-04-08,SP,M,Online,Dinheiro
P5698,Camiseta Feminina,140.48,100.87,39.61,NF738088,kkchpb@email.com,2025-07-20,2025-07-24,MG,M,Loja,Pix
P5699,Camiseta Masculina,252.49,151.2,101.29,NF938697,fvingz@email.com,2026-04-01,2026-04-02,RJ,40,Online,Pix
P5700,Calça Feminina,297.94,151.28,146.66,NF214966,kciljo@email.com,2025-10-04,2025-10-08,PR,36,Loja,Dinheiro
P5701,Camiseta Feminina,316.52,180.7,135.82,NF986015,eucqyg@email.com,2026-02-17,2026-02-20,PR,38,Online,Pix
P5702,Tênis Feminino,219.4,135.01,84.39,NF387792,rfmvsz@email.com,2025-11-05,2025-11-10,SP,P,Online,Dinheiro
P5703,Tênis Feminino,279.47,217.7,61.77,NF480454,xzweol@email.com,2026-01-24,2026-01-25,PR,40,Online,Dinheiro
P5704,Calça Masculina,394.61,263.29,131.32,NF713056,colmts@email.com,2025-02-04,2025-02-07,MG,M,Loja,Cartão
P5705,Camiseta Feminina,305.9,169.47,136.43,NF427674,sefguw@email.com,2026-04-01,2026-04-06,SC,38,Loja,Pix
P5706,Tênis Feminino,200.51,112.34,88.17,NF887413,jvpxjj@email.com,2025-09-23,2025-09-27,RS,36,Online,Dinheiro
P5707,Tênis Masculino,82.79,66.92,15.87,NF148892,iapjtk@email.com,2026-02-12,2026-02-13,PB,M,Online,Cartão
P5708,Calça Feminina,195.35,98.35,97.0,NF802310,akdoqf@email.com,2025-03-17,2025-03-21,RS,37,Loja,Pix
P5709,Calça Feminina,172.85,92.81,80.04,NF784686,gqcrov@email.com,2026-04-08,2026-04-10,SP,38,Loja,Dinheiro
P5710,Calça Feminina,226.23,167.08,59.15,NF532154,trlpnl@email.com,2026-03-28,2026-04-02,PE,41,Loja,Boleto
P5711,Camiseta Masculina,152.36,97.79,54.57,NF603780,njkqmk@email.com,2025-08-08,2025-08-10,BA,42,Online,Pix
P5712,Tênis Masculino,196.46,113.46,83.0,NF146269,zxpkoj@email.com,2026-01-07,2026-01-07,SP,41,Online,Boleto
P5713,Tênis Masculino,242.1,141.55,100.55,NF489079,ppqfgd@email.com,2025-11-05,2025-11-10,RS,42,Loja,Dinheiro
P5714,Tênis Masculino,266.93,185.32,81.61,NF989805,ztzpcb@email.com,2025-02-28,2025-03-03,PE,40,Online,Dinheiro
P5715,Camiseta Feminina,223.81,178.95,44.86,NF893952,wuslao@email.com,2026-03-03,2026-03-06,CE,P,Online,Cartão
P5716,Tênis Masculino,350.2,251.06,99.14,NF111191,fdnnkw@email.com,2026-03-12,2026-03-15,RJ,41,Loja,Pix
P5717,Tênis Feminino,259.86,192.03,67.83,NF172225,lwtqru@email.com,2025-06-28,2025-06-28,SC,M,Loja,Pix
P5718,Camiseta Masculina,325.17,180.32,144.85,NF762223,loouxu@email.com,2026-02-08,2026-02-10,BA,39,Loja,Cartão
P5719,Calça Feminina,124.55,83.49,41.06,NF257966,qnyklg@email.com,2026-01-22,2026-01-27,BA,P,Online,Cartão
P5720,Calça Feminina,131.6,81.58,50.02,NF554973,voafdd@email.com,2025-06-07,2025-06-07,SC,42,Online,Dinheiro
P5721,Tênis Masculino,361.62,270.74,90.88,NF303781,awluxz@email.com,2025-07-03,2025-07-05,RS,41,Online,Dinheiro
P5722,Camiseta Masculina,168.33,108.48,59.85,NF829104,quuhpg@email.com,2025-07-04,2025-07-06,RJ,40,Online,Boleto
P5723,Tênis Masculino,279.11,144.08,135.03,NF751388,ssmcui@email.com,2025-02-05,2025-02-08,SC,38,Online,Cartão
P5724,Tênis Masculino,208.79,160.03,48.76,NF176025,qqxkxi@email.com,2025-03-22,2025-03-23,RS,37,Online,Boleto
P5725,Camiseta Masculina,208.6,158.31,50.29,NF355555,bsemde@email.com,2025-09-21,2025-09-21,PE,M,Loja,Boleto
P5726,Tênis Feminino,74.28,61.07,13.21,NF852335,owvcbg@email.com,2025-07-11,2025-07-15,CE,40,Online,Boleto
P5727,Tênis Masculino,83.58,56.22,27.36,NF599249,rsbbpu@email.com,2026-04-15,2026-04-20,RJ,P,Online,Boleto
P5728,Calça Feminina,434.59,252.41,182.18,NF271258,imfcjt@email.com,2026-03-19,2026-03-19,MG,P,Loja,Boleto
P5729,Calça Feminina,413.42,248.61,164.81,NF629946,jzpizg@email.com,2025-12-04,2025-12-08,SC,40,Loja,Dinheiro
P5730,Camiseta Masculina,184.44,135.5,48.94,NF426687,forfxo@email.com,2026-01-02,2026-01-06,CE,41,Loja,Pix
P5731,Tênis Masculino,101.06,51.31,49.75,NF695606,jjrqdz@email.com,2025-05-09,2025-05-12,SC,41,Loja,Pix
P5732,Tênis Masculino,207.94,110.66,97.28,NF191094,aicvef@email.com,2025-09-11,2025-09-16,SP,40,Loja,Pix
P5733,Calça Feminina,427.23,278.56,148.67,NF118957,hbvvlj@email.com,2025-10-15,2025-10-15,PE,38,Online,Dinheiro
P5734,Calça Feminina,307.32,207.16,100.16,NF556642,kkxrrn@email.com,2025-04-17,2025-04-18,RS,M,Loja,Cartão
P5735,Tênis Feminino,118.08,70.21,47.87,NF809601,onvwtw@email.com,2025-08-31,2025-09-01,CE,38,Loja,Boleto
P5736,Camiseta Masculina,395.32,197.72,197.6,NF914373,cbcpvt@email.com,2025-06-16,2025-06-20,SP,37,Online,Cartão
P5737,Camiseta Feminina,253.2,129.67,123.53,NF475653,bsorpv@email.com,2025-08-21,2025-08-25,SC,P,Loja,Boleto
P5738,Camiseta Feminina,410.74,279.82,130.92,NF564024,mwmady@email.com,2025-12-07,2025-12-11,PB,36,Loja,Pix
P5739,Tênis Feminino,323.17,227.14,96.03,NF787808,vdeigf@email.com,2025-01-12,2025-01-15,CE,G,Loja,Cartão
P5740,Calça Masculina,255.04,140.14,114.9,NF949880,usjqbs@email.com,2026-04-13,2026-04-17,PB,P,Loja,Dinheiro
P5741,Camiseta Feminina,372.34,263.52,108.82,NF697494,irspro@email.com,2026-04-07,2026-04-10,SP,37,Loja,Dinheiro
P5742,Calça Feminina,569.31,284.67,284.64,NF733376,ogvaks@email.com,2025-07-22,2025-07-23,SP,40,Loja,Cartão
P5743,Calça Masculina,486.62,274.41,212.21,NF154007,sjzibe@email.com,2025-07-25,2025-07-29,BA,36,Loja,Cartão
P5744,Camiseta Feminina,283.09,206.18,76.91,NF326595,qjdxoe@email.com,2026-04-22,2026-04-22,PE,36,Loja,Boleto
P5745,Tênis Feminino,205.61,165.17,40.44,NF170245,rcgoqi@email.com,2025-11-04,2025-11-07,PB,37,Online,Dinheiro
P5746,Camiseta Feminina,366.34,223.66,142.68,NF826001,ynqzwn@email.com,2025-03-04,2025-03-05,PR,36,Loja,Pix
P5747,Calça Feminina,171.2,97.77,73.43,NF374743,ftdewl@email.com,2025-04-26,2025-04-29,RS,38,Online,Boleto
P5748,Camiseta Feminina,425.05,291.26,133.79,NF185477,derhyp@email.com,2025-04-27,2025-04-28,BA,41,Online,Dinheiro
P5749,Tênis Masculino,433.09,274.35,158.74,NF439425,xvjmxi@email.com,2025-10-22,2025-10-23,CE,42,Loja,Cartão
P5750,Camiseta Feminina,350.57,250.1,100.47,NF250501,ywcdof@email.com,2026-02-22,2026-02-23,PR,36,Loja,Boleto
P5751,Camiseta Masculina,383.33,204.5,178.83,NF346580,hqkybk@email.com,2025-12-11,2025-12-14,CE,G,Loja,Pix
P5752,Camiseta Feminina,205.88,125.71,80.17,NF219277,dceehz@email.com,2025-11-09,2025-11-10,PR,41,Online,Cartão
P5753,Calça Feminina,384.99,229.77,155.22,NF255160,luhjlr@email.com,2025-12-07,2025-12-07,CE,41,Loja,Pix
P5754,Tênis Feminino,109.63,87.27,22.36,NF374291,wtyjlh@email.com,2025-05-01,2025-05-05,PB,P,Online,Pix
P5755,Calça Masculina,383.11,201.4,181.71,NF812861,yucfbh@email.com,2025-03-30,2025-03-30,MG,37,Online,Dinheiro
P5756,Camiseta Feminina,284.67,235.84,48.83,NF472221,fuxppt@email.com,2025-05-02,2025-05-03,RS,42,Online,Pix
P5757,Tênis Masculino,210.34,154.21,56.13,NF403467,tydrsv@email.com,2025-01-18,2025-01-20,PB,G,Online,Cartão
P5758,Camiseta Masculina,174.33,117.92,56.41,NF357810,kqwtow@email.com,2026-03-20,2026-03-21,SP,P,Online,Boleto
P5759,Calça Feminina,117.0,89.46,27.54,NF929322,jiclvz@email.com,2026-02-03,2026-02-04,MG,40,Online,Pix
P5760,Camiseta Feminina,257.3,184.34,72.96,NF213224,xbczbm@email.com,2025-04-06,2025-04-10,PE,P,Online,Pix
P5761,Calça Feminina,163.31,131.01,32.3,NF812814,ojauvj@email.com,2026-01-06,2026-01-10,SP,37,Online,Boleto
P5762,Camiseta Masculina,357.51,272.61,84.9,NF151895,vnhtmq@email.com,2025-08-17,2025-08-19,MG,38,Online,Pix
P5763,Camiseta Feminina,207.93,128.36,79.57,NF144759,fjqgks@email.com,2025-01-09,2025-01-13,MG,40,Online,Pix
P5764,Calça Masculina,221.24,115.91,105.33,NF262138,bsnamu@email.com,2026-01-12,2026-01-16,PR,G,Loja,Pix
P5765,Camiseta Masculina,222.4,119.55,102.85,NF505819,sghulr@email.com,2025-05-22,2025-05-26,RS,39,Loja,Cartão
P5766,Calça Feminina,195.29,125.13,70.16,NF602270,easgwu@email.com,2026-02-05,2026-02-06,BA,M,Loja,Boleto
P5767,Camiseta Feminina,446.96,272.34,174.62,NF651667,rktiul@email.com,2025-03-23,2025-03-24,PE,G,Online,Cartão
P5768,Calça Masculina,237.79,133.34,104.45,NF779063,tshohc@email.com,2025-09-22,2025-09-22,SC,41,Online,Cartão
P5769,Calça Feminina,108.28,88.51,19.77,NF627526,acziqt@email.com,2025-08-04,2025-08-06,RS,42,Loja,Pix
P5770,Camiseta Masculina,329.8,181.79,148.01,NF164910,jrbckg@email.com,2025-10-28,2025-11-02,RS,42,Loja,Cartão
P5771,Camiseta Masculina,219.6,121.81,97.79,NF788472,knfcun@email.com,2025-04-26,2025-04-29,RS,M,Loja,Boleto
P5772,Tênis Feminino,117.62,62.9,54.72,NF723144,cqnxbb@email.com,2025-04-25,2025-04-27,CE,40,Loja,Pix
P5773,Calça Masculina,177.73,131.14,46.59,NF244251,weftuu@email.com,2025-07-23,2025-07-24,PB,37,Online,Boleto
P5774,Tênis Masculino,126.89,103.54,23.35,NF120129,nmgddg@email.com,2025-10-25,2025-10-29,PB,G,Online,Boleto
P5775,Tênis Masculino,552.58,276.86,275.72,NF554685,qmblyi@email.com,2025-10-13,2025-10-18,PE,42,Online,Pix
P5776,Camiseta Masculina,347.58,270.1,77.48,NF966085,orjraa@email.com,2025-04-26,2025-04-30,PE,39,Loja,Pix
P5777,Camiseta Feminina,108.14,60.19,47.95,NF254258,wepleu@email.com,2026-02-10,2026-02-12,PE,M,Loja,Dinheiro
P5778,Calça Masculina,263.92,169.87,94.05,NF503547,dpbtii@email.com,2026-03-31,2026-04-02,BA,42,Online,Cartão
P5779,Camiseta Masculina,237.45,169.11,68.34,NF857035,rtqajn@email.com,2025-12-25,2025-12-25,BA,40,Online,Pix
P5780,Calça Feminina,433.09,270.86,162.23,NF170541,wwqltq@email.com,2025-06-22,2025-06-26,RJ,M,Loja,Dinheiro
P5781,Calça Feminina,176.16,105.13,71.03,NF861198,ohqvst@email.com,2026-03-29,2026-04-03,MG,36,Loja,Cartão
P5782,Calça Masculina,220.89,164.36,56.53,NF950262,yfizkg@email.com,2026-02-22,2026-02-26,PE,42,Online,Boleto
P5783,Camiseta Masculina,307.22,178.0,129.22,NF368929,fldhus@email.com,2025-04-03,2025-04-04,RS,P,Loja,Boleto
P5784,Camiseta Masculina,233.11,120.95,112.16,NF216809,kxinbq@email.com,2025-12-07,2025-12-11,PR,M,Online,Cartão
P5785,Calça Masculina,89.35,52.58,36.77,NF604212,knvzzn@email.com,2025-06-03,2025-06-04,PE,G,Loja,Boleto
P5786,Tênis Feminino,213.57,166.11,47.46,NF537006,dwigtz@email.com,2026-04-11,2026-04-14,RJ,P,Online,Pix
P5787,Calça Masculina,281.76,183.21,98.55,NF901803,eyvkis@email.com,2025-07-13,2025-07-13,BA,41,Online,Pix
P5788,Camiseta Masculina,285.74,147.9,137.84,NF403343,ihzcbe@email.com,2025-08-05,2025-08-10,CE,37,Loja,Pix
P5789,Camiseta Masculina,326.65,198.99,127.66,NF757909,bvpcir@email.com,2026-01-07,2026-01-10,RJ,40,Loja,Pix
P5790,Calça Masculina,430.5,296.93,133.57,NF843004,khavyl@email.com,2025-09-05,2025-09-08,RJ,38,Loja,Cartão
P5791,Tênis Masculino,136.4,105.16,31.24,NF236868,hmbvsd@email.com,2025-12-27,2026-01-01,CE,G,Online,Pix
P5792,Camiseta Masculina,566.64,295.42,271.22,NF669377,rnaske@email.com,2025-03-21,2025-03-24,SC,40,Online,Cartão
P5793,Calça Masculina,191.6,117.64,73.96,NF784867,evyvxj@email.com,2025-05-18,2025-05-20,RS,P,Online,Boleto
P5794,Tênis Masculino,448.72,280.79,167.93,NF327135,opmnai@email.com,2025-03-12,2025-03-13,SC,39,Loja,Cartão
P5795,Calça Feminina,120.89,97.16,23.73,NF547711,vtzijx@email.com,2025-11-13,2025-11-18,PB,G,Loja,Boleto
P5796,Calça Masculina,259.35,146.38,112.97,NF149451,jywinl@email.com,2025-10-09,2025-10-12,SP,36,Online,Dinheiro
P5797,Tênis Feminino,162.37,88.98,73.39,NF295148,qxinbq@email.com,2025-12-17,2025-12-20,SC,42,Online,Pix
P5798,Camiseta Masculina,352.06,231.41,120.65,NF556408,axvtks@email.com,2026-02-13,2026-02-18,RJ,41,Loja,Pix
P5799,Calça Masculina,248.7,124.66,124.04,NF784216,mexnuo@email.com,2025-09-03,2025-09-08,RJ,40,Loja,Dinheiro
P5800,Tênis Feminino,115.82,95.53,20.29,NF860925,xhtrao@email.com,2026-04-04,2026-04-06,MG,41,Loja,Pix
P5801,Tênis Feminino,266.54,185.8,80.74,NF980688,tkkepz@email.com,2025-05-09,2025-05-13,PE,P,Online,Boleto
P5802,Camiseta Feminina,90.22,69.82,20.4,NF766881,iitfut@email.com,2026-04-02,2026-04-07,PE,M,Online,Dinheiro
P5803,Calça Feminina,99.7,73.53,26.17,NF135778,kfmzdw@email.com,2025-02-16,2025-02-19,PR,36,Online,Boleto
P5804,Camiseta Masculina,309.84,163.46,146.38,NF988789,zhkmlt@email.com,2026-02-24,2026-03-01,MG,42,Online,Pix
P5805,Camiseta Masculina,198.15,124.86,73.29,NF386545,ovppqq@email.com,2025-09-25,2025-09-28,PE,36,Online,Boleto
P5806,Calça Masculina,112.07,62.14,49.93,NF996317,onhdkj@email.com,2025-08-24,2025-08-29,SP,38,Online,Pix
P5807,Calça Feminina,192.04,126.66,65.38,NF479358,azhqtf@email.com,2025-02-13,2025-02-17,PB,42,Loja,Pix
P5808,Camiseta Masculina,247.63,195.15,52.48,NF883334,lwkyun@email.com,2025-04-15,2025-04-18,PR,41,Online,Cartão
P5809,Camiseta Masculina,291.73,193.04,98.69,NF344641,yvmqfd@email.com,2025-02-23,2025-02-27,SC,42,Loja,Pix
P5810,Tênis Masculino,304.78,164.82,139.96,NF707903,tumqkv@email.com,2026-04-20,2026-04-23,RS,M,Online,Boleto
P5811,Calça Masculina,580.15,298.88,281.27,NF989950,xwpovk@email.com,2026-02-19,2026-02-24,RJ,39,Loja,Boleto
P5812,Camiseta Feminina,165.52,86.96,78.56,NF280157,rmeuki@email.com,2025-01-05,2025-01-08,BA,40,Loja,Cartão
P5813,Calça Masculina,384.92,194.66,190.26,NF636444,vwyvll@email.com,2025-02-01,2025-02-02,BA,36,Loja,Dinheiro
P5814,Calça Masculina,342.96,219.24,123.72,NF375870,dknrgi@email.com,2025-03-06,2025-03-09,RJ,P,Online,Dinheiro
P5815,Camiseta Masculina,390.32,231.94,158.38,NF514462,ufhrjr@email.com,2026-03-04,2026-03-07,SP,36,Loja,Dinheiro
P5816,Calça Masculina,111.98,80.37,31.61,NF427801,fuzwit@email.com,2025-03-02,2025-03-04,PR,42,Loja,Pix
P5817,Calça Masculina,281.58,186.51,95.07,NF239207,zuleng@email.com,2025-11-03,2025-11-03,CE,42,Online,Boleto
P5818,Calça Feminina,310.91,184.55,126.36,NF828610,kqafsq@email.com,2025-03-11,2025-03-15,PR,42,Loja,Dinheiro
P5819,Camiseta Feminina,425.48,264.56,160.92,NF101612,yheqsp@email.com,2025-06-11,2025-06-15,BA,40,Loja,Dinheiro
P5820,Tênis Masculino,535.02,275.62,259.4,NF528089,ksfgrq@email.com,2026-01-21,2026-01-21,RJ,38,Online,Pix
P5821,Calça Masculina,460.27,232.45,227.82,NF538116,sfxhhf@email.com,2025-08-11,2025-08-14,SC,P,Online,Boleto
P5822,Camiseta Masculina,235.09,145.14,89.95,NF565263,urjyjt@email.com,2025-08-25,2025-08-28,SP,41,Online,Boleto
P5823,Tênis Masculino,547.53,297.28,250.25,NF210138,kaxghk@email.com,2025-12-25,2025-12-27,CE,M,Online,Boleto
P5824,Tênis Masculino,265.47,200.69,64.78,NF605139,denrgs@email.com,2026-01-05,2026-01-07,PR,37,Online,Boleto
P5825,Camiseta Feminina,105.52,70.67,34.85,NF444659,rmzgwa@email.com,2026-03-28,2026-03-30,SC,G,Loja,Pix
P5826,Tênis Masculino,255.49,167.01,88.48,NF979127,ngarul@email.com,2025-04-06,2025-04-10,BA,37,Loja,Boleto
P5827,Camiseta Masculina,131.64,106.36,25.28,NF374617,kostme@email.com,2025-08-09,2025-08-09,PB,38,Online,Boleto
P5828,Camiseta Feminina,156.51,110.88,45.63,NF649294,cmhuxh@email.com,2025-05-30,2025-06-03,PB,38,Loja,Pix
P5829,Calça Masculina,136.68,108.43,28.25,NF828681,ybnbwb@email.com,2025-03-19,2025-03-22,SP,38,Online,Cartão
P5830,Calça Masculina,428.31,292.66,135.65,NF839508,skukib@email.com,2025-07-26,2025-07-29,SP,41,Online,Cartão
P5831,Tênis Feminino,362.61,276.33,86.28,NF427416,alxild@email.com,2025-08-01,2025-08-02,MG,P,Loja,Dinheiro
P5832,Tênis Feminino,159.4,117.94,41.46,NF274804,pbrgdx@email.com,2026-04-02,2026-04-03,PB,41,Loja,Pix
P5833,Calça Feminina,108.73,76.97,31.76,NF725793,avavld@email.com,2025-11-02,2025-11-06,PR,42,Online,Pix
P5834,Camiseta Feminina,372.48,285.61,86.87,NF654925,mxdovg@email.com,2025-05-10,2025-05-15,SP,40,Loja,Pix
P5835,Calça Feminina,505.43,256.56,248.87,NF309729,ecsmny@email.com,2025-12-31,2026-01-05,RJ,G,Online,Pix
P5836,Camiseta Masculina,135.99,79.63,56.36,NF891066,rjeclu@email.com,2025-09-21,2025-09-26,PE,M,Online,Dinheiro
P5837,Tênis Masculino,253.0,152.08,100.92,NF809373,ivqfip@email.com,2025-05-11,2025-05-15,MG,39,Online,Dinheiro
P5838,Camiseta Feminina,211.36,165.89,45.47,NF352143,ednjmr@email.com,2025-11-29,2025-11-30,RS,37,Online,Dinheiro
P5839,Calça Masculina,327.68,244.98,82.7,NF692396,lbgpiw@email.com,2026-01-08,2026-01-11,PE,39,Online,Boleto
P5840,Calça Feminina,168.38,115.64,52.74,NF484827,ynocog@email.com,2025-10-22,2025-10-24,PE,P,Loja,Dinheiro
P5841,Tênis Feminino,273.52,194.35,79.17,NF654677,jcdexi@email.com,2025-01-04,2025-01-09,RJ,42,Online,Cartão
P5842,Camiseta Feminina,88.56,51.14,37.42,NF737841,ftmyib@email.com,2025-07-27,2025-07-27,RS,39,Loja,Dinheiro
P5843,Camiseta Masculina,368.75,200.82,167.93,NF586568,vjctir@email.com,2025-06-09,2025-06-09,PE,38,Online,Boleto
P5844,Calça Masculina,359.74,298.05,61.69,NF530366,eexxss@email.com,2026-02-02,2026-02-06,PB,G,Loja,Cartão
P5845,Camiseta Feminina,187.85,94.52,93.33,NF957205,sljdxn@email.com,2025-12-18,2025-12-20,PE,P,Loja,Dinheiro
P5846,Tênis Feminino,155.84,109.17,46.67,NF794225,viebhj@email.com,2025-12-12,2025-12-14,PB,P,Online,Boleto
P5847,Camiseta Feminina,125.51,95.2,30.31,NF352093,ubtlsy@email.com,2025-03-27,2025-03-31,PE,38,Loja,Pix
P5848,Calça Masculina,315.38,192.99,122.39,NF934230,dpvyki@email.com,2025-01-26,2025-01-26,SC,41,Online,Boleto
P5849,Tênis Masculino,83.08,63.43,19.65,NF352245,otpusr@email.com,2026-01-12,2026-01-12,SC,41,Online,Boleto
P5850,Calça Masculina,331.27,260.78,70.49,NF269438,elzrbo@email.com,2025-02-25,2025-02-28,SP,39,Loja,Pix
P5851,Calça Feminina,396.63,283.91,112.72,NF943566,zfkury@email.com,2025-06-24,2025-06-27,RS,P,Loja,Boleto
P5852,Tênis Feminino,216.13,118.04,98.09,NF524314,krjgzc@email.com,2026-03-30,2026-03-31,SP,36,Loja,Pix
P5853,Camiseta Feminina,198.36,127.84,70.52,NF506384,kdiikb@email.com,2025-07-23,2025-07-26,RJ,36,Loja,Pix
P5854,Calça Feminina,221.4,175.47,45.93,NF494864,menhtx@email.com,2025-09-30,2025-10-04,RS,37,Loja,Cartão
P5855,Camiseta Masculina,417.24,265.16,152.08,NF793129,eqfvik@email.com,2025-04-17,2025-04-21,RS,39,Online,Pix
P5856,Calça Feminina,283.4,165.58,117.82,NF874656,vxdphv@email.com,2025-12-03,2025-12-08,SP,G,Loja,Cartão
P5857,Tênis Feminino,322.23,263.1,59.13,NF375930,xlkvze@email.com,2025-05-19,2025-05-19,PE,G,Loja,Dinheiro
P5858,Calça Feminina,105.11,66.62,38.49,NF274224,ggnmss@email.com,2026-03-31,2026-04-05,SC,42,Online,Dinheiro
P5859,Camiseta Feminina,378.24,248.17,130.07,NF868476,marbpp@email.com,2026-02-01,2026-02-02,CE,41,Loja,Pix
P5860,Camiseta Masculina,238.3,164.4,73.9,NF102467,qxibhl@email.com,2025-04-11,2025-04-14,PE,37,Loja,Boleto
P5861,Tênis Masculino,376.69,204.18,172.51,NF837309,aedgkl@email.com,2025-03-06,2025-03-06,SP,41,Online,Boleto
P5862,Camiseta Feminina,318.18,171.12,147.06,NF264017,zomewv@email.com,2025-07-27,2025-07-27,PE,41,Online,Boleto
P5863,Tênis Masculino,279.93,175.92,104.01,NF312827,urtyzr@email.com,2025-07-21,2025-07-24,CE,37,Loja,Pix
P5864,Camiseta Masculina,393.15,290.13,103.02,NF378943,mpfest@email.com,2026-04-22,2026-04-25,CE,37,Online,Cartão
P5865,Tênis Masculino,292.83,195.04,97.79,NF375718,juudsu@email.com,2026-04-18,2026-04-18,SP,40,Loja,Pix
P5866,Camiseta Feminina,209.98,174.96,35.02,NF202163,hkxsic@email.com,2025-01-01,2025-01-04,PR,37,Loja,Cartão
P5867,Camiseta Masculina,312.5,252.27,60.23,NF353825,bdawrt@email.com,2025-03-08,2025-03-12,BA,39,Online,Dinheiro
P5868,Calça Masculina,242.35,162.89,79.46,NF117921,ctttsd@email.com,2026-01-20,2026-01-21,RS,39,Loja,Pix
P5869,Calça Feminina,130.51,101.35,29.16,NF171456,bnforu@email.com,2025-05-23,2025-05-23,BA,M,Loja,Boleto
P5870,Calça Masculina,478.05,299.6,178.45,NF973132,zfyoaf@email.com,2026-02-24,2026-03-01,MG,G,Online,Boleto
P5871,Calça Masculina,82.65,62.31,20.34,NF970108,cpdaho@email.com,2025-01-08,2025-01-10,SP,39,Loja,Boleto
P5872,Camiseta Feminina,368.14,283.9,84.24,NF530174,ybqgzy@email.com,2025-07-19,2025-07-24,BA,M,Online,Pix
P5873,Tênis Masculino,344.49,173.73,170.76,NF530881,tvkbmu@email.com,2025-08-02,2025-08-04,RJ,P,Loja,Dinheiro
P5874,Tênis Masculino,92.33,61.47,30.86,NF832415,djimhy@email.com,2025-08-16,2025-08-20,PB,40,Loja,Cartão
P5875,Tênis Masculino,165.89,110.3,55.59,NF673574,tlgowh@email.com,2025-04-13,2025-04-13,CE,42,Loja,Cartão
P5876,Calça Feminina,479.91,242.62,237.29,NF108429,urouvx@email.com,2025-06-07,2025-06-09,SP,G,Online,Pix
P5877,Tênis Masculino,159.27,88.99,70.28,NF639339,xjrahr@email.com,2025-12-18,2025-12-22,PR,37,Loja,Cartão
P5878,Camiseta Masculina,304.51,229.06,75.45,NF522835,mpcvjy@email.com,2026-03-05,2026-03-05,PE,38,Loja,Cartão
P5879,Calça Feminina,332.16,214.22,117.94,NF837321,uzguio@email.com,2025-05-01,2025-05-03,SC,M,Loja,Boleto
P5880,Calça Feminina,455.65,270.94,184.71,NF786894,zlitcu@email.com,2025-06-26,2025-06-30,RJ,38,Loja,Pix
P5881,Tênis Masculino,200.34,105.35,94.99,NF240820,qrozrl@email.com,2025-08-11,2025-08-15,PE,37,Online,Boleto
P5882,Calça Feminina,319.89,221.92,97.97,NF952027,fdlhub@email.com,2026-03-22,2026-03-27,RS,42,Online,Boleto
P5883,Tênis Masculino,204.69,155.75,48.94,NF984638,dncrpb@email.com,2025-11-21,2025-11-25,PB,41,Loja,Pix
P5884,Camiseta Feminina,131.19,71.5,59.69,NF444304,hhbvmc@email.com,2025-08-18,2025-08-19,SC,36,Loja,Pix
P5885,Camiseta Masculina,187.45,146.5,40.95,NF492170,fbdoyd@email.com,2025-04-29,2025-05-01,PR,37,Online,Pix
P5886,Tênis Feminino,267.44,219.51,47.93,NF587482,nvnini@email.com,2025-09-15,2025-09-17,PB,G,Loja,Pix
P5887,Tênis Masculino,522.12,285.01,237.11,NF553566,wuarpr@email.com,2025-05-05,2025-05-06,RJ,G,Online,Cartão
P5888,Calça Masculina,435.95,229.33,206.62,NF380813,pettfq@email.com,2025-07-02,2025-07-05,BA,41,Loja,Pix
P5889,Tênis Feminino,474.99,283.35,191.64,NF842438,rpiwxf@email.com,2026-02-02,2026-02-06,PB,G,Loja,Dinheiro
P5890,Camiseta Masculina,374.66,299.01,75.65,NF719801,hcbrot@email.com,2025-01-04,2025-01-09,CE,40,Loja,Boleto
P5891,Tênis Feminino,78.62,57.3,21.32,NF463524,hcxzrd@email.com,2026-03-16,2026-03-20,PB,37,Loja,Pix
P5892,Camiseta Masculina,280.47,142.18,138.29,NF915148,yfymgs@email.com,2025-12-21,2025-12-25,SP,40,Online,Dinheiro
P5893,Tênis Feminino,292.7,218.27,74.43,NF486316,unbfqz@email.com,2026-02-17,2026-02-21,MG,39,Loja,Cartão
P5894,Tênis Masculino,247.76,199.1,48.66,NF715298,apyyko@email.com,2025-02-08,2025-02-08,SC,38,Online,Pix
P5895,Camiseta Feminina,504.25,279.76,224.49,NF430245,cuceyf@email.com,2025-12-11,2025-12-15,SP,G,Loja,Pix
P5896,Tênis Feminino,200.66,112.91,87.75,NF133420,umuboe@email.com,2025-08-02,2025-08-04,BA,38,Online,Boleto
P5897,Camiseta Masculina,109.41,57.77,51.64,NF285664,mpbvqy@email.com,2026-01-19,2026-01-20,PB,40,Online,Boleto
P5898,Tênis Feminino,259.84,144.28,115.56,NF592675,sdogxj@email.com,2025-04-09,2025-04-14,CE,37,Loja,Boleto
P5899,Camiseta Feminina,483.52,254.55,228.97,NF646029,ubjzbp@email.com,2025-06-08,2025-06-08,PR,41,Loja,Boleto
P5900,Camiseta Masculina,101.13,54.47,46.66,NF984307,mmkfwg@email.com,2026-01-07,2026-01-09,RS,39,Loja,Boleto
P5901,Calça Feminina,307.39,188.25,119.14,NF364573,iovtrb@email.com,2025-12-21,2025-12-25,CE,P,Online,Dinheiro
P5902,Camiseta Feminina,227.15,163.65,63.5,NF749218,wrhrnf@email.com,2025-03-14,2025-03-15,RJ,36,Online,Boleto
P5903,Calça Masculina,233.39,167.34,66.05,NF345809,igwtxf@email.com,2025-06-15,2025-06-15,MG,38,Loja,Boleto
P5904,Calça Masculina,323.16,252.38,70.78,NF417818,qoctmx@email.com,2025-02-05,2025-02-05,CE,M,Online,Boleto
P5905,Tênis Feminino,332.58,208.14,124.44,NF841862,vtncnd@email.com,2025-04-08,2025-04-12,MG,G,Online,Pix
P5906,Camiseta Masculina,357.5,246.75,110.75,NF599995,dxqcoi@email.com,2026-02-14,2026-02-14,CE,40,Online,Dinheiro
P5907,Tênis Masculino,185.4,104.14,81.26,NF210537,jcjkra@email.com,2026-01-02,2026-01-05,SP,41,Loja,Cartão
P5908,Camiseta Masculina,256.75,168.51,88.24,NF966614,nidjsq@email.com,2025-11-07,2025-11-10,BA,G,Online,Dinheiro
P5909,Calça Masculina,134.29,73.93,60.36,NF305214,pcxgvs@email.com,2025-11-11,2025-11-16,RS,G,Online,Cartão
P5910,Camiseta Masculina,161.02,129.09,31.93,NF935358,tlabji@email.com,2025-01-10,2025-01-14,PR,38,Loja,Pix
P5911,Camiseta Masculina,349.26,243.6,105.66,NF500486,jgnxtn@email.com,2025-10-17,2025-10-19,RS,36,Online,Pix
P5912,Tênis Feminino,200.16,107.42,92.74,NF665079,vxrwky@email.com,2025-05-06,2025-05-07,CE,41,Loja,Cartão
P5913,Camiseta Feminina,369.55,203.91,165.64,NF821635,vmoajd@email.com,2025-01-18,2025-01-23,SC,M,Online,Cartão
P5914,Camiseta Feminina,306.53,229.37,77.16,NF472123,wuexoq@email.com,2026-01-09,2026-01-11,MG,36,Loja,Pix
P5915,Camiseta Feminina,369.62,219.84,149.78,NF425600,rudtvk@email.com,2025-03-05,2025-03-06,PE,G,Loja,Dinheiro
P5916,Tênis Feminino,197.72,110.08,87.64,NF599375,zspbzi@email.com,2026-03-15,2026-03-20,BA,P,Online,Dinheiro
P5917,Camiseta Masculina,117.85,72.8,45.05,NF984842,ggjsiv@email.com,2025-07-27,2025-07-27,SC,M,Online,Boleto
P5918,Camiseta Masculina,373.3,205.8,167.5,NF269768,eoblgx@email.com,2025-04-18,2025-04-22,SC,38,Online,Cartão
P5919,Tênis Masculino,83.0,60.84,22.16,NF429434,gekans@email.com,2026-01-19,2026-01-23,PR,39,Loja,Dinheiro
P5920,Tênis Feminino,192.29,112.16,80.13,NF693308,lhzuwu@email.com,2026-04-14,2026-04-17,RJ,M,Online,Boleto
P5921,Tênis Feminino,481.56,280.59,200.97,NF109284,jmmvhz@email.com,2025-02-15,2025-02-20,PE,42,Online,Dinheiro
P5922,Calça Masculina,140.47,115.73,24.74,NF521814,sjcnkk@email.com,2025-09-23,2025-09-27,RS,P,Online,Dinheiro
P5923,Calça Masculina,108.05,81.76,26.29,NF111635,damfns@email.com,2025-09-29,2025-10-01,BA,40,Loja,Boleto
P5924,Tênis Masculino,122.62,93.92,28.7,NF888465,iclxmf@email.com,2025-06-16,2025-06-16,MG,37,Online,Cartão
P5925,Camiseta Feminina,172.68,142.52,30.16,NF655483,ntlaws@email.com,2025-03-15,2025-03-15,PB,40,Online,Pix
P5926,Calça Masculina,90.71,52.68,38.03,NF430561,hpwagc@email.com,2025-04-06,2025-04-11,CE,37,Loja,Dinheiro
P5927,Tênis Masculino,152.57,83.4,69.17,NF141572,hfnpkr@email.com,2025-10-31,2025-11-05,SP,M,Online,Cartão
P5928,Calça Masculina,395.38,220.36,175.02,NF237732,rjdtzp@email.com,2025-06-27,2025-06-29,PB,39,Online,Boleto
P5929,Tênis Masculino,271.14,167.64,103.5,NF916534,xjmrme@email.com,2026-04-23,2026-04-27,CE,P,Loja,Boleto
P5930,Camiseta Feminina,377.93,261.44,116.49,NF739795,vumrtd@email.com,2025-02-28,2025-03-04,PR,42,Loja,Dinheiro
P5931,Camiseta Feminina,166.58,104.48,62.1,NF932311,cgxbeg@email.com,2025-10-10,2025-10-13,PR,38,Online,Cartão
P5932,Camiseta Masculina,337.95,240.44,97.51,NF707735,ihkixx@email.com,2025-09-20,2025-09-21,PR,P,Online,Boleto
P5933,Tênis Feminino,358.24,283.98,74.26,NF193450,jhdlbl@email.com,2025-05-01,2025-05-04,SC,P,Loja,Boleto
P5934,Camiseta Feminina,266.98,185.96,81.02,NF942227,thdbip@email.com,2025-06-15,2025-06-18,BA,M,Online,Cartão
P5935,Camiseta Feminina,125.18,73.84,51.34,NF784146,gslraf@email.com,2026-01-26,2026-01-26,RJ,38,Online,Dinheiro
P5936,Camiseta Feminina,222.37,127.97,94.4,NF859712,bjabfu@email.com,2025-03-02,2025-03-04,RS,P,Loja,Dinheiro
P5937,Calça Masculina,340.27,178.18,162.09,NF678762,fwlbyy@email.com,2025-12-14,2025-12-17,SP,36,Loja,Dinheiro
P5938,Tênis Feminino,145.78,99.84,45.94,NF753108,wqygap@email.com,2026-02-23,2026-02-28,BA,36,Loja,Cartão
P5939,Camiseta Feminina,361.51,233.3,128.21,NF452020,lvcuey@email.com,2026-04-23,2026-04-23,SP,P,Loja,Dinheiro
P5940,Camiseta Masculina,138.34,94.24,44.1,NF812088,gsedrq@email.com,2025-01-15,2025-01-19,PR,39,Online,Cartão
P5941,Tênis Feminino,377.82,245.41,132.41,NF983489,tstxqv@email.com,2025-12-18,2025-12-19,RJ,38,Online,Dinheiro
P5942,Calça Masculina,233.31,136.55,96.76,NF340586,neerng@email.com,2025-01-01,2025-01-05,SP,M,Loja,Pix
P5943,Tênis Feminino,308.58,198.48,110.1,NF463658,dsypkk@email.com,2025-02-10,2025-02-12,PR,40,Loja,Cartão
P5944,Camiseta Feminina,251.69,179.57,72.12,NF722750,cgsjoz@email.com,2026-03-12,2026-03-15,RJ,41,Loja,Boleto
P5945,Calça Masculina,205.88,122.34,83.54,NF875097,soongu@email.com,2025-10-19,2025-10-19,PB,40,Online,Cartão
P5946,Tênis Masculino,511.03,270.69,240.34,NF303057,xlbbdx@email.com,2025-10-22,2025-10-25,RS,36,Online,Pix
P5947,Calça Masculina,541.43,281.53,259.9,NF776787,ohqzum@email.com,2025-04-23,2025-04-28,PE,M,Loja,Pix
P5948,Camiseta Masculina,470.11,245.7,224.41,NF442353,xfddew@email.com,2025-07-11,2025-07-12,CE,36,Online,Boleto
P5949,Camiseta Feminina,237.75,161.59,76.16,NF217040,tpttuk@email.com,2025-02-25,2025-02-25,PE,42,Online,Cartão
P5950,Camiseta Masculina,416.43,210.7,205.73,NF946741,ayvqka@email.com,2025-12-11,2025-12-13,RJ,G,Loja,Pix
P5951,Calça Feminina,163.1,91.09,72.01,NF519558,igymuc@email.com,2025-06-21,2025-06-22,CE,G,Online,Dinheiro
P5952,Calça Feminina,518.27,281.65,236.62,NF544671,awwrvw@email.com,2025-09-27,2025-09-28,PE,39,Loja,Boleto
P5953,Tênis Feminino,254.83,201.7,53.13,NF981097,rurpcn@email.com,2025-01-31,2025-01-31,MG,P,Loja,Dinheiro
P5954,Camiseta Masculina,172.15,140.99,31.16,NF573202,vfqxbf@email.com,2025-10-31,2025-11-04,SC,40,Loja,Pix
P5955,Calça Feminina,309.66,187.71,121.95,NF989590,ltaihs@email.com,2025-08-20,2025-08-23,BA,36,Online,Boleto
P5956,Calça Masculina,107.68,86.06,21.62,NF340489,tkixyh@email.com,2026-03-03,2026-03-03,RJ,36,Online,Pix
P5957,Calça Masculina,262.93,192.65,70.28,NF518721,paayjq@email.com,2025-09-16,2025-09-18,PB,P,Online,Pix
P5958,Tênis Feminino,423.32,257.42,165.9,NF242214,efesrz@email.com,2025-12-08,2025-12-12,SP,38,Loja,Pix
P5959,Camiseta Masculina,71.56,56.7,14.86,NF930597,naydhb@email.com,2025-02-19,2025-02-23,MG,M,Online,Boleto
P5960,Camiseta Masculina,108.44,59.79,48.65,NF645159,zbmngg@email.com,2025-02-27,2025-03-01,PR,39,Online,Boleto
P5961,Camiseta Feminina,335.47,221.05,114.42,NF840878,vygkqs@email.com,2025-05-02,2025-05-02,BA,39,Online,Cartão
P5962,Camiseta Masculina,326.77,264.52,62.25,NF114536,agjrzo@email.com,2026-02-01,2026-02-04,PE,P,Loja,Cartão
P5963,Camiseta Feminina,124.01,77.98,46.03,NF686778,vkhuex@email.com,2025-01-26,2025-01-28,CE,36,Online,Dinheiro
P5964,Calça Masculina,165.18,101.65,63.53,NF926175,qvvrdw@email.com,2025-09-16,2025-09-21,SP,40,Loja,Cartão
P5965,Tênis Masculino,146.16,111.02,35.14,NF598954,nuclxj@email.com,2025-03-26,2025-03-28,PE,P,Online,Boleto
P5966,Tênis Masculino,132.13,107.94,24.19,NF933790,nqmwfu@email.com,2025-06-11,2025-06-14,RJ,G,Online,Boleto
P5967,Camiseta Masculina,538.76,277.07,261.69,NF759442,hhtziz@email.com,2025-02-12,2025-02-14,MG,G,Loja,Dinheiro
P5968,Tênis Feminino,254.46,144.12,110.34,NF672992,itdtxz@email.com,2026-02-20,2026-02-25,CE,36,Loja,Pix
P5969,Tênis Masculino,225.76,113.51,112.25,NF444308,cjjoah@email.com,2025-04-21,2025-04-23,PB,G,Online,Boleto
P5970,Tênis Masculino,155.64,95.91,59.73,NF473541,qnkszo@email.com,2025-02-28,2025-03-05,PE,41,Loja,Dinheiro
P5971,Calça Feminina,320.17,227.36,92.81,NF923265,upuuce@email.com,2025-06-12,2025-06-14,CE,G,Loja,Cartão
P5972,Camiseta Feminina,304.55,157.91,146.64,NF950071,klqlny@email.com,2025-01-29,2025-01-30,SC,37,Loja,Boleto
P5973,Calça Feminina,173.19,130.26,42.93,NF341982,ptvssm@email.com,2025-06-08,2025-06-11,PR,38,Loja,Boleto
P5974,Camiseta Feminina,274.99,190.09,84.9,NF995037,muuqef@email.com,2026-04-24,2026-04-27,PR,38,Loja,Cartão
P5975,Tênis Masculino,107.86,65.42,42.44,NF173277,tealtl@email.com,2025-09-22,2025-09-23,PE,41,Online,Dinheiro
P5976,Calça Feminina,481.56,243.51,238.05,NF946865,sevcoh@email.com,2025-05-09,2025-05-14,BA,G,Online,Pix
P5977,Calça Feminina,263.44,191.55,71.89,NF570309,jraedu@email.com,2025-05-17,2025-05-21,BA,39,Online,Pix
P5978,Tênis Feminino,268.81,210.56,58.25,NF963068,wxtood@email.com,2025-11-17,2025-11-18,BA,42,Loja,Cartão
P5979,Camiseta Feminina,345.7,203.4,142.3,NF372192,uwrjoo@email.com,2025-01-19,2025-01-23,SP,42,Loja,Cartão
P5980,Camiseta Masculina,407.87,227.53,180.34,NF427329,ddphkv@email.com,2025-08-05,2025-08-05,SC,42,Online,Cartão
P5981,Tênis Masculino,182.27,112.71,69.56,NF816570,ynjkls@email.com,2025-05-31,2025-05-31,PR,38,Online,Cartão
P5982,Camiseta Feminina,438.94,226.25,212.69,NF232881,cqkmdd@email.com,2025-05-05,2025-05-08,PR,G,Online,Cartão
P5983,Tênis Feminino,226.43,168.57,57.86,NF618094,sblndm@email.com,2025-04-30,2025-04-30,PB,37,Online,Cartão
P5984,Calça Masculina,123.09,71.49,51.6,NF546201,wgidsr@email.com,2025-01-16,2025-01-19,MG,P,Online,Boleto
P5985,Calça Feminina,133.35,80.38,52.97,NF914947,ncfqpu@email.com,2025-01-27,2025-01-27,RS,G,Loja,Pix
P5986,Tênis Feminino,553.44,297.43,256.01,NF195633,fjrvrw@email.com,2025-10-12,2025-10-17,PB,39,Loja,Cartão
P5987,Tênis Feminino,133.16,105.82,27.34,NF650703,lsfzfa@email.com,2025-02-19,2025-02-24,SP,38,Online,Boleto
P5988,Calça Masculina,234.48,173.22,61.26,NF551418,epijxn@email.com,2025-10-23,2025-10-27,MG,38,Online,Pix
P5989,Tênis Masculino,207.84,151.88,55.96,NF350192,clxvhu@email.com,2025-06-14,2025-06-17,MG,38,Loja,Dinheiro
P5990,Camiseta Feminina,231.13,164.64,66.49,NF208489,grfnzs@email.com,2025-01-26,2025-01-31,CE,40,Loja,Pix
P5991,Camiseta Masculina,242.17,131.03,111.14,NF470420,vkqbqx@email.com,2026-01-12,2026-01-13,PB,41,Online,Dinheiro
P5992,Calça Feminina,141.41,87.37,54.04,NF970681,msjxzf@email.com,2025-01-02,2025-01-06,SP,M,Online,Dinheiro
P5993,Calça Masculina,464.29,245.24,219.05,NF291456,cuvtxl@email.com,2025-08-17,2025-08-19,PE,G,Online,Boleto
P5994,Calça Feminina,435.02,246.58,188.44,NF240393,dqpriz@email.com,2026-02-06,2026-02-11,SP,G,Online,Dinheiro
P5995,Calça Feminina,279.66,205.14,74.52,NF527705,ravtwy@email.com,2026-04-30,2026-05-03,MG,37,Online,Dinheiro
P5996,Camiseta Feminina,328.39,164.82,163.57,NF626983,mzpdfz@email.com,2025-04-16,2025-04-17,RS,40,Online,Cartão
P5997,Calça Masculina,371.1,185.65,185.45,NF381735,fanoag@email.com,2026-01-19,2026-01-21,SP,36,Loja,Dinheiro
P5998,Tênis Feminino,453.78,294.15,159.63,NF848243,uovzyp@email.com,2025-06-08,2025-06-11,SP,37,Loja,Pix
P5999,Tênis Masculino,434.11,293.98,140.13,NF643478,bvhrfj@email.com,2026-01-09,2026-01-12,PB,G,Online,Dinheiro
